# Blender 4.1.1
# www.blender.org
o hexagon.013
v 0.000000 0.000000 0.000000
v 0.000000 0.000000 0.033300
v 0.028800 0.000000 0.016600
v 0.028800 0.000000 -0.016600
v 0.000000 0.000000 -0.033300
v -0.028800 0.000000 -0.016600
v -0.028800 0.000000 0.016600
v 0.000000 0.000000 0.066600
v 0.028800 0.000000 0.050000
v 0.057700 0.000000 0.033300
v 0.057700 0.000000 0.000000
v 0.057700 0.000000 -0.033300
v 0.028800 0.000000 -0.050000
v 0.000000 0.000000 -0.066600
v -0.028800 0.000000 -0.050000
v -0.057700 0.000000 -0.033300
v -0.057700 0.000000 0.000000
v -0.057700 0.000000 0.033300
v -0.028800 0.000000 0.050000
v 0.000000 0.000000 0.100000
v 0.028800 0.000000 0.083300
v 0.057700 0.000000 0.066600
v 0.086600 0.000000 0.050000
v 0.086600 0.000000 0.016600
v 0.086600 0.000000 -0.016600
v 0.086600 0.000000 -0.050000
v 0.057700 0.000000 -0.066600
v 0.028800 0.000000 -0.083300
v 0.000000 0.000000 -0.100000
v -0.028800 0.000000 -0.083300
v -0.057700 0.000000 -0.066600
v -0.086600 0.000000 -0.050000
v -0.086600 0.000000 -0.016600
v -0.086600 0.000000 0.016600
v -0.086600 0.000000 0.050000
v -0.057700 0.000000 0.066600
v -0.028800 0.000000 0.083300
v 0.000000 0.000000 0.133300
v 0.028800 0.000000 0.116600
v 0.057700 0.000000 0.100000
v 0.086600 0.000000 0.083300
v 0.115400 0.000000 0.066600
v 0.115400 0.000000 0.033300
v 0.115400 0.000000 0.000000
v 0.115400 0.000000 -0.033300
v 0.115400 0.000000 -0.066600
v 0.086600 0.000000 -0.083300
v 0.057700 0.000000 -0.100000
v 0.028800 0.000000 -0.116600
v 0.000000 0.000000 -0.133300
v -0.028800 0.000000 -0.116600
v -0.057700 0.000000 -0.100000
v -0.086600 0.000000 -0.083300
v -0.115400 0.000000 -0.066600
v -0.115400 0.000000 -0.033300
v -0.115400 0.000000 0.000000
v -0.115400 0.000000 0.033300
v -0.115400 0.000000 0.066600
v -0.086600 0.000000 0.083300
v -0.057700 0.000000 0.100000
v -0.028800 0.000000 0.116600
v 0.000000 0.000000 0.166600
v 0.028800 0.000000 0.150000
v 0.057700 0.000000 0.133300
v 0.086600 0.000000 0.116600
v 0.115400 0.000000 0.100000
v 0.144300 0.050000 0.083300
v 0.144300 0.050000 0.050000
v 0.144300 0.050000 0.016600
v 0.144300 0.050000 -0.016600
v 0.144300 0.050000 -0.050000
v 0.144300 0.050000 -0.083300
v 0.115400 0.000000 -0.100000
v 0.086600 0.000000 -0.116600
v 0.057700 0.000000 -0.133300
v 0.028800 0.000000 -0.150000
v 0.000000 0.000000 -0.166600
v -0.028800 0.000000 -0.150000
v -0.057700 0.000000 -0.133300
v -0.086600 0.000000 -0.116600
v -0.115400 0.000000 -0.100000
v -0.144300 0.000000 -0.083300
v -0.144300 0.000000 -0.050000
v -0.144300 0.000000 -0.016600
v -0.144300 0.000000 0.016600
v -0.144300 0.000000 0.050000
v -0.144300 0.000000 0.083300
v -0.115400 0.000000 0.100000
v -0.086600 0.000000 0.116600
v -0.057700 0.000000 0.133300
v -0.028800 0.000000 0.150000
v 0.000000 0.000000 0.200000
v 0.028800 0.000000 0.183300
v 0.057700 0.000000 0.166600
v 0.086600 0.000000 0.150000
v 0.115400 0.050000 0.133300
v 0.144300 0.050000 0.116600
v 0.173200 0.050000 0.100000
v 0.173200 0.050000 0.066600
v 0.173200 0.050000 0.033300
v 0.173200 0.050000 0.000000
v 0.173200 0.050000 -0.033300
v 0.173200 0.050000 -0.066600
v 0.173200 0.050000 -0.100000
v 0.144300 0.050000 -0.116600
v 0.115400 0.000000 -0.133300
v 0.086600 0.000000 -0.150000
v 0.057700 0.000000 -0.166600
v 0.028800 0.000000 -0.183300
v 0.000000 0.000000 -0.200000
v -0.028800 0.000000 -0.183300
v -0.057700 0.000000 -0.166600
v -0.086600 0.000000 -0.150000
v -0.115400 0.000000 -0.133300
v -0.144300 0.000000 -0.116600
v -0.173200 0.000000 -0.100000
v -0.173200 0.000000 -0.066600
v -0.173200 0.000000 -0.033300
v -0.173200 0.000000 0.000000
v -0.173200 0.000000 0.033300
v -0.173200 0.000000 0.066600
v -0.173200 0.000000 0.100000
v -0.144300 0.000000 0.116600
v -0.115400 0.000000 0.133300
v -0.086600 0.000000 0.150000
v -0.057700 0.000000 0.166600
v -0.028800 0.000000 0.183300
v 0.000000 0.000000 0.233300
v 0.028800 0.000000 0.216600
v 0.057700 0.000000 0.200000
v 0.086600 0.000000 0.183300
v 0.115400 0.050000 0.166600
v 0.144300 0.050000 0.150000
v 0.173200 0.050000 0.133300
v 0.202000 0.050000 0.116600
v 0.202000 0.050000 0.083300
v 0.202000 0.050000 0.050000
v 0.202000 0.050000 0.016600
v 0.202000 0.050000 -0.016600
v 0.202000 0.050000 -0.050000
v 0.202000 0.050000 -0.083300
v 0.202000 0.050000 -0.116600
v 0.173200 0.050000 -0.133300
v 0.144300 0.000000 -0.150000
v 0.115400 0.000000 -0.166600
v 0.086600 0.000000 -0.183300
v 0.057700 0.000000 -0.200000
v 0.028800 0.000000 -0.216600
v 0.000000 0.000000 -0.233300
v -0.028800 0.000000 -0.216600
v -0.057700 0.000000 -0.200000
v -0.086600 0.000000 -0.183300
v -0.115400 0.000000 -0.166600
v -0.144300 0.000000 -0.150000
v -0.173200 0.000000 -0.133300
v -0.202000 0.000000 -0.116600
v -0.202000 0.000000 -0.083300
v -0.202000 0.000000 -0.050000
v -0.202000 0.000000 -0.016600
v -0.202000 0.000000 0.016600
v -0.202000 0.000000 0.050000
v -0.202000 0.000000 0.083300
v -0.202000 0.000000 0.116600
v -0.173200 0.000000 0.133300
v -0.144300 0.000000 0.150000
v -0.115400 0.000000 0.166600
v -0.086600 0.000000 0.183300
v -0.057700 0.000000 0.200000
v -0.028800 0.000000 0.216600
v 0.000000 0.000000 0.266600
v 0.028800 0.000000 0.250000
v 0.057700 0.000000 0.233300
v 0.086600 0.000000 0.216600
v 0.115400 0.050000 0.200000
v 0.144300 0.050000 0.183300
v 0.173200 0.050000 0.166600
v 0.202000 0.050000 0.150000
v 0.230900 0.050000 0.133300
v 0.230900 0.050000 0.100000
v 0.230900 0.050000 0.066600
v 0.230900 0.050000 0.033300
v 0.230900 0.050000 0.000000
v 0.230900 0.050000 -0.033300
v 0.230900 0.050000 -0.066600
v 0.230900 0.050000 -0.100000
v 0.230900 0.050000 -0.133300
v 0.202000 0.050000 -0.150000
v 0.173200 0.050000 -0.166600
v 0.144300 0.000000 -0.183300
v 0.115400 0.000000 -0.200000
v 0.086600 0.000000 -0.216600
v 0.057700 0.000000 -0.233300
v 0.028800 0.000000 -0.250000
v 0.000000 0.000000 -0.266600
v -0.028800 0.000000 -0.250000
v -0.057700 0.050000 -0.233300
v -0.086600 0.050000 -0.216600
v -0.115400 0.050000 -0.200000
v -0.144300 0.000000 -0.183300
v -0.173200 0.000000 -0.166600
v -0.202000 0.000000 -0.150000
v -0.230900 0.000000 -0.133300
v -0.230900 0.000000 -0.100000
v -0.230900 0.000000 -0.066600
v -0.230900 0.000000 -0.033300
v -0.230900 0.000000 0.000000
v -0.230900 0.000000 0.033300
v -0.230900 0.000000 0.066600
v -0.230900 0.000000 0.100000
v -0.230900 0.000000 0.133300
v -0.202000 0.000000 0.150000
v -0.173200 0.000000 0.166600
v -0.144300 0.000000 0.183300
v -0.115400 0.000000 0.200000
v -0.086600 0.000000 0.216600
v -0.057700 0.000000 0.233300
v -0.028800 0.000000 0.250000
v 0.000000 0.000000 0.300000
v 0.028800 0.000000 0.283300
v 0.057700 0.000000 0.266600
v 0.086600 0.000000 0.250000
v 0.115400 0.050000 0.233300
v 0.144300 0.050000 0.216600
v 0.173200 0.050000 0.200000
v 0.202000 0.050000 0.183300
v 0.230900 0.050000 0.166600
v 0.259800 0.050000 0.150000
v 0.259800 0.050000 0.116600
v 0.259800 0.050000 0.083300
v 0.259800 0.050000 0.050000
v 0.259800 0.050000 0.016600
v 0.259800 0.050000 -0.016600
v 0.259800 0.050000 -0.050000
v 0.259800 0.050000 -0.083300
v 0.259800 0.050000 -0.116600
v 0.259800 0.050000 -0.150000
v 0.230900 0.050000 -0.166600
v 0.202000 0.050000 -0.183300
v 0.173200 0.000000 -0.200000
v 0.144300 0.000000 -0.216600
v 0.115400 0.000000 -0.233300
v 0.086600 0.000000 -0.250000
v 0.057700 0.000000 -0.266600
v 0.028800 0.000000 -0.283300
v 0.000000 0.000000 -0.300000
v -0.028800 0.050000 -0.283300
v -0.057700 0.050000 -0.266600
v -0.086600 0.050000 -0.250000
v -0.115400 0.050000 -0.233300
v -0.144300 0.050000 -0.216600
v -0.173200 0.050000 -0.200000
v -0.202000 0.000000 -0.183300
v -0.230900 0.000000 -0.166600
v -0.259800 0.000000 -0.150000
v -0.259800 0.000000 -0.116600
v -0.259800 0.000000 -0.083300
v -0.259800 0.000000 -0.050000
v -0.259800 0.000000 -0.016600
v -0.259800 0.000000 0.016600
v -0.259800 0.000000 0.050000
v -0.259800 0.000000 0.083300
v -0.259800 0.000000 0.116600
v -0.259800 0.000000 0.150000
v -0.230900 0.000000 0.166600
v -0.202000 0.000000 0.183300
v -0.173200 0.000000 0.200000
v -0.144300 0.000000 0.216600
v -0.115400 0.000000 0.233300
v -0.086600 0.000000 0.250000
v -0.057700 0.000000 0.266600
v -0.028800 0.000000 0.283300
v 0.000000 0.000000 0.333300
v 0.028800 0.000000 0.316600
v 0.057700 0.000000 0.300000
v 0.086600 0.000000 0.283300
v 0.115400 0.000000 0.266600
v 0.144300 0.050000 0.250000
v 0.173200 0.050000 0.233300
v 0.202000 0.050000 0.216600
v 0.230900 0.050000 0.200000
v 0.259800 0.050000 0.183300
v 0.288600 0.050000 0.166600
v 0.288600 0.050000 0.133300
v 0.288600 0.050000 0.100000
v 0.288600 0.050000 0.066600
v 0.288600 0.050000 0.033300
v 0.288600 0.050000 0.000000
v 0.288600 0.050000 -0.033300
v 0.288600 0.050000 -0.066600
v 0.288600 0.050000 -0.100000
v 0.288600 0.050000 -0.133300
v 0.288600 0.050000 -0.166600
v 0.259800 0.050000 -0.183300
v 0.230900 0.050000 -0.200000
v 0.202000 0.000000 -0.216600
v 0.173200 0.000000 -0.233300
v 0.144300 0.000000 -0.250000
v 0.115400 0.000000 -0.266600
v 0.086600 0.000000 -0.283300
v 0.057700 0.000000 -0.300000
v 0.028800 0.000000 -0.316600
v 0.000000 0.000000 -0.333300
v -0.028800 0.050000 -0.316600
v -0.057700 0.050000 -0.300000
v -0.086600 0.050000 -0.283300
v -0.115400 0.050000 -0.266600
v -0.144300 0.050000 -0.250000
v -0.173200 0.050000 -0.233300
v -0.202000 0.050000 -0.216600
v -0.230900 0.050000 -0.200000
v -0.259800 0.000000 -0.183300
v -0.288600 0.000000 -0.166600
v -0.288600 0.000000 -0.133300
v -0.288600 0.000000 -0.100000
v -0.288600 0.000000 -0.066600
v -0.288600 0.000000 -0.033300
v -0.288600 0.000000 0.000000
v -0.288600 0.000000 0.033300
v -0.288600 0.000000 0.066600
v -0.288600 0.000000 0.100000
v -0.288600 0.000000 0.133300
v -0.288600 0.000000 0.166600
v -0.259800 0.000000 0.183300
v -0.230900 0.000000 0.200000
v -0.202000 0.000000 0.216600
v -0.173200 0.000000 0.233300
v -0.144300 0.000000 0.250000
v -0.115400 0.000000 0.266600
v -0.086600 0.000000 0.283300
v -0.057700 0.000000 0.300000
v -0.028800 0.000000 0.316600
v 0.000000 0.000000 0.366600
v 0.028800 0.000000 0.350000
v 0.057700 0.000000 0.333300
v 0.086600 0.000000 0.316600
v 0.115400 0.000000 0.300000
v 0.144300 0.050000 0.283300
v 0.173200 0.050000 0.266600
v 0.202000 0.050000 0.250000
v 0.230900 0.050000 0.233300
v 0.259800 0.050000 0.216600
v 0.288600 0.050000 0.200000
v 0.317500 0.050000 0.183300
v 0.317500 0.050000 0.150000
v 0.317500 0.050000 0.116600
v 0.317500 0.050000 0.083300
v 0.317500 0.100000 0.050000
v 0.317500 0.050000 0.016600
v 0.317500 0.050000 -0.016600
v 0.317500 0.050000 -0.050000
v 0.317500 0.050000 -0.083300
v 0.317500 0.050000 -0.116600
v 0.317500 0.050000 -0.150000
v 0.317500 0.050000 -0.183300
v 0.288600 0.050000 -0.200000
v 0.259800 0.050000 -0.216600
v 0.230900 0.050000 -0.233300
v 0.202000 0.000000 -0.250000
v 0.173200 0.000000 -0.266600
v 0.144300 0.000000 -0.283300
v 0.115400 0.000000 -0.300000
v 0.086600 0.000000 -0.316600
v 0.057700 0.000000 -0.333300
v 0.028800 0.000000 -0.350000
v 0.000000 0.000000 -0.366600
v -0.028800 0.050000 -0.350000
v -0.057700 0.050000 -0.333300
v -0.086600 0.050000 -0.316600
v -0.115400 0.050000 -0.300000
v -0.144300 0.050000 -0.283300
v -0.173200 0.050000 -0.266600
v -0.202000 0.050000 -0.250000
v -0.230900 0.050000 -0.233300
v -0.259800 0.050000 -0.216600
v -0.288600 0.050000 -0.200000
v -0.317500 0.000000 -0.183300
v -0.317500 0.000000 -0.150000
v -0.317500 0.000000 -0.116600
v -0.317500 0.000000 -0.083300
v -0.317500 0.000000 -0.050000
v -0.317500 0.000000 -0.016600
v -0.317500 0.000000 0.016600
v -0.317500 0.000000 0.050000
v -0.317500 0.000000 0.083300
v -0.317500 0.000000 0.116600
v -0.317500 0.000000 0.150000
v -0.317500 0.000000 0.183300
v -0.288600 0.000000 0.200000
v -0.259800 0.000000 0.216600
v -0.230900 0.000000 0.233300
v -0.202000 0.000000 0.250000
v -0.173200 0.000000 0.266600
v -0.144300 0.000000 0.283300
v -0.115400 0.000000 0.300000
v -0.086600 0.000000 0.316600
v -0.057700 0.000000 0.333300
v -0.028800 0.000000 0.350000
v 0.000000 0.000000 0.400000
v 0.028800 0.000000 0.383300
v 0.057700 0.000000 0.366600
v 0.086600 0.000000 0.350000
v 0.115400 0.000000 0.333300
v 0.144300 0.000000 0.316600
v 0.173200 0.050000 0.300000
v 0.202000 0.050000 0.283300
v 0.230900 0.050000 0.266600
v 0.259800 0.050000 0.250000
v 0.288600 0.050000 0.233300
v 0.317500 0.050000 0.216600
v 0.346400 0.050000 0.200000
v 0.346400 0.100000 0.166600
v 0.346400 0.100000 0.133300
v 0.346400 0.100000 0.100000
v 0.346400 0.100000 0.066600
v 0.346400 0.100000 0.033300
v 0.346400 0.100000 0.000000
v 0.346400 0.100000 -0.033300
v 0.346400 0.050000 -0.066600
v 0.346400 0.050000 -0.100000
v 0.346400 0.050000 -0.133300
v 0.346400 0.050000 -0.166600
v 0.346400 0.050000 -0.200000
v 0.317500 0.050000 -0.216600
v 0.288600 0.050000 -0.233300
v 0.259800 0.050000 -0.250000
v 0.230900 0.000000 -0.266600
v 0.202000 0.000000 -0.283300
v 0.173200 0.000000 -0.300000
v 0.144300 0.000000 -0.316600
v 0.115400 0.000000 -0.333300
v 0.086600 0.000000 -0.350000
v 0.057700 0.000000 -0.366600
v 0.028800 0.000000 -0.383300
v 0.000000 0.000000 -0.400000
v -0.028800 0.050000 -0.383300
v -0.057700 0.050000 -0.366600
v -0.086600 0.050000 -0.350000
v -0.115400 0.100000 -0.333300
v -0.144300 0.100000 -0.316600
v -0.173200 0.100000 -0.300000
v -0.202000 0.100000 -0.283300
v -0.230900 0.050000 -0.266600
v -0.259800 0.050000 -0.250000
v -0.288600 0.050000 -0.233300
v -0.317500 0.000000 -0.216600
v -0.346400 0.000000 -0.200000
v -0.346400 0.000000 -0.166600
v -0.346400 0.000000 -0.133300
v -0.346400 0.000000 -0.100000
v -0.346400 0.000000 -0.066600
v -0.346400 0.000000 -0.033300
v -0.346400 0.000000 0.000000
v -0.346400 0.000000 0.033300
v -0.346400 0.000000 0.066600
v -0.346400 0.000000 0.100000
v -0.346400 0.000000 0.133300
v -0.346400 0.000000 0.166600
v -0.346400 0.000000 0.200000
v -0.317500 0.000000 0.216600
v -0.288600 0.000000 0.233300
v -0.259800 0.000000 0.250000
v -0.230900 0.000000 0.266600
v -0.202000 0.000000 0.283300
v -0.173200 0.000000 0.300000
v -0.144300 0.000000 0.316600
v -0.115400 0.000000 0.333300
v -0.086600 0.000000 0.350000
v -0.057700 0.000000 0.366600
v -0.028800 0.000000 0.383300
v 0.000000 0.000000 0.433300
v 0.028800 0.000000 0.416600
v 0.057700 0.000000 0.400000
v 0.086600 0.000000 0.383300
v 0.115400 0.000000 0.366600
v 0.144300 0.000000 0.350000
v 0.173200 0.000000 0.333300
v 0.202000 0.050000 0.316600
v 0.230900 0.050000 0.300000
v 0.259800 0.050000 0.283300
v 0.288600 0.050000 0.266600
v 0.317500 0.050000 0.250000
v 0.346400 0.050000 0.233300
v 0.375200 0.100000 0.216600
v 0.375200 0.100000 0.183300
v 0.375200 0.100000 0.150000
v 0.375200 0.100000 0.116600
v 0.375200 0.100000 0.083300
v 0.375200 0.100000 0.050000
v 0.375200 0.100000 0.016600
v 0.375200 0.100000 -0.016600
v 0.375200 0.100000 -0.050000
v 0.375200 0.050000 -0.083300
v 0.375200 0.050000 -0.116600
v 0.375200 0.050000 -0.150000
v 0.375200 0.050000 -0.183300
v 0.375200 0.050000 -0.216600
v 0.346400 0.050000 -0.233300
v 0.317500 0.050000 -0.250000
v 0.288600 0.050000 -0.266600
v 0.259800 0.000000 -0.283300
v 0.230900 0.000000 -0.300000
v 0.202000 0.000000 -0.316600
v 0.173200 0.000000 -0.333300
v 0.144300 0.000000 -0.350000
v 0.115400 0.000000 -0.366600
v 0.086600 0.000000 -0.383300
v 0.057700 0.000000 -0.400000
v 0.028800 0.000000 -0.416600
v 0.000000 0.000000 -0.433300
v -0.028800 0.000000 -0.416600
v -0.057700 0.050000 -0.400000
v -0.086600 0.050000 -0.383300
v -0.115400 0.050000 -0.366600
v -0.144300 0.100000 -0.350000
v -0.173200 0.100000 -0.333300
v -0.202000 0.100000 -0.316600
v -0.230900 0.100000 -0.300000
v -0.259800 0.100000 -0.283300
v -0.288600 0.050000 -0.266600
v -0.317500 0.050000 -0.250000
v -0.346400 0.000000 -0.233300
v -0.375200 0.000000 -0.216600
v -0.375200 0.000000 -0.183300
v -0.375200 0.000000 -0.150000
v -0.375200 0.000000 -0.116600
v -0.375200 0.000000 -0.083300
v -0.375200 0.000000 -0.050000
v -0.375200 0.000000 -0.016600
v -0.375200 0.000000 0.016600
v -0.375200 0.000000 0.050000
v -0.375200 0.000000 0.083300
v -0.375200 0.000000 0.116600
v -0.375200 0.000000 0.150000
v -0.375200 0.000000 0.183300
v -0.375200 0.000000 0.216600
v -0.346400 0.000000 0.233300
v -0.317500 0.000000 0.250000
v -0.288600 0.000000 0.266600
v -0.259800 0.000000 0.283300
v -0.230900 0.000000 0.300000
v -0.202000 0.000000 0.316600
v -0.173200 0.000000 0.333300
v -0.144300 0.000000 0.350000
v -0.115400 0.000000 0.366600
v -0.086600 0.000000 0.383300
v -0.057700 0.000000 0.400000
v -0.028800 0.000000 0.416600
v 0.000000 0.000000 0.466600
v 0.028800 0.000000 0.450000
v 0.057700 0.000000 0.433300
v 0.086600 0.000000 0.416600
v 0.115400 0.000000 0.400000
v 0.144300 0.000000 0.383300
v 0.173200 0.000000 0.366600
v 0.202000 0.050000 0.350000
v 0.230900 0.050000 0.333300
v 0.259800 0.050000 0.316600
v 0.288600 0.050000 0.300000
v 0.317500 0.050000 0.283300
v 0.346400 0.050000 0.266600
v 0.375200 0.050000 0.250000
v 0.404100 0.050000 0.233300
v 0.404100 0.100000 0.200000
v 0.404100 0.100000 0.166600
v 0.404100 0.100000 0.133300
v 0.404100 0.100000 0.100000
v 0.404100 0.100000 0.066600
v 0.404100 0.100000 0.033300
v 0.404100 0.100000 0.000000
v 0.404100 0.100000 -0.033300
v 0.404100 0.100000 -0.066600
v 0.404100 0.050000 -0.100000
v 0.404100 0.050000 -0.133300
v 0.404100 0.050000 -0.166600
v 0.404100 0.050000 -0.200000
v 0.404100 0.050000 -0.233300
v 0.375200 0.050000 -0.250000
v 0.346400 0.050000 -0.266600
v 0.317500 0.000000 -0.283300
v 0.288600 0.000000 -0.300000
v 0.259800 0.000000 -0.316600
v 0.230900 0.000000 -0.333300
v 0.202000 0.000000 -0.350000
v 0.173200 0.000000 -0.366600
v 0.144300 0.000000 -0.383300
v 0.115400 0.000000 -0.400000
v 0.086600 0.000000 -0.416600
v 0.057700 0.000000 -0.433300
v 0.028800 0.000000 -0.450000
v 0.000000 0.000000 -0.466600
v -0.028800 0.000000 -0.450000
v -0.057700 0.050000 -0.433300
v -0.086600 0.050000 -0.416600
v -0.115400 0.050000 -0.400000
v -0.144300 0.100000 -0.383300
v -0.173200 0.100000 -0.366600
v -0.202000 0.100000 -0.350000
v -0.230900 0.100000 -0.333300
v -0.259800 0.100000 -0.316600
v -0.288600 0.100000 -0.300000
v -0.317500 0.050000 -0.283300
v -0.346400 0.000000 -0.266600
v -0.375200 0.000000 -0.250000
v -0.404100 0.000000 -0.233300
v -0.404100 0.000000 -0.200000
v -0.404100 0.000000 -0.166600
v -0.404100 0.000000 -0.133300
v -0.404100 0.000000 -0.100000
v -0.404100 0.000000 -0.066600
v -0.404100 0.000000 -0.033300
v -0.404100 0.000000 0.000000
v -0.404100 0.000000 0.033300
v -0.404100 0.000000 0.066600
v -0.404100 0.000000 0.100000
v -0.404100 0.000000 0.133300
v -0.404100 0.000000 0.166600
v -0.404100 0.000000 0.200000
v -0.404100 0.000000 0.233300
v -0.375200 0.000000 0.250000
v -0.346400 0.000000 0.266600
v -0.317500 0.000000 0.283300
v -0.288600 0.000000 0.300000
v -0.259800 0.000000 0.316600
v -0.230900 0.000000 0.333300
v -0.202000 0.000000 0.350000
v -0.173200 0.000000 0.366600
v -0.144300 0.000000 0.383300
v -0.115400 0.000000 0.400000
v -0.086600 0.000000 0.416600
v -0.057700 0.000000 0.433300
v -0.028800 0.000000 0.450000
v 0.000000 0.000000 0.500000
v 0.028800 0.000000 0.483300
v 0.057700 0.000000 0.466600
v 0.086600 0.000000 0.450000
v 0.115400 0.000000 0.433300
v 0.144300 0.000000 0.416600
v 0.173200 0.000000 0.400000
v 0.202000 0.000000 0.383300
v 0.230900 0.050000 0.366600
v 0.259800 0.050000 0.350000
v 0.288600 0.050000 0.333300
v 0.317500 0.050000 0.316600
v 0.346400 0.050000 0.300000
v 0.375200 0.050000 0.283300
v 0.404100 0.050000 0.266600
v 0.433000 0.050000 0.250000
v 0.433000 0.100000 0.216600
v 0.433000 0.100000 0.183300
v 0.433000 0.100000 0.150000
v 0.433000 0.100000 0.116600
v 0.433000 0.100000 0.083300
v 0.433000 0.100000 0.050000
v 0.433000 0.100000 0.016600
v 0.433000 0.100000 -0.016600
v 0.433000 0.100000 -0.050000
v 0.433000 0.100000 -0.083300
v 0.433000 0.050000 -0.116600
v 0.433000 0.050000 -0.150000
v 0.433000 0.050000 -0.183300
v 0.433000 0.050000 -0.216600
v 0.433000 0.050000 -0.250000
v 0.404100 0.050000 -0.266600
v 0.375200 0.000000 -0.283300
v 0.346400 0.000000 -0.300000
v 0.317500 0.000000 -0.316600
v 0.288600 0.000000 -0.333300
v 0.259800 0.000000 -0.350000
v 0.230900 0.000000 -0.366600
v 0.202000 0.000000 -0.383300
v 0.173200 0.000000 -0.400000
v 0.144300 0.000000 -0.416600
v 0.115400 0.000000 -0.433300
v 0.086600 0.000000 -0.450000
v 0.057700 0.000000 -0.466600
v 0.028800 0.000000 -0.483300
v 0.000000 0.000000 -0.500000
v -0.028800 0.000000 -0.483300
v -0.057700 0.050000 -0.466600
v -0.086600 0.050000 -0.450000
v -0.115400 0.050000 -0.433300
v -0.144300 0.100000 -0.416600
v -0.173200 0.100000 -0.400000
v -0.202000 0.100000 -0.383300
v -0.230900 0.100000 -0.366600
v -0.259800 0.100000 -0.350000
v -0.288600 0.100000 -0.333300
v -0.317500 0.100000 -0.316600
v -0.346400 0.050000 -0.300000
v -0.375200 0.000000 -0.283300
v -0.404100 0.000000 -0.266600
v -0.433000 0.000000 -0.250000
v -0.433000 0.000000 -0.216600
v -0.433000 0.000000 -0.183300
v -0.433000 0.000000 -0.150000
v -0.433000 0.000000 -0.116600
v -0.433000 0.000000 -0.083300
v -0.433000 0.000000 -0.050000
v -0.433000 0.000000 -0.016600
v -0.433000 0.000000 0.016600
v -0.433000 0.000000 0.050000
v -0.433000 0.000000 0.083300
v -0.433000 0.000000 0.116600
v -0.433000 0.000000 0.150000
v -0.433000 0.000000 0.183300
v -0.433000 0.000000 0.216600
v -0.433000 0.000000 0.250000
v -0.404100 0.000000 0.266600
v -0.375200 0.000000 0.283300
v -0.346400 0.000000 0.300000
v -0.317500 0.000000 0.316600
v -0.288600 0.000000 0.333300
v -0.259800 0.000000 0.350000
v -0.230900 0.000000 0.366600
v -0.202000 0.000000 0.383300
v -0.173200 0.000000 0.400000
v -0.144300 0.000000 0.416600
v -0.115400 0.000000 0.433300
v -0.086600 0.000000 0.450000
v -0.057700 0.000000 0.466600
v -0.028800 0.000000 0.483300
v 0.000000 0.000000 0.533300
v 0.028800 0.000000 0.516600
v 0.057700 0.000000 0.500000
v 0.086600 0.000000 0.483300
v 0.115400 0.000000 0.466600
v 0.144300 0.000000 0.450000
v 0.173200 0.000000 0.433300
v 0.202000 0.000000 0.416600
v 0.230900 0.000000 0.400000
v 0.259800 0.050000 0.383300
v 0.288600 0.050000 0.366600
v 0.317500 0.050000 0.350000
v 0.346400 0.050000 0.333300
v 0.375200 0.050000 0.316600
v 0.404100 0.050000 0.300000
v 0.433000 0.050000 0.283300
v 0.461800 0.050000 0.266600
v 0.461800 0.050000 0.233300
v 0.461800 0.100000 0.200000
v 0.461800 0.100000 0.166600
v 0.461800 0.100000 0.133300
v 0.461800 0.100000 0.100000
v 0.461800 0.100000 0.066600
v 0.461800 0.100000 0.033300
v 0.461800 0.100000 0.000000
v 0.461800 0.100000 -0.033300
v 0.461800 0.100000 -0.066600
v 0.461800 0.050000 -0.100000
v 0.461800 0.050000 -0.133300
v 0.461800 0.050000 -0.166600
v 0.461800 0.050000 -0.200000
v 0.461800 0.050000 -0.233300
v 0.461800 0.050000 -0.266600
v 0.433000 0.050000 -0.283300
v 0.404100 0.000000 -0.300000
v 0.375200 0.000000 -0.316600
v 0.346400 0.000000 -0.333300
v 0.317500 0.000000 -0.350000
v 0.288600 0.000000 -0.366600
v 0.259800 0.000000 -0.383300
v 0.230900 0.000000 -0.400000
v 0.202000 0.000000 -0.416600
v 0.173200 0.000000 -0.433300
v 0.144300 0.000000 -0.450000
v 0.115400 0.000000 -0.466600
v 0.086600 0.000000 -0.483300
v 0.057700 0.000000 -0.500000
v 0.028800 0.000000 -0.516600
v 0.000000 0.000000 -0.533300
v -0.028800 0.000000 -0.516600
v -0.057700 0.050000 -0.500000
v -0.086600 0.050000 -0.483300
v -0.115400 0.050000 -0.466600
v -0.144300 0.100000 -0.450000
v -0.173200 0.100000 -0.433300
v -0.202000 0.100000 -0.416600
v -0.230900 0.100000 -0.400000
v -0.259800 0.100000 -0.383300
v -0.288600 0.100000 -0.366600
v -0.317500 0.100000 -0.350000
v -0.346400 0.050000 -0.333300
v -0.375200 0.050000 -0.316600
v -0.404100 0.000000 -0.300000
v -0.433000 0.000000 -0.283300
v -0.461800 0.000000 -0.266600
v -0.461800 0.000000 -0.233300
v -0.461800 0.000000 -0.200000
v -0.461800 0.000000 -0.166600
v -0.461800 0.000000 -0.133300
v -0.461800 0.000000 -0.100000
v -0.461800 0.000000 -0.066600
v -0.461800 0.000000 -0.033300
v -0.461800 0.000000 0.000000
v -0.461800 0.000000 0.033300
v -0.461800 0.000000 0.066600
v -0.461800 0.000000 0.100000
v -0.461800 0.000000 0.133300
v -0.461800 0.000000 0.166600
v -0.461800 0.000000 0.200000
v -0.461800 0.000000 0.233300
v -0.461800 0.000000 0.266600
v -0.433000 0.000000 0.283300
v -0.404100 0.000000 0.300000
v -0.375200 0.000000 0.316600
v -0.346400 0.000000 0.333300
v -0.317500 0.000000 0.350000
v -0.288600 0.000000 0.366600
v -0.259800 0.000000 0.383300
v -0.230900 0.000000 0.400000
v -0.202000 0.000000 0.416600
v -0.173200 0.000000 0.433300
v -0.144300 0.000000 0.450000
v -0.115400 0.000000 0.466600
v -0.086600 0.000000 0.483300
v -0.057700 0.000000 0.500000
v -0.028800 0.000000 0.516600
v 0.000000 0.000000 0.566600
v 0.028800 0.000000 0.550000
v 0.057700 0.000000 0.533300
v 0.086600 0.000000 0.516600
v 0.115400 0.000000 0.500000
v 0.144300 0.000000 0.483300
v 0.173200 0.000000 0.466600
v 0.202000 0.000000 0.450000
v 0.230900 0.000000 0.433300
v 0.259800 0.000000 0.416600
v 0.288600 0.050000 0.400000
v 0.317500 0.050000 0.383300
v 0.346400 0.050000 0.366600
v 0.375200 0.050000 0.350000
v 0.404100 0.050000 0.333300
v 0.433000 0.050000 0.316600
v 0.461800 0.050000 0.300000
v 0.490700 0.050000 0.283300
v 0.490700 0.050000 0.250000
v 0.490700 0.050000 0.216600
v 0.490700 0.100000 0.183300
v 0.490700 0.100000 0.150000
v 0.490700 0.100000 0.116600
v 0.490700 0.100000 0.083300
v 0.490700 0.100000 0.050000
v 0.490700 0.100000 0.016600
v 0.490700 0.100000 -0.016600
v 0.490700 0.100000 -0.050000
v 0.490700 0.100000 -0.083300
v 0.490700 0.050000 -0.116600
v 0.490700 0.050000 -0.150000
v 0.490700 0.050000 -0.183300
v 0.490700 0.050000 -0.216600
v 0.490700 0.050000 -0.250000
v 0.490700 0.050000 -0.283300
v 0.461800 0.050000 -0.300000
v 0.433000 0.000000 -0.316600
v 0.404100 0.000000 -0.333300
v 0.375200 0.000000 -0.350000
v 0.346400 0.000000 -0.366600
v 0.317500 0.000000 -0.383300
v 0.288600 0.000000 -0.400000
v 0.259800 0.000000 -0.416600
v 0.230900 0.000000 -0.433300
v 0.202000 0.000000 -0.450000
v 0.173200 0.000000 -0.466600
v 0.144300 0.000000 -0.483300
v 0.115400 0.000000 -0.500000
v 0.086600 0.000000 -0.516600
v 0.057700 0.000000 -0.533300
v 0.028800 0.000000 -0.550000
v 0.000000 0.000000 -0.566600
v -0.028800 0.000000 -0.550000
v -0.057700 0.000000 -0.533300
v -0.086600 0.000000 -0.516600
v -0.115400 0.050000 -0.500000
v -0.144300 0.050000 -0.483300
v -0.173200 0.100000 -0.466600
v -0.202000 0.100000 -0.450000
v -0.230900 0.100000 -0.433300
v -0.259800 0.100000 -0.416600
v -0.288600 0.100000 -0.400000
v -0.317500 0.100000 -0.383300
v -0.346400 0.050000 -0.366600
v -0.375200 0.050000 -0.350000
v -0.404100 0.000000 -0.333300
v -0.433000 0.000000 -0.316600
v -0.461800 0.000000 -0.300000
v -0.490700 0.000000 -0.283300
v -0.490700 0.000000 -0.250000
v -0.490700 0.000000 -0.216600
v -0.490700 0.000000 -0.183300
v -0.490700 0.000000 -0.150000
v -0.490700 0.000000 -0.116600
v -0.490700 0.000000 -0.083300
v -0.490700 0.000000 -0.050000
v -0.490700 0.000000 -0.016600
v -0.490700 0.000000 0.016600
v -0.490700 0.000000 0.050000
v -0.490700 0.000000 0.083300
v -0.490700 0.000000 0.116600
v -0.490700 0.000000 0.150000
v -0.490700 0.000000 0.183300
v -0.490700 0.000000 0.216600
v -0.490700 0.000000 0.250000
v -0.490700 0.000000 0.283300
v -0.461800 0.000000 0.300000
v -0.433000 0.000000 0.316600
v -0.404100 0.000000 0.333300
v -0.375200 0.000000 0.350000
v -0.346400 0.000000 0.366600
v -0.317500 0.000000 0.383300
v -0.288600 0.000000 0.400000
v -0.259800 0.000000 0.416600
v -0.230900 0.000000 0.433300
v -0.202000 0.000000 0.450000
v -0.173200 0.000000 0.466600
v -0.144300 0.000000 0.483300
v -0.115400 0.000000 0.500000
v -0.086600 0.000000 0.516600
v -0.057700 0.000000 0.533300
v -0.028800 0.000000 0.550000
v 0.000000 0.000000 0.600000
v 0.028800 0.000000 0.583300
v 0.057700 0.000000 0.566600
v 0.086600 0.000000 0.550000
v 0.115400 0.000000 0.533300
v 0.144300 0.000000 0.516600
v 0.173200 0.000000 0.500000
v 0.202000 0.000000 0.483300
v 0.230900 0.000000 0.466600
v 0.259800 0.000000 0.450000
v 0.288600 0.050000 0.433300
v 0.317500 0.000000 0.416600
v 0.346400 0.000000 0.400000
v 0.375200 0.000000 0.383300
v 0.404100 0.000000 0.366600
v 0.433000 0.050000 0.350000
v 0.461800 0.050000 0.333300
v 0.490700 0.050000 0.316600
v 0.519600 0.050000 0.300000
v 0.519600 0.050000 0.266600
v 0.519600 0.050000 0.233300
v 0.519600 0.100000 0.200000
v 0.519600 0.100000 0.166600
v 0.519600 0.100000 0.133300
v 0.519600 0.100000 0.100000
v 0.519600 0.100000 0.066600
v 0.519600 0.100000 0.033300
v 0.519600 0.100000 0.000000
v 0.519600 0.100000 -0.033300
v 0.519600 0.100000 -0.066600
v 0.519600 0.050000 -0.100000
v 0.519600 0.050000 -0.133300
v 0.519600 0.050000 -0.166600
v 0.519600 0.050000 -0.200000
v 0.519600 0.050000 -0.233300
v 0.519600 0.050000 -0.266600
v 0.519600 0.050000 -0.300000
v 0.490700 0.000000 -0.316600
v 0.461800 0.000000 -0.333300
v 0.433000 0.000000 -0.350000
v 0.404100 0.000000 -0.366600
v 0.375200 0.000000 -0.383300
v 0.346400 0.000000 -0.400000
v 0.317500 0.000000 -0.416600
v 0.288600 0.000000 -0.433300
v 0.259800 0.000000 -0.450000
v 0.230900 0.000000 -0.466600
v 0.202000 0.000000 -0.483300
v 0.173200 0.000000 -0.500000
v 0.144300 0.000000 -0.516600
v 0.115400 0.000000 -0.533300
v 0.086600 0.000000 -0.550000
v 0.057700 0.000000 -0.566600
v 0.028800 0.000000 -0.583300
v 0.000000 0.000000 -0.600000
v -0.028800 0.000000 -0.583300
v -0.057700 0.000000 -0.566600
v -0.086600 0.000000 -0.550000
v -0.115400 0.000000 -0.533300
v -0.144300 0.050000 -0.516600
v -0.173200 0.050000 -0.500000
v -0.202000 0.050000 -0.483300
v -0.230900 0.100000 -0.466600
v -0.259800 0.100000 -0.450000
v -0.288600 0.100000 -0.433300
v -0.317500 0.050000 -0.416600
v -0.346400 0.050000 -0.400000
v -0.375200 0.000000 -0.383300
v -0.404100 0.000000 -0.366600
v -0.433000 0.000000 -0.350000
v -0.461800 0.000000 -0.333300
v -0.490700 0.000000 -0.316600
v -0.519600 0.000000 -0.300000
v -0.519600 0.000000 -0.266600
v -0.519600 0.000000 -0.233300
v -0.519600 0.000000 -0.200000
v -0.519600 0.000000 -0.166600
v -0.519600 0.000000 -0.133300
v -0.519600 0.000000 -0.100000
v -0.519600 0.000000 -0.066600
v -0.519600 0.000000 -0.033300
v -0.519600 0.000000 0.000000
v -0.519600 0.000000 0.033300
v -0.519600 0.000000 0.066600
v -0.519600 0.000000 0.100000
v -0.519600 0.000000 0.133300
v -0.519600 0.000000 0.166600
v -0.519600 0.000000 0.200000
v -0.519600 0.000000 0.233300
v -0.519600 0.000000 0.266600
v -0.519600 0.000000 0.300000
v -0.490700 0.000000 0.316600
v -0.461800 0.000000 0.333300
v -0.433000 0.000000 0.350000
v -0.404100 0.000000 0.366600
v -0.375200 0.000000 0.383300
v -0.346400 0.000000 0.400000
v -0.317500 0.000000 0.416600
v -0.288600 0.000000 0.433300
v -0.259800 0.000000 0.450000
v -0.230900 0.000000 0.466600
v -0.202000 0.000000 0.483300
v -0.173200 0.000000 0.500000
v -0.144300 0.000000 0.516600
v -0.115400 0.000000 0.533300
v -0.086600 0.000000 0.550000
v -0.057700 0.000000 0.566600
v -0.028800 0.000000 0.583300
v 0.000000 0.000000 0.633300
v 0.028800 0.000000 0.616600
v 0.057700 0.000000 0.600000
v 0.086600 0.000000 0.583300
v 0.115400 0.000000 0.566600
v 0.144300 0.000000 0.550000
v 0.173200 0.000000 0.533300
v 0.202000 0.000000 0.516600
v 0.230900 0.000000 0.500000
v 0.259800 0.000000 0.483300
v 0.288600 0.000000 0.466600
v 0.317500 0.000000 0.450000
v 0.346400 0.000000 0.433300
v 0.375200 0.000000 0.416600
v 0.404100 0.000000 0.400000
v 0.433000 0.000000 0.383300
v 0.461800 0.050000 0.366600
v 0.490700 0.050000 0.350000
v 0.519600 0.050000 0.333300
v 0.548400 0.050000 0.316600
v 0.548400 0.050000 0.283300
v 0.548400 0.050000 0.250000
v 0.548400 0.050000 0.216600
v 0.548400 0.050000 0.183300
v 0.548400 0.100000 0.150000
v 0.548400 0.100000 0.116600
v 0.548400 0.100000 0.083300
v 0.548400 0.100000 0.050000
v 0.548400 0.100000 0.016600
v 0.548400 0.100000 -0.016600
v 0.548400 0.100000 -0.050000
v 0.548400 0.050000 -0.083300
v 0.548400 0.050000 -0.116600
v 0.548400 0.050000 -0.150000
v 0.548400 0.050000 -0.183300
v 0.548400 0.050000 -0.216600
v 0.548400 0.050000 -0.250000
v 0.548400 0.050000 -0.283300
v 0.548400 0.050000 -0.316600
v 0.519600 0.000000 -0.333300
v 0.490700 0.000000 -0.350000
v 0.461800 0.000000 -0.366600
v 0.433000 0.000000 -0.383300
v 0.404100 0.000000 -0.400000
v 0.375200 0.000000 -0.416600
v 0.346400 0.000000 -0.433300
v 0.317500 0.000000 -0.450000
v 0.288600 0.000000 -0.466600
v 0.259800 0.000000 -0.483300
v 0.230900 0.000000 -0.500000
v 0.202000 0.000000 -0.516600
v 0.173200 0.000000 -0.533300
v 0.144300 0.000000 -0.550000
v 0.115400 0.000000 -0.566600
v 0.086600 0.000000 -0.583300
v 0.057700 0.000000 -0.600000
v 0.028800 0.000000 -0.616600
v 0.000000 0.000000 -0.633300
v -0.028800 0.000000 -0.616600
v -0.057700 0.000000 -0.600000
v -0.086600 0.000000 -0.583300
v -0.115400 0.000000 -0.566600
v -0.144300 0.050000 -0.550000
v -0.173200 0.050000 -0.533300
v -0.202000 0.050000 -0.516600
v -0.230900 0.050000 -0.500000
v -0.259800 0.100000 -0.483300
v -0.288600 0.050000 -0.466600
v -0.317500 0.050000 -0.450000
v -0.346400 0.000000 -0.433300
v -0.375200 0.000000 -0.416600
v -0.404100 0.000000 -0.400000
v -0.433000 0.000000 -0.383300
v -0.461800 0.000000 -0.366600
v -0.490700 0.000000 -0.350000
v -0.519600 0.000000 -0.333300
v -0.548400 0.000000 -0.316600
v -0.548400 0.000000 -0.283300
v -0.548400 0.000000 -0.250000
v -0.548400 0.000000 -0.216600
v -0.548400 0.000000 -0.183300
v -0.548400 0.000000 -0.150000
v -0.548400 0.000000 -0.116600
v -0.548400 0.000000 -0.083300
v -0.548400 0.000000 -0.050000
v -0.548400 0.000000 -0.016600
v -0.548400 0.000000 0.016600
v -0.548400 0.000000 0.050000
v -0.548400 0.000000 0.083300
v -0.548400 0.000000 0.116600
v -0.548400 0.000000 0.150000
v -0.548400 0.000000 0.183300
v -0.548400 0.000000 0.216600
v -0.548400 0.000000 0.250000
v -0.548400 0.000000 0.283300
v -0.548400 0.000000 0.316600
v -0.519600 0.000000 0.333300
v -0.490700 0.000000 0.350000
v -0.461800 0.000000 0.366600
v -0.433000 0.000000 0.383300
v -0.404100 0.000000 0.400000
v -0.375200 0.000000 0.416600
v -0.346400 0.000000 0.433300
v -0.317500 0.000000 0.450000
v -0.288600 0.000000 0.466600
v -0.259800 0.000000 0.483300
v -0.230900 0.000000 0.500000
v -0.202000 0.000000 0.516600
v -0.173200 0.000000 0.533300
v -0.144300 0.000000 0.550000
v -0.115400 0.000000 0.566600
v -0.086600 0.000000 0.583300
v -0.057700 0.000000 0.600000
v -0.028800 0.000000 0.616600
v 0.000000 0.000000 0.666600
v 0.028800 0.000000 0.650000
v 0.057700 0.000000 0.633300
v 0.086600 0.000000 0.616600
v 0.115400 0.000000 0.600000
v 0.144300 0.000000 0.583300
v 0.173200 0.000000 0.566600
v 0.202000 0.000000 0.550000
v 0.230900 0.000000 0.533300
v 0.259800 0.000000 0.516600
v 0.288600 0.000000 0.500000
v 0.317500 0.000000 0.483300
v 0.346400 0.000000 0.466600
v 0.375200 0.000000 0.450000
v 0.404100 0.000000 0.433300
v 0.433000 0.000000 0.416600
v 0.461800 0.000000 0.400000
v 0.490700 0.000000 0.383300
v 0.519600 0.000000 0.366600
v 0.548400 0.050000 0.350000
v 0.577300 0.050000 0.333300
v 0.577300 0.050000 0.300000
v 0.577300 0.050000 0.266600
v 0.577300 0.050000 0.233300
v 0.577300 0.050000 0.200000
v 0.577300 0.050000 0.166600
v 0.577300 0.100000 0.133300
v 0.577300 0.100000 0.100000
v 0.577300 0.100000 0.066600
v 0.577300 0.100000 0.033300
v 0.577300 0.100000 0.000000
v 0.577300 0.100000 -0.033300
v 0.577300 0.050000 -0.066600
v 0.577300 0.050000 -0.100000
v 0.577300 0.050000 -0.133300
v 0.577300 0.050000 -0.166600
v 0.577300 0.050000 -0.200000
v 0.577300 0.050000 -0.233300
v 0.577300 0.050000 -0.266600
v 0.577300 0.050000 -0.300000
v 0.577300 0.050000 -0.333300
v 0.548400 0.000000 -0.350000
v 0.519600 0.000000 -0.366600
v 0.490700 0.000000 -0.383300
v 0.461800 0.000000 -0.400000
v 0.433000 0.000000 -0.416600
v 0.404100 0.000000 -0.433300
v 0.375200 0.000000 -0.450000
v 0.346400 0.000000 -0.466600
v 0.317500 0.000000 -0.483300
v 0.288600 0.000000 -0.500000
v 0.259800 0.000000 -0.516600
v 0.230900 0.000000 -0.533300
v 0.202000 0.000000 -0.550000
v 0.173200 0.000000 -0.566600
v 0.144300 0.000000 -0.583300
v 0.115400 0.000000 -0.600000
v 0.086600 0.000000 -0.616600
v 0.057700 0.000000 -0.633300
v 0.028800 0.000000 -0.650000
v 0.000000 0.000000 -0.666600
v -0.028800 0.000000 -0.650000
v -0.057700 0.000000 -0.633300
v -0.086600 0.000000 -0.616600
v -0.115400 0.000000 -0.600000
v -0.144300 0.000000 -0.583300
v -0.173200 0.000000 -0.566600
v -0.202000 0.050000 -0.550000
v -0.230900 0.050000 -0.533300
v -0.259800 0.050000 -0.516600
v -0.288600 0.000000 -0.500000
v -0.317500 0.050000 -0.483300
v -0.346400 0.000000 -0.466600
v -0.375200 0.000000 -0.450000
v -0.404100 0.000000 -0.433300
v -0.433000 0.000000 -0.416600
v -0.461800 0.000000 -0.400000
v -0.490700 0.000000 -0.383300
v -0.519600 0.000000 -0.366600
v -0.548400 0.000000 -0.350000
v -0.577300 0.000000 -0.333300
v -0.577300 0.000000 -0.300000
v -0.577300 0.000000 -0.266600
v -0.577300 0.000000 -0.233300
v -0.577300 0.000000 -0.200000
v -0.577300 0.000000 -0.166600
v -0.577300 0.000000 -0.133300
v -0.577300 0.000000 -0.100000
v -0.577300 0.000000 -0.066600
v -0.577300 0.000000 -0.033300
v -0.577300 0.000000 0.000000
v -0.577300 0.000000 0.033300
v -0.577300 0.000000 0.066600
v -0.577300 0.000000 0.100000
v -0.577300 0.000000 0.133300
v -0.577300 0.000000 0.166600
v -0.577300 0.000000 0.200000
v -0.577300 0.000000 0.233300
v -0.577300 0.000000 0.266600
v -0.577300 0.000000 0.300000
v -0.577300 0.000000 0.333300
v -0.548400 0.000000 0.350000
v -0.519600 0.000000 0.366600
v -0.490700 0.000000 0.383300
v -0.461800 0.000000 0.400000
v -0.433000 0.000000 0.416600
v -0.404100 0.000000 0.433300
v -0.375200 0.000000 0.450000
v -0.346400 0.000000 0.466600
v -0.317500 0.000000 0.483300
v -0.288600 0.000000 0.500000
v -0.259800 0.000000 0.516600
v -0.230900 0.000000 0.533300
v -0.202000 0.000000 0.550000
v -0.173200 0.000000 0.566600
v -0.144300 0.000000 0.583300
v -0.115400 0.000000 0.600000
v -0.086600 0.000000 0.616600
v -0.057700 0.000000 0.633300
v -0.028800 0.000000 0.650000
v 0.000000 0.000000 0.700000
v 0.028800 0.000000 0.683300
v 0.057700 0.000000 0.666600
v 0.086600 0.000000 0.650000
v 0.115400 0.000000 0.633300
v 0.144300 0.000000 0.616600
v 0.173200 0.000000 0.600000
v 0.202000 0.000000 0.583300
v 0.230900 0.000000 0.566600
v 0.259800 0.000000 0.550000
v 0.288600 0.000000 0.533300
v 0.317500 0.000000 0.516600
v 0.346400 0.000000 0.500000
v 0.375200 0.000000 0.483300
v 0.404100 0.000000 0.466600
v 0.433000 0.000000 0.450000
v 0.461800 0.000000 0.433300
v 0.490700 0.000000 0.416600
v 0.519600 0.000000 0.400000
v 0.548400 0.000000 0.383300
v 0.577300 0.000000 0.366600
v 0.606200 0.000000 0.350000
v 0.606200 0.050000 0.316600
v 0.606200 0.050000 0.283300
v 0.606200 0.050000 0.250000
v 0.606200 0.050000 0.216600
v 0.606200 0.050000 0.183300
v 0.606200 0.050000 0.150000
v 0.606200 0.050000 0.116600
v 0.606200 0.050000 0.083300
v 0.606200 0.050000 0.050000
v 0.606200 0.050000 0.016600
v 0.606200 0.050000 -0.016600
v 0.606200 0.050000 -0.050000
v 0.606200 0.050000 -0.083300
v 0.606200 0.050000 -0.116600
v 0.606200 0.050000 -0.150000
v 0.606200 0.050000 -0.183300
v 0.606200 0.050000 -0.216600
v 0.606200 0.050000 -0.250000
v 0.606200 0.050000 -0.283300
v 0.606200 0.050000 -0.316600
v 0.606200 0.000000 -0.350000
v 0.577300 0.000000 -0.366600
v 0.548400 0.000000 -0.383300
v 0.519600 0.000000 -0.400000
v 0.490700 0.000000 -0.416600
v 0.461800 0.000000 -0.433300
v 0.433000 0.000000 -0.450000
v 0.404100 0.000000 -0.466600
v 0.375200 0.000000 -0.483300
v 0.346400 0.000000 -0.500000
v 0.317500 0.000000 -0.516600
v 0.288600 0.000000 -0.533300
v 0.259800 0.000000 -0.550000
v 0.230900 0.000000 -0.566600
v 0.202000 0.000000 -0.583300
v 0.173200 0.000000 -0.600000
v 0.144300 0.000000 -0.616600
v 0.115400 0.000000 -0.633300
v 0.086600 0.000000 -0.650000
v 0.057700 0.000000 -0.666600
v 0.028800 0.000000 -0.683300
v 0.000000 0.000000 -0.700000
v -0.028800 0.000000 -0.683300
v -0.057700 0.000000 -0.666600
v -0.086600 0.000000 -0.650000
v -0.115400 0.000000 -0.633300
v -0.144300 0.000000 -0.616600
v -0.173200 0.000000 -0.600000
v -0.202000 0.000000 -0.583300
v -0.230900 0.000000 -0.566600
v -0.259800 0.000000 -0.550000
v -0.288600 0.000000 -0.533300
v -0.317500 0.000000 -0.516600
v -0.346400 0.000000 -0.500000
v -0.375200 0.000000 -0.483300
v -0.404100 0.000000 -0.466600
v -0.433000 0.000000 -0.450000
v -0.461800 0.000000 -0.433300
v -0.490700 0.000000 -0.416600
v -0.519600 0.000000 -0.400000
v -0.548400 0.000000 -0.383300
v -0.577300 0.000000 -0.366600
v -0.606200 0.000000 -0.350000
v -0.606200 0.000000 -0.316600
v -0.606200 0.000000 -0.283300
v -0.606200 0.000000 -0.250000
v -0.606200 0.000000 -0.216600
v -0.606200 0.000000 -0.183300
v -0.606200 0.000000 -0.150000
v -0.606200 0.000000 -0.116600
v -0.606200 0.000000 -0.083300
v -0.606200 0.000000 -0.050000
v -0.606200 0.000000 -0.016600
v -0.606200 0.000000 0.016600
v -0.606200 0.000000 0.050000
v -0.606200 0.000000 0.083300
v -0.606200 0.000000 0.116600
v -0.606200 0.000000 0.150000
v -0.606200 0.000000 0.183300
v -0.606200 0.000000 0.216600
v -0.606200 0.000000 0.250000
v -0.606200 0.000000 0.283300
v -0.606200 0.000000 0.316600
v -0.606200 0.000000 0.350000
v -0.577300 0.000000 0.366600
v -0.548400 0.000000 0.383300
v -0.519600 0.000000 0.400000
v -0.490700 0.000000 0.416600
v -0.461800 0.000000 0.433300
v -0.433000 0.000000 0.450000
v -0.404100 0.000000 0.466600
v -0.375200 0.000000 0.483300
v -0.346400 0.000000 0.500000
v -0.317500 0.000000 0.516600
v -0.288600 0.000000 0.533300
v -0.259800 0.000000 0.550000
v -0.230900 0.000000 0.566600
v -0.202000 0.000000 0.583300
v -0.173200 0.000000 0.600000
v -0.144300 0.000000 0.616600
v -0.115400 0.000000 0.633300
v -0.086600 0.000000 0.650000
v -0.057700 0.000000 0.666600
v -0.028800 0.000000 0.683300
v 0.000000 0.000000 0.733300
v 0.028800 0.000000 0.716600
v 0.057700 0.000000 0.700000
v 0.086600 0.000000 0.683300
v 0.115400 0.000000 0.666600
v 0.144300 0.000000 0.650000
v 0.173200 0.000000 0.633300
v 0.202000 0.000000 0.616600
v 0.230900 0.000000 0.600000
v 0.259800 0.000000 0.583300
v 0.288600 0.000000 0.566600
v 0.317500 0.000000 0.550000
v 0.346400 0.000000 0.533300
v 0.375200 0.000000 0.516600
v 0.404100 0.000000 0.500000
v 0.433000 0.000000 0.483300
v 0.461800 0.000000 0.466600
v 0.490700 0.000000 0.450000
v 0.519600 0.000000 0.433300
v 0.548400 0.000000 0.416600
v 0.577300 0.000000 0.400000
v 0.606200 0.000000 0.383300
v 0.635000 0.000000 0.366600
v 0.635000 0.050000 0.333300
v 0.635000 0.050000 0.300000
v 0.635000 0.050000 0.266600
v 0.635000 0.050000 0.233300
v 0.635000 0.050000 0.200000
v 0.635000 0.050000 0.166600
v 0.635000 0.050000 0.133300
v 0.635000 0.050000 0.100000
v 0.635000 0.050000 0.066600
v 0.635000 0.050000 0.033300
v 0.635000 0.050000 0.000000
v 0.635000 0.050000 -0.033300
v 0.635000 0.050000 -0.066600
v 0.635000 0.050000 -0.100000
v 0.635000 0.050000 -0.133300
v 0.635000 0.050000 -0.166600
v 0.635000 0.050000 -0.200000
v 0.635000 0.050000 -0.233300
v 0.635000 0.050000 -0.266600
v 0.635000 0.000000 -0.300000
v 0.635000 0.000000 -0.333300
v 0.635000 0.000000 -0.366600
v 0.606200 0.000000 -0.383300
v 0.577300 0.000000 -0.400000
v 0.548400 0.000000 -0.416600
v 0.519600 0.000000 -0.433300
v 0.490700 0.000000 -0.450000
v 0.461800 0.000000 -0.466600
v 0.433000 0.000000 -0.483300
v 0.404100 0.000000 -0.500000
v 0.375200 0.000000 -0.516600
v 0.346400 0.000000 -0.533300
v 0.317500 0.000000 -0.550000
v 0.288600 0.000000 -0.566600
v 0.259800 0.000000 -0.583300
v 0.230900 0.000000 -0.600000
v 0.202000 0.000000 -0.616600
v 0.173200 0.000000 -0.633300
v 0.144300 0.000000 -0.650000
v 0.115400 0.000000 -0.666600
v 0.086600 0.000000 -0.683300
v 0.057700 0.000000 -0.700000
v 0.028800 0.000000 -0.716600
v 0.000000 0.000000 -0.733300
v -0.028800 0.000000 -0.716600
v -0.057700 0.000000 -0.700000
v -0.086600 0.000000 -0.683300
v -0.115400 0.000000 -0.666600
v -0.144300 0.000000 -0.650000
v -0.173200 0.000000 -0.633300
v -0.202000 0.000000 -0.616600
v -0.230900 0.000000 -0.600000
v -0.259800 0.000000 -0.583300
v -0.288600 0.000000 -0.566600
v -0.317500 0.000000 -0.550000
v -0.346400 0.000000 -0.533300
v -0.375200 0.000000 -0.516600
v -0.404100 0.000000 -0.500000
v -0.433000 0.000000 -0.483300
v -0.461800 0.000000 -0.466600
v -0.490700 0.000000 -0.450000
v -0.519600 0.000000 -0.433300
v -0.548400 0.000000 -0.416600
v -0.577300 0.000000 -0.400000
v -0.606200 0.000000 -0.383300
v -0.635000 0.000000 -0.366600
v -0.635000 0.000000 -0.333300
v -0.635000 0.000000 -0.300000
v -0.635000 0.000000 -0.266600
v -0.635000 0.000000 -0.233300
v -0.635000 0.000000 -0.200000
v -0.635000 0.000000 -0.166600
v -0.635000 0.000000 -0.133300
v -0.635000 0.000000 -0.100000
v -0.635000 0.000000 -0.066600
v -0.635000 0.000000 -0.033300
v -0.635000 0.000000 0.000000
v -0.635000 0.000000 0.033300
v -0.635000 0.000000 0.066600
v -0.635000 0.000000 0.100000
v -0.635000 0.000000 0.133300
v -0.635000 0.000000 0.166600
v -0.635000 0.000000 0.200000
v -0.635000 0.000000 0.233300
v -0.635000 0.000000 0.266600
v -0.635000 0.000000 0.300000
v -0.635000 0.000000 0.333300
v -0.635000 0.000000 0.366600
v -0.606200 0.000000 0.383300
v -0.577300 0.000000 0.400000
v -0.548400 0.000000 0.416600
v -0.519600 0.000000 0.433300
v -0.490700 0.000000 0.450000
v -0.461800 0.000000 0.466600
v -0.433000 0.000000 0.483300
v -0.404100 0.000000 0.500000
v -0.375200 0.000000 0.516600
v -0.346400 0.000000 0.533300
v -0.317500 0.000000 0.550000
v -0.288600 0.000000 0.566600
v -0.259800 0.000000 0.583300
v -0.230900 0.000000 0.600000
v -0.202000 0.000000 0.616600
v -0.173200 0.000000 0.633300
v -0.144300 0.000000 0.650000
v -0.115400 0.000000 0.666600
v -0.086600 0.000000 0.683300
v -0.057700 0.000000 0.700000
v -0.028800 0.000000 0.716600
v 0.000000 0.000000 0.766600
v 0.028800 0.000000 0.750000
v 0.057700 0.000000 0.733300
v 0.086600 0.000000 0.716600
v 0.115400 0.000000 0.700000
v 0.144300 0.000000 0.683300
v 0.173200 0.000000 0.666600
v 0.202000 0.000000 0.650000
v 0.230900 0.000000 0.633300
v 0.259800 0.000000 0.616600
v 0.288600 0.000000 0.600000
v 0.317500 0.000000 0.583300
v 0.346400 0.000000 0.566600
v 0.375200 0.000000 0.550000
v 0.404100 0.000000 0.533300
v 0.433000 0.000000 0.516600
v 0.461800 0.000000 0.500000
v 0.490700 0.000000 0.483300
v 0.519600 0.000000 0.466600
v 0.548400 0.000000 0.450000
v 0.577300 0.000000 0.433300
v 0.606200 0.000000 0.416600
v 0.635000 0.000000 0.400000
v 0.663900 0.000000 0.383300
v 0.663900 0.000000 0.350000
v 0.663900 0.050000 0.316600
v 0.663900 0.050000 0.283300
v 0.663900 0.050000 0.250000
v 0.663900 0.050000 0.216600
v 0.663900 0.050000 0.183300
v 0.663900 0.050000 0.150000
v 0.663900 0.050000 0.116600
v 0.663900 0.050000 0.083300
v 0.663900 0.050000 0.050000
v 0.663900 0.050000 0.016600
v 0.663900 0.050000 -0.016600
v 0.663900 0.050000 -0.050000
v 0.663900 0.050000 -0.083300
v 0.663900 0.050000 -0.116600
v 0.663900 0.050000 -0.150000
v 0.663900 0.050000 -0.183300
v 0.663900 0.050000 -0.216600
v 0.663900 0.050000 -0.250000
v 0.663900 0.000000 -0.283300
v 0.663900 0.000000 -0.316600
v 0.663900 0.000000 -0.350000
v 0.663900 0.000000 -0.383300
v 0.635000 0.000000 -0.400000
v 0.606200 0.000000 -0.416600
v 0.577300 0.000000 -0.433300
v 0.548400 0.000000 -0.450000
v 0.519600 0.000000 -0.466600
v 0.490700 0.000000 -0.483300
v 0.461800 0.000000 -0.500000
v 0.433000 0.000000 -0.516600
v 0.404100 0.000000 -0.533300
v 0.375200 0.000000 -0.550000
v 0.346400 0.000000 -0.566600
v 0.317500 0.000000 -0.583300
v 0.288600 0.000000 -0.600000
v 0.259800 0.000000 -0.616600
v 0.230900 0.000000 -0.633300
v 0.202000 0.000000 -0.650000
v 0.173200 0.000000 -0.666600
v 0.144300 0.000000 -0.683300
v 0.115400 0.000000 -0.700000
v 0.086600 0.000000 -0.716600
v 0.057700 0.000000 -0.733300
v 0.028800 0.000000 -0.750000
v 0.000000 0.000000 -0.766600
v -0.028800 0.000000 -0.750000
v -0.057700 0.000000 -0.733300
v -0.086600 0.000000 -0.716600
v -0.115400 0.000000 -0.700000
v -0.144300 0.000000 -0.683300
v -0.173200 0.000000 -0.666600
v -0.202000 0.000000 -0.650000
v -0.230900 0.000000 -0.633300
v -0.259800 0.000000 -0.616600
v -0.288600 0.000000 -0.600000
v -0.317500 0.000000 -0.583300
v -0.346400 0.000000 -0.566600
v -0.375200 0.000000 -0.550000
v -0.404100 0.000000 -0.533300
v -0.433000 0.000000 -0.516600
v -0.461800 0.000000 -0.500000
v -0.490700 0.000000 -0.483300
v -0.519600 0.000000 -0.466600
v -0.548400 0.000000 -0.450000
v -0.577300 0.000000 -0.433300
v -0.606200 0.000000 -0.416600
v -0.635000 0.000000 -0.400000
v -0.663900 0.000000 -0.383300
v -0.663900 0.000000 -0.350000
v -0.663900 0.000000 -0.316600
v -0.663900 0.000000 -0.283300
v -0.663900 0.000000 -0.250000
v -0.663900 0.000000 -0.216600
v -0.663900 0.000000 -0.183300
v -0.663900 0.000000 -0.150000
v -0.663900 0.000000 -0.116600
v -0.663900 0.000000 -0.083300
v -0.663900 0.000000 -0.050000
v -0.663900 0.000000 -0.016600
v -0.663900 0.000000 0.016600
v -0.663900 0.000000 0.050000
v -0.663900 0.000000 0.083300
v -0.663900 0.000000 0.116600
v -0.663900 0.000000 0.150000
v -0.663900 0.000000 0.183300
v -0.663900 0.000000 0.216600
v -0.663900 0.000000 0.250000
v -0.663900 0.000000 0.283300
v -0.663900 0.000000 0.316600
v -0.663900 0.000000 0.350000
v -0.663900 0.000000 0.383300
v -0.635000 0.000000 0.400000
v -0.606200 0.000000 0.416600
v -0.577300 0.000000 0.433300
v -0.548400 0.000000 0.450000
v -0.519600 0.000000 0.466600
v -0.490700 0.000000 0.483300
v -0.461800 0.000000 0.500000
v -0.433000 0.000000 0.516600
v -0.404100 0.000000 0.533300
v -0.375200 0.000000 0.550000
v -0.346400 0.000000 0.566600
v -0.317500 0.000000 0.583300
v -0.288600 0.000000 0.600000
v -0.259800 0.000000 0.616600
v -0.230900 0.000000 0.633300
v -0.202000 0.000000 0.650000
v -0.173200 0.000000 0.666600
v -0.144300 0.000000 0.683300
v -0.115400 0.000000 0.700000
v -0.086600 0.000000 0.716600
v -0.057700 0.000000 0.733300
v -0.028800 0.000000 0.750000
v 0.000000 0.000000 0.800000
v 0.028800 0.000000 0.783300
v 0.057700 0.000000 0.766600
v 0.086600 0.000000 0.750000
v 0.115400 0.000000 0.733300
v 0.144300 0.000000 0.716600
v 0.173200 0.000000 0.700000
v 0.202000 0.000000 0.683300
v 0.230900 0.000000 0.666600
v 0.259800 0.000000 0.650000
v 0.288600 0.000000 0.633300
v 0.317500 0.000000 0.616600
v 0.346400 0.000000 0.600000
v 0.375200 0.000000 0.583300
v 0.404100 0.000000 0.566600
v 0.433000 0.000000 0.550000
v 0.461800 0.000000 0.533300
v 0.490700 0.000000 0.516600
v 0.519600 0.000000 0.500000
v 0.548400 0.000000 0.483300
v 0.577300 0.000000 0.466600
v 0.606200 0.000000 0.450000
v 0.635000 0.000000 0.433300
v 0.663900 0.000000 0.416600
v 0.692800 0.000000 0.400000
v 0.692800 0.000000 0.366600
v 0.692800 0.000000 0.333300
v 0.692800 0.050000 0.300000
v 0.692800 0.050000 0.266600
v 0.692800 0.050000 0.233300
v 0.692800 0.050000 0.200000
v 0.692800 0.050000 0.166600
v 0.692800 0.050000 0.133300
v 0.692800 0.050000 0.100000
v 0.692800 0.050000 0.066600
v 0.692800 0.050000 0.033300
v 0.692800 0.050000 0.000000
v 0.692800 0.050000 -0.033300
v 0.692800 0.050000 -0.066600
v 0.692800 0.050000 -0.100000
v 0.692800 0.050000 -0.133300
v 0.692800 0.050000 -0.166600
v 0.692800 0.050000 -0.200000
v 0.692800 0.000000 -0.233300
v 0.692800 0.000000 -0.266600
v 0.692800 0.000000 -0.300000
v 0.692800 0.000000 -0.333300
v 0.692800 0.000000 -0.366600
v 0.692800 0.000000 -0.400000
v 0.663900 0.000000 -0.416600
v 0.635000 0.000000 -0.433300
v 0.606200 0.000000 -0.450000
v 0.577300 0.000000 -0.466600
v 0.548400 0.000000 -0.483300
v 0.519600 0.000000 -0.500000
v 0.490700 0.000000 -0.516600
v 0.461800 0.000000 -0.533300
v 0.433000 0.000000 -0.550000
v 0.404100 0.000000 -0.566600
v 0.375200 0.000000 -0.583300
v 0.346400 0.000000 -0.600000
v 0.317500 0.000000 -0.616600
v 0.288600 0.000000 -0.633300
v 0.259800 0.000000 -0.650000
v 0.230900 0.000000 -0.666600
v 0.202000 0.000000 -0.683300
v 0.173200 0.000000 -0.700000
v 0.144300 0.000000 -0.716600
v 0.115400 0.000000 -0.733300
v 0.086600 0.000000 -0.750000
v 0.057700 0.000000 -0.766600
v 0.028800 0.000000 -0.783300
v 0.000000 0.000000 -0.800000
v -0.028800 0.000000 -0.783300
v -0.057700 0.000000 -0.766600
v -0.086600 0.000000 -0.750000
v -0.115400 0.000000 -0.733300
v -0.144300 0.000000 -0.716600
v -0.173200 0.000000 -0.700000
v -0.202000 0.000000 -0.683300
v -0.230900 0.000000 -0.666600
v -0.259800 0.000000 -0.650000
v -0.288600 0.000000 -0.633300
v -0.317500 0.000000 -0.616600
v -0.346400 0.000000 -0.600000
v -0.375200 0.000000 -0.583300
v -0.404100 0.000000 -0.566600
v -0.433000 0.000000 -0.550000
v -0.461800 0.000000 -0.533300
v -0.490700 0.000000 -0.516600
v -0.519600 0.000000 -0.500000
v -0.548400 0.000000 -0.483300
v -0.577300 0.000000 -0.466600
v -0.606200 0.000000 -0.450000
v -0.635000 0.000000 -0.433300
v -0.663900 0.000000 -0.416600
v -0.692800 0.000000 -0.400000
v -0.692800 0.000000 -0.366600
v -0.692800 0.000000 -0.333300
v -0.692800 0.000000 -0.300000
v -0.692800 0.000000 -0.266600
v -0.692800 0.000000 -0.233300
v -0.692800 0.000000 -0.200000
v -0.692800 0.000000 -0.166600
v -0.692800 0.000000 -0.133300
v -0.692800 0.000000 -0.100000
v -0.692800 0.000000 -0.066600
v -0.692800 0.000000 -0.033300
v -0.692800 0.000000 0.000000
v -0.692800 0.000000 0.033300
v -0.692800 0.000000 0.066600
v -0.692800 0.000000 0.100000
v -0.692800 0.000000 0.133300
v -0.692800 0.000000 0.166600
v -0.692800 0.000000 0.200000
v -0.692800 0.000000 0.233300
v -0.692800 0.000000 0.266600
v -0.692800 0.000000 0.300000
v -0.692800 0.000000 0.333300
v -0.692800 0.000000 0.366600
v -0.692800 0.000000 0.400000
v -0.663900 0.000000 0.416600
v -0.635000 0.000000 0.433300
v -0.606200 0.000000 0.450000
v -0.577300 0.000000 0.466600
v -0.548400 0.000000 0.483300
v -0.519600 0.000000 0.500000
v -0.490700 0.000000 0.516600
v -0.461800 0.000000 0.533300
v -0.433000 0.000000 0.550000
v -0.404100 0.000000 0.566600
v -0.375200 0.000000 0.583300
v -0.346400 0.000000 0.600000
v -0.317500 0.000000 0.616600
v -0.288600 0.000000 0.633300
v -0.259800 0.000000 0.650000
v -0.230900 0.000000 0.666600
v -0.202000 0.000000 0.683300
v -0.173200 0.000000 0.700000
v -0.144300 0.000000 0.716600
v -0.115400 0.000000 0.733300
v -0.086600 0.000000 0.750000
v -0.057700 0.000000 0.766600
v -0.028800 0.000000 0.783300
v 0.000000 0.000000 0.833300
v 0.028800 0.000000 0.816600
v 0.057700 0.000000 0.800000
v 0.086600 0.000000 0.783300
v 0.115400 0.000000 0.766600
v 0.144300 0.000000 0.750000
v 0.173200 0.000000 0.733300
v 0.202000 0.000000 0.716600
v 0.230900 0.000000 0.700000
v 0.259800 0.000000 0.683300
v 0.288600 0.000000 0.666600
v 0.317500 0.000000 0.650000
v 0.346400 0.000000 0.633300
v 0.375200 0.000000 0.616600
v 0.404100 0.000000 0.600000
v 0.433000 0.000000 0.583300
v 0.461800 0.000000 0.566600
v 0.490700 0.000000 0.550000
v 0.519600 0.000000 0.533300
v 0.548400 0.000000 0.516600
v 0.577300 0.000000 0.500000
v 0.606200 0.000000 0.483300
v 0.635000 0.000000 0.466600
v 0.663900 0.000000 0.450000
v 0.692800 0.000000 0.433300
v 0.721600 0.000000 0.416600
v 0.721600 0.000000 0.383300
v 0.721600 0.000000 0.350000
v 0.721600 0.000000 0.316600
v 0.721600 0.000000 0.283300
v 0.721600 0.000000 0.250000
v 0.721600 0.000000 0.216600
v 0.721600 0.050000 0.183300
v 0.721600 0.050000 0.150000
v 0.721600 0.050000 0.116600
v 0.721600 0.050000 0.083300
v 0.721600 0.050000 0.050000
v 0.721600 0.050000 0.016600
v 0.721600 0.050000 -0.016600
v 0.721600 0.050000 -0.050000
v 0.721600 0.050000 -0.083300
v 0.721600 0.050000 -0.116600
v 0.721600 0.050000 -0.150000
v 0.721600 0.050000 -0.183300
v 0.721600 0.000000 -0.216600
v 0.721600 0.000000 -0.250000
v 0.721600 0.000000 -0.283300
v 0.721600 0.000000 -0.316600
v 0.721600 0.000000 -0.350000
v 0.721600 0.000000 -0.383300
v 0.721600 0.000000 -0.416600
v 0.692800 0.000000 -0.433300
v 0.663900 0.000000 -0.450000
v 0.635000 0.000000 -0.466600
v 0.606200 0.000000 -0.483300
v 0.577300 0.000000 -0.500000
v 0.548400 0.000000 -0.516600
v 0.519600 0.000000 -0.533300
v 0.490700 0.000000 -0.550000
v 0.461800 0.000000 -0.566600
v 0.433000 0.000000 -0.583300
v 0.404100 0.000000 -0.600000
v 0.375200 0.000000 -0.616600
v 0.346400 0.000000 -0.633300
v 0.317500 0.000000 -0.650000
v 0.288600 0.000000 -0.666600
v 0.259800 0.000000 -0.683300
v 0.230900 0.000000 -0.700000
v 0.202000 0.000000 -0.716600
v 0.173200 0.000000 -0.733300
v 0.144300 0.000000 -0.750000
v 0.115400 0.000000 -0.766600
v 0.086600 0.000000 -0.783300
v 0.057700 0.000000 -0.800000
v 0.028800 0.000000 -0.816600
v 0.000000 0.000000 -0.833300
v -0.028800 0.000000 -0.816600
v -0.057700 0.000000 -0.800000
v -0.086600 0.000000 -0.783300
v -0.115400 0.000000 -0.766600
v -0.144300 0.000000 -0.750000
v -0.173200 0.000000 -0.733300
v -0.202000 0.000000 -0.716600
v -0.230900 0.000000 -0.700000
v -0.259800 0.000000 -0.683300
v -0.288600 0.000000 -0.666600
v -0.317500 0.000000 -0.650000
v -0.346400 0.000000 -0.633300
v -0.375200 0.000000 -0.616600
v -0.404100 0.000000 -0.600000
v -0.433000 0.000000 -0.583300
v -0.461800 0.000000 -0.566600
v -0.490700 0.000000 -0.550000
v -0.519600 0.000000 -0.533300
v -0.548400 0.000000 -0.516600
v -0.577300 0.000000 -0.500000
v -0.606200 0.000000 -0.483300
v -0.635000 0.000000 -0.466600
v -0.663900 0.000000 -0.450000
v -0.692800 0.000000 -0.433300
v -0.721600 0.000000 -0.416600
v -0.721600 0.000000 -0.383300
v -0.721600 0.000000 -0.350000
v -0.721600 0.000000 -0.316600
v -0.721600 0.000000 -0.283300
v -0.721600 0.000000 -0.250000
v -0.721600 0.000000 -0.216600
v -0.721600 0.000000 -0.183300
v -0.721600 0.000000 -0.150000
v -0.721600 0.000000 -0.116600
v -0.721600 0.000000 -0.083300
v -0.721600 0.000000 -0.050000
v -0.721600 0.000000 -0.016600
v -0.721600 0.000000 0.016600
v -0.721600 0.000000 0.050000
v -0.721600 0.000000 0.083300
v -0.721600 0.000000 0.116600
v -0.721600 0.000000 0.150000
v -0.721600 0.000000 0.183300
v -0.721600 0.000000 0.216600
v -0.721600 0.000000 0.250000
v -0.721600 0.000000 0.283300
v -0.721600 0.000000 0.316600
v -0.721600 0.000000 0.350000
v -0.721600 0.000000 0.383300
v -0.721600 0.000000 0.416600
v -0.692800 0.000000 0.433300
v -0.663900 0.000000 0.450000
v -0.635000 0.000000 0.466600
v -0.606200 0.000000 0.483300
v -0.577300 0.000000 0.500000
v -0.548400 0.000000 0.516600
v -0.519600 0.000000 0.533300
v -0.490700 0.000000 0.550000
v -0.461800 0.000000 0.566600
v -0.433000 0.000000 0.583300
v -0.404100 0.000000 0.600000
v -0.375200 0.000000 0.616600
v -0.346400 0.000000 0.633300
v -0.317500 0.000000 0.650000
v -0.288600 0.000000 0.666600
v -0.259800 0.000000 0.683300
v -0.230900 0.000000 0.700000
v -0.202000 0.000000 0.716600
v -0.173200 0.000000 0.733300
v -0.144300 0.000000 0.750000
v -0.115400 0.000000 0.766600
v -0.086600 0.000000 0.783300
v -0.057700 0.000000 0.800000
v -0.028800 0.000000 0.816600
v 0.000000 0.000000 0.866600
v 0.028800 0.000000 0.850000
v 0.057700 0.000000 0.833300
v 0.086600 0.000000 0.816600
v 0.115400 0.000000 0.800000
v 0.144300 0.000000 0.783300
v 0.173200 0.000000 0.766600
v 0.202000 0.000000 0.750000
v 0.230900 0.000000 0.733300
v 0.259800 0.000000 0.716600
v 0.288600 0.000000 0.700000
v 0.317500 0.000000 0.683300
v 0.346400 0.000000 0.666600
v 0.375200 0.000000 0.650000
v 0.404100 0.000000 0.633300
v 0.433000 0.000000 0.616600
v 0.461800 0.000000 0.600000
v 0.490700 0.000000 0.583300
v 0.519600 0.000000 0.566600
v 0.548400 0.000000 0.550000
v 0.577300 0.000000 0.533300
v 0.606200 0.000000 0.516600
v 0.635000 0.000000 0.500000
v 0.663900 0.000000 0.483300
v 0.692800 0.000000 0.466600
v 0.721600 0.000000 0.450000
v 0.750500 0.000000 0.433300
v 0.750500 0.000000 0.400000
v 0.750500 0.000000 0.366600
v 0.750500 0.000000 0.333300
v 0.750500 0.000000 0.300000
v 0.750500 0.000000 0.266600
v 0.750500 0.000000 0.233300
v 0.750500 0.000000 0.200000
v 0.750500 0.000000 0.166600
v 0.750500 0.000000 0.133300
v 0.750500 0.050000 0.100000
v 0.750500 0.050000 0.066600
v 0.750500 0.050000 0.033300
v 0.750500 0.050000 0.000000
v 0.750500 0.050000 -0.033300
v 0.750500 0.050000 -0.066600
v 0.750500 0.050000 -0.100000
v 0.750500 0.050000 -0.133300
v 0.750500 0.050000 -0.166600
v 0.750500 0.000000 -0.200000
v 0.750500 0.000000 -0.233300
v 0.750500 0.000000 -0.266600
v 0.750500 0.000000 -0.300000
v 0.750500 0.000000 -0.333300
v 0.750500 0.000000 -0.366600
v 0.750500 0.000000 -0.400000
v 0.750500 0.000000 -0.433300
v 0.721600 0.000000 -0.450000
v 0.692800 0.000000 -0.466600
v 0.663900 0.000000 -0.483300
v 0.635000 0.000000 -0.500000
v 0.606200 0.000000 -0.516600
v 0.577300 0.000000 -0.533300
v 0.548400 0.000000 -0.550000
v 0.519600 0.000000 -0.566600
v 0.490700 0.000000 -0.583300
v 0.461800 0.000000 -0.600000
v 0.433000 0.000000 -0.616600
v 0.404100 0.000000 -0.633300
v 0.375200 0.000000 -0.650000
v 0.346400 0.000000 -0.666600
v 0.317500 0.000000 -0.683300
v 0.288600 0.000000 -0.700000
v 0.259800 0.000000 -0.716600
v 0.230900 0.000000 -0.733300
v 0.202000 0.000000 -0.750000
v 0.173200 0.000000 -0.766600
v 0.144300 0.000000 -0.783300
v 0.115400 0.000000 -0.800000
v 0.086600 0.000000 -0.816600
v 0.057700 0.000000 -0.833300
v 0.028800 0.000000 -0.850000
v 0.000000 0.000000 -0.866600
v -0.028800 0.000000 -0.850000
v -0.057700 0.000000 -0.833300
v -0.086600 0.000000 -0.816600
v -0.115400 0.000000 -0.800000
v -0.144300 0.000000 -0.783300
v -0.173200 0.000000 -0.766600
v -0.202000 0.000000 -0.750000
v -0.230900 0.000000 -0.733300
v -0.259800 0.000000 -0.716600
v -0.288600 0.000000 -0.700000
v -0.317500 0.000000 -0.683300
v -0.346400 0.000000 -0.666600
v -0.375200 0.000000 -0.650000
v -0.404100 0.000000 -0.633300
v -0.433000 0.000000 -0.616600
v -0.461800 0.000000 -0.600000
v -0.490700 0.000000 -0.583300
v -0.519600 0.000000 -0.566600
v -0.548400 0.000000 -0.550000
v -0.577300 0.000000 -0.533300
v -0.606200 0.000000 -0.516600
v -0.635000 0.000000 -0.500000
v -0.663900 0.000000 -0.483300
v -0.692800 0.000000 -0.466600
v -0.721600 0.000000 -0.450000
v -0.750500 0.000000 -0.433300
v -0.750500 0.000000 -0.400000
v -0.750500 0.000000 -0.366600
v -0.750500 0.000000 -0.333300
v -0.750500 0.000000 -0.300000
v -0.750500 0.000000 -0.266600
v -0.750500 0.000000 -0.233300
v -0.750500 0.000000 -0.200000
v -0.750500 0.000000 -0.166600
v -0.750500 0.000000 -0.133300
v -0.750500 0.000000 -0.100000
v -0.750500 0.000000 -0.066600
v -0.750500 0.000000 -0.033300
v -0.750500 0.000000 0.000000
v -0.750500 0.000000 0.033300
v -0.750500 0.000000 0.066600
v -0.750500 0.000000 0.100000
v -0.750500 0.000000 0.133300
v -0.750500 0.000000 0.166600
v -0.750500 0.000000 0.200000
v -0.750500 0.000000 0.233300
v -0.750500 0.000000 0.266600
v -0.750500 0.000000 0.300000
v -0.750500 0.000000 0.333300
v -0.750500 0.000000 0.366600
v -0.750500 0.000000 0.400000
v -0.750500 0.000000 0.433300
v -0.721600 0.000000 0.450000
v -0.692800 0.000000 0.466600
v -0.663900 0.000000 0.483300
v -0.635000 0.000000 0.500000
v -0.606200 0.000000 0.516600
v -0.577300 0.000000 0.533300
v -0.548400 0.000000 0.550000
v -0.519600 0.000000 0.566600
v -0.490700 0.000000 0.583300
v -0.461800 0.000000 0.600000
v -0.433000 0.000000 0.616600
v -0.404100 0.000000 0.633300
v -0.375200 0.000000 0.650000
v -0.346400 0.000000 0.666600
v -0.317500 0.000000 0.683300
v -0.288600 0.000000 0.700000
v -0.259800 0.000000 0.716600
v -0.230900 0.000000 0.733300
v -0.202000 0.000000 0.750000
v -0.173200 0.000000 0.766600
v -0.144300 0.000000 0.783300
v -0.115400 0.000000 0.800000
v -0.086600 0.000000 0.816600
v -0.057700 0.000000 0.833300
v -0.028800 0.000000 0.850000
v 0.000000 0.000000 0.900000
v 0.028800 0.000000 0.883300
v 0.057700 0.000000 0.866600
v 0.086600 0.000000 0.850000
v 0.115400 0.000000 0.833300
v 0.144300 0.000000 0.816600
v 0.173200 0.000000 0.800000
v 0.202000 0.000000 0.783300
v 0.230900 0.000000 0.766600
v 0.259800 0.000000 0.750000
v 0.288600 0.000000 0.733300
v 0.317500 0.000000 0.716600
v 0.346400 0.000000 0.700000
v 0.375200 0.000000 0.683300
v 0.404100 0.000000 0.666600
v 0.433000 0.000000 0.650000
v 0.461800 0.000000 0.633300
v 0.490700 0.000000 0.616600
v 0.519600 0.000000 0.600000
v 0.548400 0.000000 0.583300
v 0.577300 0.000000 0.566600
v 0.606200 0.000000 0.550000
v 0.635000 0.000000 0.533300
v 0.663900 0.000000 0.516600
v 0.692800 0.000000 0.500000
v 0.721600 0.000000 0.483300
v 0.750500 0.000000 0.466600
v 0.779400 0.000000 0.450000
v 0.779400 0.000000 0.416600
v 0.779400 0.000000 0.383300
v 0.779400 0.000000 0.350000
v 0.779400 0.000000 0.316600
v 0.779400 0.000000 0.283300
v 0.779400 0.000000 0.250000
v 0.779400 0.000000 0.216600
v 0.779400 0.000000 0.183300
v 0.779400 0.000000 0.150000
v 0.779400 0.000000 0.116600
v 0.779400 0.000000 0.083300
v 0.779400 0.050000 0.050000
v 0.779400 0.050000 0.016600
v 0.779400 0.050000 -0.016600
v 0.779400 0.050000 -0.050000
v 0.779400 0.050000 -0.083300
v 0.779400 0.050000 -0.116600
v 0.779400 0.000000 -0.150000
v 0.779400 0.000000 -0.183300
v 0.779400 0.000000 -0.216600
v 0.779400 0.000000 -0.250000
v 0.779400 0.000000 -0.283300
v 0.779400 0.000000 -0.316600
v 0.779400 0.000000 -0.350000
v 0.779400 0.000000 -0.383300
v 0.779400 0.000000 -0.416600
v 0.779400 0.000000 -0.450000
v 0.750500 0.000000 -0.466600
v 0.721600 0.000000 -0.483300
v 0.692800 0.000000 -0.500000
v 0.663900 0.000000 -0.516600
v 0.635000 0.000000 -0.533300
v 0.606200 0.000000 -0.550000
v 0.577300 0.000000 -0.566600
v 0.548400 0.000000 -0.583300
v 0.519600 0.000000 -0.600000
v 0.490700 0.000000 -0.616600
v 0.461800 0.000000 -0.633300
v 0.433000 0.000000 -0.650000
v 0.404100 0.000000 -0.666600
v 0.375200 0.000000 -0.683300
v 0.346400 0.000000 -0.700000
v 0.317500 0.000000 -0.716600
v 0.288600 0.000000 -0.733300
v 0.259800 0.000000 -0.750000
v 0.230900 0.000000 -0.766600
v 0.202000 0.000000 -0.783300
v 0.173200 0.000000 -0.800000
v 0.144300 0.000000 -0.816600
v 0.115400 0.000000 -0.833300
v 0.086600 0.000000 -0.850000
v 0.057700 0.000000 -0.866600
v 0.028800 0.000000 -0.883300
v 0.000000 0.000000 -0.900000
v -0.028800 0.000000 -0.883300
v -0.057700 0.000000 -0.866600
v -0.086600 0.000000 -0.850000
v -0.115400 0.000000 -0.833300
v -0.144300 0.000000 -0.816600
v -0.173200 0.000000 -0.800000
v -0.202000 0.000000 -0.783300
v -0.230900 0.000000 -0.766600
v -0.259800 0.000000 -0.750000
v -0.288600 0.000000 -0.733300
v -0.317500 0.000000 -0.716600
v -0.346400 0.000000 -0.700000
v -0.375200 0.000000 -0.683300
v -0.404100 0.000000 -0.666600
v -0.433000 0.000000 -0.650000
v -0.461800 0.000000 -0.633300
v -0.490700 0.000000 -0.616600
v -0.519600 0.000000 -0.600000
v -0.548400 0.000000 -0.583300
v -0.577300 0.000000 -0.566600
v -0.606200 0.000000 -0.550000
v -0.635000 0.000000 -0.533300
v -0.663900 0.000000 -0.516600
v -0.692800 0.000000 -0.500000
v -0.721600 0.000000 -0.483300
v -0.750500 0.000000 -0.466600
v -0.779400 0.000000 -0.450000
v -0.779400 0.000000 -0.416600
v -0.779400 0.000000 -0.383300
v -0.779400 0.000000 -0.350000
v -0.779400 0.000000 -0.316600
v -0.779400 0.000000 -0.283300
v -0.779400 0.000000 -0.250000
v -0.779400 0.000000 -0.216600
v -0.779400 0.000000 -0.183300
v -0.779400 0.000000 -0.150000
v -0.779400 0.000000 -0.116600
v -0.779400 0.000000 -0.083300
v -0.779400 0.000000 -0.050000
v -0.779400 0.000000 -0.016600
v -0.779400 0.000000 0.016600
v -0.779400 0.000000 0.050000
v -0.779400 0.000000 0.083300
v -0.779400 0.000000 0.116600
v -0.779400 0.000000 0.150000
v -0.779400 0.000000 0.183300
v -0.779400 0.000000 0.216600
v -0.779400 0.000000 0.250000
v -0.779400 0.000000 0.283300
v -0.779400 0.000000 0.316600
v -0.779400 0.000000 0.350000
v -0.779400 0.000000 0.383300
v -0.779400 0.000000 0.416600
v -0.779400 0.000000 0.450000
v -0.750500 0.000000 0.466600
v -0.721600 0.000000 0.483300
v -0.692800 0.000000 0.500000
v -0.663900 0.000000 0.516600
v -0.635000 0.000000 0.533300
v -0.606200 0.000000 0.550000
v -0.577300 0.000000 0.566600
v -0.548400 0.000000 0.583300
v -0.519600 0.000000 0.600000
v -0.490700 0.000000 0.616600
v -0.461800 0.000000 0.633300
v -0.433000 0.000000 0.650000
v -0.404100 0.000000 0.666600
v -0.375200 0.000000 0.683300
v -0.346400 0.000000 0.700000
v -0.317500 0.000000 0.716600
v -0.288600 0.000000 0.733300
v -0.259800 0.000000 0.750000
v -0.230900 0.000000 0.766600
v -0.202000 0.000000 0.783300
v -0.173200 0.000000 0.800000
v -0.144300 0.000000 0.816600
v -0.115400 0.000000 0.833300
v -0.086600 0.000000 0.850000
v -0.057700 0.000000 0.866600
v -0.028800 0.000000 0.883300
v 0.000000 0.000000 0.933300
v 0.028800 0.000000 0.916600
v 0.057700 0.000000 0.900000
v 0.086600 0.000000 0.883300
v 0.115400 0.000000 0.866600
v 0.144300 0.000000 0.850000
v 0.173200 0.000000 0.833300
v 0.202000 0.000000 0.816600
v 0.230900 0.000000 0.800000
v 0.259800 0.000000 0.783300
v 0.288600 0.000000 0.766600
v 0.317500 0.000000 0.750000
v 0.346400 0.000000 0.733300
v 0.375200 0.000000 0.716600
v 0.404100 0.000000 0.700000
v 0.433000 0.000000 0.683300
v 0.461800 0.000000 0.666600
v 0.490700 0.000000 0.650000
v 0.519600 0.000000 0.633300
v 0.548400 0.000000 0.616600
v 0.577300 0.000000 0.600000
v 0.606200 0.000000 0.583300
v 0.635000 0.000000 0.566600
v 0.663900 0.000000 0.550000
v 0.692800 0.000000 0.533300
v 0.721600 0.000000 0.516600
v 0.750500 0.000000 0.500000
v 0.779400 0.000000 0.483300
v 0.808200 0.000000 0.466600
v 0.808200 0.000000 0.433300
v 0.808200 0.000000 0.400000
v 0.808200 0.000000 0.366600
v 0.808200 0.000000 0.333300
v 0.808200 0.000000 0.300000
v 0.808200 0.000000 0.266600
v 0.808200 0.000000 0.233300
v 0.808200 0.000000 0.200000
v 0.808200 0.000000 0.166600
v 0.808200 0.000000 0.133300
v 0.808200 0.000000 0.100000
v 0.808200 0.000000 0.066600
v 0.808200 0.050000 0.033300
v 0.808200 0.000000 0.000000
v 0.808200 0.000000 -0.033300
v 0.808200 0.050000 -0.066600
v 0.808200 0.050000 -0.100000
v 0.808200 0.000000 -0.133300
v 0.808200 0.000000 -0.166600
v 0.808200 0.000000 -0.200000
v 0.808200 0.000000 -0.233300
v 0.808200 0.000000 -0.266600
v 0.808200 0.000000 -0.300000
v 0.808200 0.000000 -0.333300
v 0.808200 0.000000 -0.366600
v 0.808200 0.000000 -0.400000
v 0.808200 0.000000 -0.433300
v 0.808200 0.000000 -0.466600
v 0.779400 0.000000 -0.483300
v 0.750500 0.000000 -0.500000
v 0.721600 0.000000 -0.516600
v 0.692800 0.000000 -0.533300
v 0.663900 0.000000 -0.550000
v 0.635000 0.000000 -0.566600
v 0.606200 0.000000 -0.583300
v 0.577300 0.000000 -0.600000
v 0.548400 0.000000 -0.616600
v 0.519600 0.000000 -0.633300
v 0.490700 0.000000 -0.650000
v 0.461800 0.000000 -0.666600
v 0.433000 0.000000 -0.683300
v 0.404100 0.000000 -0.700000
v 0.375200 0.000000 -0.716600
v 0.346400 0.000000 -0.733300
v 0.317500 0.000000 -0.750000
v 0.288600 0.000000 -0.766600
v 0.259800 0.000000 -0.783300
v 0.230900 0.000000 -0.800000
v 0.202000 0.000000 -0.816600
v 0.173200 0.000000 -0.833300
v 0.144300 0.000000 -0.850000
v 0.115400 0.000000 -0.866600
v 0.086600 0.000000 -0.883300
v 0.057700 0.000000 -0.900000
v 0.028800 0.000000 -0.916600
v 0.000000 0.000000 -0.933300
v -0.028800 0.000000 -0.916600
v -0.057700 0.000000 -0.900000
v -0.086600 0.000000 -0.883300
v -0.115400 0.000000 -0.866600
v -0.144300 0.000000 -0.850000
v -0.173200 0.000000 -0.833300
v -0.202000 0.000000 -0.816600
v -0.230900 0.000000 -0.800000
v -0.259800 0.000000 -0.783300
v -0.288600 0.000000 -0.766600
v -0.317500 0.000000 -0.750000
v -0.346400 0.000000 -0.733300
v -0.375200 0.000000 -0.716600
v -0.404100 0.000000 -0.700000
v -0.433000 0.000000 -0.683300
v -0.461800 0.000000 -0.666600
v -0.490700 0.000000 -0.650000
v -0.519600 0.000000 -0.633300
v -0.548400 0.000000 -0.616600
v -0.577300 0.000000 -0.600000
v -0.606200 0.000000 -0.583300
v -0.635000 0.000000 -0.566600
v -0.663900 0.000000 -0.550000
v -0.692800 0.000000 -0.533300
v -0.721600 0.000000 -0.516600
v -0.750500 0.000000 -0.500000
v -0.779400 0.000000 -0.483300
v -0.808200 0.000000 -0.466600
v -0.808200 0.000000 -0.433300
v -0.808200 0.000000 -0.400000
v -0.808200 0.000000 -0.366600
v -0.808200 0.000000 -0.333300
v -0.808200 0.000000 -0.300000
v -0.808200 0.000000 -0.266600
v -0.808200 0.000000 -0.233300
v -0.808200 0.000000 -0.200000
v -0.808200 0.000000 -0.166600
v -0.808200 0.000000 -0.133300
v -0.808200 0.000000 -0.100000
v -0.808200 0.000000 -0.066600
v -0.808200 0.000000 -0.033300
v -0.808200 0.000000 0.000000
v -0.808200 0.000000 0.033300
v -0.808200 0.000000 0.066600
v -0.808200 0.000000 0.100000
v -0.808200 0.000000 0.133300
v -0.808200 0.000000 0.166600
v -0.808200 0.000000 0.200000
v -0.808200 0.000000 0.233300
v -0.808200 0.000000 0.266600
v -0.808200 0.000000 0.300000
v -0.808200 0.000000 0.333300
v -0.808200 0.000000 0.366600
v -0.808200 0.000000 0.400000
v -0.808200 0.000000 0.433300
v -0.808200 0.000000 0.466600
v -0.779400 0.000000 0.483300
v -0.750500 0.000000 0.500000
v -0.721600 0.000000 0.516600
v -0.692800 0.000000 0.533300
v -0.663900 0.000000 0.550000
v -0.635000 0.000000 0.566600
v -0.606200 0.000000 0.583300
v -0.577300 0.000000 0.600000
v -0.548400 0.000000 0.616600
v -0.519600 0.000000 0.633300
v -0.490700 0.000000 0.650000
v -0.461800 0.000000 0.666600
v -0.433000 0.000000 0.683300
v -0.404100 0.000000 0.700000
v -0.375200 0.000000 0.716600
v -0.346400 0.000000 0.733300
v -0.317500 0.000000 0.750000
v -0.288600 0.000000 0.766600
v -0.259800 0.000000 0.783300
v -0.230900 0.000000 0.800000
v -0.202000 0.000000 0.816600
v -0.173200 0.000000 0.833300
v -0.144300 0.000000 0.850000
v -0.115400 0.000000 0.866600
v -0.086600 0.000000 0.883300
v -0.057700 0.000000 0.900000
v -0.028800 0.000000 0.916600
v 0.000000 0.000000 0.966600
v 0.028800 0.000000 0.950000
v 0.057700 0.000000 0.933300
v 0.086600 0.000000 0.916600
v 0.115400 0.000000 0.900000
v 0.144300 0.000000 0.883300
v 0.173200 0.000000 0.866600
v 0.202000 0.000000 0.850000
v 0.230900 0.000000 0.833300
v 0.259800 0.000000 0.816600
v 0.288600 0.000000 0.800000
v 0.317500 0.000000 0.783300
v 0.346400 0.000000 0.766600
v 0.375200 0.000000 0.750000
v 0.404100 0.000000 0.733300
v 0.433000 0.000000 0.716600
v 0.461800 0.000000 0.700000
v 0.490700 0.000000 0.683300
v 0.519600 0.000000 0.666600
v 0.548400 0.000000 0.650000
v 0.577300 0.000000 0.633300
v 0.606200 0.000000 0.616600
v 0.635000 0.000000 0.600000
v 0.663900 0.000000 0.583300
v 0.692800 0.000000 0.566600
v 0.721600 0.000000 0.550000
v 0.750500 0.000000 0.533300
v 0.779400 0.000000 0.516600
v 0.808200 0.000000 0.500000
v 0.837100 0.000000 0.483300
v 0.837100 0.000000 0.450000
v 0.837100 0.000000 0.416600
v 0.837100 0.000000 0.383300
v 0.837100 0.000000 0.350000
v 0.837100 0.000000 0.316600
v 0.837100 0.000000 0.283300
v 0.837100 0.000000 0.250000
v 0.837100 0.000000 0.216600
v 0.837100 0.000000 0.183300
v 0.837100 0.000000 0.150000
v 0.837100 0.000000 0.116600
v 0.837100 0.000000 0.083300
v 0.837100 0.000000 0.050000
v 0.837100 0.000000 0.016600
v 0.837100 0.000000 -0.016600
v 0.837100 0.000000 -0.050000
v 0.837100 0.000000 -0.083300
v 0.837100 0.000000 -0.116600
v 0.837100 0.000000 -0.150000
v 0.837100 0.000000 -0.183300
v 0.837100 0.000000 -0.216600
v 0.837100 0.000000 -0.250000
v 0.837100 0.000000 -0.283300
v 0.837100 0.000000 -0.316600
v 0.837100 0.000000 -0.350000
v 0.837100 0.000000 -0.383300
v 0.837100 0.000000 -0.416600
v 0.837100 0.000000 -0.450000
v 0.837100 0.000000 -0.483300
v 0.808200 0.000000 -0.500000
v 0.779400 0.000000 -0.516600
v 0.750500 0.000000 -0.533300
v 0.721600 0.000000 -0.550000
v 0.692800 0.000000 -0.566600
v 0.663900 0.000000 -0.583300
v 0.635000 0.000000 -0.600000
v 0.606200 0.000000 -0.616600
v 0.577300 0.000000 -0.633300
v 0.548400 0.000000 -0.650000
v 0.519600 0.000000 -0.666600
v 0.490700 0.000000 -0.683300
v 0.461800 0.000000 -0.700000
v 0.433000 0.000000 -0.716600
v 0.404100 0.000000 -0.733300
v 0.375200 0.000000 -0.750000
v 0.346400 0.000000 -0.766600
v 0.317500 0.000000 -0.783300
v 0.288600 0.000000 -0.800000
v 0.259800 0.000000 -0.816600
v 0.230900 0.000000 -0.833300
v 0.202000 0.000000 -0.850000
v 0.173200 0.000000 -0.866600
v 0.144300 0.000000 -0.883300
v 0.115400 0.000000 -0.900000
v 0.086600 0.000000 -0.916600
v 0.057700 0.000000 -0.933300
v 0.028800 0.000000 -0.950000
v 0.000000 0.000000 -0.966600
v -0.028800 0.000000 -0.950000
v -0.057700 0.000000 -0.933300
v -0.086600 0.000000 -0.916600
v -0.115400 0.000000 -0.900000
v -0.144300 0.000000 -0.883300
v -0.173200 0.000000 -0.866600
v -0.202000 0.000000 -0.850000
v -0.230900 0.000000 -0.833300
v -0.259800 0.000000 -0.816600
v -0.288600 0.000000 -0.800000
v -0.317500 0.000000 -0.783300
v -0.346400 0.000000 -0.766600
v -0.375200 0.000000 -0.750000
v -0.404100 0.000000 -0.733300
v -0.433000 0.000000 -0.716600
v -0.461800 0.000000 -0.700000
v -0.490700 0.000000 -0.683300
v -0.519600 0.000000 -0.666600
v -0.548400 0.000000 -0.650000
v -0.577300 0.000000 -0.633300
v -0.606200 0.000000 -0.616600
v -0.635000 0.000000 -0.600000
v -0.663900 0.000000 -0.583300
v -0.692800 0.000000 -0.566600
v -0.721600 0.000000 -0.550000
v -0.750500 0.000000 -0.533300
v -0.779400 0.000000 -0.516600
v -0.808200 0.000000 -0.500000
v -0.837100 0.000000 -0.483300
v -0.837100 0.000000 -0.450000
v -0.837100 0.000000 -0.416600
v -0.837100 0.000000 -0.383300
v -0.837100 0.000000 -0.350000
v -0.837100 0.000000 -0.316600
v -0.837100 0.000000 -0.283300
v -0.837100 0.000000 -0.250000
v -0.837100 0.000000 -0.216600
v -0.837100 0.000000 -0.183300
v -0.837100 0.000000 -0.150000
v -0.837100 0.000000 -0.116600
v -0.837100 0.000000 -0.083300
v -0.837100 0.000000 -0.050000
v -0.837100 0.000000 -0.016600
v -0.837100 0.000000 0.016600
v -0.837100 0.000000 0.050000
v -0.837100 0.000000 0.083300
v -0.837100 0.000000 0.116600
v -0.837100 0.000000 0.150000
v -0.837100 0.000000 0.183300
v -0.837100 0.000000 0.216600
v -0.837100 0.000000 0.250000
v -0.837100 0.000000 0.283300
v -0.837100 0.000000 0.316600
v -0.837100 0.000000 0.350000
v -0.837100 0.000000 0.383300
v -0.837100 0.000000 0.416600
v -0.837100 0.000000 0.450000
v -0.837100 0.000000 0.483300
v -0.808200 0.000000 0.500000
v -0.779400 0.000000 0.516600
v -0.750500 0.000000 0.533300
v -0.721600 0.000000 0.550000
v -0.692800 0.000000 0.566600
v -0.663900 0.000000 0.583300
v -0.635000 0.000000 0.600000
v -0.606200 0.000000 0.616600
v -0.577300 0.000000 0.633300
v -0.548400 0.000000 0.650000
v -0.519600 0.000000 0.666600
v -0.490700 0.000000 0.683300
v -0.461800 0.000000 0.700000
v -0.433000 0.000000 0.716600
v -0.404100 0.000000 0.733300
v -0.375200 0.000000 0.750000
v -0.346400 0.000000 0.766600
v -0.317500 0.000000 0.783300
v -0.288600 0.000000 0.800000
v -0.259800 0.000000 0.816600
v -0.230900 0.000000 0.833300
v -0.202000 0.000000 0.850000
v -0.173200 0.000000 0.866600
v -0.144300 0.000000 0.883300
v -0.115400 0.000000 0.900000
v -0.086600 0.000000 0.916600
v -0.057700 0.000000 0.933300
v -0.028800 0.000000 0.950000
v 0.057700 0.000000 0.966600
v 0.115400 0.000000 0.933300
v 0.144300 0.000000 0.916600
v 0.173200 0.000000 0.900000
v 0.202000 0.000000 0.883300
v 0.230900 0.000000 0.866600
v 0.288600 0.000000 0.833300
v 0.346400 0.000000 0.800000
v 0.375200 0.000000 0.783300
v 0.404100 0.000000 0.766600
v 0.490700 0.000000 0.716600
v 0.519600 0.000000 0.700000
v 0.577300 0.000000 0.666600
v 0.663900 0.000000 0.616600
v 0.750500 0.000000 0.566600
v 0.779400 0.000000 0.550000
v 0.837100 0.000000 0.516600
v 0.866000 0.000000 0.466600
v 0.866000 0.000000 0.433300
v 0.866000 0.000000 0.200000
v 0.866000 0.000000 0.033300
v 0.866000 0.000000 -0.100000
v 0.866000 0.000000 -0.133300
v 0.866000 0.000000 -0.166600
v 0.866000 0.000000 -0.333300
v 0.866000 0.000000 -0.366600
v 0.866000 0.000000 -0.400000
v 0.866000 0.000000 -0.433300
v 0.866000 0.000000 -0.466600
v 0.837100 0.000000 -0.516600
v 0.808200 0.000000 -0.533300
v 0.779400 0.000000 -0.550000
v 0.750500 0.000000 -0.566600
v 0.721600 0.000000 -0.583300
v 0.692800 0.000000 -0.600000
v 0.663900 0.000000 -0.616600
v 0.635000 0.000000 -0.633300
v 0.577300 0.000000 -0.666600
v 0.548400 0.000000 -0.683300
v 0.490700 0.000000 -0.716600
v 0.375200 0.000000 -0.783300
v 0.288600 0.000000 -0.833300
v 0.230900 0.000000 -0.866600
v 0.202000 0.000000 -0.883300
v 0.173200 0.000000 -0.900000
v 0.144300 0.000000 -0.916600
v 0.057700 0.000000 -0.966600
v 0.000000 0.000000 -1.000000
v -0.057700 0.000000 -0.966600
v -0.086600 0.000000 -0.950000
v -0.115400 0.000000 -0.933300
v -0.202000 0.000000 -0.883300
v -0.230900 0.000000 -0.866600
v -0.288600 0.000000 -0.833300
v -0.317500 0.000000 -0.816600
v -0.461800 0.000000 -0.733300
v -0.490700 0.000000 -0.716600
v -0.577300 0.000000 -0.666600
v -0.663900 0.000000 -0.616600
v -0.721600 0.000000 -0.583300
v -0.750500 0.000000 -0.566600
v -0.837100 0.000000 -0.516600
v -0.866000 0.000000 -0.500000
v -0.866000 0.000000 -0.466600
v -0.866000 0.000000 -0.366600
v -0.866000 0.000000 -0.333300
v -0.866000 0.000000 -0.266600
v -0.866000 0.000000 -0.233300
v -0.866000 0.000000 -0.166600
v -0.866000 0.000000 -0.133300
v -0.866000 0.000000 -0.066600
v -0.866000 0.000000 0.000000
v -0.866000 0.000000 0.033300
v -0.866000 0.000000 0.166600
v -0.866000 0.000000 0.200000
v -0.866000 0.000000 0.233300
v -0.866000 0.000000 0.266600
v -0.866000 0.000000 0.300000
v -0.866000 0.000000 0.400000
v -0.837100 0.000000 0.516600
v -0.779400 0.000000 0.550000
v -0.750500 0.000000 0.566600
v -0.721600 0.000000 0.583300
v -0.663900 0.000000 0.616600
v -0.577300 0.000000 0.666600
v -0.490700 0.000000 0.716600
v -0.288600 0.000000 0.833300
v -0.230900 0.000000 0.866600
v -0.028800 0.000000 0.983300
v -0.865975 0.000000 -0.066700
v 0.028800 0.000000 0.983300
v -0.865975 -0.100000 0.400000
v -0.865975 -0.100000 0.433300
v -0.865975 -0.100000 0.466600
v 0.028825 -0.100000 -0.983300
v 0.057725 -0.100000 -0.966600
v 0.144325 -0.100000 -0.916600
v 0.404125 -0.100000 -0.766600
v 0.461825 -0.100000 -0.733300
v 0.548400 0.000000 0.683300
v 0.606200 0.000000 0.650000
v 0.548425 -0.100000 -0.683300
v 0.692800 0.000000 0.600000
v 0.721600 0.000000 0.583300
v 0.635025 -0.100000 -0.633300
v 0.721625 -0.100000 -0.583300
v -0.692795 0.000000 0.600000
v -0.663870 0.000000 0.616700
v 0.808225 -0.100000 -0.533300
v -0.865975 -0.100000 0.500000
v -0.375223 -0.100000 0.783350
v 0.866000 0.000000 0.300000
v 0.866000 0.000000 0.166600
v 0.866000 0.000000 0.133300
v 0.866000 -0.100000 0.066700
v 0.866000 0.000000 -0.233300
v 0.866000 0.000000 -0.266600
v 0.866000 0.000000 -0.300000
v 0.461800 0.000000 -0.733300
v 0.433000 0.000000 -0.750000
v 0.346400 0.000000 -0.800000
v 0.317500 0.000000 -0.816600
v 0.259800 0.000000 -0.850000
v 0.115400 0.000000 -0.933300
v 0.086600 0.000000 -0.950000
v 0.028800 0.000000 -0.983300
v -0.144300 0.000000 -0.916600
v -0.259800 0.000000 -0.850000
v -0.635000 0.000000 -0.633300
v -0.779400 0.000000 -0.550000
v -0.866000 0.000000 -0.300000
v -0.866000 0.000000 -0.200000
v -0.808200 0.000000 0.533300
v -0.635000 0.000000 0.633300
v -0.548400 0.000000 0.683300
v -0.865975 -0.100000 0.333300
v -0.461800 0.000000 0.733300
v -0.433000 0.000000 0.750000
v -0.865975 -0.100000 0.300000
v -0.375200 0.000000 0.783300
v -0.317500 0.000000 0.816600
v -0.259800 0.000000 0.850000
v -0.202000 0.000000 0.883300
v -0.865975 -0.100000 0.233300
v -0.144300 0.000000 0.916600
v -0.115400 0.000000 0.933300
v -0.086600 0.000000 0.950000
v -0.057700 0.000000 0.966600
v -0.865975 0.000000 0.066600
v -0.865975 0.000000 0.100000
v 0.057700 -0.100000 0.966600
v -0.865975 -0.100000 0.133300
v 0.115400 -0.100000 0.933300
v -0.865975 -0.100000 0.033300
v 0.173200 -0.100000 0.900000
v 0.202000 -0.100000 0.883300
v 0.230900 -0.100000 0.866600
v -0.865975 -0.100000 -0.033300
v 0.288600 -0.100000 0.833300
v 0.317500 -0.100000 0.816600
v 0.346400 -0.100000 0.800000
v -0.865975 -0.100000 -0.100000
v 0.404100 -0.100000 0.766600
v 0.433000 -0.100000 0.750000
v 0.461800 -0.100000 0.733300
v 0.490700 -0.100000 0.716600
v 0.519600 -0.100000 0.700000
v 0.548400 -0.100000 0.683300
v 0.577300 -0.100000 0.666600
v -0.865975 -0.100000 -0.166600
v -0.865975 -0.100000 -0.200000
v 0.663900 -0.100000 0.616600
v 0.692800 -0.100000 0.600000
v -0.865975 -0.100000 -0.233300
v 0.750500 -0.100000 0.566600
v -0.865975 -0.100000 -0.266600
v -0.865975 -0.100000 -0.333300
v 0.837100 -0.100000 0.516600
v 0.866000 -0.100000 0.500000
v 0.866000 -0.100000 0.466600
v -0.404149 0.000000 0.766650
v 0.866000 -0.100000 0.366600
v 0.866000 -0.100000 0.333300
v 0.866000 -0.100000 0.266600
v 0.866000 -0.100000 0.233300
v 0.866000 -0.100000 0.200000
v 0.866000 -0.100000 0.166600
v 0.866000 -0.100000 0.100000
v 0.866000 -0.100000 0.033300
v 0.866000 -0.100000 -0.033300
v 0.866000 -0.100000 -0.133300
v 0.866000 0.000000 -0.066600
v 0.866000 -0.100000 -0.233300
v 0.866000 0.000000 -0.033300
v 0.866000 -0.100000 -0.300000
v 0.866000 -0.100000 -0.333300
v 0.866000 -0.100000 -0.366600
v 0.866000 0.000000 -0.000000
v 0.866000 0.000000 -0.200000
v 0.837100 -0.100000 -0.516600
v 0.750500 -0.100000 -0.566600
v 0.663900 -0.100000 -0.616600
v 0.577300 -0.100000 -0.666600
v 0.490700 -0.100000 -0.716600
v 0.433000 -0.100000 -0.750000
v 0.375200 -0.100000 -0.783300
v 0.317500 -0.100000 -0.816600
v 0.288600 -0.100000 -0.833300
v 0.259800 -0.100000 -0.850000
v 0.202000 -0.100000 -0.883300
v 0.115400 -0.100000 -0.933300
v 0.086600 -0.100000 -0.950000
v 0.000000 -0.100000 -1.000000
v -0.028800 -0.100000 -0.983300
v -0.086600 -0.100000 -0.950000
v -0.173200 -0.100000 -0.900000
v -0.202000 -0.100000 -0.883300
v -0.317500 -0.100000 -0.816600
v -0.346400 -0.100000 -0.800000
v -0.461800 -0.100000 -0.733300
v -0.490700 -0.100000 -0.716600
v -0.577300 -0.100000 -0.666600
v -0.606200 -0.100000 -0.650000
v -0.663900 -0.100000 -0.616600
v -0.721600 -0.100000 -0.583300
v -0.750500 -0.100000 -0.566600
v -0.837100 -0.100000 -0.516600
v -0.866000 -0.100000 -0.400000
v -0.866000 -0.100000 -0.366600
v -0.866000 -0.100000 -0.300000
v -0.866000 -0.100000 -0.133300
v -0.866000 -0.100000 -0.066600
v -0.866000 -0.100000 0.200000
v -0.866000 -0.100000 0.266600
v -0.866000 -0.100000 0.366600
v 0.404174 0.000000 -0.766650
v -0.837100 -0.100000 0.516600
v -0.808200 -0.100000 0.533300
v -0.865975 -0.100000 -0.466600
v -0.750500 -0.100000 0.566600
v -0.721600 -0.100000 0.583300
v -0.865975 -0.100000 -0.500000
v -0.663900 -0.100000 0.616600
v -0.635000 -0.100000 0.633300
v -0.692775 -0.100000 -0.600000
v -0.577300 -0.100000 0.666600
v -0.548400 -0.100000 0.683300
v -0.548375 -0.100000 -0.683300
v -0.490700 -0.100000 0.716600
v -0.461800 -0.100000 0.733300
v -0.519575 -0.100000 -0.700000
v -0.404100 -0.100000 0.766600
v -0.432975 -0.100000 -0.750000
v -0.317500 -0.100000 0.816600
v -0.288600 -0.100000 0.833300
v -0.404075 -0.100000 -0.766600
v -0.202000 -0.100000 0.883300
v -0.230875 -0.100000 -0.866600
v -0.144300 -0.100000 0.916600
v -0.115400 -0.100000 0.933300
v -0.057700 -0.100000 0.966600
v -0.028800 -0.100000 0.983300
v 0.866000 -0.100000 -0.466600
v 0.866000 -0.100000 -0.433300
v 0.866000 -0.100000 -0.400000
v 0.866000 0.000000 0.066700
v 0.866000 0.000000 0.100000
v 0.866000 -0.100000 -0.100000
v 0.866000 -0.100000 -0.166600
v 0.866000 -0.100000 -0.266600
v 0.866000 0.000000 0.266700
v 0.866000 -0.100000 -0.200000
v 0.866000 -0.100000 -0.066600
v 0.866000 -0.100000 -0.000000
v 0.866000 0.000000 0.233400
v 0.866000 -0.100000 0.300000
v 0.866000 -0.100000 0.133400
v -0.288707 0.000000 0.833300
v 0.866000 -0.100000 0.399900
v -0.173180 0.000000 0.900000
v 0.000025 0.000000 1.000000
v 0.866000 0.000000 0.400000
v 0.866000 0.000000 0.333300
v 0.866000 0.000000 0.366700
v 0.866000 -0.100000 0.433300
v -0.057675 -0.100000 -0.966600
v -0.750472 0.000000 0.566700
v -0.837075 0.000000 0.516700
v -0.866000 0.000000 0.500000
v 0.000025 -0.100000 1.000000
v -0.115502 -0.100000 0.933300
v -0.202105 -0.100000 0.883300
v -0.230944 -0.100000 0.866650
v -0.259782 -0.100000 0.850000
v -0.288707 -0.100000 0.833300
v -0.346385 -0.100000 0.800000
v -0.519590 0.000000 0.700000
v -0.490665 0.000000 0.716700
v -0.692795 -0.100000 0.600000
v -0.750472 -0.100000 0.566700
v -0.606192 0.000000 0.650000
v -0.837075 -0.100000 0.516700
v -0.779397 -0.100000 0.550000
v -0.577267 0.000000 0.666700
v -0.346385 0.000000 0.800000
v -0.519590 -0.100000 0.700000
v -0.577267 -0.100000 0.666700
v -0.663870 -0.100000 0.616700
v -0.606192 -0.100000 0.650000
v -0.490665 -0.100000 0.716700
v -0.432987 -0.100000 0.750000
v -0.230857 0.000000 0.866700
v -0.173180 -0.100000 0.900000
v -0.317460 -0.100000 0.816700
v -0.086664 -0.100000 0.949950
v -0.865975 0.000000 0.466600
v -0.865975 0.000000 0.433300
v -0.865975 0.000000 0.366600
v -0.865975 0.000000 0.333300
v 0.663870 0.000000 0.616700
v 0.635031 0.000000 0.633350
v 0.375223 -0.100000 0.783350
v 0.317546 0.000000 0.816650
v 0.288707 0.000000 0.833300
v -0.865975 0.000000 0.133300
v 0.750472 0.000000 0.566700
v -0.865975 -0.100000 -0.066700
v 0.808236 0.000000 0.533350
v 0.837075 0.000000 0.516700
v 0.866000 0.000000 0.500000
v -0.865975 0.000000 -0.033300
v 0.028900 -0.100000 0.983300
v 0.115502 -0.100000 0.933300
v 0.144341 -0.100000 0.916650
v 0.202105 -0.100000 0.883300
v 0.259782 -0.100000 0.850000
v 0.288707 -0.100000 0.833300
v 0.663895 0.000000 -0.616700
v 0.490665 0.000000 0.716700
v 0.635031 -0.100000 0.633350
v 0.461826 0.000000 0.733350
v 0.721634 -0.100000 0.583350
v 0.750472 -0.100000 0.566700
v 0.432987 0.000000 0.750000
v 0.837075 -0.100000 0.516700
v 0.808236 -0.100000 0.533350
v 0.779397 -0.100000 0.550000
v 0.577267 0.000000 0.666700
v -0.692775 0.000000 -0.600000
v -0.606175 0.000000 -0.650000
v 0.577267 -0.100000 0.666700
v 0.663870 -0.100000 0.616700
v 0.606192 -0.100000 0.650000
v 0.259782 0.000000 0.850000
v 0.490665 -0.100000 0.716700
v -0.548375 0.000000 -0.683300
v 0.230857 0.000000 0.866700
v -0.404075 0.000000 -0.766600
v 0.317460 -0.100000 0.816700
v -0.375175 0.000000 -0.783300
v 0.086664 -0.100000 0.949950
v 0.086577 0.000000 0.950000
v -0.028775 0.000000 -0.983300
v -0.865975 0.000000 -0.100000
v -0.865975 -0.100000 0.100000
v -0.865975 -0.100000 0.166600
v -0.865975 0.000000 -0.266700
v -0.865975 -0.100000 0.066600
v -0.865975 -0.100000 0.000000
v -0.865975 0.000000 -0.233400
v -0.865975 -0.100000 -0.133400
v -0.865975 0.000000 -0.433300
v 0.288733 0.000000 -0.833300
v -0.865975 -0.100000 -0.399900
v -0.865975 0.000000 -0.400000
v -0.865975 0.000000 -0.366700
v -0.865975 -0.100000 -0.433300
v 0.750498 0.000000 -0.566700
v 0.837100 0.000000 -0.516700
v 0.866025 0.000000 -0.500000
v 0.115528 -0.100000 -0.933300
v 0.202130 -0.100000 -0.883300
v 0.230969 -0.100000 -0.866650
v 0.288733 -0.100000 -0.833300
v 0.346410 -0.100000 -0.800000
v 0.519615 0.000000 -0.700000
v 0.490690 0.000000 -0.716700
v 0.692820 -0.100000 -0.600000
v 0.750498 -0.100000 -0.566700
v 0.606218 0.000000 -0.650000
v 0.866025 -0.100000 -0.500000
v 0.837100 -0.100000 -0.516700
v 0.779423 -0.100000 -0.550000
v 0.577293 0.000000 -0.666700
v 0.519615 -0.100000 -0.700000
v 0.577293 -0.100000 -0.666700
v 0.663895 -0.100000 -0.616700
v 0.606218 -0.100000 -0.650000
v 0.490690 -0.100000 -0.716700
v 0.230882 0.000000 -0.866700
v 0.173205 -0.100000 -0.900000
v 0.317485 -0.100000 -0.816700
v 0.086689 -0.100000 -0.949950
v -0.663844 0.000000 -0.616700
v -0.375198 -0.100000 -0.783350
v -0.173154 0.000000 -0.900000
v -0.750447 0.000000 -0.566700
v -0.808211 0.000000 -0.533350
v -0.837049 0.000000 -0.516700
v -0.115477 -0.100000 -0.933300
v -0.144316 -0.100000 -0.916650
v -0.259757 -0.100000 -0.850000
v -0.288682 -0.100000 -0.833300
v -0.519564 0.000000 -0.700000
v -0.490639 0.000000 -0.716700
v -0.635006 -0.100000 -0.633350
v -0.750447 -0.100000 -0.566700
v -0.432962 0.000000 -0.750000
v -0.837049 -0.100000 -0.516700
v -0.808211 -0.100000 -0.533350
v -0.779372 -0.100000 -0.550000
v -0.577242 0.000000 -0.666700
v -0.346359 0.000000 -0.800000
v -0.577242 -0.100000 -0.666700
v -0.663844 -0.100000 -0.616700
v -0.490639 -0.100000 -0.716700
v -0.230832 0.000000 -0.866700
v -0.317434 -0.100000 -0.816700
vn -0.0000 1.0000 -0.0000
vn -0.8658 0.5004 -0.0000
vn -0.8665 0.4991 -0.0000
vn -0.4325 0.4998 -0.7504
vn -0.4334 0.4995 -0.7501
vn -0.4331 0.5007 -0.7495
vn 0.8658 0.5004 -0.0000
vn 0.4313 0.5001 0.7509
vn 0.4334 0.4995 0.7501
vn 0.4325 0.4998 0.7504
vn 0.4343 0.5003 0.7490
vn -0.4331 0.5007 0.7495
vn -0.4343 0.5003 -0.7490
vn 0.8665 0.4991 -0.0000
vn -0.4313 0.5001 0.7509
vn 0.4331 0.5007 0.7495
vn -0.4343 0.5003 0.7490
vn -0.4325 0.4998 0.7504
vn -0.4334 0.4995 0.7501
vn -0.4313 0.5001 -0.7509
vn -0.4346 0.4992 -0.7496
vn 0.4325 0.4998 -0.7504
vn 0.4334 0.4995 -0.7501
vn 0.4313 0.5001 -0.7509
vn 0.4331 0.5007 -0.7495
vn -0.4346 0.4992 0.7496
vn 0.4343 0.5003 -0.7490
vn 0.4346 0.4992 -0.7496
vn 0.4346 0.4992 0.7496
vn -0.8218 0.3159 -0.4743
vn -0.8226 0.3159 -0.4729
vn 0.4347 0.4992 0.7496
vn 0.4347 0.4992 -0.7496
vn -0.4998 -0.0001 -0.8661
vn -0.5002 -0.0001 -0.8659
vn -0.5000 -0.0000 -0.8660
vn -0.5018 0.0001 -0.8650
vn -0.4999 -0.0000 -0.8661
vn -0.4994 0.0002 -0.8664
vn -0.5009 0.0003 -0.8655
vn -0.4997 0.0001 -0.8662
vn -0.4989 -0.0004 -0.8667
vn -0.5008 0.0001 -0.8656
vn -0.5002 0.0005 -0.8659
vn -0.4990 0.0004 -0.8666
vn -0.5012 -0.0000 -0.8653
vn -0.4989 -0.0000 -0.8667
vn 0.4982 0.0001 -0.8670
vn 0.5008 0.0003 -0.8656
vn 0.5010 0.0004 -0.8655
vn 0.5003 0.0001 -0.8658
vn -0.4991 0.0003 0.8665
vn -0.5000 -0.0000 0.8660
vn 0.4992 0.0003 -0.8665
vn 0.5017 -0.0000 -0.8650
vn 0.4991 -0.0003 -0.8665
vn 0.4993 -0.0003 -0.8664
vn 0.5017 0.0001 -0.8651
vn 0.4983 0.0001 -0.8670
vn 0.5016 0.0001 -0.8651
vn 0.5001 0.0001 -0.8659
vn 0.5000 -0.0000 -0.8660
vn 0.5015 0.0001 -0.8652
vn 0.5017 0.0001 -0.8650
vn 0.5001 -0.0000 -0.8660
vn 0.4999 -0.0000 -0.8661
vn 0.5010 0.0004 -0.8654
vn -1.0000 -0.0000 -0.0000
vn -1.0000 0.0001 -0.0004
vn -1.0000 -0.0001 0.0004
vn -1.0000 -0.0000 0.0008
vn -1.0000 -0.0001 -0.0004
vn -0.4985 -0.0000 0.8669
vn -0.5015 -0.0000 0.8651
vn -0.4983 -0.0000 0.8670
vn 1.0000 -0.0000 -0.0000
vn -1.0000 -0.0003 -0.0000
vn 0.4982 0.0001 -0.8671
vn 0.4984 0.0001 -0.8670
vn 0.4990 0.0004 -0.8666
vn -0.0000 -1.0000 -0.0000
vn 1.0000 -0.0000 0.0008
vn -0.5009 0.0003 0.8655
vn -0.5001 -0.0000 0.8660
vn -0.4999 -0.0000 0.8661
vn -0.5013 -0.0000 0.8653
vn -0.5002 -0.0001 0.8659
vn -0.4984 -0.0000 0.8669
vn -0.5016 -0.0000 0.8651
vn -0.5015 -0.0000 0.8652
vn -0.4990 -0.0004 0.8666
vn -0.5007 0.0003 0.8656
vn -0.4993 0.0003 0.8664
vn -0.5003 -0.0000 0.8658
vn -0.5010 0.0003 0.8655
vn -0.5008 0.0002 0.8656
vn -0.4982 -0.0001 0.8670
vn 0.4998 -0.0000 0.8661
vn 0.4999 -0.0000 0.8661
vn 0.4993 -0.0003 0.8664
vn 0.5008 -0.0002 0.8656
vn 0.4989 0.0003 0.8667
vn 0.5000 -0.0000 0.8660
vn 0.4992 -0.0003 0.8665
vn 0.5000 -0.0000 0.8661
vn 0.5013 0.0002 0.8653
vn 0.4992 0.0003 0.8665
vn 0.5008 0.0003 0.8655
vn 0.4985 -0.0000 0.8669
vn 0.5016 -0.0000 0.8651
vn 0.4982 -0.0000 0.8671
vn 0.5010 0.0003 0.8654
vn 0.5009 0.0003 0.8655
vn 0.5002 -0.0001 0.8659
vn 0.5010 0.0003 0.8655
vn 0.5002 0.0006 0.8659
vn 0.5007 0.0003 0.8656
vn 0.4984 -0.0000 0.8670
vn -0.4988 -0.0000 -0.8667
vn -0.5013 -0.0000 -0.8653
vn -0.4985 -0.0000 -0.8669
vn -0.5016 -0.0000 -0.8651
vn -0.4982 -0.0000 -0.8671
vn -0.5010 0.0003 -0.8654
vn -0.5010 0.0004 -0.8655
vn -0.4998 -0.0003 -0.8661
vn -0.5013 0.0001 -0.8653
vn -0.5003 -0.0000 -0.8658
vn -0.5002 0.0004 -0.8659
vn -0.5011 0.0002 -0.8654
vn -0.4979 -0.0001 -0.8672
s 0
f 2//1 3//1 1//1
f 3//1 4//1 1//1
f 4//1 5//1 1//1
f 5//1 6//1 1//1
f 6//1 7//1 1//1
f 7//1 2//1 1//1
f 8//1 9//1 2//1
f 9//1 3//1 2//1
f 9//1 10//1 3//1
f 10//1 11//1 3//1
f 11//1 4//1 3//1
f 11//1 12//1 4//1
f 12//1 13//1 4//1
f 13//1 5//1 4//1
f 13//1 14//1 5//1
f 14//1 15//1 5//1
f 15//1 6//1 5//1
f 15//1 16//1 6//1
f 16//1 17//1 6//1
f 17//1 7//1 6//1
f 17//1 18//1 7//1
f 18//1 19//1 7//1
f 19//1 2//1 7//1
f 19//1 8//1 2//1
f 20//1 21//1 8//1
f 21//1 9//1 8//1
f 21//1 22//1 9//1
f 22//1 10//1 9//1
f 22//1 23//1 10//1
f 23//1 24//1 10//1
f 24//1 11//1 10//1
f 24//1 25//1 11//1
f 25//1 12//1 11//1
f 25//1 26//1 12//1
f 26//1 27//1 12//1
f 27//1 13//1 12//1
f 27//1 28//1 13//1
f 28//1 14//1 13//1
f 28//1 29//1 14//1
f 29//1 30//1 14//1
f 30//1 15//1 14//1
f 30//1 31//1 15//1
f 31//1 16//1 15//1
f 31//1 32//1 16//1
f 32//1 33//1 16//1
f 33//1 17//1 16//1
f 33//1 34//1 17//1
f 34//1 18//1 17//1
f 34//1 35//1 18//1
f 35//1 36//1 18//1
f 36//1 19//1 18//1
f 36//1 37//1 19//1
f 37//1 8//1 19//1
f 37//1 20//1 8//1
f 38//1 39//1 20//1
f 39//1 21//1 20//1
f 39//1 40//1 21//1
f 40//1 22//1 21//1
f 40//1 41//1 22//1
f 41//1 23//1 22//1
f 41//1 42//1 23//1
f 42//1 43//1 23//1
f 43//1 24//1 23//1
f 43//1 44//1 24//1
f 44//1 25//1 24//1
f 44//1 45//1 25//1
f 45//1 26//1 25//1
f 45//1 46//1 26//1
f 46//1 47//1 26//1
f 47//1 27//1 26//1
f 47//1 48//1 27//1
f 48//1 28//1 27//1
f 48//1 49//1 28//1
f 49//1 29//1 28//1
f 49//1 50//1 29//1
f 50//1 51//1 29//1
f 51//1 30//1 29//1
f 51//1 52//1 30//1
f 52//1 31//1 30//1
f 52//1 53//1 31//1
f 53//1 32//1 31//1
f 53//1 54//1 32//1
f 54//1 55//1 32//1
f 55//1 33//1 32//1
f 55//1 56//1 33//1
f 56//1 34//1 33//1
f 56//1 57//1 34//1
f 57//1 35//1 34//1
f 57//1 58//1 35//1
f 58//1 59//1 35//1
f 59//1 36//1 35//1
f 59//1 60//1 36//1
f 60//1 37//1 36//1
f 60//1 61//1 37//1
f 61//1 20//1 37//1
f 61//1 38//1 20//1
f 62//1 63//1 38//1
f 63//1 39//1 38//1
f 63//1 64//1 39//1
f 64//1 40//1 39//1
f 64//1 65//1 40//1
f 65//1 41//1 40//1
f 65//1 66//1 41//1
f 66//1 42//1 41//1
f 66//2 67//2 42//2
f 67//2 68//2 42//2
f 68//2 43//2 42//2
f 68//2 69//2 43//2
f 69//2 44//2 43//2
f 69//2 70//2 44//2
f 70//2 45//2 44//2
f 70//2 71//2 45//2
f 71//2 46//2 45//2
f 71//2 72//2 46//2
f 72//2 73//2 46//2
f 73//1 47//1 46//1
f 73//1 74//1 47//1
f 74//1 48//1 47//1
f 74//1 75//1 48//1
f 75//1 49//1 48//1
f 75//1 76//1 49//1
f 76//1 50//1 49//1
f 76//1 77//1 50//1
f 77//1 78//1 50//1
f 78//1 51//1 50//1
f 78//1 79//1 51//1
f 79//1 52//1 51//1
f 79//1 80//1 52//1
f 80//1 53//1 52//1
f 80//1 81//1 53//1
f 81//1 54//1 53//1
f 81//1 82//1 54//1
f 82//1 83//1 54//1
f 83//1 55//1 54//1
f 83//1 84//1 55//1
f 84//1 56//1 55//1
f 84//1 85//1 56//1
f 85//1 57//1 56//1
f 85//1 86//1 57//1
f 86//1 58//1 57//1
f 86//1 87//1 58//1
f 87//1 88//1 58//1
f 88//1 59//1 58//1
f 88//1 89//1 59//1
f 89//1 60//1 59//1
f 89//1 90//1 60//1
f 90//1 61//1 60//1
f 90//1 91//1 61//1
f 91//1 38//1 61//1
f 91//1 62//1 38//1
f 92//1 93//1 62//1
f 93//1 63//1 62//1
f 93//1 94//1 63//1
f 94//1 64//1 63//1
f 94//1 95//1 64//1
f 95//1 65//1 64//1
f 95//3 96//3 65//3
f 96//4 66//4 65//4
f 96//5 97//5 66//5
f 97//2 67//2 66//2
f 97//1 98//1 67//1
f 98//1 99//1 67//1
f 99//1 68//1 67//1
f 99//1 100//1 68//1
f 100//1 69//1 68//1
f 100//1 101//1 69//1
f 101//1 70//1 69//1
f 101//1 102//1 70//1
f 102//1 71//1 70//1
f 102//1 103//1 71//1
f 103//1 72//1 71//1
f 103//1 104//1 72//1
f 104//1 105//1 72//1
f 105//2 73//2 72//2
f 105//2 106//2 73//2
f 106//1 74//1 73//1
f 106//1 107//1 74//1
f 107//1 75//1 74//1
f 107//1 108//1 75//1
f 108//1 76//1 75//1
f 108//1 109//1 76//1
f 109//1 77//1 76//1
f 109//1 110//1 77//1
f 110//1 111//1 77//1
f 111//1 78//1 77//1
f 111//1 112//1 78//1
f 112//1 79//1 78//1
f 112//1 113//1 79//1
f 113//1 80//1 79//1
f 113//1 114//1 80//1
f 114//1 81//1 80//1
f 114//1 115//1 81//1
f 115//1 82//1 81//1
f 115//1 116//1 82//1
f 116//1 117//1 82//1
f 117//1 83//1 82//1
f 117//1 118//1 83//1
f 118//1 84//1 83//1
f 118//1 119//1 84//1
f 119//1 85//1 84//1
f 119//1 120//1 85//1
f 120//1 86//1 85//1
f 120//1 121//1 86//1
f 121//1 87//1 86//1
f 121//1 122//1 87//1
f 122//1 123//1 87//1
f 123//1 88//1 87//1
f 123//1 124//1 88//1
f 124//1 89//1 88//1
f 124//1 125//1 89//1
f 125//1 90//1 89//1
f 125//1 126//1 90//1
f 126//1 91//1 90//1
f 126//1 127//1 91//1
f 127//1 62//1 91//1
f 127//1 92//1 62//1
f 128//1 129//1 92//1
f 129//1 93//1 92//1
f 129//1 130//1 93//1
f 130//1 94//1 93//1
f 130//1 131//1 94//1
f 131//1 95//1 94//1
f 131//3 132//3 95//3
f 132//3 96//3 95//3
f 132//1 133//1 96//1
f 133//1 97//1 96//1
f 133//1 134//1 97//1
f 134//1 98//1 97//1
f 134//1 135//1 98//1
f 135//1 136//1 98//1
f 136//1 99//1 98//1
f 136//1 137//1 99//1
f 137//1 100//1 99//1
f 137//1 138//1 100//1
f 138//1 101//1 100//1
f 138//1 139//1 101//1
f 139//1 102//1 101//1
f 139//1 140//1 102//1
f 140//1 103//1 102//1
f 140//1 141//1 103//1
f 141//1 104//1 103//1
f 141//1 142//1 104//1
f 142//1 143//1 104//1
f 143//1 105//1 104//1
f 143//6 144//6 105//6
f 144//6 106//6 105//6
f 144//1 145//1 106//1
f 145//1 107//1 106//1
f 145//1 146//1 107//1
f 146//1 108//1 107//1
f 146//1 147//1 108//1
f 147//1 109//1 108//1
f 147//1 148//1 109//1
f 148//1 110//1 109//1
f 148//1 149//1 110//1
f 149//1 150//1 110//1
f 150//1 111//1 110//1
f 150//1 151//1 111//1
f 151//1 112//1 111//1
f 151//1 152//1 112//1
f 152//1 113//1 112//1
f 152//1 153//1 113//1
f 153//1 114//1 113//1
f 153//1 154//1 114//1
f 154//1 115//1 114//1
f 154//1 155//1 115//1
f 155//1 116//1 115//1
f 155//1 156//1 116//1
f 156//1 157//1 116//1
f 157//1 117//1 116//1
f 157//1 158//1 117//1
f 158//1 118//1 117//1
f 158//1 159//1 118//1
f 159//1 119//1 118//1
f 159//1 160//1 119//1
f 160//1 120//1 119//1
f 160//1 161//1 120//1
f 161//1 121//1 120//1
f 161//1 162//1 121//1
f 162//1 122//1 121//1
f 162//1 163//1 122//1
f 163//1 164//1 122//1
f 164//1 123//1 122//1
f 164//1 165//1 123//1
f 165//1 124//1 123//1
f 165//1 166//1 124//1
f 166//1 125//1 124//1
f 166//1 167//1 125//1
f 167//1 126//1 125//1
f 167//1 168//1 126//1
f 168//1 127//1 126//1
f 168//1 169//1 127//1
f 169//1 92//1 127//1
f 169//1 128//1 92//1
f 170//1 171//1 128//1
f 171//1 129//1 128//1
f 171//1 172//1 129//1
f 172//1 130//1 129//1
f 172//1 173//1 130//1
f 173//1 131//1 130//1
f 173//3 174//3 131//3
f 174//3 132//3 131//3
f 174//1 175//1 132//1
f 175//1 133//1 132//1
f 175//1 176//1 133//1
f 176//1 134//1 133//1
f 176//1 177//1 134//1
f 177//1 135//1 134//1
f 177//1 178//1 135//1
f 178//1 179//1 135//1
f 179//1 136//1 135//1
f 179//1 180//1 136//1
f 180//1 137//1 136//1
f 180//1 181//1 137//1
f 181//1 138//1 137//1
f 181//1 182//1 138//1
f 182//1 139//1 138//1
f 182//1 183//1 139//1
f 183//1 140//1 139//1
f 183//1 184//1 140//1
f 184//1 141//1 140//1
f 184//1 185//1 141//1
f 185//1 142//1 141//1
f 185//1 186//1 142//1
f 186//1 187//1 142//1
f 187//1 143//1 142//1
f 187//1 188//1 143//1
f 188//2 144//2 143//2
f 188//2 189//2 144//2
f 189//1 145//1 144//1
f 189//1 190//1 145//1
f 190//1 146//1 145//1
f 190//1 191//1 146//1
f 191//1 147//1 146//1
f 191//1 192//1 147//1
f 192//1 148//1 147//1
f 192//1 193//1 148//1
f 193//1 149//1 148//1
f 193//1 194//1 149//1
f 194//1 195//1 149//1
f 195//1 150//1 149//1
f 195//7 196//7 150//7
f 196//8 151//8 150//8
f 196//9 197//9 151//9
f 197//9 152//9 151//9
f 197//10 198//10 152//10
f 198//11 153//11 152//11
f 198//12 199//12 153//12
f 199//1 154//1 153//1
f 199//1 200//1 154//1
f 200//1 155//1 154//1
f 200//1 201//1 155//1
f 201//1 156//1 155//1
f 201//1 202//1 156//1
f 202//1 203//1 156//1
f 203//1 157//1 156//1
f 203//1 204//1 157//1
f 204//1 158//1 157//1
f 204//1 205//1 158//1
f 205//1 159//1 158//1
f 205//1 206//1 159//1
f 206//1 160//1 159//1
f 206//1 207//1 160//1
f 207//1 161//1 160//1
f 207//1 208//1 161//1
f 208//1 162//1 161//1
f 208//1 209//1 162//1
f 209//1 163//1 162//1
f 209//1 210//1 163//1
f 210//1 211//1 163//1
f 211//1 164//1 163//1
f 211//1 212//1 164//1
f 212//1 165//1 164//1
f 212//1 213//1 165//1
f 213//1 166//1 165//1
f 213//1 214//1 166//1
f 214//1 167//1 166//1
f 214//1 215//1 167//1
f 215//1 168//1 167//1
f 215//1 216//1 168//1
f 216//1 169//1 168//1
f 216//1 217//1 169//1
f 217//1 128//1 169//1
f 217//1 170//1 128//1
f 218//1 219//1 170//1
f 219//1 171//1 170//1
f 219//1 220//1 171//1
f 220//1 172//1 171//1
f 220//1 221//1 172//1
f 221//1 173//1 172//1
f 221//3 222//3 173//3
f 222//3 174//3 173//3
f 222//1 223//1 174//1
f 223//1 175//1 174//1
f 223//1 224//1 175//1
f 224//1 176//1 175//1
f 224//1 225//1 176//1
f 225//1 177//1 176//1
f 225//1 226//1 177//1
f 226//1 178//1 177//1
f 226//1 227//1 178//1
f 227//1 228//1 178//1
f 228//1 179//1 178//1
f 228//1 229//1 179//1
f 229//1 180//1 179//1
f 229//1 230//1 180//1
f 230//1 181//1 180//1
f 230//1 231//1 181//1
f 231//1 182//1 181//1
f 231//1 232//1 182//1
f 232//1 183//1 182//1
f 232//1 233//1 183//1
f 233//1 184//1 183//1
f 233//1 234//1 184//1
f 234//1 185//1 184//1
f 234//1 235//1 185//1
f 235//1 186//1 185//1
f 235//1 236//1 186//1
f 236//1 237//1 186//1
f 237//1 187//1 186//1
f 237//1 238//1 187//1
f 238//1 188//1 187//1
f 238//13 239//13 188//13
f 239//6 189//6 188//6
f 239//1 240//1 189//1
f 240//1 190//1 189//1
f 240//1 241//1 190//1
f 241//1 191//1 190//1
f 241//1 242//1 191//1
f 242//1 192//1 191//1
f 242//1 243//1 192//1
f 243//1 193//1 192//1
f 243//1 244//1 193//1
f 244//1 194//1 193//1
f 244//1 245//1 194//1
f 245//14 246//14 194//14
f 246//10 195//10 194//10
f 246//9 247//9 195//9
f 247//7 196//7 195//7
f 247//1 248//1 196//1
f 248//1 197//1 196//1
f 248//1 249//1 197//1
f 249//1 198//1 197//1
f 249//1 250//1 198//1
f 250//15 199//15 198//15
f 250//8 251//8 199//8
f 251//16 200//16 199//16
f 251//17 252//17 200//17
f 252//1 201//1 200//1
f 252//1 253//1 201//1
f 253//1 202//1 201//1
f 253//1 254//1 202//1
f 254//1 255//1 202//1
f 255//1 203//1 202//1
f 255//1 256//1 203//1
f 256//1 204//1 203//1
f 256//1 257//1 204//1
f 257//1 205//1 204//1
f 257//1 258//1 205//1
f 258//1 206//1 205//1
f 258//1 259//1 206//1
f 259//1 207//1 206//1
f 259//1 260//1 207//1
f 260//1 208//1 207//1
f 260//1 261//1 208//1
f 261//1 209//1 208//1
f 261//1 262//1 209//1
f 262//1 210//1 209//1
f 262//1 263//1 210//1
f 263//1 264//1 210//1
f 264//1 211//1 210//1
f 264//1 265//1 211//1
f 265//1 212//1 211//1
f 265//1 266//1 212//1
f 266//1 213//1 212//1
f 266//1 267//1 213//1
f 267//1 214//1 213//1
f 267//1 268//1 214//1
f 268//1 215//1 214//1
f 268//1 269//1 215//1
f 269//1 216//1 215//1
f 269//1 270//1 216//1
f 270//1 217//1 216//1
f 270//1 271//1 217//1
f 271//1 170//1 217//1
f 271//1 218//1 170//1
f 272//1 273//1 218//1
f 273//1 219//1 218//1
f 273//1 274//1 219//1
f 274//1 220//1 219//1
f 274//1 275//1 220//1
f 275//1 221//1 220//1
f 275//1 276//1 221//1
f 276//18 222//18 221//18
f 276//19 277//19 222//19
f 277//1 223//1 222//1
f 277//1 278//1 223//1
f 278//1 224//1 223//1
f 278//1 279//1 224//1
f 279//1 225//1 224//1
f 279//1 280//1 225//1
f 280//1 226//1 225//1
f 280//1 281//1 226//1
f 281//1 227//1 226//1
f 281//1 282//1 227//1
f 282//1 283//1 227//1
f 283//1 228//1 227//1
f 283//1 284//1 228//1
f 284//1 229//1 228//1
f 284//1 285//1 229//1
f 285//1 230//1 229//1
f 285//1 286//1 230//1
f 286//1 231//1 230//1
f 286//1 287//1 231//1
f 287//1 232//1 231//1
f 287//1 288//1 232//1
f 288//1 233//1 232//1
f 288//1 289//1 233//1
f 289//1 234//1 233//1
f 289//1 290//1 234//1
f 290//1 235//1 234//1
f 290//1 291//1 235//1
f 291//1 236//1 235//1
f 291//1 292//1 236//1
f 292//1 293//1 236//1
f 293//1 237//1 236//1
f 293//1 294//1 237//1
f 294//1 238//1 237//1
f 294//5 295//5 238//5
f 295//4 239//4 238//4
f 295//1 296//1 239//1
f 296//1 240//1 239//1
f 296//1 297//1 240//1
f 297//1 241//1 240//1
f 297//1 298//1 241//1
f 298//1 242//1 241//1
f 298//1 299//1 242//1
f 299//1 243//1 242//1
f 299//1 300//1 243//1
f 300//1 244//1 243//1
f 300//1 301//1 244//1
f 301//1 245//1 244//1
f 301//1 302//1 245//1
f 302//14 303//14 245//14
f 303//14 246//14 245//14
f 303//1 304//1 246//1
f 304//1 247//1 246//1
f 304//1 305//1 247//1
f 305//1 248//1 247//1
f 305//1 306//1 248//1
f 306//1 249//1 248//1
f 306//1 307//1 249//1
f 307//1 250//1 249//1
f 307//1 308//1 250//1
f 308//1 251//1 250//1
f 308//1 309//1 251//1
f 309//18 252//18 251//18
f 309//8 310//8 252//8
f 310//16 253//16 252//16
f 310//12 311//12 253//12
f 311//1 254//1 253//1
f 311//1 312//1 254//1
f 312//1 313//1 254//1
f 313//1 255//1 254//1
f 313//1 314//1 255//1
f 314//1 256//1 255//1
f 314//1 315//1 256//1
f 315//1 257//1 256//1
f 315//1 316//1 257//1
f 316//1 258//1 257//1
f 316//1 317//1 258//1
f 317//1 259//1 258//1
f 317//1 318//1 259//1
f 318//1 260//1 259//1
f 318//1 319//1 260//1
f 319//1 261//1 260//1
f 319//1 320//1 261//1
f 320//1 262//1 261//1
f 320//1 321//1 262//1
f 321//1 263//1 262//1
f 321//1 322//1 263//1
f 322//1 323//1 263//1
f 323//1 264//1 263//1
f 323//1 324//1 264//1
f 324//1 265//1 264//1
f 324//1 325//1 265//1
f 325//1 266//1 265//1
f 325//1 326//1 266//1
f 326//1 267//1 266//1
f 326//1 327//1 267//1
f 327//1 268//1 267//1
f 327//1 328//1 268//1
f 328//1 269//1 268//1
f 328//1 329//1 269//1
f 329//1 270//1 269//1
f 329//1 330//1 270//1
f 330//1 271//1 270//1
f 330//1 331//1 271//1
f 331//1 218//1 271//1
f 331//1 272//1 218//1
f 332//1 333//1 272//1
f 333//1 273//1 272//1
f 333//1 334//1 273//1
f 334//1 274//1 273//1
f 334//1 335//1 274//1
f 335//1 275//1 274//1
f 335//1 336//1 275//1
f 336//1 276//1 275//1
f 336//2 337//2 276//2
f 337//2 277//2 276//2
f 337//1 338//1 277//1
f 338//1 278//1 277//1
f 338//1 339//1 278//1
f 339//1 279//1 278//1
f 339//1 340//1 279//1
f 340//1 280//1 279//1
f 340//1 341//1 280//1
f 341//1 281//1 280//1
f 341//1 342//1 281//1
f 342//1 282//1 281//1
f 342//1 343//1 282//1
f 343//1 344//1 282//1
f 344//1 283//1 282//1
f 344//1 345//1 283//1
f 345//1 284//1 283//1
f 345//1 346//1 284//1
f 346//1 285//1 284//1
f 346//19 347//19 285//19
f 347//2 286//2 285//2
f 347//6 348//6 286//6
f 348//1 287//1 286//1
f 348//1 349//1 287//1
f 349//1 288//1 287//1
f 349//1 350//1 288//1
f 350//1 289//1 288//1
f 350//1 351//1 289//1
f 351//1 290//1 289//1
f 351//1 352//1 290//1
f 352//1 291//1 290//1
f 352//1 353//1 291//1
f 353//1 292//1 291//1
f 353//1 354//1 292//1
f 354//1 355//1 292//1
f 355//1 293//1 292//1
f 355//1 356//1 293//1
f 356//1 294//1 293//1
f 356//1 357//1 294//1
f 357//2 295//2 294//2
f 357//2 358//2 295//2
f 358//1 296//1 295//1
f 358//1 359//1 296//1
f 359//1 297//1 296//1
f 359//1 360//1 297//1
f 360//1 298//1 297//1
f 360//1 361//1 298//1
f 361//1 299//1 298//1
f 361//1 362//1 299//1
f 362//1 300//1 299//1
f 362//1 363//1 300//1
f 363//1 301//1 300//1
f 363//1 364//1 301//1
f 364//1 302//1 301//1
f 364//1 365//1 302//1
f 365//14 366//14 302//14
f 366//14 303//14 302//14
f 366//1 367//1 303//1
f 367//1 304//1 303//1
f 367//1 368//1 304//1
f 368//1 305//1 304//1
f 368//1 369//1 305//1
f 369//1 306//1 305//1
f 369//1 370//1 306//1
f 370//1 307//1 306//1
f 370//1 371//1 307//1
f 371//1 308//1 307//1
f 371//1 372//1 308//1
f 372//1 309//1 308//1
f 372//1 373//1 309//1
f 373//1 310//1 309//1
f 373//1 374//1 310//1
f 374//15 311//15 310//15
f 374//10 375//10 311//10
f 375//11 312//11 311//11
f 375//12 376//12 312//12
f 376//1 377//1 312//1
f 377//1 313//1 312//1
f 377//1 378//1 313//1
f 378//1 314//1 313//1
f 378//1 379//1 314//1
f 379//1 315//1 314//1
f 379//1 380//1 315//1
f 380//1 316//1 315//1
f 380//1 381//1 316//1
f 381//1 317//1 316//1
f 381//1 382//1 317//1
f 382//1 318//1 317//1
f 382//1 383//1 318//1
f 383//1 319//1 318//1
f 383//1 384//1 319//1
f 384//1 320//1 319//1
f 384//1 385//1 320//1
f 385//1 321//1 320//1
f 385//1 386//1 321//1
f 386//1 322//1 321//1
f 386//1 387//1 322//1
f 387//1 388//1 322//1
f 388//1 323//1 322//1
f 388//1 389//1 323//1
f 389//1 324//1 323//1
f 389//1 390//1 324//1
f 390//1 325//1 324//1
f 390//1 391//1 325//1
f 391//1 326//1 325//1
f 391//1 392//1 326//1
f 392//1 327//1 326//1
f 392//1 393//1 327//1
f 393//1 328//1 327//1
f 393//1 394//1 328//1
f 394//1 329//1 328//1
f 394//1 395//1 329//1
f 395//1 330//1 329//1
f 395//1 396//1 330//1
f 396//1 331//1 330//1
f 396//1 397//1 331//1
f 397//1 272//1 331//1
f 397//1 332//1 272//1
f 398//1 399//1 332//1
f 399//1 333//1 332//1
f 399//1 400//1 333//1
f 400//1 334//1 333//1
f 400//1 401//1 334//1
f 401//1 335//1 334//1
f 401//1 402//1 335//1
f 402//1 336//1 335//1
f 402//1 403//1 336//1
f 403//15 337//15 336//15
f 403//19 404//19 337//19
f 404//1 338//1 337//1
f 404//1 405//1 338//1
f 405//1 339//1 338//1
f 405//1 406//1 339//1
f 406//1 340//1 339//1
f 406//1 407//1 340//1
f 407//1 341//1 340//1
f 407//1 408//1 341//1
f 408//1 342//1 341//1
f 408//1 409//1 342//1
f 409//1 343//1 342//1
f 409//1 410//1 343//1
f 410//12 411//12 343//12
f 411//2 344//2 343//2
f 411//2 412//2 344//2
f 412//2 345//2 344//2
f 412//2 413//2 345//2
f 413//2 346//2 345//2
f 413//2 414//2 346//2
f 414//15 347//15 346//15
f 414//1 415//1 347//1
f 415//6 348//6 347//6
f 415//2 416//2 348//2
f 416//2 349//2 348//2
f 416//2 417//2 349//2
f 417//2 350//2 349//2
f 417//20 418//20 350//20
f 418//1 351//1 350//1
f 418//1 419//1 351//1
f 419//1 352//1 351//1
f 419//1 420//1 352//1
f 420//1 353//1 352//1
f 420//1 421//1 353//1
f 421//1 354//1 353//1
f 421//1 422//1 354//1
f 422//1 423//1 354//1
f 423//1 355//1 354//1
f 423//1 424//1 355//1
f 424//1 356//1 355//1
f 424//1 425//1 356//1
f 425//1 357//1 356//1
f 425//5 426//5 357//5
f 426//20 358//20 357//20
f 426//1 427//1 358//1
f 427//1 359//1 358//1
f 427//1 428//1 359//1
f 428//1 360//1 359//1
f 428//1 429//1 360//1
f 429//1 361//1 360//1
f 429//1 430//1 361//1
f 430//1 362//1 361//1
f 430//1 431//1 362//1
f 431//1 363//1 362//1
f 431//1 432//1 363//1
f 432//1 364//1 363//1
f 432//1 433//1 364//1
f 433//1 365//1 364//1
f 433//1 434//1 365//1
f 434//14 435//14 365//14
f 435//14 366//14 365//14
f 435//1 436//1 366//1
f 436//1 367//1 366//1
f 436//1 437//1 367//1
f 437//1 368//1 367//1
f 437//14 438//14 368//14
f 438//10 369//10 368//10
f 438//9 439//9 369//9
f 439//9 370//9 369//9
f 439//8 440//8 370//8
f 440//16 371//16 370//16
f 440//11 441//11 371//11
f 441//10 372//10 371//10
f 441//15 442//15 372//15
f 442//1 373//1 372//1
f 442//1 443//1 373//1
f 443//1 374//1 373//1
f 443//1 444//1 374//1
f 444//1 375//1 374//1
f 444//2 445//2 375//2
f 445//2 376//2 375//2
f 445//1 446//1 376//1
f 446//1 447//1 376//1
f 447//1 377//1 376//1
f 447//1 448//1 377//1
f 448//1 378//1 377//1
f 448//1 449//1 378//1
f 449//1 379//1 378//1
f 449//1 450//1 379//1
f 450//1 380//1 379//1
f 450//1 451//1 380//1
f 451//1 381//1 380//1
f 451//1 452//1 381//1
f 452//1 382//1 381//1
f 452//1 453//1 382//1
f 453//1 383//1 382//1
f 453//1 454//1 383//1
f 454//1 384//1 383//1
f 454//1 455//1 384//1
f 455//1 385//1 384//1
f 455//1 456//1 385//1
f 456//1 386//1 385//1
f 456//1 457//1 386//1
f 457//1 387//1 386//1
f 457//1 458//1 387//1
f 458//1 459//1 387//1
f 459//1 388//1 387//1
f 459//1 460//1 388//1
f 460//1 389//1 388//1
f 460//1 461//1 389//1
f 461//1 390//1 389//1
f 461//1 462//1 390//1
f 462//1 391//1 390//1
f 462//1 463//1 391//1
f 463//1 392//1 391//1
f 463//1 464//1 392//1
f 464//1 393//1 392//1
f 464//1 465//1 393//1
f 465//1 394//1 393//1
f 465//1 466//1 394//1
f 466//1 395//1 394//1
f 466//1 467//1 395//1
f 467//1 396//1 395//1
f 467//1 468//1 396//1
f 468//1 397//1 396//1
f 468//1 469//1 397//1
f 469//1 332//1 397//1
f 469//1 398//1 332//1
f 470//1 471//1 398//1
f 471//1 399//1 398//1
f 471//1 472//1 399//1
f 472//1 400//1 399//1
f 472//1 473//1 400//1
f 473//1 401//1 400//1
f 473//1 474//1 401//1
f 474//1 402//1 401//1
f 474//1 475//1 402//1
f 475//1 403//1 402//1
f 475//1 476//1 403//1
f 476//19 404//19 403//19
f 476//18 477//18 404//18
f 477//1 405//1 404//1
f 477//1 478//1 405//1
f 478//1 406//1 405//1
f 478//1 479//1 406//1
f 479//1 407//1 406//1
f 479//1 480//1 407//1
f 480//1 408//1 407//1
f 480//1 481//1 408//1
f 481//1 409//1 408//1
f 481//1 482//1 409//1
f 482//1 410//1 409//1
f 482//3 483//3 410//3
f 483//3 484//3 410//3
f 484//17 411//17 410//17
f 484//1 485//1 411//1
f 485//1 412//1 411//1
f 485//1 486//1 412//1
f 486//1 413//1 412//1
f 486//1 487//1 413//1
f 487//1 414//1 413//1
f 487//1 488//1 414//1
f 488//1 415//1 414//1
f 488//1 489//1 415//1
f 489//1 416//1 415//1
f 489//1 490//1 416//1
f 490//1 417//1 416//1
f 490//1 491//1 417//1
f 491//21 418//21 417//21
f 491//21 492//21 418//21
f 492//1 419//1 418//1
f 492//1 493//1 419//1
f 493//1 420//1 419//1
f 493//1 494//1 420//1
f 494//1 421//1 420//1
f 494//1 495//1 421//1
f 495//1 422//1 421//1
f 495//1 496//1 422//1
f 496//1 497//1 422//1
f 497//1 423//1 422//1
f 497//1 498//1 423//1
f 498//1 424//1 423//1
f 498//1 499//1 424//1
f 499//1 425//1 424//1
f 499//4 500//4 425//4
f 500//5 426//5 425//5
f 500//1 501//1 426//1
f 501//1 427//1 426//1
f 501//1 502//1 427//1
f 502//1 428//1 427//1
f 502//1 503//1 428//1
f 503//1 429//1 428//1
f 503//1 504//1 429//1
f 504//1 430//1 429//1
f 504//1 505//1 430//1
f 505//1 431//1 430//1
f 505//1 506//1 431//1
f 506//1 432//1 431//1
f 506//1 507//1 432//1
f 507//1 433//1 432//1
f 507//1 508//1 433//1
f 508//1 434//1 433//1
f 508//1 509//1 434//1
f 509//1 510//1 434//1
f 510//22 435//22 434//22
f 510//23 511//23 435//23
f 511//1 436//1 435//1
f 511//1 512//1 436//1
f 512//1 437//1 436//1
f 512//1 513//1 437//1
f 513//22 438//22 437//22
f 513//23 514//23 438//23
f 514//1 439//1 438//1
f 514//1 515//1 439//1
f 515//1 440//1 439//1
f 515//1 516//1 440//1
f 516//1 441//1 440//1
f 516//1 517//1 441//1
f 517//12 442//12 441//12
f 517//16 518//16 442//16
f 518//8 443//8 442//8
f 518//18 519//18 443//18
f 519//1 444//1 443//1
f 519//1 520//1 444//1
f 520//12 445//12 444//12
f 520//12 521//12 445//12
f 521//1 446//1 445//1
f 521//1 522//1 446//1
f 522//1 523//1 446//1
f 523//1 447//1 446//1
f 523//1 524//1 447//1
f 524//1 448//1 447//1
f 524//1 525//1 448//1
f 525//1 449//1 448//1
f 525//1 526//1 449//1
f 526//1 450//1 449//1
f 526//1 527//1 450//1
f 527//1 451//1 450//1
f 527//1 528//1 451//1
f 528//1 452//1 451//1
f 528//1 529//1 452//1
f 529//1 453//1 452//1
f 529//1 530//1 453//1
f 530//1 454//1 453//1
f 530//1 531//1 454//1
f 531//1 455//1 454//1
f 531//1 532//1 455//1
f 532//1 456//1 455//1
f 532//1 533//1 456//1
f 533//1 457//1 456//1
f 533//1 534//1 457//1
f 534//1 458//1 457//1
f 534//1 535//1 458//1
f 535//1 536//1 458//1
f 536//1 459//1 458//1
f 536//1 537//1 459//1
f 537//1 460//1 459//1
f 537//1 538//1 460//1
f 538//1 461//1 460//1
f 538//1 539//1 461//1
f 539//1 462//1 461//1
f 539//1 540//1 462//1
f 540//1 463//1 462//1
f 540//1 541//1 463//1
f 541//1 464//1 463//1
f 541//1 542//1 464//1
f 542//1 465//1 464//1
f 542//1 543//1 465//1
f 543//1 466//1 465//1
f 543//1 544//1 466//1
f 544//1 467//1 466//1
f 544//1 545//1 467//1
f 545//1 468//1 467//1
f 545//1 546//1 468//1
f 546//1 469//1 468//1
f 546//1 547//1 469//1
f 547//1 398//1 469//1
f 547//1 470//1 398//1
f 548//1 549//1 470//1
f 549//1 471//1 470//1
f 549//1 550//1 471//1
f 550//1 472//1 471//1
f 550//1 551//1 472//1
f 551//1 473//1 472//1
f 551//1 552//1 473//1
f 552//1 474//1 473//1
f 552//1 553//1 474//1
f 553//1 475//1 474//1
f 553//1 554//1 475//1
f 554//1 476//1 475//1
f 554//3 555//3 476//3
f 555//3 477//3 476//3
f 555//1 556//1 477//1
f 556//1 478//1 477//1
f 556//1 557//1 478//1
f 557//1 479//1 478//1
f 557//1 558//1 479//1
f 558//1 480//1 479//1
f 558//1 559//1 480//1
f 559//1 481//1 480//1
f 559//1 560//1 481//1
f 560//1 482//1 481//1
f 560//1 561//1 482//1
f 561//17 483//17 482//17
f 561//16 562//16 483//16
f 562//8 563//8 483//8
f 563//1 484//1 483//1
f 563//1 564//1 484//1
f 564//1 485//1 484//1
f 564//1 565//1 485//1
f 565//1 486//1 485//1
f 565//1 566//1 486//1
f 566//1 487//1 486//1
f 566//1 567//1 487//1
f 567//1 488//1 487//1
f 567//1 568//1 488//1
f 568//1 489//1 488//1
f 568//1 569//1 489//1
f 569//1 490//1 489//1
f 569//1 570//1 490//1
f 570//1 491//1 490//1
f 570//1 571//1 491//1
f 571//20 492//20 491//20
f 571//6 572//6 492//6
f 572//1 493//1 492//1
f 572//1 573//1 493//1
f 573//1 494//1 493//1
f 573//1 574//1 494//1
f 574//1 495//1 494//1
f 574//1 575//1 495//1
f 575//1 496//1 495//1
f 575//1 576//1 496//1
f 576//1 577//1 496//1
f 577//1 497//1 496//1
f 577//1 578//1 497//1
f 578//1 498//1 497//1
f 578//20 579//20 498//20
f 579//24 499//24 498//24
f 579//25 580//25 499//25
f 580//13 500//13 499//13
f 580//1 581//1 500//1
f 581//1 501//1 500//1
f 581//1 582//1 501//1
f 582//1 502//1 501//1
f 582//1 583//1 502//1
f 583//1 503//1 502//1
f 583//1 584//1 503//1
f 584//1 504//1 503//1
f 584//1 585//1 504//1
f 585//1 505//1 504//1
f 585//1 586//1 505//1
f 586//1 506//1 505//1
f 586//1 587//1 506//1
f 587//1 507//1 506//1
f 587//1 588//1 507//1
f 588//1 508//1 507//1
f 588//1 589//1 508//1
f 589//1 509//1 508//1
f 589//1 590//1 509//1
f 590//1 591//1 509//1
f 591//1 510//1 509//1
f 591//7 592//7 510//7
f 592//7 511//7 510//7
f 592//1 593//1 511//1
f 593//1 512//1 511//1
f 593//1 594//1 512//1
f 594//1 513//1 512//1
f 594//7 595//7 513//7
f 595//7 514//7 513//7
f 595//1 596//1 514//1
f 596//1 515//1 514//1
f 596//1 597//1 515//1
f 597//1 516//1 515//1
f 597//1 598//1 516//1
f 598//1 517//1 516//1
f 598//1 599//1 517//1
f 599//1 518//1 517//1
f 599//1 600//1 518//1
f 600//17 519//17 518//17
f 600//12 601//12 519//12
f 601//1 520//1 519//1
f 601//2 602//2 520//2
f 602//2 521//2 520//2
f 602//1 603//1 521//1
f 603//1 522//1 521//1
f 603//1 604//1 522//1
f 604//1 605//1 522//1
f 605//1 523//1 522//1
f 605//1 606//1 523//1
f 606//1 524//1 523//1
f 606//1 607//1 524//1
f 607//1 525//1 524//1
f 607//1 608//1 525//1
f 608//1 526//1 525//1
f 608//1 609//1 526//1
f 609//1 527//1 526//1
f 609//1 610//1 527//1
f 610//1 528//1 527//1
f 610//1 611//1 528//1
f 611//1 529//1 528//1
f 611//1 612//1 529//1
f 612//1 530//1 529//1
f 612//1 613//1 530//1
f 613//1 531//1 530//1
f 613//1 614//1 531//1
f 614//1 532//1 531//1
f 614//1 615//1 532//1
f 615//1 533//1 532//1
f 615//1 616//1 533//1
f 616//1 534//1 533//1
f 616//1 617//1 534//1
f 617//1 535//1 534//1
f 617//1 618//1 535//1
f 618//1 619//1 535//1
f 619//1 536//1 535//1
f 619//1 620//1 536//1
f 620//1 537//1 536//1
f 620//1 621//1 537//1
f 621//1 538//1 537//1
f 621//1 622//1 538//1
f 622//1 539//1 538//1
f 622//1 623//1 539//1
f 623//1 540//1 539//1
f 623//1 624//1 540//1
f 624//1 541//1 540//1
f 624//1 625//1 541//1
f 625//1 542//1 541//1
f 625//1 626//1 542//1
f 626//1 543//1 542//1
f 626//1 627//1 543//1
f 627//1 544//1 543//1
f 627//1 628//1 544//1
f 628//1 545//1 544//1
f 628//1 629//1 545//1
f 629//1 546//1 545//1
f 629//1 630//1 546//1
f 630//1 547//1 546//1
f 630//1 631//1 547//1
f 631//1 470//1 547//1
f 631//1 548//1 470//1
f 632//1 633//1 548//1
f 633//1 549//1 548//1
f 633//1 634//1 549//1
f 634//1 550//1 549//1
f 634//1 635//1 550//1
f 635//1 551//1 550//1
f 635//1 636//1 551//1
f 636//1 552//1 551//1
f 636//1 637//1 552//1
f 637//1 553//1 552//1
f 637//1 638//1 553//1
f 638//1 554//1 553//1
f 638//1 639//1 554//1
f 639//26 555//26 554//26
f 639//15 640//15 555//15
f 640//1 556//1 555//1
f 640//1 641//1 556//1
f 641//1 557//1 556//1
f 641//1 642//1 557//1
f 642//1 558//1 557//1
f 642//1 643//1 558//1
f 643//1 559//1 558//1
f 643//1 644//1 559//1
f 644//1 560//1 559//1
f 644//1 645//1 560//1
f 645//1 561//1 560//1
f 645//1 646//1 561//1
f 646//1 562//1 561//1
f 646//1 647//1 562//1
f 647//12 648//12 562//12
f 648//15 563//15 562//15
f 648//1 649//1 563//1
f 649//1 564//1 563//1
f 649//1 650//1 564//1
f 650//1 565//1 564//1
f 650//1 651//1 565//1
f 651//1 566//1 565//1
f 651//1 652//1 566//1
f 652//1 567//1 566//1
f 652//1 653//1 567//1
f 653//1 568//1 567//1
f 653//1 654//1 568//1
f 654//1 569//1 568//1
f 654//1 655//1 569//1
f 655//1 570//1 569//1
f 655//1 656//1 570//1
f 656//1 571//1 570//1
f 656//1 657//1 571//1
f 657//6 572//6 571//6
f 657//20 658//20 572//20
f 658//1 573//1 572//1
f 658//1 659//1 573//1
f 659//1 574//1 573//1
f 659//1 660//1 574//1
f 660//1 575//1 574//1
f 660//1 661//1 575//1
f 661//1 576//1 575//1
f 661//1 662//1 576//1
f 662//1 663//1 576//1
f 663//1 577//1 576//1
f 663//20 664//20 577//20
f 664//22 578//22 577//22
f 664//27 665//27 578//27
f 665//6 579//6 578//6
f 665//1 666//1 579//1
f 666//1 580//1 579//1
f 666//1 667//1 580//1
f 667//1 581//1 580//1
f 667//1 668//1 581//1
f 668//1 582//1 581//1
f 668//1 669//1 582//1
f 669//1 583//1 582//1
f 669//1 670//1 583//1
f 670//1 584//1 583//1
f 670//1 671//1 584//1
f 671//1 585//1 584//1
f 671//1 672//1 585//1
f 672//1 586//1 585//1
f 672//1 673//1 586//1
f 673//1 587//1 586//1
f 673//1 674//1 587//1
f 674//1 588//1 587//1
f 674//1 675//1 588//1
f 675//1 589//1 588//1
f 675//1 676//1 589//1
f 676//1 590//1 589//1
f 676//1 677//1 590//1
f 677//1 678//1 590//1
f 678//1 591//1 590//1
f 678//7 679//7 591//7
f 679//7 592//7 591//7
f 679//1 680//1 592//1
f 680//1 593//1 592//1
f 680//1 681//1 593//1
f 681//1 594//1 593//1
f 681//7 682//7 594//7
f 682//7 595//7 594//7
f 682//1 683//1 595//1
f 683//1 596//1 595//1
f 683//1 684//1 596//1
f 684//1 597//1 596//1
f 684//1 685//1 597//1
f 685//1 598//1 597//1
f 685//1 686//1 598//1
f 686//1 599//1 598//1
f 686//1 687//1 599//1
f 687//1 600//1 599//1
f 687//1 688//1 600//1
f 688//15 601//15 600//15
f 688//19 689//19 601//19
f 689//12 602//12 601//12
f 689//17 690//17 602//17
f 690//1 603//1 602//1
f 690//1 691//1 603//1
f 691//1 604//1 603//1
f 691//1 692//1 604//1
f 692//1 693//1 604//1
f 693//1 605//1 604//1
f 693//1 694//1 605//1
f 694//1 606//1 605//1
f 694//1 695//1 606//1
f 695//1 607//1 606//1
f 695//1 696//1 607//1
f 696//1 608//1 607//1
f 696//1 697//1 608//1
f 697//1 609//1 608//1
f 697//1 698//1 609//1
f 698//1 610//1 609//1
f 698//1 699//1 610//1
f 699//1 611//1 610//1
f 699//1 700//1 611//1
f 700//1 612//1 611//1
f 700//1 701//1 612//1
f 701//1 613//1 612//1
f 701//1 702//1 613//1
f 702//1 614//1 613//1
f 702//1 703//1 614//1
f 703//1 615//1 614//1
f 703//1 704//1 615//1
f 704//1 616//1 615//1
f 704//1 705//1 616//1
f 705//1 617//1 616//1
f 705//1 706//1 617//1
f 706//1 618//1 617//1
f 706//1 707//1 618//1
f 707//1 708//1 618//1
f 708//1 619//1 618//1
f 708//1 709//1 619//1
f 709//1 620//1 619//1
f 709//1 710//1 620//1
f 710//1 621//1 620//1
f 710//1 711//1 621//1
f 711//1 622//1 621//1
f 711//1 712//1 622//1
f 712//1 623//1 622//1
f 712//1 713//1 623//1
f 713//1 624//1 623//1
f 713//1 714//1 624//1
f 714//1 625//1 624//1
f 714//1 715//1 625//1
f 715//1 626//1 625//1
f 715//1 716//1 626//1
f 716//1 627//1 626//1
f 716//1 717//1 627//1
f 717//1 628//1 627//1
f 717//1 718//1 628//1
f 718//1 629//1 628//1
f 718//1 719//1 629//1
f 719//1 630//1 629//1
f 719//1 720//1 630//1
f 720//1 631//1 630//1
f 720//1 721//1 631//1
f 721//1 548//1 631//1
f 721//1 632//1 548//1
f 722//1 723//1 632//1
f 723//1 633//1 632//1
f 723//1 724//1 633//1
f 724//1 634//1 633//1
f 724//1 725//1 634//1
f 725//1 635//1 634//1
f 725//1 726//1 635//1
f 726//1 636//1 635//1
f 726//1 727//1 636//1
f 727//1 637//1 636//1
f 727//1 728//1 637//1
f 728//1 638//1 637//1
f 728//1 729//1 638//1
f 729//1 639//1 638//1
f 729//1 730//1 639//1
f 730//12 640//12 639//12
f 730//12 731//12 640//12
f 731//1 641//1 640//1
f 731//1 732//1 641//1
f 732//1 642//1 641//1
f 732//1 733//1 642//1
f 733//1 643//1 642//1
f 733//1 734//1 643//1
f 734//1 644//1 643//1
f 734//1 735//1 644//1
f 735//1 645//1 644//1
f 735//1 736//1 645//1
f 736//1 646//1 645//1
f 736//1 737//1 646//1
f 737//1 647//1 646//1
f 737//1 738//1 647//1
f 738//1 739//1 647//1
f 739//11 648//11 647//11
f 739//10 740//10 648//10
f 740//1 649//1 648//1
f 740//1 741//1 649//1
f 741//1 650//1 649//1
f 741//1 742//1 650//1
f 742//1 651//1 650//1
f 742//1 743//1 651//1
f 743//1 652//1 651//1
f 743//1 744//1 652//1
f 744//1 653//1 652//1
f 744//1 745//1 653//1
f 745//1 654//1 653//1
f 745//1 746//1 654//1
f 746//1 655//1 654//1
f 746//1 747//1 655//1
f 747//1 656//1 655//1
f 747//1 748//1 656//1
f 748//1 657//1 656//1
f 748//27 749//27 657//27
f 749//22 658//22 657//22
f 749//1 750//1 658//1
f 750//1 659//1 658//1
f 750//1 751//1 659//1
f 751//1 660//1 659//1
f 751//1 752//1 660//1
f 752//1 661//1 660//1
f 752//1 753//1 661//1
f 753//1 662//1 661//1
f 753//1 754//1 662//1
f 754//1 755//1 662//1
f 755//1 663//1 662//1
f 755//6 756//6 663//6
f 756//6 664//6 663//6
f 756//1 757//1 664//1
f 757//1 665//1 664//1
f 757//1 758//1 665//1
f 758//1 666//1 665//1
f 758//1 759//1 666//1
f 759//1 667//1 666//1
f 759//1 760//1 667//1
f 760//1 668//1 667//1
f 760//1 761//1 668//1
f 761//1 669//1 668//1
f 761//1 762//1 669//1
f 762//1 670//1 669//1
f 762//1 763//1 670//1
f 763//1 671//1 670//1
f 763//1 764//1 671//1
f 764//1 672//1 671//1
f 764//1 765//1 672//1
f 765//1 673//1 672//1
f 765//1 766//1 673//1
f 766//1 674//1 673//1
f 766//1 767//1 674//1
f 767//1 675//1 674//1
f 767//1 768//1 675//1
f 768//1 676//1 675//1
f 768//1 769//1 676//1
f 769//1 677//1 676//1
f 769//1 770//1 677//1
f 770//1 771//1 677//1
f 771//1 678//1 677//1
f 771//7 772//7 678//7
f 772//7 679//7 678//7
f 772//1 773//1 679//1
f 773//1 680//1 679//1
f 773//1 774//1 680//1
f 774//1 681//1 680//1
f 774//7 775//7 681//7
f 775//7 682//7 681//7
f 775//1 776//1 682//1
f 776//1 683//1 682//1
f 776//1 777//1 683//1
f 777//1 684//1 683//1
f 777//1 778//1 684//1
f 778//1 685//1 684//1
f 778//1 779//1 685//1
f 779//1 686//1 685//1
f 779//1 780//1 686//1
f 780//1 687//1 686//1
f 780//1 781//1 687//1
f 781//1 688//1 687//1
f 781//2 782//2 688//2
f 782//2 689//2 688//2
f 782//1 783//1 689//1
f 783//18 690//18 689//18
f 783//19 784//19 690//19
f 784//1 691//1 690//1
f 784//1 785//1 691//1
f 785//1 692//1 691//1
f 785//1 786//1 692//1
f 786//1 787//1 692//1
f 787//1 693//1 692//1
f 787//1 788//1 693//1
f 788//1 694//1 693//1
f 788//1 789//1 694//1
f 789//1 695//1 694//1
f 789//1 790//1 695//1
f 790//1 696//1 695//1
f 790//1 791//1 696//1
f 791//1 697//1 696//1
f 791//1 792//1 697//1
f 792//1 698//1 697//1
f 792//1 793//1 698//1
f 793//1 699//1 698//1
f 793//1 794//1 699//1
f 794//1 700//1 699//1
f 794//1 795//1 700//1
f 795//1 701//1 700//1
f 795//1 796//1 701//1
f 796//1 702//1 701//1
f 796//1 797//1 702//1
f 797//1 703//1 702//1
f 797//1 798//1 703//1
f 798//1 704//1 703//1
f 798//1 799//1 704//1
f 799//1 705//1 704//1
f 799//1 800//1 705//1
f 800//1 706//1 705//1
f 800//1 801//1 706//1
f 801//1 707//1 706//1
f 801//1 802//1 707//1
f 802//1 803//1 707//1
f 803//1 708//1 707//1
f 803//1 804//1 708//1
f 804//1 709//1 708//1
f 804//1 805//1 709//1
f 805//1 710//1 709//1
f 805//1 806//1 710//1
f 806//1 711//1 710//1
f 806//1 807//1 711//1
f 807//1 712//1 711//1
f 807//1 808//1 712//1
f 808//1 713//1 712//1
f 808//1 809//1 713//1
f 809//1 714//1 713//1
f 809//1 810//1 714//1
f 810//1 715//1 714//1
f 810//1 811//1 715//1
f 811//1 716//1 715//1
f 811//1 812//1 716//1
f 812//1 717//1 716//1
f 812//1 813//1 717//1
f 813//1 718//1 717//1
f 813//1 814//1 718//1
f 814//1 719//1 718//1
f 814//1 815//1 719//1
f 815//1 720//1 719//1
f 815//1 816//1 720//1
f 816//1 721//1 720//1
f 816//1 817//1 721//1
f 817//1 632//1 721//1
f 817//1 722//1 632//1
f 818//1 819//1 722//1
f 819//1 723//1 722//1
f 819//1 820//1 723//1
f 820//1 724//1 723//1
f 820//1 821//1 724//1
f 821//1 725//1 724//1
f 821//1 822//1 725//1
f 822//1 726//1 725//1
f 822//1 823//1 726//1
f 823//1 727//1 726//1
f 823//1 824//1 727//1
f 824//1 728//1 727//1
f 824//1 825//1 728//1
f 825//1 729//1 728//1
f 825//1 826//1 729//1
f 826//1 730//1 729//1
f 826//1 827//1 730//1
f 827//15 731//15 730//15
f 827//26 828//26 731//26
f 828//1 732//1 731//1
f 828//1 829//1 732//1
f 829//1 733//1 732//1
f 829//1 830//1 733//1
f 830//1 734//1 733//1
f 830//1 831//1 734//1
f 831//1 735//1 734//1
f 831//1 832//1 735//1
f 832//1 736//1 735//1
f 832//1 833//1 736//1
f 833//1 737//1 736//1
f 833//1 834//1 737//1
f 834//1 738//1 737//1
f 834//1 835//1 738//1
f 835//1 836//1 738//1
f 836//1 739//1 738//1
f 836//1 837//1 739//1
f 837//9 740//9 739//9
f 837//9 838//9 740//9
f 838//1 741//1 740//1
f 838//1 839//1 741//1
f 839//1 742//1 741//1
f 839//1 840//1 742//1
f 840//1 743//1 742//1
f 840//1 841//1 743//1
f 841//1 744//1 743//1
f 841//1 842//1 744//1
f 842//1 745//1 744//1
f 842//1 843//1 745//1
f 843//1 746//1 745//1
f 843//1 844//1 746//1
f 844//1 747//1 746//1
f 844//1 845//1 747//1
f 845//1 748//1 747//1
f 845//1 846//1 748//1
f 846//6 749//6 748//6
f 846//20 847//20 749//20
f 847//1 750//1 749//1
f 847//1 848//1 750//1
f 848//1 751//1 750//1
f 848//1 849//1 751//1
f 849//1 752//1 751//1
f 849//1 850//1 752//1
f 850//1 753//1 752//1
f 850//1 851//1 753//1
f 851//1 754//1 753//1
f 851//1 852//1 754//1
f 852//1 853//1 754//1
f 853//1 755//1 754//1
f 853//21 854//21 755//21
f 854//20 756//20 755//20
f 854//1 855//1 756//1
f 855//1 757//1 756//1
f 855//1 856//1 757//1
f 856//1 758//1 757//1
f 856//1 857//1 758//1
f 857//1 759//1 758//1
f 857//1 858//1 759//1
f 858//1 760//1 759//1
f 858//1 859//1 760//1
f 859//1 761//1 760//1
f 859//1 860//1 761//1
f 860//1 762//1 761//1
f 860//1 861//1 762//1
f 861//1 763//1 762//1
f 861//1 862//1 763//1
f 862//1 764//1 763//1
f 862//1 863//1 764//1
f 863//1 765//1 764//1
f 863//1 864//1 765//1
f 864//1 766//1 765//1
f 864//1 865//1 766//1
f 865//1 767//1 766//1
f 865//1 866//1 767//1
f 866//1 768//1 767//1
f 866//1 867//1 768//1
f 867//1 769//1 768//1
f 867//1 868//1 769//1
f 868//1 770//1 769//1
f 868//1 869//1 770//1
f 869//1 870//1 770//1
f 870//1 771//1 770//1
f 870//1 871//1 771//1
f 871//23 772//23 771//23
f 871//5 872//5 772//5
f 872//5 773//5 772//5
f 872//28 873//28 773//28
f 873//1 774//1 773//1
f 873//1 874//1 774//1
f 874//23 775//23 774//23
f 874//24 875//24 775//24
f 875//1 776//1 775//1
f 875//1 876//1 776//1
f 876//1 777//1 776//1
f 876//1 877//1 777//1
f 877//1 778//1 777//1
f 877//1 878//1 778//1
f 878//1 779//1 778//1
f 878//1 879//1 779//1
f 879//1 780//1 779//1
f 879//1 880//1 780//1
f 880//1 781//1 780//1
f 880//2 881//2 781//2
f 881//2 782//2 781//2
f 881//1 882//1 782//1
f 882//1 783//1 782//1
f 882//2 883//2 783//2
f 883//2 784//2 783//2
f 883//1 884//1 784//1
f 884//1 785//1 784//1
f 884//1 885//1 785//1
f 885//1 786//1 785//1
f 885//1 886//1 786//1
f 886//1 887//1 786//1
f 887//1 787//1 786//1
f 887//1 888//1 787//1
f 888//1 788//1 787//1
f 888//1 889//1 788//1
f 889//1 789//1 788//1
f 889//1 890//1 789//1
f 890//1 790//1 789//1
f 890//1 891//1 790//1
f 891//1 791//1 790//1
f 891//1 892//1 791//1
f 892//1 792//1 791//1
f 892//1 893//1 792//1
f 893//1 793//1 792//1
f 893//1 894//1 793//1
f 894//1 794//1 793//1
f 894//1 895//1 794//1
f 895//1 795//1 794//1
f 895//1 896//1 795//1
f 896//1 796//1 795//1
f 896//1 897//1 796//1
f 897//1 797//1 796//1
f 897//1 898//1 797//1
f 898//1 798//1 797//1
f 898//1 899//1 798//1
f 899//1 799//1 798//1
f 899//1 900//1 799//1
f 900//1 800//1 799//1
f 900//1 901//1 800//1
f 901//1 801//1 800//1
f 901//1 902//1 801//1
f 902//1 802//1 801//1
f 902//1 903//1 802//1
f 903//1 904//1 802//1
f 904//1 803//1 802//1
f 904//1 905//1 803//1
f 905//1 804//1 803//1
f 905//1 906//1 804//1
f 906//1 805//1 804//1
f 906//1 907//1 805//1
f 907//1 806//1 805//1
f 907//1 908//1 806//1
f 908//1 807//1 806//1
f 908//1 909//1 807//1
f 909//1 808//1 807//1
f 909//1 910//1 808//1
f 910//1 809//1 808//1
f 910//1 911//1 809//1
f 911//1 810//1 809//1
f 911//1 912//1 810//1
f 912//1 811//1 810//1
f 912//1 913//1 811//1
f 913//1 812//1 811//1
f 913//1 914//1 812//1
f 914//1 813//1 812//1
f 914//1 915//1 813//1
f 915//1 814//1 813//1
f 915//1 916//1 814//1
f 916//1 815//1 814//1
f 916//1 917//1 815//1
f 917//1 816//1 815//1
f 917//1 918//1 816//1
f 918//1 817//1 816//1
f 918//1 919//1 817//1
f 919//1 722//1 817//1
f 919//1 818//1 722//1
f 920//1 921//1 818//1
f 921//1 819//1 818//1
f 921//1 922//1 819//1
f 922//1 820//1 819//1
f 922//1 923//1 820//1
f 923//1 821//1 820//1
f 923//1 924//1 821//1
f 924//1 822//1 821//1
f 924//1 925//1 822//1
f 925//1 823//1 822//1
f 925//1 926//1 823//1
f 926//1 824//1 823//1
f 926//1 927//1 824//1
f 927//1 825//1 824//1
f 927//1 928//1 825//1
f 928//1 826//1 825//1
f 928//1 929//1 826//1
f 929//1 827//1 826//1
f 929//3 930//3 827//3
f 930//3 828//3 827//3
f 930//7 931//7 828//7
f 931//9 829//9 828//9
f 931//8 932//8 829//8
f 932//16 830//16 829//16
f 932//11 933//11 830//11
f 933//10 831//10 830//10
f 933//9 934//9 831//9
f 934//9 832//9 831//9
f 934//19 935//19 832//19
f 935//1 833//1 832//1
f 935//1 936//1 833//1
f 936//1 834//1 833//1
f 936//1 937//1 834//1
f 937//1 835//1 834//1
f 937//1 938//1 835//1
f 938//1 939//1 835//1
f 939//1 836//1 835//1
f 939//1 940//1 836//1
f 940//1 837//1 836//1
f 940//19 941//19 837//19
f 941//19 838//19 837//19
f 941//1 942//1 838//1
f 942//1 839//1 838//1
f 942//1 943//1 839//1
f 943//1 840//1 839//1
f 943//1 944//1 840//1
f 944//1 841//1 840//1
f 944//1 945//1 841//1
f 945//1 842//1 841//1
f 945//1 946//1 842//1
f 946//1 843//1 842//1
f 946//1 947//1 843//1
f 947//1 844//1 843//1
f 947//1 948//1 844//1
f 948//1 845//1 844//1
f 948//1 949//1 845//1
f 949//1 846//1 845//1
f 949//25 950//25 846//25
f 950//24 847//24 846//24
f 950//1 951//1 847//1
f 951//1 848//1 847//1
f 951//1 952//1 848//1
f 952//1 849//1 848//1
f 952//1 953//1 849//1
f 953//1 850//1 849//1
f 953//1 954//1 850//1
f 954//1 851//1 850//1
f 954//1 955//1 851//1
f 955//1 852//1 851//1
f 955//1 956//1 852//1
f 956//5 957//5 852//5
f 957//23 853//23 852//23
f 957//23 958//23 853//23
f 958//21 854//21 853//21
f 958//1 959//1 854//1
f 959//1 855//1 854//1
f 959//1 960//1 855//1
f 960//1 856//1 855//1
f 960//1 961//1 856//1
f 961//1 857//1 856//1
f 961//1 962//1 857//1
f 962//1 858//1 857//1
f 962//1 963//1 858//1
f 963//1 859//1 858//1
f 963//1 964//1 859//1
f 964//1 860//1 859//1
f 964//1 965//1 860//1
f 965//1 861//1 860//1
f 965//1 966//1 861//1
f 966//1 862//1 861//1
f 966//1 967//1 862//1
f 967//1 863//1 862//1
f 967//1 968//1 863//1
f 968//1 864//1 863//1
f 968//1 969//1 864//1
f 969//1 865//1 864//1
f 969//1 970//1 865//1
f 970//1 866//1 865//1
f 970//1 971//1 866//1
f 971//1 867//1 866//1
f 971//1 972//1 867//1
f 972//1 868//1 867//1
f 972//1 973//1 868//1
f 973//1 869//1 868//1
f 973//1 974//1 869//1
f 974//1 975//1 869//1
f 975//1 870//1 869//1
f 975//1 976//1 870//1
f 976//1 871//1 870//1
f 976//1 977//1 871//1
f 977//1 872//1 871//1
f 977//1 978//1 872//1
f 978//28 873//28 872//28
f 978//24 979//24 873//24
f 979//1 874//1 873//1
f 979//1 980//1 874//1
f 980//25 875//25 874//25
f 980//13 981//13 875//13
f 981//4 876//4 875//4
f 981//24 982//24 876//24
f 982//1 877//1 876//1
f 982//1 983//1 877//1
f 983//1 878//1 877//1
f 983//1 984//1 878//1
f 984//1 879//1 878//1
f 984//2 985//2 879//2
f 985//5 880//5 879//5
f 985//20 986//20 880//20
f 986//2 881//2 880//2
f 986//3 987//3 881//3
f 987//4 882//4 881//4
f 987//5 988//5 882//5
f 988//2 883//2 882//2
f 988//1 989//1 883//1
f 989//1 884//1 883//1
f 989//1 990//1 884//1
f 990//1 885//1 884//1
f 990//1 991//1 885//1
f 991//1 886//1 885//1
f 991//1 992//1 886//1
f 992//1 993//1 886//1
f 993//1 887//1 886//1
f 993//1 994//1 887//1
f 994//1 888//1 887//1
f 994//1 995//1 888//1
f 995//1 889//1 888//1
f 995//1 996//1 889//1
f 996//1 890//1 889//1
f 996//1 997//1 890//1
f 997//1 891//1 890//1
f 997//1 998//1 891//1
f 998//1 892//1 891//1
f 998//1 999//1 892//1
f 999//1 893//1 892//1
f 999//1 1000//1 893//1
f 1000//1 894//1 893//1
f 1000//1 1001//1 894//1
f 1001//1 895//1 894//1
f 1001//1 1002//1 895//1
f 1002//1 896//1 895//1
f 1002//1 1003//1 896//1
f 1003//1 897//1 896//1
f 1003//1 1004//1 897//1
f 1004//1 898//1 897//1
f 1004//1 1005//1 898//1
f 1005//1 899//1 898//1
f 1005//1 1006//1 899//1
f 1006//1 900//1 899//1
f 1006//1 1007//1 900//1
f 1007//1 901//1 900//1
f 1007//1 1008//1 901//1
f 1008//1 902//1 901//1
f 1008//1 1009//1 902//1
f 1009//1 903//1 902//1
f 1009//1 1010//1 903//1
f 1010//1 1011//1 903//1
f 1011//1 904//1 903//1
f 1011//1 1012//1 904//1
f 1012//1 905//1 904//1
f 1012//1 1013//1 905//1
f 1013//1 906//1 905//1
f 1013//1 1014//1 906//1
f 1014//1 907//1 906//1
f 1014//1 1015//1 907//1
f 1015//1 908//1 907//1
f 1015//1 1016//1 908//1
f 1016//1 909//1 908//1
f 1016//1 1017//1 909//1
f 1017//1 910//1 909//1
f 1017//1 1018//1 910//1
f 1018//1 911//1 910//1
f 1018//1 1019//1 911//1
f 1019//1 912//1 911//1
f 1019//1 1020//1 912//1
f 1020//1 913//1 912//1
f 1020//1 1021//1 913//1
f 1021//1 914//1 913//1
f 1021//1 1022//1 914//1
f 1022//1 915//1 914//1
f 1022//1 1023//1 915//1
f 1023//1 916//1 915//1
f 1023//1 1024//1 916//1
f 1024//1 917//1 916//1
f 1024//1 1025//1 917//1
f 1025//1 918//1 917//1
f 1025//1 1026//1 918//1
f 1026//1 919//1 918//1
f 1026//1 1027//1 919//1
f 1027//1 818//1 919//1
f 1027//1 920//1 818//1
f 1028//1 1029//1 920//1
f 1029//1 921//1 920//1
f 1029//1 1030//1 921//1
f 1030//1 922//1 921//1
f 1030//1 1031//1 922//1
f 1031//1 923//1 922//1
f 1031//1 1032//1 923//1
f 1032//1 924//1 923//1
f 1032//1 1033//1 924//1
f 1033//1 925//1 924//1
f 1033//1 1034//1 925//1
f 1034//1 926//1 925//1
f 1034//1 1035//1 926//1
f 1035//1 927//1 926//1
f 1035//1 1036//1 927//1
f 1036//1 928//1 927//1
f 1036//1 1037//1 928//1
f 1037//1 929//1 928//1
f 1037//1 1038//1 929//1
f 1038//18 930//18 929//18
f 1038//8 1039//8 930//8
f 1039//7 931//7 930//7
f 1039//1 1040//1 931//1
f 1040//1 932//1 931//1
f 1040//1 1041//1 932//1
f 1041//1 933//1 932//1
f 1041//1 1042//1 933//1
f 1042//1 934//1 933//1
f 1042//1 1043//1 934//1
f 1043//19 935//19 934//19
f 1043//18 1044//18 935//18
f 1044//1 936//1 935//1
f 1044//1 1045//1 936//1
f 1045//1 937//1 936//1
f 1045//1 1046//1 937//1
f 1046//1 938//1 937//1
f 1046//1 1047//1 938//1
f 1047//1 1048//1 938//1
f 1048//1 939//1 938//1
f 1048//1 1049//1 939//1
f 1049//1 940//1 939//1
f 1049//1 1050//1 940//1
f 1050//29 941//29 940//29
f 1050//14 1051//14 941//14
f 1051//14 942//14 941//14
f 1051//10 1052//10 942//10
f 1052//1 943//1 942//1
f 1052//1 1053//1 943//1
f 1053//1 944//1 943//1
f 1053//1 1054//1 944//1
f 1054//1 945//1 944//1
f 1054//1 1055//1 945//1
f 1055//1 946//1 945//1
f 1055//1 1056//1 946//1
f 1056//1 947//1 946//1
f 1056//1 1057//1 947//1
f 1057//1 948//1 947//1
f 1057//1 1058//1 948//1
f 1058//1 949//1 948//1
f 1058//22 1059//22 949//22
f 1059//27 950//27 949//27
f 1059//1 1060//1 950//1
f 1060//1 951//1 950//1
f 1060//1 1061//1 951//1
f 1061//1 952//1 951//1
f 1061//1 1062//1 952//1
f 1062//1 953//1 952//1
f 1062//1 1063//1 953//1
f 1063//1 954//1 953//1
f 1063//1 1064//1 954//1
f 1064//1 955//1 954//1
f 1064//1 1065//1 955//1
f 1065//1 956//1 955//1
f 1065//1 1066//1 956//1
f 1066//4 1067//4 956//4
f 1067//5 957//5 956//5
f 1067//1 1068//1 957//1
f 1068//1 958//1 957//1
f 1068//1 1069//1 958//1
f 1069//1 959//1 958//1
f 1069//1 1070//1 959//1
f 1070//1 960//1 959//1
f 1070//1 1071//1 960//1
f 1071//1 961//1 960//1
f 1071//1 1072//1 961//1
f 1072//1 962//1 961//1
f 1072//1 1073//1 962//1
f 1073//1 963//1 962//1
f 1073//1 1074//1 963//1
f 1074//1 964//1 963//1
f 1074//1 1075//1 964//1
f 1075//1 965//1 964//1
f 1075//1 1076//1 965//1
f 1076//1 966//1 965//1
f 1076//1 1077//1 966//1
f 1077//1 967//1 966//1
f 1077//1 1078//1 967//1
f 1078//1 968//1 967//1
f 1078//1 1079//1 968//1
f 1079//1 969//1 968//1
f 1079//1 1080//1 969//1
f 1080//1 970//1 969//1
f 1080//1 1081//1 970//1
f 1081//1 971//1 970//1
f 1081//1 1082//1 971//1
f 1082//1 972//1 971//1
f 1082//1 1083//1 972//1
f 1083//1 973//1 972//1
f 1083//1 1084//1 973//1
f 1084//1 974//1 973//1
f 1084//1 1085//1 974//1
f 1085//1 1086//1 974//1
f 1086//1 975//1 974//1
f 1086//1 1087//1 975//1
f 1087//1 976//1 975//1
f 1087//1 1088//1 976//1
f 1088//1 977//1 976//1
f 1088//1 1089//1 977//1
f 1089//1 978//1 977//1
f 1089//7 1090//7 978//7
f 1090//7 979//7 978//7
f 1090//1 1091//1 979//1
f 1091//1 980//1 979//1
f 1091//1 1092//1 980//1
f 1092//1 981//1 980//1
f 1092//1 1093//1 981//1
f 1093//25 982//25 981//25
f 1093//25 1094//25 982//25
f 1094//1 983//1 982//1
f 1094//3 1095//3 983//3
f 1095//21 984//21 983//21
f 1095//20 1096//20 984//20
f 1096//2 985//2 984//2
f 1096//2 1097//2 985//2
f 1097//20 986//20 985//20
f 1097//21 1098//21 986//21
f 1098//3 987//3 986//3
f 1098//1 1099//1 987//1
f 1099//1 988//1 987//1
f 1099//1 1100//1 988//1
f 1100//1 989//1 988//1
f 1100//1 1101//1 989//1
f 1101//1 990//1 989//1
f 1101//1 1102//1 990//1
f 1102//1 991//1 990//1
f 1102//1 1103//1 991//1
f 1103//1 992//1 991//1
f 1103//1 1104//1 992//1
f 1104//1 1105//1 992//1
f 1105//1 993//1 992//1
f 1105//1 1106//1 993//1
f 1106//1 994//1 993//1
f 1106//1 1107//1 994//1
f 1107//1 995//1 994//1
f 1107//1 1108//1 995//1
f 1108//1 996//1 995//1
f 1108//1 1109//1 996//1
f 1109//1 997//1 996//1
f 1109//1 1110//1 997//1
f 1110//1 998//1 997//1
f 1110//1 1111//1 998//1
f 1111//1 999//1 998//1
f 1111//1 1112//1 999//1
f 1112//1 1000//1 999//1
f 1112//1 1113//1 1000//1
f 1113//1 1001//1 1000//1
f 1113//1 1114//1 1001//1
f 1114//1 1002//1 1001//1
f 1114//1 1115//1 1002//1
f 1115//1 1003//1 1002//1
f 1115//1 1116//1 1003//1
f 1116//1 1004//1 1003//1
f 1116//1 1117//1 1004//1
f 1117//1 1005//1 1004//1
f 1117//1 1118//1 1005//1
f 1118//1 1006//1 1005//1
f 1118//1 1119//1 1006//1
f 1119//1 1007//1 1006//1
f 1119//1 1120//1 1007//1
f 1120//1 1008//1 1007//1
f 1120//1 1121//1 1008//1
f 1121//1 1009//1 1008//1
f 1121//1 1122//1 1009//1
f 1122//1 1010//1 1009//1
f 1122//1 1123//1 1010//1
f 1123//1 1124//1 1010//1
f 1124//1 1011//1 1010//1
f 1124//1 1125//1 1011//1
f 1125//1 1012//1 1011//1
f 1125//1 1126//1 1012//1
f 1126//1 1013//1 1012//1
f 1126//1 1127//1 1013//1
f 1127//1 1014//1 1013//1
f 1127//1 1128//1 1014//1
f 1128//1 1015//1 1014//1
f 1128//1 1129//1 1015//1
f 1129//1 1016//1 1015//1
f 1129//1 1130//1 1016//1
f 1130//1 1017//1 1016//1
f 1130//1 1131//1 1017//1
f 1131//1 1018//1 1017//1
f 1131//1 1132//1 1018//1
f 1132//1 1019//1 1018//1
f 1132//1 1133//1 1019//1
f 1133//1 1020//1 1019//1
f 1133//1 1134//1 1020//1
f 1134//1 1021//1 1020//1
f 1134//1 1135//1 1021//1
f 1135//1 1022//1 1021//1
f 1135//1 1136//1 1022//1
f 1136//1 1023//1 1022//1
f 1136//1 1137//1 1023//1
f 1137//1 1024//1 1023//1
f 1137//1 1138//1 1024//1
f 1138//1 1025//1 1024//1
f 1138//1 1139//1 1025//1
f 1139//1 1026//1 1025//1
f 1139//1 1140//1 1026//1
f 1140//1 1027//1 1026//1
f 1140//1 1141//1 1027//1
f 1141//1 920//1 1027//1
f 1141//1 1028//1 920//1
f 1142//1 1143//1 1028//1
f 1143//1 1029//1 1028//1
f 1143//1 1144//1 1029//1
f 1144//1 1030//1 1029//1
f 1144//1 1145//1 1030//1
f 1145//1 1031//1 1030//1
f 1145//1 1146//1 1031//1
f 1146//1 1032//1 1031//1
f 1146//1 1147//1 1032//1
f 1147//1 1033//1 1032//1
f 1147//1 1148//1 1033//1
f 1148//1 1034//1 1033//1
f 1148//1 1149//1 1034//1
f 1149//1 1035//1 1034//1
f 1149//1 1150//1 1035//1
f 1150//1 1036//1 1035//1
f 1150//1 1151//1 1036//1
f 1151//1 1037//1 1036//1
f 1151//1 1152//1 1037//1
f 1152//1 1038//1 1037//1
f 1152//1 1153//1 1038//1
f 1153//1 1039//1 1038//1
f 1153//1 1154//1 1039//1
f 1154//1 1040//1 1039//1
f 1154//1 1155//1 1040//1
f 1155//1 1041//1 1040//1
f 1155//1 1156//1 1041//1
f 1156//1 1042//1 1041//1
f 1156//1 1157//1 1042//1
f 1157//1 1043//1 1042//1
f 1157//1 1158//1 1043//1
f 1158//17 1044//17 1043//17
f 1158//16 1159//16 1044//16
f 1159//8 1045//8 1044//8
f 1159//9 1160//9 1045//9
f 1160//9 1046//9 1045//9
f 1160//26 1161//26 1046//26
f 1161//1 1047//1 1046//1
f 1161//1 1162//1 1047//1
f 1162//1 1163//1 1047//1
f 1163//1 1048//1 1047//1
f 1163//1 1164//1 1048//1
f 1164//1 1049//1 1048//1
f 1164//1 1165//1 1049//1
f 1165//1 1050//1 1049//1
f 1165//1 1166//1 1050//1
f 1166//1 1051//1 1050//1
f 1166//1 1167//1 1051//1
f 1167//9 1052//9 1051//9
f 1167//9 1168//9 1052//9
f 1168//1 1053//1 1052//1
f 1168//1 1169//1 1053//1
f 1169//1 1054//1 1053//1
f 1169//1 1170//1 1054//1
f 1170//1 1055//1 1054//1
f 1170//1 1171//1 1055//1
f 1171//1 1056//1 1055//1
f 1171//1 1172//1 1056//1
f 1172//1 1057//1 1056//1
f 1172//1 1173//1 1057//1
f 1173//1 1058//1 1057//1
f 1173//23 1174//23 1058//23
f 1174//23 1059//23 1058//23
f 1174//1 1175//1 1059//1
f 1175//1 1060//1 1059//1
f 1175//1 1176//1 1060//1
f 1176//1 1061//1 1060//1
f 1176//1 1177//1 1061//1
f 1177//1 1062//1 1061//1
f 1177//1 1178//1 1062//1
f 1178//1 1063//1 1062//1
f 1178//1 1179//1 1063//1
f 1179//1 1064//1 1063//1
f 1179//1 1180//1 1064//1
f 1180//1 1065//1 1064//1
f 1180//1 1181//1 1065//1
f 1181//1 1066//1 1065//1
f 1181//1 1182//1 1066//1
f 1182//6 1183//6 1066//6
f 1183//13 1067//13 1066//13
f 1183//1 1184//1 1067//1
f 1184//1 1068//1 1067//1
f 1184//1 1185//1 1068//1
f 1185//1 1069//1 1068//1
f 1185//1 1186//1 1069//1
f 1186//1 1070//1 1069//1
f 1186//1 1187//1 1070//1
f 1187//1 1071//1 1070//1
f 1187//1 1188//1 1071//1
f 1188//1 1072//1 1071//1
f 1188//1 1189//1 1072//1
f 1189//1 1073//1 1072//1
f 1189//1 1190//1 1073//1
f 1190//1 1074//1 1073//1
f 1190//1 1191//1 1074//1
f 1191//1 1075//1 1074//1
f 1191//1 1192//1 1075//1
f 1192//1 1076//1 1075//1
f 1192//1 1193//1 1076//1
f 1193//1 1077//1 1076//1
f 1193//1 1194//1 1077//1
f 1194//1 1078//1 1077//1
f 1194//1 1195//1 1078//1
f 1195//1 1079//1 1078//1
f 1195//1 1196//1 1079//1
f 1196//1 1080//1 1079//1
f 1196//1 1197//1 1080//1
f 1197//1 1081//1 1080//1
f 1197//1 1198//1 1081//1
f 1198//1 1082//1 1081//1
f 1198//1 1199//1 1082//1
f 1199//1 1083//1 1082//1
f 1199//1 1200//1 1083//1
f 1200//1 1084//1 1083//1
f 1200//1 1201//1 1084//1
f 1201//1 1085//1 1084//1
f 1201//1 1202//1 1085//1
f 1202//1 1203//1 1085//1
f 1203//1 1086//1 1085//1
f 1203//1 1204//1 1086//1
f 1204//1 1087//1 1086//1
f 1204//1 1205//1 1087//1
f 1205//1 1088//1 1087//1
f 1205//1 1206//1 1088//1
f 1206//1 1089//1 1088//1
f 1206//1 1207//1 1089//1
f 1207//23 1090//23 1089//23
f 1207//5 1208//5 1090//5
f 1208//5 1091//5 1090//5
f 1208//28 1209//28 1091//28
f 1209//1 1092//1 1091//1
f 1209//1 1210//1 1092//1
f 1210//1 1093//1 1092//1
f 1210//1 1211//1 1093//1
f 1211//24 1094//24 1093//24
f 1211//30 1212//30 1094//30
f 1212//31 1095//31 1094//31
f 1212//25 1213//25 1095//25
f 1213//1 1096//1 1095//1
f 1213//2 1214//2 1096//2
f 1214//2 1097//2 1096//2
f 1214//1 1215//1 1097//1
f 1215//1 1098//1 1097//1
f 1215//1 1216//1 1098//1
f 1216//1 1099//1 1098//1
f 1216//1 1217//1 1099//1
f 1217//1 1100//1 1099//1
f 1217//1 1218//1 1100//1
f 1218//1 1101//1 1100//1
f 1218//1 1219//1 1101//1
f 1219//1 1102//1 1101//1
f 1219//1 1220//1 1102//1
f 1220//1 1103//1 1102//1
f 1220//1 1221//1 1103//1
f 1221//1 1104//1 1103//1
f 1221//1 1222//1 1104//1
f 1222//1 1223//1 1104//1
f 1223//1 1105//1 1104//1
f 1223//1 1224//1 1105//1
f 1224//1 1106//1 1105//1
f 1224//1 1225//1 1106//1
f 1225//1 1107//1 1106//1
f 1225//1 1226//1 1107//1
f 1226//1 1108//1 1107//1
f 1226//1 1227//1 1108//1
f 1227//1 1109//1 1108//1
f 1227//1 1228//1 1109//1
f 1228//1 1110//1 1109//1
f 1228//1 1229//1 1110//1
f 1229//1 1111//1 1110//1
f 1229//1 1230//1 1111//1
f 1230//1 1112//1 1111//1
f 1230//1 1231//1 1112//1
f 1231//1 1113//1 1112//1
f 1231//1 1232//1 1113//1
f 1232//1 1114//1 1113//1
f 1232//1 1233//1 1114//1
f 1233//1 1115//1 1114//1
f 1233//1 1234//1 1115//1
f 1234//1 1116//1 1115//1
f 1234//1 1235//1 1116//1
f 1235//1 1117//1 1116//1
f 1235//1 1236//1 1117//1
f 1236//1 1118//1 1117//1
f 1236//1 1237//1 1118//1
f 1237//1 1119//1 1118//1
f 1237//1 1238//1 1119//1
f 1238//1 1120//1 1119//1
f 1238//1 1239//1 1120//1
f 1239//1 1121//1 1120//1
f 1239//1 1240//1 1121//1
f 1240//1 1122//1 1121//1
f 1240//1 1241//1 1122//1
f 1241//1 1123//1 1122//1
f 1241//1 1242//1 1123//1
f 1242//1 1243//1 1123//1
f 1243//1 1124//1 1123//1
f 1243//1 1244//1 1124//1
f 1244//1 1125//1 1124//1
f 1244//1 1245//1 1125//1
f 1245//1 1126//1 1125//1
f 1245//1 1246//1 1126//1
f 1246//1 1127//1 1126//1
f 1246//1 1247//1 1127//1
f 1247//1 1128//1 1127//1
f 1247//1 1248//1 1128//1
f 1248//1 1129//1 1128//1
f 1248//1 1249//1 1129//1
f 1249//1 1130//1 1129//1
f 1249//1 1250//1 1130//1
f 1250//1 1131//1 1130//1
f 1250//1 1251//1 1131//1
f 1251//1 1132//1 1131//1
f 1251//1 1252//1 1132//1
f 1252//1 1133//1 1132//1
f 1252//1 1253//1 1133//1
f 1253//1 1134//1 1133//1
f 1253//1 1254//1 1134//1
f 1254//1 1135//1 1134//1
f 1254//1 1255//1 1135//1
f 1255//1 1136//1 1135//1
f 1255//1 1256//1 1136//1
f 1256//1 1137//1 1136//1
f 1256//1 1257//1 1137//1
f 1257//1 1138//1 1137//1
f 1257//1 1258//1 1138//1
f 1258//1 1139//1 1138//1
f 1258//1 1259//1 1139//1
f 1259//1 1140//1 1139//1
f 1259//1 1260//1 1140//1
f 1260//1 1141//1 1140//1
f 1260//1 1261//1 1141//1
f 1261//1 1028//1 1141//1
f 1261//1 1142//1 1028//1
f 1262//1 1263//1 1142//1
f 1263//1 1143//1 1142//1
f 1263//1 1264//1 1143//1
f 1264//1 1144//1 1143//1
f 1264//1 1265//1 1144//1
f 1265//1 1145//1 1144//1
f 1265//1 1266//1 1145//1
f 1266//1 1146//1 1145//1
f 1266//1 1267//1 1146//1
f 1267//1 1147//1 1146//1
f 1267//1 1268//1 1147//1
f 1268//1 1148//1 1147//1
f 1268//1 1269//1 1148//1
f 1269//1 1149//1 1148//1
f 1269//1 1270//1 1149//1
f 1270//1 1150//1 1149//1
f 1270//1 1271//1 1150//1
f 1271//1 1151//1 1150//1
f 1271//1 1272//1 1151//1
f 1272//1 1152//1 1151//1
f 1272//1 1273//1 1152//1
f 1273//1 1153//1 1152//1
f 1273//1 1274//1 1153//1
f 1274//1 1154//1 1153//1
f 1274//1 1275//1 1154//1
f 1275//1 1155//1 1154//1
f 1275//1 1276//1 1155//1
f 1276//1 1156//1 1155//1
f 1276//1 1277//1 1156//1
f 1277//1 1157//1 1156//1
f 1277//1 1278//1 1157//1
f 1278//1 1158//1 1157//1
f 1278//1 1279//1 1158//1
f 1279//1 1159//1 1158//1
f 1279//1 1280//1 1159//1
f 1280//1 1160//1 1159//1
f 1280//1 1281//1 1160//1
f 1281//26 1161//26 1160//26
f 1281//9 1282//9 1161//9
f 1282//9 1162//9 1161//9
f 1282//8 1283//8 1162//8
f 1283//16 1284//16 1162//16
f 1284//1 1163//1 1162//1
f 1284//1 1285//1 1163//1
f 1285//1 1164//1 1163//1
f 1285//1 1286//1 1164//1
f 1286//1 1165//1 1164//1
f 1286//1 1287//1 1165//1
f 1287//1 1166//1 1165//1
f 1287//1 1288//1 1166//1
f 1288//1 1167//1 1166//1
f 1288//1 1289//1 1167//1
f 1289//8 1168//8 1167//8
f 1289//7 1290//7 1168//7
f 1290//7 1169//7 1168//7
f 1290//7 1291//7 1169//7
f 1291//7 1170//7 1169//7
f 1291//7 1292//7 1170//7
f 1292//7 1171//7 1170//7
f 1292//7 1293//7 1171//7
f 1293//7 1172//7 1171//7
f 1293//7 1294//7 1172//7
f 1294//7 1173//7 1172//7
f 1294//7 1295//7 1173//7
f 1295//24 1174//24 1173//24
f 1295//1 1296//1 1174//1
f 1296//1 1175//1 1174//1
f 1296//1 1297//1 1175//1
f 1297//1 1176//1 1175//1
f 1297//1 1298//1 1176//1
f 1298//1 1177//1 1176//1
f 1298//1 1299//1 1177//1
f 1299//1 1178//1 1177//1
f 1299//1 1300//1 1178//1
f 1300//1 1179//1 1178//1
f 1300//1 1301//1 1179//1
f 1301//1 1180//1 1179//1
f 1301//1 1302//1 1180//1
f 1302//1 1181//1 1180//1
f 1302//1 1303//1 1181//1
f 1303//1 1182//1 1181//1
f 1303//25 1304//25 1182//25
f 1304//24 1305//24 1182//24
f 1305//20 1183//20 1182//20
f 1305//1 1306//1 1183//1
f 1306//1 1184//1 1183//1
f 1306//1 1307//1 1184//1
f 1307//1 1185//1 1184//1
f 1307//1 1308//1 1185//1
f 1308//1 1186//1 1185//1
f 1308//1 1309//1 1186//1
f 1309//1 1187//1 1186//1
f 1309//1 1310//1 1187//1
f 1310//1 1188//1 1187//1
f 1310//1 1311//1 1188//1
f 1311//1 1189//1 1188//1
f 1311//1 1312//1 1189//1
f 1312//1 1190//1 1189//1
f 1312//1 1313//1 1190//1
f 1313//1 1191//1 1190//1
f 1313//1 1314//1 1191//1
f 1314//1 1192//1 1191//1
f 1314//1 1315//1 1192//1
f 1315//1 1193//1 1192//1
f 1315//1 1316//1 1193//1
f 1316//1 1194//1 1193//1
f 1316//1 1317//1 1194//1
f 1317//1 1195//1 1194//1
f 1317//1 1318//1 1195//1
f 1318//1 1196//1 1195//1
f 1318//1 1319//1 1196//1
f 1319//1 1197//1 1196//1
f 1319//1 1320//1 1197//1
f 1320//1 1198//1 1197//1
f 1320//1 1321//1 1198//1
f 1321//1 1199//1 1198//1
f 1321//1 1322//1 1199//1
f 1322//1 1200//1 1199//1
f 1322//1 1323//1 1200//1
f 1323//1 1201//1 1200//1
f 1323//1 1324//1 1201//1
f 1324//1 1202//1 1201//1
f 1324//1 1325//1 1202//1
f 1325//1 1326//1 1202//1
f 1326//1 1203//1 1202//1
f 1326//1 1327//1 1203//1
f 1327//1 1204//1 1203//1
f 1327//1 1328//1 1204//1
f 1328//1 1205//1 1204//1
f 1328//1 1329//1 1205//1
f 1329//1 1206//1 1205//1
f 1329//1 1330//1 1206//1
f 1330//1 1207//1 1206//1
f 1330//1 1331//1 1207//1
f 1331//1 1208//1 1207//1
f 1331//1 1332//1 1208//1
f 1332//28 1209//28 1208//28
f 1332//5 1333//5 1209//5
f 1333//5 1210//5 1209//5
f 1333//20 1334//20 1210//20
f 1334//6 1211//6 1210//6
f 1334//13 1335//13 1211//13
f 1335//3 1212//3 1211//3
f 1335//1 1336//1 1212//1
f 1336//24 1213//24 1212//24
f 1336//20 1337//20 1213//20
f 1337//2 1214//2 1213//2
f 1337//1 1338//1 1214//1
f 1338//1 1215//1 1214//1
f 1338//1 1339//1 1215//1
f 1339//1 1216//1 1215//1
f 1339//1 1340//1 1216//1
f 1340//1 1217//1 1216//1
f 1340//1 1341//1 1217//1
f 1341//1 1218//1 1217//1
f 1341//1 1342//1 1218//1
f 1342//1 1219//1 1218//1
f 1342//1 1343//1 1219//1
f 1343//1 1220//1 1219//1
f 1343//1 1344//1 1220//1
f 1344//1 1221//1 1220//1
f 1344//1 1345//1 1221//1
f 1345//1 1222//1 1221//1
f 1345//1 1346//1 1222//1
f 1346//1 1347//1 1222//1
f 1347//1 1223//1 1222//1
f 1347//1 1348//1 1223//1
f 1348//1 1224//1 1223//1
f 1348//1 1349//1 1224//1
f 1349//1 1225//1 1224//1
f 1349//1 1350//1 1225//1
f 1350//1 1226//1 1225//1
f 1350//1 1351//1 1226//1
f 1351//1 1227//1 1226//1
f 1351//1 1352//1 1227//1
f 1352//1 1228//1 1227//1
f 1352//1 1353//1 1228//1
f 1353//1 1229//1 1228//1
f 1353//1 1354//1 1229//1
f 1354//1 1230//1 1229//1
f 1354//1 1355//1 1230//1
f 1355//1 1231//1 1230//1
f 1355//1 1356//1 1231//1
f 1356//1 1232//1 1231//1
f 1356//1 1357//1 1232//1
f 1357//1 1233//1 1232//1
f 1357//1 1358//1 1233//1
f 1358//1 1234//1 1233//1
f 1358//1 1359//1 1234//1
f 1359//1 1235//1 1234//1
f 1359//1 1360//1 1235//1
f 1360//1 1236//1 1235//1
f 1360//1 1361//1 1236//1
f 1361//1 1237//1 1236//1
f 1361//1 1362//1 1237//1
f 1362//1 1238//1 1237//1
f 1362//1 1363//1 1238//1
f 1363//1 1239//1 1238//1
f 1363//1 1364//1 1239//1
f 1364//1 1240//1 1239//1
f 1364//1 1365//1 1240//1
f 1365//1 1241//1 1240//1
f 1365//1 1366//1 1241//1
f 1366//1 1242//1 1241//1
f 1366//1 1367//1 1242//1
f 1367//1 1368//1 1242//1
f 1368//1 1243//1 1242//1
f 1368//1 1369//1 1243//1
f 1369//1 1244//1 1243//1
f 1369//1 1370//1 1244//1
f 1370//1 1245//1 1244//1
f 1370//1 1371//1 1245//1
f 1371//1 1246//1 1245//1
f 1371//1 1372//1 1246//1
f 1372//1 1247//1 1246//1
f 1372//1 1373//1 1247//1
f 1373//1 1248//1 1247//1
f 1373//1 1374//1 1248//1
f 1374//1 1249//1 1248//1
f 1374//1 1375//1 1249//1
f 1375//1 1250//1 1249//1
f 1375//1 1376//1 1250//1
f 1376//1 1251//1 1250//1
f 1376//1 1377//1 1251//1
f 1377//1 1252//1 1251//1
f 1377//1 1378//1 1252//1
f 1378//1 1253//1 1252//1
f 1378//1 1379//1 1253//1
f 1379//1 1254//1 1253//1
f 1379//1 1380//1 1254//1
f 1380//1 1255//1 1254//1
f 1380//1 1381//1 1255//1
f 1381//1 1256//1 1255//1
f 1381//1 1382//1 1256//1
f 1382//1 1257//1 1256//1
f 1382//1 1383//1 1257//1
f 1383//1 1258//1 1257//1
f 1383//1 1384//1 1258//1
f 1384//1 1259//1 1258//1
f 1384//1 1385//1 1259//1
f 1385//1 1260//1 1259//1
f 1385//1 1386//1 1260//1
f 1386//1 1261//1 1260//1
f 1386//1 1387//1 1261//1
f 1387//1 1142//1 1261//1
f 1387//1 1262//1 1142//1
f 1388//1 1389//1 1262//1
f 1389//1 1263//1 1262//1
f 1389//1 1390//1 1263//1
f 1390//1 1264//1 1263//1
f 1390//1 1391//1 1264//1
f 1391//1 1265//1 1264//1
f 1391//1 1392//1 1265//1
f 1392//1 1266//1 1265//1
f 1392//1 1393//1 1266//1
f 1393//1 1267//1 1266//1
f 1393//1 1394//1 1267//1
f 1394//1 1268//1 1267//1
f 1394//1 1395//1 1268//1
f 1395//1 1269//1 1268//1
f 1395//1 1396//1 1269//1
f 1396//1 1270//1 1269//1
f 1396//1 1397//1 1270//1
f 1397//1 1271//1 1270//1
f 1397//1 1398//1 1271//1
f 1398//1 1272//1 1271//1
f 1398//1 1399//1 1272//1
f 1399//1 1273//1 1272//1
f 1399//1 1400//1 1273//1
f 1400//1 1274//1 1273//1
f 1400//1 1401//1 1274//1
f 1401//1 1275//1 1274//1
f 1401//1 1402//1 1275//1
f 1402//1 1276//1 1275//1
f 1402//1 1403//1 1276//1
f 1403//1 1277//1 1276//1
f 1403//1 1404//1 1277//1
f 1404//1 1278//1 1277//1
f 1404//1 1405//1 1278//1
f 1405//1 1279//1 1278//1
f 1405//1 1406//1 1279//1
f 1406//1 1280//1 1279//1
f 1406//1 1407//1 1280//1
f 1407//1 1281//1 1280//1
f 1407//1 1408//1 1281//1
f 1408//1 1282//1 1281//1
f 1408//1 1409//1 1282//1
f 1409//1 1283//1 1282//1
f 1409//1 1410//1 1283//1
f 1410//18 1411//18 1283//18
f 1411//17 1284//17 1283//17
f 1411//1 1412//1 1284//1
f 1412//1 1285//1 1284//1
f 1412//1 1413//1 1285//1
f 1413//1 1286//1 1285//1
f 1413//1 1414//1 1286//1
f 1414//1 1287//1 1286//1
f 1414//1 1415//1 1287//1
f 1415//1 1288//1 1287//1
f 1415//1 1416//1 1288//1
f 1416//1 1289//1 1288//1
f 1416//1 1417//1 1289//1
f 1417//1 1290//1 1289//1
f 1417//1 1418//1 1290//1
f 1418//1 1291//1 1290//1
f 1418//1 1419//1 1291//1
f 1419//1 1292//1 1291//1
f 1419//1 1420//1 1292//1
f 1420//1 1293//1 1292//1
f 1420//1 1421//1 1293//1
f 1421//1 1294//1 1293//1
f 1421//1 1422//1 1294//1
f 1422//1 1295//1 1294//1
f 1422//1 1423//1 1295//1
f 1423//1 1296//1 1295//1
f 1423//1 1424//1 1296//1
f 1424//1 1297//1 1296//1
f 1424//1 1425//1 1297//1
f 1425//1 1298//1 1297//1
f 1425//1 1426//1 1298//1
f 1426//1 1299//1 1298//1
f 1426//1 1427//1 1299//1
f 1427//1 1300//1 1299//1
f 1427//1 1428//1 1300//1
f 1428//1 1301//1 1300//1
f 1428//1 1429//1 1301//1
f 1429//1 1302//1 1301//1
f 1429//27 1430//27 1302//27
f 1430//14 1303//14 1302//14
f 1430//14 1431//14 1303//14
f 1431//27 1304//27 1303//27
f 1431//1 1432//1 1304//1
f 1432//1 1433//1 1304//1
f 1433//1 1305//1 1304//1
f 1433//1 1434//1 1305//1
f 1434//1 1306//1 1305//1
f 1434//1 1435//1 1306//1
f 1435//1 1307//1 1306//1
f 1435//1 1436//1 1307//1
f 1436//1 1308//1 1307//1
f 1436//1 1437//1 1308//1
f 1437//1 1309//1 1308//1
f 1437//1 1438//1 1309//1
f 1438//1 1310//1 1309//1
f 1438//1 1439//1 1310//1
f 1439//1 1311//1 1310//1
f 1439//1 1440//1 1311//1
f 1440//1 1312//1 1311//1
f 1440//1 1441//1 1312//1
f 1441//1 1313//1 1312//1
f 1441//1 1442//1 1313//1
f 1442//1 1314//1 1313//1
f 1442//1 1443//1 1314//1
f 1443//1 1315//1 1314//1
f 1443//1 1444//1 1315//1
f 1444//1 1316//1 1315//1
f 1444//1 1445//1 1316//1
f 1445//1 1317//1 1316//1
f 1445//1 1446//1 1317//1
f 1446//1 1318//1 1317//1
f 1446//1 1447//1 1318//1
f 1447//1 1319//1 1318//1
f 1447//1 1448//1 1319//1
f 1448//1 1320//1 1319//1
f 1448//1 1449//1 1320//1
f 1449//1 1321//1 1320//1
f 1449//1 1450//1 1321//1
f 1450//1 1322//1 1321//1
f 1450//1 1451//1 1322//1
f 1451//1 1323//1 1322//1
f 1451//1 1452//1 1323//1
f 1452//1 1324//1 1323//1
f 1452//1 1453//1 1324//1
f 1453//1 1325//1 1324//1
f 1453//1 1454//1 1325//1
f 1454//1 1455//1 1325//1
f 1455//1 1326//1 1325//1
f 1455//1 1456//1 1326//1
f 1456//1 1327//1 1326//1
f 1456//1 1457//1 1327//1
f 1457//1 1328//1 1327//1
f 1457//1 1458//1 1328//1
f 1458//1 1329//1 1328//1
f 1458//1 1459//1 1329//1
f 1459//1 1330//1 1329//1
f 1459//1 1460//1 1330//1
f 1460//1 1331//1 1330//1
f 1460//1 1461//1 1331//1
f 1461//1 1332//1 1331//1
f 1461//1 1462//1 1332//1
f 1462//1 1333//1 1332//1
f 1462//1 1463//1 1333//1
f 1463//1 1334//1 1333//1
f 1463//1 1464//1 1334//1
f 1464//1 1335//1 1334//1
f 1464//1 1465//1 1335//1
f 1465//1 1336//1 1335//1
f 1465//1 1466//1 1336//1
f 1466//1 1337//1 1336//1
f 1466//1 1467//1 1337//1
f 1467//1 1338//1 1337//1
f 1467//1 1468//1 1338//1
f 1468//1 1339//1 1338//1
f 1468//1 1469//1 1339//1
f 1469//1 1340//1 1339//1
f 1469//1 1470//1 1340//1
f 1470//1 1341//1 1340//1
f 1470//1 1471//1 1341//1
f 1471//1 1342//1 1341//1
f 1471//1 1472//1 1342//1
f 1472//1 1343//1 1342//1
f 1472//1 1473//1 1343//1
f 1473//1 1344//1 1343//1
f 1473//1 1474//1 1344//1
f 1474//1 1345//1 1344//1
f 1474//1 1475//1 1345//1
f 1475//1 1346//1 1345//1
f 1475//1 1476//1 1346//1
f 1476//1 1477//1 1346//1
f 1477//1 1347//1 1346//1
f 1477//1 1478//1 1347//1
f 1478//1 1348//1 1347//1
f 1478//1 1479//1 1348//1
f 1479//1 1349//1 1348//1
f 1479//1 1480//1 1349//1
f 1480//1 1350//1 1349//1
f 1480//1 1481//1 1350//1
f 1481//1 1351//1 1350//1
f 1481//1 1482//1 1351//1
f 1482//1 1352//1 1351//1
f 1482//1 1483//1 1352//1
f 1483//1 1353//1 1352//1
f 1483//1 1484//1 1353//1
f 1484//1 1354//1 1353//1
f 1484//1 1485//1 1354//1
f 1485//1 1355//1 1354//1
f 1485//1 1486//1 1355//1
f 1486//1 1356//1 1355//1
f 1486//1 1487//1 1356//1
f 1487//1 1357//1 1356//1
f 1487//1 1488//1 1357//1
f 1488//1 1358//1 1357//1
f 1488//1 1489//1 1358//1
f 1489//1 1359//1 1358//1
f 1489//1 1490//1 1359//1
f 1490//1 1360//1 1359//1
f 1490//1 1491//1 1360//1
f 1491//1 1361//1 1360//1
f 1491//1 1492//1 1361//1
f 1492//1 1362//1 1361//1
f 1492//1 1493//1 1362//1
f 1493//1 1363//1 1362//1
f 1493//1 1494//1 1363//1
f 1494//1 1364//1 1363//1
f 1494//1 1495//1 1364//1
f 1495//1 1365//1 1364//1
f 1495//1 1496//1 1365//1
f 1496//1 1366//1 1365//1
f 1496//1 1497//1 1366//1
f 1497//1 1367//1 1366//1
f 1497//1 1498//1 1367//1
f 1498//1 1499//1 1367//1
f 1499//1 1368//1 1367//1
f 1499//1 1500//1 1368//1
f 1500//1 1369//1 1368//1
f 1500//1 1501//1 1369//1
f 1501//1 1370//1 1369//1
f 1501//1 1502//1 1370//1
f 1502//1 1371//1 1370//1
f 1502//1 1503//1 1371//1
f 1503//1 1372//1 1371//1
f 1503//1 1504//1 1372//1
f 1504//1 1373//1 1372//1
f 1504//1 1505//1 1373//1
f 1505//1 1374//1 1373//1
f 1505//1 1506//1 1374//1
f 1506//1 1375//1 1374//1
f 1506//1 1507//1 1375//1
f 1507//1 1376//1 1375//1
f 1507//1 1508//1 1376//1
f 1508//1 1377//1 1376//1
f 1508//1 1509//1 1377//1
f 1509//1 1378//1 1377//1
f 1509//1 1510//1 1378//1
f 1510//1 1379//1 1378//1
f 1510//1 1511//1 1379//1
f 1511//1 1380//1 1379//1
f 1511//1 1512//1 1380//1
f 1512//1 1381//1 1380//1
f 1512//1 1513//1 1381//1
f 1513//1 1382//1 1381//1
f 1513//1 1514//1 1382//1
f 1514//1 1383//1 1382//1
f 1514//1 1515//1 1383//1
f 1515//1 1384//1 1383//1
f 1515//1 1516//1 1384//1
f 1516//1 1385//1 1384//1
f 1516//1 1517//1 1385//1
f 1517//1 1386//1 1385//1
f 1517//1 1518//1 1386//1
f 1518//1 1387//1 1386//1
f 1518//1 1519//1 1387//1
f 1519//1 1262//1 1387//1
f 1519//1 1388//1 1262//1
f 1520//1 1521//1 1388//1
f 1521//1 1389//1 1388//1
f 1521//1 1522//1 1389//1
f 1522//1 1390//1 1389//1
f 1522//1 1523//1 1390//1
f 1523//1 1391//1 1390//1
f 1523//1 1524//1 1391//1
f 1524//1 1392//1 1391//1
f 1524//1 1525//1 1392//1
f 1525//1 1393//1 1392//1
f 1525//1 1526//1 1393//1
f 1526//1 1394//1 1393//1
f 1526//1 1527//1 1394//1
f 1527//1 1395//1 1394//1
f 1527//1 1528//1 1395//1
f 1528//1 1396//1 1395//1
f 1528//1 1529//1 1396//1
f 1529//1 1397//1 1396//1
f 1529//1 1530//1 1397//1
f 1530//1 1398//1 1397//1
f 1530//1 1531//1 1398//1
f 1531//1 1399//1 1398//1
f 1531//1 1532//1 1399//1
f 1532//1 1400//1 1399//1
f 1532//1 1533//1 1400//1
f 1533//1 1401//1 1400//1
f 1533//1 1534//1 1401//1
f 1534//1 1402//1 1401//1
f 1534//1 1535//1 1402//1
f 1535//1 1403//1 1402//1
f 1535//1 1536//1 1403//1
f 1536//1 1404//1 1403//1
f 1536//1 1537//1 1404//1
f 1537//1 1405//1 1404//1
f 1537//1 1538//1 1405//1
f 1538//1 1406//1 1405//1
f 1538//1 1539//1 1406//1
f 1539//1 1407//1 1406//1
f 1539//1 1540//1 1407//1
f 1540//1 1408//1 1407//1
f 1540//1 1541//1 1408//1
f 1541//1 1409//1 1408//1
f 1541//1 1542//1 1409//1
f 1542//1 1410//1 1409//1
f 1542//1 1543//1 1410//1
f 1543//1 1544//1 1410//1
f 1544//8 1411//8 1410//8
f 1544//16 1545//16 1411//16
f 1545//1 1412//1 1411//1
f 1545//1 1546//1 1412//1
f 1546//1 1413//1 1412//1
f 1546//1 1547//1 1413//1
f 1547//1 1414//1 1413//1
f 1547//1 1548//1 1414//1
f 1548//1 1415//1 1414//1
f 1548//1 1549//1 1415//1
f 1549//1 1416//1 1415//1
f 1549//1 1550//1 1416//1
f 1550//1 1417//1 1416//1
f 1550//1 1551//1 1417//1
f 1551//1 1418//1 1417//1
f 1551//1 1552//1 1418//1
f 1552//1 1419//1 1418//1
f 1552//1 1553//1 1419//1
f 1553//1 1420//1 1419//1
f 1553//1 1554//1 1420//1
f 1554//1 1421//1 1420//1
f 1554//1 1555//1 1421//1
f 1555//1 1422//1 1421//1
f 1555//1 1556//1 1422//1
f 1556//1 1423//1 1422//1
f 1556//1 1557//1 1423//1
f 1557//1 1424//1 1423//1
f 1557//1 1558//1 1424//1
f 1558//1 1425//1 1424//1
f 1558//1 1559//1 1425//1
f 1559//1 1426//1 1425//1
f 1559//1 1560//1 1426//1
f 1560//1 1427//1 1426//1
f 1560//1 1561//1 1427//1
f 1561//1 1428//1 1427//1
f 1561//1 1562//1 1428//1
f 1562//1 1429//1 1428//1
f 1562//24 1563//24 1429//24
f 1563//25 1430//25 1429//25
f 1563//1 1564//1 1430//1
f 1564//1 1431//1 1430//1
f 1564//1 1565//1 1431//1
f 1565//1 1432//1 1431//1
f 1565//1 1566//1 1432//1
f 1566//1 1567//1 1432//1
f 1567//1 1433//1 1432//1
f 1567//1 1568//1 1433//1
f 1568//1 1434//1 1433//1
f 1568//1 1569//1 1434//1
f 1569//1 1435//1 1434//1
f 1569//1 1570//1 1435//1
f 1570//1 1436//1 1435//1
f 1570//1 1571//1 1436//1
f 1571//1 1437//1 1436//1
f 1571//1 1572//1 1437//1
f 1572//1 1438//1 1437//1
f 1572//1 1573//1 1438//1
f 1573//1 1439//1 1438//1
f 1573//1 1574//1 1439//1
f 1574//1 1440//1 1439//1
f 1574//1 1575//1 1440//1
f 1575//1 1441//1 1440//1
f 1575//1 1576//1 1441//1
f 1576//1 1442//1 1441//1
f 1576//1 1577//1 1442//1
f 1577//1 1443//1 1442//1
f 1577//1 1578//1 1443//1
f 1578//1 1444//1 1443//1
f 1578//1 1579//1 1444//1
f 1579//1 1445//1 1444//1
f 1579//1 1580//1 1445//1
f 1580//1 1446//1 1445//1
f 1580//1 1581//1 1446//1
f 1581//1 1447//1 1446//1
f 1581//1 1582//1 1447//1
f 1582//1 1448//1 1447//1
f 1582//1 1583//1 1448//1
f 1583//1 1449//1 1448//1
f 1583//1 1584//1 1449//1
f 1584//1 1450//1 1449//1
f 1584//1 1585//1 1450//1
f 1585//1 1451//1 1450//1
f 1585//1 1586//1 1451//1
f 1586//1 1452//1 1451//1
f 1586//1 1587//1 1452//1
f 1587//1 1453//1 1452//1
f 1587//1 1588//1 1453//1
f 1588//1 1454//1 1453//1
f 1588//1 1589//1 1454//1
f 1589//1 1590//1 1454//1
f 1590//1 1455//1 1454//1
f 1590//1 1591//1 1455//1
f 1591//1 1456//1 1455//1
f 1591//1 1592//1 1456//1
f 1592//1 1457//1 1456//1
f 1592//1 1593//1 1457//1
f 1593//1 1458//1 1457//1
f 1593//1 1594//1 1458//1
f 1594//1 1459//1 1458//1
f 1594//1 1595//1 1459//1
f 1595//1 1460//1 1459//1
f 1595//1 1596//1 1460//1
f 1596//1 1461//1 1460//1
f 1596//1 1597//1 1461//1
f 1597//1 1462//1 1461//1
f 1597//1 1598//1 1462//1
f 1598//1 1463//1 1462//1
f 1598//1 1599//1 1463//1
f 1599//1 1464//1 1463//1
f 1599//1 1600//1 1464//1
f 1600//1 1465//1 1464//1
f 1600//1 1601//1 1465//1
f 1601//1 1466//1 1465//1
f 1601//1 1602//1 1466//1
f 1602//1 1467//1 1466//1
f 1602//1 1603//1 1467//1
f 1603//1 1468//1 1467//1
f 1603//1 1604//1 1468//1
f 1604//1 1469//1 1468//1
f 1604//1 1605//1 1469//1
f 1605//1 1470//1 1469//1
f 1605//1 1606//1 1470//1
f 1606//1 1471//1 1470//1
f 1606//1 1607//1 1471//1
f 1607//1 1472//1 1471//1
f 1607//1 1608//1 1472//1
f 1608//1 1473//1 1472//1
f 1608//1 1609//1 1473//1
f 1609//1 1474//1 1473//1
f 1609//1 1610//1 1474//1
f 1610//1 1475//1 1474//1
f 1610//1 1611//1 1475//1
f 1611//1 1476//1 1475//1
f 1611//1 1612//1 1476//1
f 1612//1 1613//1 1476//1
f 1613//1 1477//1 1476//1
f 1613//1 1614//1 1477//1
f 1614//1 1478//1 1477//1
f 1614//1 1615//1 1478//1
f 1615//1 1479//1 1478//1
f 1615//1 1616//1 1479//1
f 1616//1 1480//1 1479//1
f 1616//1 1617//1 1480//1
f 1617//1 1481//1 1480//1
f 1617//1 1618//1 1481//1
f 1618//1 1482//1 1481//1
f 1618//1 1619//1 1482//1
f 1619//1 1483//1 1482//1
f 1619//1 1620//1 1483//1
f 1620//1 1484//1 1483//1
f 1620//1 1621//1 1484//1
f 1621//1 1485//1 1484//1
f 1621//1 1622//1 1485//1
f 1622//1 1486//1 1485//1
f 1622//1 1623//1 1486//1
f 1623//1 1487//1 1486//1
f 1623//1 1624//1 1487//1
f 1624//1 1488//1 1487//1
f 1624//1 1625//1 1488//1
f 1625//1 1489//1 1488//1
f 1625//1 1626//1 1489//1
f 1626//1 1490//1 1489//1
f 1626//1 1627//1 1490//1
f 1627//1 1491//1 1490//1
f 1627//1 1628//1 1491//1
f 1628//1 1492//1 1491//1
f 1628//1 1629//1 1492//1
f 1629//1 1493//1 1492//1
f 1629//1 1630//1 1493//1
f 1630//1 1494//1 1493//1
f 1630//1 1631//1 1494//1
f 1631//1 1495//1 1494//1
f 1631//1 1632//1 1495//1
f 1632//1 1496//1 1495//1
f 1632//1 1633//1 1496//1
f 1633//1 1497//1 1496//1
f 1633//1 1634//1 1497//1
f 1634//1 1498//1 1497//1
f 1634//1 1635//1 1498//1
f 1635//1 1636//1 1498//1
f 1636//1 1499//1 1498//1
f 1636//1 1637//1 1499//1
f 1637//1 1500//1 1499//1
f 1637//1 1638//1 1500//1
f 1638//1 1501//1 1500//1
f 1638//1 1639//1 1501//1
f 1639//1 1502//1 1501//1
f 1639//1 1640//1 1502//1
f 1640//1 1503//1 1502//1
f 1640//1 1641//1 1503//1
f 1641//1 1504//1 1503//1
f 1641//1 1642//1 1504//1
f 1642//1 1505//1 1504//1
f 1642//1 1643//1 1505//1
f 1643//1 1506//1 1505//1
f 1643//1 1644//1 1506//1
f 1644//1 1507//1 1506//1
f 1644//1 1645//1 1507//1
f 1645//1 1508//1 1507//1
f 1645//1 1646//1 1508//1
f 1646//1 1509//1 1508//1
f 1646//1 1647//1 1509//1
f 1647//1 1510//1 1509//1
f 1647//1 1648//1 1510//1
f 1648//1 1511//1 1510//1
f 1648//1 1649//1 1511//1
f 1649//1 1512//1 1511//1
f 1649//1 1650//1 1512//1
f 1650//1 1513//1 1512//1
f 1650//1 1651//1 1513//1
f 1651//1 1514//1 1513//1
f 1651//1 1652//1 1514//1
f 1652//1 1515//1 1514//1
f 1652//1 1653//1 1515//1
f 1653//1 1516//1 1515//1
f 1653//1 1654//1 1516//1
f 1654//1 1517//1 1516//1
f 1654//1 1655//1 1517//1
f 1655//1 1518//1 1517//1
f 1655//1 1656//1 1518//1
f 1656//1 1519//1 1518//1
f 1656//1 1657//1 1519//1
f 1657//1 1388//1 1519//1
f 1657//1 1520//1 1388//1
f 1658//1 1659//1 1520//1
f 1659//1 1521//1 1520//1
f 1659//1 1660//1 1521//1
f 1660//1 1522//1 1521//1
f 1660//1 1661//1 1522//1
f 1661//1 1523//1 1522//1
f 1661//1 1662//1 1523//1
f 1662//1 1524//1 1523//1
f 1662//1 1663//1 1524//1
f 1663//1 1525//1 1524//1
f 1663//1 1664//1 1525//1
f 1664//1 1526//1 1525//1
f 1664//1 1665//1 1526//1
f 1665//1 1527//1 1526//1
f 1665//1 1666//1 1527//1
f 1666//1 1528//1 1527//1
f 1666//1 1667//1 1528//1
f 1667//1 1529//1 1528//1
f 1667//1 1668//1 1529//1
f 1668//1 1530//1 1529//1
f 1668//1 1669//1 1530//1
f 1669//1 1531//1 1530//1
f 1669//1 1670//1 1531//1
f 1670//1 1532//1 1531//1
f 1670//1 1671//1 1532//1
f 1671//1 1533//1 1532//1
f 1671//1 1672//1 1533//1
f 1672//1 1534//1 1533//1
f 1672//1 1673//1 1534//1
f 1673//1 1535//1 1534//1
f 1673//1 1674//1 1535//1
f 1674//1 1536//1 1535//1
f 1674//1 1675//1 1536//1
f 1675//1 1537//1 1536//1
f 1675//1 1676//1 1537//1
f 1676//1 1538//1 1537//1
f 1676//1 1677//1 1538//1
f 1677//1 1539//1 1538//1
f 1677//1 1678//1 1539//1
f 1678//1 1540//1 1539//1
f 1678//1 1679//1 1540//1
f 1679//1 1541//1 1540//1
f 1679//1 1680//1 1541//1
f 1680//1 1542//1 1541//1
f 1680//1 1681//1 1542//1
f 1681//1 1543//1 1542//1
f 1681//1 1682//1 1543//1
f 1682//1 1683//1 1543//1
f 1683//1 1544//1 1543//1
f 1683//1 1684//1 1544//1
f 1684//16 1545//16 1544//16
f 1684//8 1685//8 1545//8
f 1685//1 1546//1 1545//1
f 1685//1 1686//1 1546//1
f 1686//1 1547//1 1546//1
f 1686//1 1687//1 1547//1
f 1687//1 1548//1 1547//1
f 1687//1 1688//1 1548//1
f 1688//1 1549//1 1548//1
f 1688//1 1689//1 1549//1
f 1689//1 1550//1 1549//1
f 1689//1 1690//1 1550//1
f 1690//1 1551//1 1550//1
f 1690//1 1691//1 1551//1
f 1691//1 1552//1 1551//1
f 1691//1 1692//1 1552//1
f 1692//1 1553//1 1552//1
f 1692//1 1693//1 1553//1
f 1693//1 1554//1 1553//1
f 1693//1 1694//1 1554//1
f 1694//1 1555//1 1554//1
f 1694//1 1695//1 1555//1
f 1695//1 1556//1 1555//1
f 1695//1 1696//1 1556//1
f 1696//1 1557//1 1556//1
f 1696//1 1697//1 1557//1
f 1697//1 1558//1 1557//1
f 1697//1 1698//1 1558//1
f 1698//1 1559//1 1558//1
f 1698//1 1699//1 1559//1
f 1699//1 1560//1 1559//1
f 1699//1 1700//1 1560//1
f 1700//1 1561//1 1560//1
f 1700//24 1701//24 1561//24
f 1701//7 1562//7 1561//7
f 1701//7 1702//7 1562//7
f 1702//23 1563//23 1562//23
f 1702//1 1703//1 1563//1
f 1703//1 1564//1 1563//1
f 1703//1 1704//1 1564//1
f 1704//1 1565//1 1564//1
f 1704//1 1705//1 1565//1
f 1705//1 1566//1 1565//1
f 1705//1 1706//1 1566//1
f 1706//1 1707//1 1566//1
f 1707//1 1567//1 1566//1
f 1707//1 1708//1 1567//1
f 1708//1 1568//1 1567//1
f 1708//1 1709//1 1568//1
f 1709//1 1569//1 1568//1
f 1709//1 1710//1 1569//1
f 1710//1 1570//1 1569//1
f 1710//1 1711//1 1570//1
f 1711//1 1571//1 1570//1
f 1711//1 1712//1 1571//1
f 1712//1 1572//1 1571//1
f 1712//1 1713//1 1572//1
f 1713//1 1573//1 1572//1
f 1713//1 1714//1 1573//1
f 1714//1 1574//1 1573//1
f 1714//1 1715//1 1574//1
f 1715//1 1575//1 1574//1
f 1715//1 1716//1 1575//1
f 1716//1 1576//1 1575//1
f 1716//1 1717//1 1576//1
f 1717//1 1577//1 1576//1
f 1717//1 1718//1 1577//1
f 1718//1 1578//1 1577//1
f 1718//1 1719//1 1578//1
f 1719//1 1579//1 1578//1
f 1719//1 1720//1 1579//1
f 1720//1 1580//1 1579//1
f 1720//1 1721//1 1580//1
f 1721//1 1581//1 1580//1
f 1721//1 1722//1 1581//1
f 1722//1 1582//1 1581//1
f 1722//1 1723//1 1582//1
f 1723//1 1583//1 1582//1
f 1723//1 1724//1 1583//1
f 1724//1 1584//1 1583//1
f 1724//1 1725//1 1584//1
f 1725//1 1585//1 1584//1
f 1725//1 1726//1 1585//1
f 1726//1 1586//1 1585//1
f 1726//1 1727//1 1586//1
f 1727//1 1587//1 1586//1
f 1727//1 1728//1 1587//1
f 1728//1 1588//1 1587//1
f 1728//1 1729//1 1588//1
f 1729//1 1589//1 1588//1
f 1729//1 1730//1 1589//1
f 1730//1 1731//1 1589//1
f 1731//1 1590//1 1589//1
f 1731//1 1732//1 1590//1
f 1732//1 1591//1 1590//1
f 1732//1 1733//1 1591//1
f 1733//1 1592//1 1591//1
f 1733//1 1734//1 1592//1
f 1734//1 1593//1 1592//1
f 1734//1 1735//1 1593//1
f 1735//1 1594//1 1593//1
f 1735//1 1736//1 1594//1
f 1736//1 1595//1 1594//1
f 1736//1 1737//1 1595//1
f 1737//1 1596//1 1595//1
f 1737//1 1738//1 1596//1
f 1738//1 1597//1 1596//1
f 1738//1 1739//1 1597//1
f 1739//1 1598//1 1597//1
f 1739//1 1740//1 1598//1
f 1740//1 1599//1 1598//1
f 1740//1 1741//1 1599//1
f 1741//1 1600//1 1599//1
f 1741//1 1742//1 1600//1
f 1742//1 1601//1 1600//1
f 1742//1 1743//1 1601//1
f 1743//1 1602//1 1601//1
f 1743//1 1744//1 1602//1
f 1744//1 1603//1 1602//1
f 1744//1 1745//1 1603//1
f 1745//1 1604//1 1603//1
f 1745//1 1746//1 1604//1
f 1746//1 1605//1 1604//1
f 1746//1 1747//1 1605//1
f 1747//1 1606//1 1605//1
f 1747//1 1748//1 1606//1
f 1748//1 1607//1 1606//1
f 1748//1 1749//1 1607//1
f 1749//1 1608//1 1607//1
f 1749//1 1750//1 1608//1
f 1750//1 1609//1 1608//1
f 1750//1 1751//1 1609//1
f 1751//1 1610//1 1609//1
f 1751//1 1752//1 1610//1
f 1752//1 1611//1 1610//1
f 1752//1 1753//1 1611//1
f 1753//1 1612//1 1611//1
f 1753//1 1754//1 1612//1
f 1754//1 1755//1 1612//1
f 1755//1 1613//1 1612//1
f 1755//1 1756//1 1613//1
f 1756//1 1614//1 1613//1
f 1756//1 1757//1 1614//1
f 1757//1 1615//1 1614//1
f 1757//1 1758//1 1615//1
f 1758//1 1616//1 1615//1
f 1758//1 1759//1 1616//1
f 1759//1 1617//1 1616//1
f 1759//1 1760//1 1617//1
f 1760//1 1618//1 1617//1
f 1760//1 1761//1 1618//1
f 1761//1 1619//1 1618//1
f 1761//1 1762//1 1619//1
f 1762//1 1620//1 1619//1
f 1762//1 1763//1 1620//1
f 1763//1 1621//1 1620//1
f 1763//1 1764//1 1621//1
f 1764//1 1622//1 1621//1
f 1764//1 1765//1 1622//1
f 1765//1 1623//1 1622//1
f 1765//1 1766//1 1623//1
f 1766//1 1624//1 1623//1
f 1766//1 1767//1 1624//1
f 1767//1 1625//1 1624//1
f 1767//1 1768//1 1625//1
f 1768//1 1626//1 1625//1
f 1768//1 1769//1 1626//1
f 1769//1 1627//1 1626//1
f 1769//1 1770//1 1627//1
f 1770//1 1628//1 1627//1
f 1770//1 1771//1 1628//1
f 1771//1 1629//1 1628//1
f 1771//1 1772//1 1629//1
f 1772//1 1630//1 1629//1
f 1772//1 1773//1 1630//1
f 1773//1 1631//1 1630//1
f 1773//1 1774//1 1631//1
f 1774//1 1632//1 1631//1
f 1774//1 1775//1 1632//1
f 1775//1 1633//1 1632//1
f 1775//1 1776//1 1633//1
f 1776//1 1634//1 1633//1
f 1776//1 1777//1 1634//1
f 1777//1 1635//1 1634//1
f 1777//1 1778//1 1635//1
f 1778//1 1779//1 1635//1
f 1779//1 1636//1 1635//1
f 1779//1 1780//1 1636//1
f 1780//1 1637//1 1636//1
f 1780//1 1781//1 1637//1
f 1781//1 1638//1 1637//1
f 1781//1 1782//1 1638//1
f 1782//1 1639//1 1638//1
f 1782//1 1783//1 1639//1
f 1783//1 1640//1 1639//1
f 1783//1 1784//1 1640//1
f 1784//1 1641//1 1640//1
f 1784//1 1785//1 1641//1
f 1785//1 1642//1 1641//1
f 1785//1 1786//1 1642//1
f 1786//1 1643//1 1642//1
f 1786//1 1787//1 1643//1
f 1787//1 1644//1 1643//1
f 1787//1 1788//1 1644//1
f 1788//1 1645//1 1644//1
f 1788//1 1789//1 1645//1
f 1789//1 1646//1 1645//1
f 1789//1 1790//1 1646//1
f 1790//1 1647//1 1646//1
f 1790//1 1791//1 1647//1
f 1791//1 1648//1 1647//1
f 1791//1 1792//1 1648//1
f 1792//1 1649//1 1648//1
f 1792//1 1793//1 1649//1
f 1793//1 1650//1 1649//1
f 1793//1 1794//1 1650//1
f 1794//1 1651//1 1650//1
f 1794//1 1795//1 1651//1
f 1795//1 1652//1 1651//1
f 1795//1 1796//1 1652//1
f 1796//1 1653//1 1652//1
f 1796//1 1797//1 1653//1
f 1797//1 1654//1 1653//1
f 1797//1 1798//1 1654//1
f 1798//1 1655//1 1654//1
f 1798//1 1799//1 1655//1
f 1799//1 1656//1 1655//1
f 1799//1 1800//1 1656//1
f 1800//1 1657//1 1656//1
f 1800//1 1801//1 1657//1
f 1801//1 1520//1 1657//1
f 1801//1 1658//1 1520//1
f 1802//1 1803//1 1658//1
f 1803//1 1659//1 1658//1
f 1803//1 1804//1 1659//1
f 1804//1 1660//1 1659//1
f 1804//1 1805//1 1660//1
f 1805//1 1661//1 1660//1
f 1805//1 1806//1 1661//1
f 1806//1 1662//1 1661//1
f 1806//1 1807//1 1662//1
f 1807//1 1663//1 1662//1
f 1807//1 1808//1 1663//1
f 1808//1 1664//1 1663//1
f 1808//1 1809//1 1664//1
f 1809//1 1665//1 1664//1
f 1809//1 1810//1 1665//1
f 1810//1 1666//1 1665//1
f 1810//1 1811//1 1666//1
f 1811//1 1667//1 1666//1
f 1811//1 1812//1 1667//1
f 1812//1 1668//1 1667//1
f 1812//1 1813//1 1668//1
f 1813//1 1669//1 1668//1
f 1813//1 1814//1 1669//1
f 1814//1 1670//1 1669//1
f 1814//1 1815//1 1670//1
f 1815//1 1671//1 1670//1
f 1815//1 1816//1 1671//1
f 1816//1 1672//1 1671//1
f 1816//1 1817//1 1672//1
f 1817//1 1673//1 1672//1
f 1817//1 1818//1 1673//1
f 1818//1 1674//1 1673//1
f 1818//1 1819//1 1674//1
f 1819//1 1675//1 1674//1
f 1819//1 1820//1 1675//1
f 1820//1 1676//1 1675//1
f 1820//1 1821//1 1676//1
f 1821//1 1677//1 1676//1
f 1821//1 1822//1 1677//1
f 1822//1 1678//1 1677//1
f 1822//1 1823//1 1678//1
f 1823//1 1679//1 1678//1
f 1823//1 1824//1 1679//1
f 1824//1 1680//1 1679//1
f 1824//1 1825//1 1680//1
f 1825//1 1681//1 1680//1
f 1825//1 1826//1 1681//1
f 1826//1 1682//1 1681//1
f 1826//1 1827//1 1682//1
f 1827//1 1828//1 1682//1
f 1828//1 1683//1 1682//1
f 1828//1 1829//1 1683//1
f 1829//1 1684//1 1683//1
f 1829//1 1830//1 1684//1
f 1830//29 1685//29 1684//29
f 1830//14 1831//14 1685//14
f 1831//14 1686//14 1685//14
f 1831//14 1832//14 1686//14
f 1832//14 1687//14 1686//14
f 1832//14 1833//14 1687//14
f 1833//14 1688//14 1687//14
f 1833//32 1834//32 1688//32
f 1834//1 1689//1 1688//1
f 1834//1 1835//1 1689//1
f 1835//1 1690//1 1689//1
f 1835//1 1836//1 1690//1
f 1836//1 1691//1 1690//1
f 1836//1 1837//1 1691//1
f 1837//1 1692//1 1691//1
f 1837//1 1838//1 1692//1
f 1838//1 1693//1 1692//1
f 1838//1 1839//1 1693//1
f 1839//1 1694//1 1693//1
f 1839//1 1840//1 1694//1
f 1840//1 1695//1 1694//1
f 1840//1 1841//1 1695//1
f 1841//1 1696//1 1695//1
f 1841//1 1842//1 1696//1
f 1842//1 1697//1 1696//1
f 1842//1 1843//1 1697//1
f 1843//1 1698//1 1697//1
f 1843//1 1844//1 1698//1
f 1844//1 1699//1 1698//1
f 1844//1 1845//1 1699//1
f 1845//1 1700//1 1699//1
f 1845//33 1846//33 1700//33
f 1846//28 1701//28 1700//28
f 1846//1 1847//1 1701//1
f 1847//1 1702//1 1701//1
f 1847//1 1848//1 1702//1
f 1848//1 1703//1 1702//1
f 1848//1 1849//1 1703//1
f 1849//1 1704//1 1703//1
f 1849//1 1850//1 1704//1
f 1850//1 1705//1 1704//1
f 1850//1 1851//1 1705//1
f 1851//1 1706//1 1705//1
f 1851//1 1852//1 1706//1
f 1852//1 1853//1 1706//1
f 1853//1 1707//1 1706//1
f 1853//1 1854//1 1707//1
f 1854//1 1708//1 1707//1
f 1854//1 1855//1 1708//1
f 1855//1 1709//1 1708//1
f 1855//1 1856//1 1709//1
f 1856//1 1710//1 1709//1
f 1856//1 1857//1 1710//1
f 1857//1 1711//1 1710//1
f 1857//1 1858//1 1711//1
f 1858//1 1712//1 1711//1
f 1858//1 1859//1 1712//1
f 1859//1 1713//1 1712//1
f 1859//1 1860//1 1713//1
f 1860//1 1714//1 1713//1
f 1860//1 1861//1 1714//1
f 1861//1 1715//1 1714//1
f 1861//1 1862//1 1715//1
f 1862//1 1716//1 1715//1
f 1862//1 1863//1 1716//1
f 1863//1 1717//1 1716//1
f 1863//1 1864//1 1717//1
f 1864//1 1718//1 1717//1
f 1864//1 1865//1 1718//1
f 1865//1 1719//1 1718//1
f 1865//1 1866//1 1719//1
f 1866//1 1720//1 1719//1
f 1866//1 1867//1 1720//1
f 1867//1 1721//1 1720//1
f 1867//1 1868//1 1721//1
f 1868//1 1722//1 1721//1
f 1868//1 1869//1 1722//1
f 1869//1 1723//1 1722//1
f 1869//1 1870//1 1723//1
f 1870//1 1724//1 1723//1
f 1870//1 1871//1 1724//1
f 1871//1 1725//1 1724//1
f 1871//1 1872//1 1725//1
f 1872//1 1726//1 1725//1
f 1872//1 1873//1 1726//1
f 1873//1 1727//1 1726//1
f 1873//1 1874//1 1727//1
f 1874//1 1728//1 1727//1
f 1874//1 1875//1 1728//1
f 1875//1 1729//1 1728//1
f 1875//1 1876//1 1729//1
f 1876//1 1730//1 1729//1
f 1876//1 1877//1 1730//1
f 1877//1 1878//1 1730//1
f 1878//1 1731//1 1730//1
f 1878//1 1879//1 1731//1
f 1879//1 1732//1 1731//1
f 1879//1 1880//1 1732//1
f 1880//1 1733//1 1732//1
f 1880//1 1881//1 1733//1
f 1881//1 1734//1 1733//1
f 1881//1 1882//1 1734//1
f 1882//1 1735//1 1734//1
f 1882//1 1883//1 1735//1
f 1883//1 1736//1 1735//1
f 1883//1 1884//1 1736//1
f 1884//1 1737//1 1736//1
f 1884//1 1885//1 1737//1
f 1885//1 1738//1 1737//1
f 1885//1 1886//1 1738//1
f 1886//1 1739//1 1738//1
f 1886//1 1887//1 1739//1
f 1887//1 1740//1 1739//1
f 1887//1 1888//1 1740//1
f 1888//1 1741//1 1740//1
f 1888//1 1889//1 1741//1
f 1889//1 1742//1 1741//1
f 1889//1 1890//1 1742//1
f 1890//1 1743//1 1742//1
f 1890//1 1891//1 1743//1
f 1891//1 1744//1 1743//1
f 1891//1 1892//1 1744//1
f 1892//1 1745//1 1744//1
f 1892//1 1893//1 1745//1
f 1893//1 1746//1 1745//1
f 1893//1 1894//1 1746//1
f 1894//1 1747//1 1746//1
f 1894//1 1895//1 1747//1
f 1895//1 1748//1 1747//1
f 1895//1 1896//1 1748//1
f 1896//1 1749//1 1748//1
f 1896//1 1897//1 1749//1
f 1897//1 1750//1 1749//1
f 1897//1 1898//1 1750//1
f 1898//1 1751//1 1750//1
f 1898//1 1899//1 1751//1
f 1899//1 1752//1 1751//1
f 1899//1 1900//1 1752//1
f 1900//1 1753//1 1752//1
f 1900//1 1901//1 1753//1
f 1901//1 1754//1 1753//1
f 1901//1 1902//1 1754//1
f 1902//1 1903//1 1754//1
f 1903//1 1755//1 1754//1
f 1903//1 1904//1 1755//1
f 1904//1 1756//1 1755//1
f 1904//1 1905//1 1756//1
f 1905//1 1757//1 1756//1
f 1905//1 1906//1 1757//1
f 1906//1 1758//1 1757//1
f 1906//1 1907//1 1758//1
f 1907//1 1759//1 1758//1
f 1907//1 1908//1 1759//1
f 1908//1 1760//1 1759//1
f 1908//1 1909//1 1760//1
f 1909//1 1761//1 1760//1
f 1909//1 1910//1 1761//1
f 1910//1 1762//1 1761//1
f 1910//1 1911//1 1762//1
f 1911//1 1763//1 1762//1
f 1911//1 1912//1 1763//1
f 1912//1 1764//1 1763//1
f 1912//1 1913//1 1764//1
f 1913//1 1765//1 1764//1
f 1913//1 1914//1 1765//1
f 1914//1 1766//1 1765//1
f 1914//1 1915//1 1766//1
f 1915//1 1767//1 1766//1
f 1915//1 1916//1 1767//1
f 1916//1 1768//1 1767//1
f 1916//1 1917//1 1768//1
f 1917//1 1769//1 1768//1
f 1917//1 1918//1 1769//1
f 1918//1 1770//1 1769//1
f 1918//1 1919//1 1770//1
f 1919//1 1771//1 1770//1
f 1919//1 1920//1 1771//1
f 1920//1 1772//1 1771//1
f 1920//1 1921//1 1772//1
f 1921//1 1773//1 1772//1
f 1921//1 1922//1 1773//1
f 1922//1 1774//1 1773//1
f 1922//1 1923//1 1774//1
f 1923//1 1775//1 1774//1
f 1923//1 1924//1 1775//1
f 1924//1 1776//1 1775//1
f 1924//1 1925//1 1776//1
f 1925//1 1777//1 1776//1
f 1925//1 1926//1 1777//1
f 1926//1 1778//1 1777//1
f 1926//1 1927//1 1778//1
f 1927//1 1928//1 1778//1
f 1928//1 1779//1 1778//1
f 1928//1 1929//1 1779//1
f 1929//1 1780//1 1779//1
f 1929//1 1930//1 1780//1
f 1930//1 1781//1 1780//1
f 1930//1 1931//1 1781//1
f 1931//1 1782//1 1781//1
f 1931//1 1932//1 1782//1
f 1932//1 1783//1 1782//1
f 1932//1 1933//1 1783//1
f 1933//1 1784//1 1783//1
f 1933//1 1934//1 1784//1
f 1934//1 1785//1 1784//1
f 1934//1 1935//1 1785//1
f 1935//1 1786//1 1785//1
f 1935//1 1936//1 1786//1
f 1936//1 1787//1 1786//1
f 1936//1 1937//1 1787//1
f 1937//1 1788//1 1787//1
f 1937//1 1938//1 1788//1
f 1938//1 1789//1 1788//1
f 1938//1 1939//1 1789//1
f 1939//1 1790//1 1789//1
f 1939//1 1940//1 1790//1
f 1940//1 1791//1 1790//1
f 1940//1 1941//1 1791//1
f 1941//1 1792//1 1791//1
f 1941//1 1942//1 1792//1
f 1942//1 1793//1 1792//1
f 1942//1 1943//1 1793//1
f 1943//1 1794//1 1793//1
f 1943//1 1944//1 1794//1
f 1944//1 1795//1 1794//1
f 1944//1 1945//1 1795//1
f 1945//1 1796//1 1795//1
f 1945//1 1946//1 1796//1
f 1946//1 1797//1 1796//1
f 1946//1 1947//1 1797//1
f 1947//1 1798//1 1797//1
f 1947//1 1948//1 1798//1
f 1948//1 1799//1 1798//1
f 1948//1 1949//1 1799//1
f 1949//1 1800//1 1799//1
f 1949//1 1950//1 1800//1
f 1950//1 1801//1 1800//1
f 1950//1 1951//1 1801//1
f 1951//1 1658//1 1801//1
f 1951//1 1802//1 1658//1
f 1952//1 1953//1 1802//1
f 1953//1 1803//1 1802//1
f 1953//1 1954//1 1803//1
f 1954//1 1804//1 1803//1
f 1954//1 1955//1 1804//1
f 1955//1 1805//1 1804//1
f 1955//1 1956//1 1805//1
f 1956//1 1806//1 1805//1
f 1956//1 1957//1 1806//1
f 1957//1 1807//1 1806//1
f 1957//1 1958//1 1807//1
f 1958//1 1808//1 1807//1
f 1958//1 1959//1 1808//1
f 1959//1 1809//1 1808//1
f 1959//1 1960//1 1809//1
f 1960//1 1810//1 1809//1
f 1960//1 1961//1 1810//1
f 1961//1 1811//1 1810//1
f 1961//1 1962//1 1811//1
f 1962//1 1812//1 1811//1
f 1962//1 1963//1 1812//1
f 1963//1 1813//1 1812//1
f 1963//1 1964//1 1813//1
f 1964//1 1814//1 1813//1
f 1964//1 1965//1 1814//1
f 1965//1 1815//1 1814//1
f 1965//1 1966//1 1815//1
f 1966//1 1816//1 1815//1
f 1966//1 1967//1 1816//1
f 1967//1 1817//1 1816//1
f 1967//1 1968//1 1817//1
f 1968//1 1818//1 1817//1
f 1968//1 1969//1 1818//1
f 1969//1 1819//1 1818//1
f 1969//1 1970//1 1819//1
f 1970//1 1820//1 1819//1
f 1970//1 1971//1 1820//1
f 1971//1 1821//1 1820//1
f 1971//1 1972//1 1821//1
f 1972//1 1822//1 1821//1
f 1972//1 1973//1 1822//1
f 1973//1 1823//1 1822//1
f 1973//1 1974//1 1823//1
f 1974//1 1824//1 1823//1
f 1974//1 1975//1 1824//1
f 1975//1 1825//1 1824//1
f 1975//1 1976//1 1825//1
f 1976//1 1826//1 1825//1
f 1976//1 1977//1 1826//1
f 1977//1 1827//1 1826//1
f 1977//1 1978//1 1827//1
f 1978//1 1979//1 1827//1
f 1979//1 1828//1 1827//1
f 1979//1 1980//1 1828//1
f 1980//1 1829//1 1828//1
f 1980//1 1981//1 1829//1
f 1981//1 1830//1 1829//1
f 1981//1 1982//1 1830//1
f 1982//1 1831//1 1830//1
f 1982//1 1983//1 1831//1
f 1983//1 1832//1 1831//1
f 1983//1 1984//1 1832//1
f 1984//1 1833//1 1832//1
f 1984//1 1985//1 1833//1
f 1985//8 1834//8 1833//8
f 1985//7 1986//7 1834//7
f 1986//7 1835//7 1834//7
f 1986//7 1987//7 1835//7
f 1987//7 1836//7 1835//7
f 1987//8 1988//8 1836//8
f 1988//1 1837//1 1836//1
f 1988//1 1989//1 1837//1
f 1989//1 1838//1 1837//1
f 1989//1 1990//1 1838//1
f 1990//1 1839//1 1838//1
f 1990//1 1991//1 1839//1
f 1991//1 1840//1 1839//1
f 1991//1 1992//1 1840//1
f 1992//1 1841//1 1840//1
f 1992//1 1993//1 1841//1
f 1993//1 1842//1 1841//1
f 1993//1 1994//1 1842//1
f 1994//1 1843//1 1842//1
f 1994//1 1995//1 1843//1
f 1995//1 1844//1 1843//1
f 1995//1 1996//1 1844//1
f 1996//1 1845//1 1844//1
f 1996//25 1997//25 1845//25
f 1997//24 1846//24 1845//24
f 1997//1 1998//1 1846//1
f 1998//1 1847//1 1846//1
f 1998//1 1999//1 1847//1
f 1999//1 1848//1 1847//1
f 1999//1 2000//1 1848//1
f 2000//1 1849//1 1848//1
f 2000//1 2001//1 1849//1
f 2001//1 1850//1 1849//1
f 2001//1 2002//1 1850//1
f 2002//1 1851//1 1850//1
f 2002//1 2003//1 1851//1
f 2003//1 1852//1 1851//1
f 2003//1 2004//1 1852//1
f 2004//1 2005//1 1852//1
f 2005//1 1853//1 1852//1
f 2005//1 2006//1 1853//1
f 2006//1 1854//1 1853//1
f 2006//1 2007//1 1854//1
f 2007//1 1855//1 1854//1
f 2007//1 2008//1 1855//1
f 2008//1 1856//1 1855//1
f 2008//1 2009//1 1856//1
f 2009//1 1857//1 1856//1
f 2009//1 2010//1 1857//1
f 2010//1 1858//1 1857//1
f 2010//1 2011//1 1858//1
f 2011//1 1859//1 1858//1
f 2011//1 2012//1 1859//1
f 2012//1 1860//1 1859//1
f 2012//1 2013//1 1860//1
f 2013//1 1861//1 1860//1
f 2013//1 2014//1 1861//1
f 2014//1 1862//1 1861//1
f 2014//1 2015//1 1862//1
f 2015//1 1863//1 1862//1
f 2015//1 2016//1 1863//1
f 2016//1 1864//1 1863//1
f 2016//1 2017//1 1864//1
f 2017//1 1865//1 1864//1
f 2017//1 2018//1 1865//1
f 2018//1 1866//1 1865//1
f 2018//1 2019//1 1866//1
f 2019//1 1867//1 1866//1
f 2019//1 2020//1 1867//1
f 2020//1 1868//1 1867//1
f 2020//1 2021//1 1868//1
f 2021//1 1869//1 1868//1
f 2021//1 2022//1 1869//1
f 2022//1 1870//1 1869//1
f 2022//1 2023//1 1870//1
f 2023//1 1871//1 1870//1
f 2023//1 2024//1 1871//1
f 2024//1 1872//1 1871//1
f 2024//1 2025//1 1872//1
f 2025//1 1873//1 1872//1
f 2025//1 2026//1 1873//1
f 2026//1 1874//1 1873//1
f 2026//1 2027//1 1874//1
f 2027//1 1875//1 1874//1
f 2027//1 2028//1 1875//1
f 2028//1 1876//1 1875//1
f 2028//1 2029//1 1876//1
f 2029//1 1877//1 1876//1
f 2029//1 2030//1 1877//1
f 2030//1 2031//1 1877//1
f 2031//1 1878//1 1877//1
f 2031//1 2032//1 1878//1
f 2032//1 1879//1 1878//1
f 2032//1 2033//1 1879//1
f 2033//1 1880//1 1879//1
f 2033//1 2034//1 1880//1
f 2034//1 1881//1 1880//1
f 2034//1 2035//1 1881//1
f 2035//1 1882//1 1881//1
f 2035//1 2036//1 1882//1
f 2036//1 1883//1 1882//1
f 2036//1 2037//1 1883//1
f 2037//1 1884//1 1883//1
f 2037//1 2038//1 1884//1
f 2038//1 1885//1 1884//1
f 2038//1 2039//1 1885//1
f 2039//1 1886//1 1885//1
f 2039//1 2040//1 1886//1
f 2040//1 1887//1 1886//1
f 2040//1 2041//1 1887//1
f 2041//1 1888//1 1887//1
f 2041//1 2042//1 1888//1
f 2042//1 1889//1 1888//1
f 2042//1 2043//1 1889//1
f 2043//1 1890//1 1889//1
f 2043//1 2044//1 1890//1
f 2044//1 1891//1 1890//1
f 2044//1 2045//1 1891//1
f 2045//1 1892//1 1891//1
f 2045//1 2046//1 1892//1
f 2046//1 1893//1 1892//1
f 2046//1 2047//1 1893//1
f 2047//1 1894//1 1893//1
f 2047//1 2048//1 1894//1
f 2048//1 1895//1 1894//1
f 2048//1 2049//1 1895//1
f 2049//1 1896//1 1895//1
f 2049//1 2050//1 1896//1
f 2050//1 1897//1 1896//1
f 2050//1 2051//1 1897//1
f 2051//1 1898//1 1897//1
f 2051//1 2052//1 1898//1
f 2052//1 1899//1 1898//1
f 2052//1 2053//1 1899//1
f 2053//1 1900//1 1899//1
f 2053//1 2054//1 1900//1
f 2054//1 1901//1 1900//1
f 2054//1 2055//1 1901//1
f 2055//1 1902//1 1901//1
f 2055//1 2056//1 1902//1
f 2056//1 2057//1 1902//1
f 2057//1 1903//1 1902//1
f 2057//1 2058//1 1903//1
f 2058//1 1904//1 1903//1
f 2058//1 2059//1 1904//1
f 2059//1 1905//1 1904//1
f 2059//1 2060//1 1905//1
f 2060//1 1906//1 1905//1
f 2060//1 2061//1 1906//1
f 2061//1 1907//1 1906//1
f 2061//1 2062//1 1907//1
f 2062//1 1908//1 1907//1
f 2062//1 2063//1 1908//1
f 2063//1 1909//1 1908//1
f 2063//1 2064//1 1909//1
f 2064//1 1910//1 1909//1
f 2064//1 2065//1 1910//1
f 2065//1 1911//1 1910//1
f 2065//1 2066//1 1911//1
f 2066//1 1912//1 1911//1
f 2066//1 2067//1 1912//1
f 2067//1 1913//1 1912//1
f 2067//1 2068//1 1913//1
f 2068//1 1914//1 1913//1
f 2068//1 2069//1 1914//1
f 2069//1 1915//1 1914//1
f 2069//1 2070//1 1915//1
f 2070//1 1916//1 1915//1
f 2070//1 2071//1 1916//1
f 2071//1 1917//1 1916//1
f 2071//1 2072//1 1917//1
f 2072//1 1918//1 1917//1
f 2072//1 2073//1 1918//1
f 2073//1 1919//1 1918//1
f 2073//1 2074//1 1919//1
f 2074//1 1920//1 1919//1
f 2074//1 2075//1 1920//1
f 2075//1 1921//1 1920//1
f 2075//1 2076//1 1921//1
f 2076//1 1922//1 1921//1
f 2076//1 2077//1 1922//1
f 2077//1 1923//1 1922//1
f 2077//1 2078//1 1923//1
f 2078//1 1924//1 1923//1
f 2078//1 2079//1 1924//1
f 2079//1 1925//1 1924//1
f 2079//1 2080//1 1925//1
f 2080//1 1926//1 1925//1
f 2080//1 2081//1 1926//1
f 2081//1 1927//1 1926//1
f 2081//1 2082//1 1927//1
f 2082//1 2083//1 1927//1
f 2083//1 1928//1 1927//1
f 2083//1 2084//1 1928//1
f 2084//1 1929//1 1928//1
f 2084//1 2085//1 1929//1
f 2085//1 1930//1 1929//1
f 2085//1 2086//1 1930//1
f 2086//1 1931//1 1930//1
f 2086//1 2087//1 1931//1
f 2087//1 1932//1 1931//1
f 2087//1 2088//1 1932//1
f 2088//1 1933//1 1932//1
f 2088//1 2089//1 1933//1
f 2089//1 1934//1 1933//1
f 2089//1 2090//1 1934//1
f 2090//1 1935//1 1934//1
f 2090//1 2091//1 1935//1
f 2091//1 1936//1 1935//1
f 2091//1 2092//1 1936//1
f 2092//1 1937//1 1936//1
f 2092//1 2093//1 1937//1
f 2093//1 1938//1 1937//1
f 2093//1 2094//1 1938//1
f 2094//1 1939//1 1938//1
f 2094//1 2095//1 1939//1
f 2095//1 1940//1 1939//1
f 2095//1 2096//1 1940//1
f 2096//1 1941//1 1940//1
f 2096//1 2097//1 1941//1
f 2097//1 1942//1 1941//1
f 2097//1 2098//1 1942//1
f 2098//1 1943//1 1942//1
f 2098//1 2099//1 1943//1
f 2099//1 1944//1 1943//1
f 2099//1 2100//1 1944//1
f 2100//1 1945//1 1944//1
f 2100//1 2101//1 1945//1
f 2101//1 1946//1 1945//1
f 2101//1 2102//1 1946//1
f 2102//1 1947//1 1946//1
f 2102//1 2103//1 1947//1
f 2103//1 1948//1 1947//1
f 2103//1 2104//1 1948//1
f 2104//1 1949//1 1948//1
f 2104//1 2105//1 1949//1
f 2105//1 1950//1 1949//1
f 2105//1 2106//1 1950//1
f 2106//1 1951//1 1950//1
f 2106//1 2107//1 1951//1
f 2107//1 1802//1 1951//1
f 2107//1 1952//1 1802//1
f 2108//1 2109//1 1952//1
f 2109//1 1953//1 1952//1
f 2109//1 2110//1 1953//1
f 2110//1 1954//1 1953//1
f 2110//1 2111//1 1954//1
f 2111//1 1955//1 1954//1
f 2111//1 2112//1 1955//1
f 2112//1 1956//1 1955//1
f 2112//1 2113//1 1956//1
f 2113//1 1957//1 1956//1
f 2113//1 2114//1 1957//1
f 2114//1 1958//1 1957//1
f 2114//1 2115//1 1958//1
f 2115//1 1959//1 1958//1
f 2115//1 2116//1 1959//1
f 2116//1 1960//1 1959//1
f 2116//1 2117//1 1960//1
f 2117//1 1961//1 1960//1
f 2117//1 2118//1 1961//1
f 2118//1 1962//1 1961//1
f 2118//1 2119//1 1962//1
f 2119//1 1963//1 1962//1
f 2119//1 2120//1 1963//1
f 2120//1 1964//1 1963//1
f 2120//1 2121//1 1964//1
f 2121//1 1965//1 1964//1
f 2121//1 2122//1 1965//1
f 2122//1 1966//1 1965//1
f 2122//1 2123//1 1966//1
f 2123//1 1967//1 1966//1
f 2123//1 2124//1 1967//1
f 2124//1 1968//1 1967//1
f 2124//1 2125//1 1968//1
f 2125//1 1969//1 1968//1
f 2125//1 2126//1 1969//1
f 2126//1 1970//1 1969//1
f 2126//1 2127//1 1970//1
f 2127//1 1971//1 1970//1
f 2127//1 2128//1 1971//1
f 2128//1 1972//1 1971//1
f 2128//1 2129//1 1972//1
f 2129//1 1973//1 1972//1
f 2129//1 2130//1 1973//1
f 2130//1 1974//1 1973//1
f 2130//1 2131//1 1974//1
f 2131//1 1975//1 1974//1
f 2131//1 2132//1 1975//1
f 2132//1 1976//1 1975//1
f 2132//1 2133//1 1976//1
f 2133//1 1977//1 1976//1
f 2133//1 2134//1 1977//1
f 2134//1 1978//1 1977//1
f 2134//1 2135//1 1978//1
f 2135//1 2136//1 1978//1
f 2136//1 1979//1 1978//1
f 2136//1 2137//1 1979//1
f 2137//1 1980//1 1979//1
f 2137//1 2138//1 1980//1
f 2138//1 1981//1 1980//1
f 2138//1 2139//1 1981//1
f 2139//1 1982//1 1981//1
f 2139//1 2140//1 1982//1
f 2140//1 1983//1 1982//1
f 2140//1 2141//1 1983//1
f 2141//1 1984//1 1983//1
f 2141//1 2142//1 1984//1
f 2142//1 1985//1 1984//1
f 2142//1 2143//1 1985//1
f 2143//1 1986//1 1985//1
f 2143//1 2144//1 1986//1
f 2144//1 1987//1 1986//1
f 2144//1 2145//1 1987//1
f 2145//9 1988//9 1987//9
f 2145//7 2146//7 1988//7
f 2146//7 1989//7 1988//7
f 2146//8 2147//8 1989//8
f 2147//1 1990//1 1989//1
f 2147//1 2148//1 1990//1
f 2148//1 1991//1 1990//1
f 2148//1 2149//1 1991//1
f 2149//1 1992//1 1991//1
f 2149//1 2150//1 1992//1
f 2150//1 1993//1 1992//1
f 2150//1 2151//1 1993//1
f 2151//1 1994//1 1993//1
f 2151//1 2152//1 1994//1
f 2152//1 1995//1 1994//1
f 2152//25 2153//25 1995//25
f 2153//7 1996//7 1995//7
f 2153//7 2154//7 1996//7
f 2154//25 1997//25 1996//25
f 2154//1 2155//1 1997//1
f 2155//1 1998//1 1997//1
f 2155//1 2156//1 1998//1
f 2156//1 1999//1 1998//1
f 2156//1 2157//1 1999//1
f 2157//1 2000//1 1999//1
f 2157//1 2158//1 2000//1
f 2158//1 2001//1 2000//1
f 2158//1 2159//1 2001//1
f 2159//1 2002//1 2001//1
f 2159//1 2160//1 2002//1
f 2160//1 2003//1 2002//1
f 2160//1 2161//1 2003//1
f 2161//1 2004//1 2003//1
f 2161//1 2162//1 2004//1
f 2162//1 2163//1 2004//1
f 2163//1 2005//1 2004//1
f 2163//1 2164//1 2005//1
f 2164//1 2006//1 2005//1
f 2164//1 2165//1 2006//1
f 2165//1 2007//1 2006//1
f 2165//1 2166//1 2007//1
f 2166//1 2008//1 2007//1
f 2166//1 2167//1 2008//1
f 2167//1 2009//1 2008//1
f 2167//1 2168//1 2009//1
f 2168//1 2010//1 2009//1
f 2168//1 2169//1 2010//1
f 2169//1 2011//1 2010//1
f 2169//1 2170//1 2011//1
f 2170//1 2012//1 2011//1
f 2170//1 2171//1 2012//1
f 2171//1 2013//1 2012//1
f 2171//1 2172//1 2013//1
f 2172//1 2014//1 2013//1
f 2172//1 2173//1 2014//1
f 2173//1 2015//1 2014//1
f 2173//1 2174//1 2015//1
f 2174//1 2016//1 2015//1
f 2174//1 2175//1 2016//1
f 2175//1 2017//1 2016//1
f 2175//1 2176//1 2017//1
f 2176//1 2018//1 2017//1
f 2176//1 2177//1 2018//1
f 2177//1 2019//1 2018//1
f 2177//1 2178//1 2019//1
f 2178//1 2020//1 2019//1
f 2178//1 2179//1 2020//1
f 2179//1 2021//1 2020//1
f 2179//1 2180//1 2021//1
f 2180//1 2022//1 2021//1
f 2180//1 2181//1 2022//1
f 2181//1 2023//1 2022//1
f 2181//1 2182//1 2023//1
f 2182//1 2024//1 2023//1
f 2182//1 2183//1 2024//1
f 2183//1 2025//1 2024//1
f 2183//1 2184//1 2025//1
f 2184//1 2026//1 2025//1
f 2184//1 2185//1 2026//1
f 2185//1 2027//1 2026//1
f 2185//1 2186//1 2027//1
f 2186//1 2028//1 2027//1
f 2186//1 2187//1 2028//1
f 2187//1 2029//1 2028//1
f 2187//1 2188//1 2029//1
f 2188//1 2030//1 2029//1
f 2188//1 2189//1 2030//1
f 2189//1 2190//1 2030//1
f 2190//1 2031//1 2030//1
f 2190//1 2191//1 2031//1
f 2191//1 2032//1 2031//1
f 2191//1 2192//1 2032//1
f 2192//1 2033//1 2032//1
f 2192//1 2193//1 2033//1
f 2193//1 2034//1 2033//1
f 2193//1 2194//1 2034//1
f 2194//1 2035//1 2034//1
f 2194//1 2195//1 2035//1
f 2195//1 2036//1 2035//1
f 2195//1 2196//1 2036//1
f 2196//1 2037//1 2036//1
f 2196//1 2197//1 2037//1
f 2197//1 2038//1 2037//1
f 2197//1 2198//1 2038//1
f 2198//1 2039//1 2038//1
f 2198//1 2199//1 2039//1
f 2199//1 2040//1 2039//1
f 2199//1 2200//1 2040//1
f 2200//1 2041//1 2040//1
f 2200//1 2201//1 2041//1
f 2201//1 2042//1 2041//1
f 2201//1 2202//1 2042//1
f 2202//1 2043//1 2042//1
f 2202//1 2203//1 2043//1
f 2203//1 2044//1 2043//1
f 2203//1 2204//1 2044//1
f 2204//1 2045//1 2044//1
f 2204//1 2205//1 2045//1
f 2205//1 2046//1 2045//1
f 2205//1 2206//1 2046//1
f 2206//1 2047//1 2046//1
f 2206//1 2207//1 2047//1
f 2207//1 2048//1 2047//1
f 2207//1 2208//1 2048//1
f 2208//1 2049//1 2048//1
f 2208//1 2209//1 2049//1
f 2209//1 2050//1 2049//1
f 2209//1 2210//1 2050//1
f 2210//1 2051//1 2050//1
f 2210//1 2211//1 2051//1
f 2211//1 2052//1 2051//1
f 2211//1 2212//1 2052//1
f 2212//1 2053//1 2052//1
f 2212//1 2213//1 2053//1
f 2213//1 2054//1 2053//1
f 2213//1 2214//1 2054//1
f 2214//1 2055//1 2054//1
f 2214//1 2215//1 2055//1
f 2215//1 2056//1 2055//1
f 2215//1 2216//1 2056//1
f 2216//1 2217//1 2056//1
f 2217//1 2057//1 2056//1
f 2217//1 2218//1 2057//1
f 2218//1 2058//1 2057//1
f 2218//1 2219//1 2058//1
f 2219//1 2059//1 2058//1
f 2219//1 2220//1 2059//1
f 2220//1 2060//1 2059//1
f 2220//1 2221//1 2060//1
f 2221//1 2061//1 2060//1
f 2221//1 2222//1 2061//1
f 2222//1 2062//1 2061//1
f 2222//1 2223//1 2062//1
f 2223//1 2063//1 2062//1
f 2223//1 2224//1 2063//1
f 2224//1 2064//1 2063//1
f 2224//1 2225//1 2064//1
f 2225//1 2065//1 2064//1
f 2225//1 2226//1 2065//1
f 2226//1 2066//1 2065//1
f 2226//1 2227//1 2066//1
f 2227//1 2067//1 2066//1
f 2227//1 2228//1 2067//1
f 2228//1 2068//1 2067//1
f 2228//1 2229//1 2068//1
f 2229//1 2069//1 2068//1
f 2229//1 2230//1 2069//1
f 2230//1 2070//1 2069//1
f 2230//1 2231//1 2070//1
f 2231//1 2071//1 2070//1
f 2231//1 2232//1 2071//1
f 2232//1 2072//1 2071//1
f 2232//1 2233//1 2072//1
f 2233//1 2073//1 2072//1
f 2233//1 2234//1 2073//1
f 2234//1 2074//1 2073//1
f 2234//1 2235//1 2074//1
f 2235//1 2075//1 2074//1
f 2235//1 2236//1 2075//1
f 2236//1 2076//1 2075//1
f 2236//1 2237//1 2076//1
f 2237//1 2077//1 2076//1
f 2237//1 2238//1 2077//1
f 2238//1 2078//1 2077//1
f 2238//1 2239//1 2078//1
f 2239//1 2079//1 2078//1
f 2239//1 2240//1 2079//1
f 2240//1 2080//1 2079//1
f 2240//1 2241//1 2080//1
f 2241//1 2081//1 2080//1
f 2241//1 2242//1 2081//1
f 2242//1 2082//1 2081//1
f 2242//1 2243//1 2082//1
f 2243//1 2244//1 2082//1
f 2244//1 2083//1 2082//1
f 2244//1 2245//1 2083//1
f 2245//1 2084//1 2083//1
f 2245//1 2246//1 2084//1
f 2246//1 2085//1 2084//1
f 2246//1 2247//1 2085//1
f 2247//1 2086//1 2085//1
f 2247//1 2248//1 2086//1
f 2248//1 2087//1 2086//1
f 2248//1 2249//1 2087//1
f 2249//1 2088//1 2087//1
f 2249//1 2250//1 2088//1
f 2250//1 2089//1 2088//1
f 2250//1 2251//1 2089//1
f 2251//1 2090//1 2089//1
f 2251//1 2252//1 2090//1
f 2252//1 2091//1 2090//1
f 2252//1 2253//1 2091//1
f 2253//1 2092//1 2091//1
f 2253//1 2254//1 2092//1
f 2254//1 2093//1 2092//1
f 2254//1 2255//1 2093//1
f 2255//1 2094//1 2093//1
f 2255//1 2256//1 2094//1
f 2256//1 2095//1 2094//1
f 2256//1 2257//1 2095//1
f 2257//1 2096//1 2095//1
f 2257//1 2258//1 2096//1
f 2258//1 2097//1 2096//1
f 2258//1 2259//1 2097//1
f 2259//1 2098//1 2097//1
f 2259//1 2260//1 2098//1
f 2260//1 2099//1 2098//1
f 2260//1 2261//1 2099//1
f 2261//1 2100//1 2099//1
f 2261//1 2262//1 2100//1
f 2262//1 2101//1 2100//1
f 2262//1 2263//1 2101//1
f 2263//1 2102//1 2101//1
f 2263//1 2264//1 2102//1
f 2264//1 2103//1 2102//1
f 2264//1 2265//1 2103//1
f 2265//1 2104//1 2103//1
f 2265//1 2266//1 2104//1
f 2266//1 2105//1 2104//1
f 2266//1 2267//1 2105//1
f 2267//1 2106//1 2105//1
f 2267//1 2268//1 2106//1
f 2268//1 2107//1 2106//1
f 2268//1 2269//1 2107//1
f 2269//1 1952//1 2107//1
f 2269//1 2108//1 1952//1
f 2270//1 2271//1 2108//1
f 2271//1 2109//1 2108//1
f 2271//1 2272//1 2109//1
f 2272//1 2110//1 2109//1
f 2272//1 2273//1 2110//1
f 2273//1 2111//1 2110//1
f 2273//1 2274//1 2111//1
f 2274//1 2112//1 2111//1
f 2274//1 2275//1 2112//1
f 2275//1 2113//1 2112//1
f 2275//1 2276//1 2113//1
f 2276//1 2114//1 2113//1
f 2276//1 2277//1 2114//1
f 2277//1 2115//1 2114//1
f 2277//1 2278//1 2115//1
f 2278//1 2116//1 2115//1
f 2278//1 2279//1 2116//1
f 2279//1 2117//1 2116//1
f 2279//1 2280//1 2117//1
f 2280//1 2118//1 2117//1
f 2280//1 2281//1 2118//1
f 2281//1 2119//1 2118//1
f 2281//1 2282//1 2119//1
f 2282//1 2120//1 2119//1
f 2282//1 2283//1 2120//1
f 2283//1 2121//1 2120//1
f 2283//1 2284//1 2121//1
f 2284//1 2122//1 2121//1
f 2284//1 2285//1 2122//1
f 2285//1 2123//1 2122//1
f 2285//1 2286//1 2123//1
f 2286//1 2124//1 2123//1
f 2286//1 2287//1 2124//1
f 2287//1 2125//1 2124//1
f 2287//1 2288//1 2125//1
f 2288//1 2126//1 2125//1
f 2288//1 2289//1 2126//1
f 2289//1 2127//1 2126//1
f 2289//1 2290//1 2127//1
f 2290//1 2128//1 2127//1
f 2290//1 2291//1 2128//1
f 2291//1 2129//1 2128//1
f 2291//1 2292//1 2129//1
f 2292//1 2130//1 2129//1
f 2292//1 2293//1 2130//1
f 2293//1 2131//1 2130//1
f 2293//1 2294//1 2131//1
f 2294//1 2132//1 2131//1
f 2294//1 2295//1 2132//1
f 2295//1 2133//1 2132//1
f 2295//1 2296//1 2133//1
f 2296//1 2134//1 2133//1
f 2296//1 2297//1 2134//1
f 2297//1 2135//1 2134//1
f 2297//1 2298//1 2135//1
f 2298//1 2299//1 2135//1
f 2299//1 2136//1 2135//1
f 2299//1 2300//1 2136//1
f 2300//1 2137//1 2136//1
f 2300//1 2301//1 2137//1
f 2301//1 2138//1 2137//1
f 2301//1 2302//1 2138//1
f 2302//1 2139//1 2138//1
f 2302//1 2303//1 2139//1
f 2303//1 2140//1 2139//1
f 2303//1 2304//1 2140//1
f 2304//1 2141//1 2140//1
f 2304//1 2305//1 2141//1
f 2305//1 2142//1 2141//1
f 2305//1 2306//1 2142//1
f 2306//1 2143//1 2142//1
f 2306//1 2307//1 2143//1
f 2307//1 2144//1 2143//1
f 2307//1 2308//1 2144//1
f 2308//1 2145//1 2144//1
f 2308//1 2309//1 2145//1
f 2309//1 2146//1 2145//1
f 2309//1 2310//1 2146//1
f 2310//29 2147//29 2146//29
f 2310//29 2311//29 2147//29
f 2311//1 2148//1 2147//1
f 2311//28 2312//28 2148//28
f 2312//14 2149//14 2148//14
f 2312//14 2313//14 2149//14
f 2313//14 2150//14 2149//14
f 2313//10 2314//10 2150//10
f 2314//1 2151//1 2150//1
f 2314//1 2315//1 2151//1
f 2315//1 2152//1 2151//1
f 2315//22 2316//22 2152//22
f 2316//27 2153//27 2152//27
f 2316//1 2317//1 2153//1
f 2317//1 2154//1 2153//1
f 2317//1 2318//1 2154//1
f 2318//1 2155//1 2154//1
f 2318//1 2319//1 2155//1
f 2319//1 2156//1 2155//1
f 2319//1 2320//1 2156//1
f 2320//1 2157//1 2156//1
f 2320//1 2321//1 2157//1
f 2321//1 2158//1 2157//1
f 2321//1 2322//1 2158//1
f 2322//1 2159//1 2158//1
f 2322//1 2323//1 2159//1
f 2323//1 2160//1 2159//1
f 2323//1 2324//1 2160//1
f 2324//1 2161//1 2160//1
f 2324//1 2325//1 2161//1
f 2325//1 2162//1 2161//1
f 2325//1 2326//1 2162//1
f 2326//1 2327//1 2162//1
f 2327//1 2163//1 2162//1
f 2327//1 2328//1 2163//1
f 2328//1 2164//1 2163//1
f 2328//1 2329//1 2164//1
f 2329//1 2165//1 2164//1
f 2329//1 2330//1 2165//1
f 2330//1 2166//1 2165//1
f 2330//1 2331//1 2166//1
f 2331//1 2167//1 2166//1
f 2331//1 2332//1 2167//1
f 2332//1 2168//1 2167//1
f 2332//1 2333//1 2168//1
f 2333//1 2169//1 2168//1
f 2333//1 2334//1 2169//1
f 2334//1 2170//1 2169//1
f 2334//1 2335//1 2170//1
f 2335//1 2171//1 2170//1
f 2335//1 2336//1 2171//1
f 2336//1 2172//1 2171//1
f 2336//1 2337//1 2172//1
f 2337//1 2173//1 2172//1
f 2337//1 2338//1 2173//1
f 2338//1 2174//1 2173//1
f 2338//1 2339//1 2174//1
f 2339//1 2175//1 2174//1
f 2339//1 2340//1 2175//1
f 2340//1 2176//1 2175//1
f 2340//1 2341//1 2176//1
f 2341//1 2177//1 2176//1
f 2341//1 2342//1 2177//1
f 2342//1 2178//1 2177//1
f 2342//1 2343//1 2178//1
f 2343//1 2179//1 2178//1
f 2343//1 2344//1 2179//1
f 2344//1 2180//1 2179//1
f 2344//1 2345//1 2180//1
f 2345//1 2181//1 2180//1
f 2345//1 2346//1 2181//1
f 2346//1 2182//1 2181//1
f 2346//1 2347//1 2182//1
f 2347//1 2183//1 2182//1
f 2347//1 2348//1 2183//1
f 2348//1 2184//1 2183//1
f 2348//1 2349//1 2184//1
f 2349//1 2185//1 2184//1
f 2349//1 2350//1 2185//1
f 2350//1 2186//1 2185//1
f 2350//1 2351//1 2186//1
f 2351//1 2187//1 2186//1
f 2351//1 2352//1 2187//1
f 2352//1 2188//1 2187//1
f 2352//1 2353//1 2188//1
f 2353//1 2189//1 2188//1
f 2353//1 2354//1 2189//1
f 2354//1 2355//1 2189//1
f 2355//1 2190//1 2189//1
f 2355//1 2356//1 2190//1
f 2356//1 2191//1 2190//1
f 2356//1 2357//1 2191//1
f 2357//1 2192//1 2191//1
f 2357//1 2358//1 2192//1
f 2358//1 2193//1 2192//1
f 2358//1 2359//1 2193//1
f 2359//1 2194//1 2193//1
f 2359//1 2360//1 2194//1
f 2360//1 2195//1 2194//1
f 2360//1 2361//1 2195//1
f 2361//1 2196//1 2195//1
f 2361//1 2362//1 2196//1
f 2362//1 2197//1 2196//1
f 2362//1 2363//1 2197//1
f 2363//1 2198//1 2197//1
f 2363//1 2364//1 2198//1
f 2364//1 2199//1 2198//1
f 2364//1 2365//1 2199//1
f 2365//1 2200//1 2199//1
f 2365//1 2366//1 2200//1
f 2366//1 2201//1 2200//1
f 2366//1 2367//1 2201//1
f 2367//1 2202//1 2201//1
f 2367//1 2368//1 2202//1
f 2368//1 2203//1 2202//1
f 2368//1 2369//1 2203//1
f 2369//1 2204//1 2203//1
f 2369//1 2370//1 2204//1
f 2370//1 2205//1 2204//1
f 2370//1 2371//1 2205//1
f 2371//1 2206//1 2205//1
f 2371//1 2372//1 2206//1
f 2372//1 2207//1 2206//1
f 2372//1 2373//1 2207//1
f 2373//1 2208//1 2207//1
f 2373//1 2374//1 2208//1
f 2374//1 2209//1 2208//1
f 2374//1 2375//1 2209//1
f 2375//1 2210//1 2209//1
f 2375//1 2376//1 2210//1
f 2376//1 2211//1 2210//1
f 2376//1 2377//1 2211//1
f 2377//1 2212//1 2211//1
f 2377//1 2378//1 2212//1
f 2378//1 2213//1 2212//1
f 2378//1 2379//1 2213//1
f 2379//1 2214//1 2213//1
f 2379//1 2380//1 2214//1
f 2380//1 2215//1 2214//1
f 2380//1 2381//1 2215//1
f 2381//1 2216//1 2215//1
f 2381//1 2382//1 2216//1
f 2382//1 2383//1 2216//1
f 2383//1 2217//1 2216//1
f 2383//1 2384//1 2217//1
f 2384//1 2218//1 2217//1
f 2384//1 2385//1 2218//1
f 2385//1 2219//1 2218//1
f 2385//1 2386//1 2219//1
f 2386//1 2220//1 2219//1
f 2386//1 2387//1 2220//1
f 2387//1 2221//1 2220//1
f 2387//1 2388//1 2221//1
f 2388//1 2222//1 2221//1
f 2388//1 2389//1 2222//1
f 2389//1 2223//1 2222//1
f 2389//1 2390//1 2223//1
f 2390//1 2224//1 2223//1
f 2390//1 2391//1 2224//1
f 2391//1 2225//1 2224//1
f 2391//1 2392//1 2225//1
f 2392//1 2226//1 2225//1
f 2392//1 2393//1 2226//1
f 2393//1 2227//1 2226//1
f 2393//1 2394//1 2227//1
f 2394//1 2228//1 2227//1
f 2394//1 2395//1 2228//1
f 2395//1 2229//1 2228//1
f 2395//1 2396//1 2229//1
f 2396//1 2230//1 2229//1
f 2396//1 2397//1 2230//1
f 2397//1 2231//1 2230//1
f 2397//1 2398//1 2231//1
f 2398//1 2232//1 2231//1
f 2398//1 2399//1 2232//1
f 2399//1 2233//1 2232//1
f 2399//1 2400//1 2233//1
f 2400//1 2234//1 2233//1
f 2400//1 2401//1 2234//1
f 2401//1 2235//1 2234//1
f 2401//1 2402//1 2235//1
f 2402//1 2236//1 2235//1
f 2402//1 2403//1 2236//1
f 2403//1 2237//1 2236//1
f 2403//1 2404//1 2237//1
f 2404//1 2238//1 2237//1
f 2404//1 2405//1 2238//1
f 2405//1 2239//1 2238//1
f 2405//1 2406//1 2239//1
f 2406//1 2240//1 2239//1
f 2406//1 2407//1 2240//1
f 2407//1 2241//1 2240//1
f 2407//1 2408//1 2241//1
f 2408//1 2242//1 2241//1
f 2408//1 2409//1 2242//1
f 2409//1 2243//1 2242//1
f 2409//1 2410//1 2243//1
f 2410//1 2411//1 2243//1
f 2411//1 2244//1 2243//1
f 2411//1 2412//1 2244//1
f 2412//1 2245//1 2244//1
f 2412//1 2413//1 2245//1
f 2413//1 2246//1 2245//1
f 2413//1 2414//1 2246//1
f 2414//1 2247//1 2246//1
f 2414//1 2415//1 2247//1
f 2415//1 2248//1 2247//1
f 2415//1 2416//1 2248//1
f 2416//1 2249//1 2248//1
f 2416//1 2417//1 2249//1
f 2417//1 2250//1 2249//1
f 2417//1 2418//1 2250//1
f 2418//1 2251//1 2250//1
f 2418//1 2419//1 2251//1
f 2419//1 2252//1 2251//1
f 2419//1 2420//1 2252//1
f 2420//1 2253//1 2252//1
f 2420//1 2421//1 2253//1
f 2421//1 2254//1 2253//1
f 2421//1 2422//1 2254//1
f 2422//1 2255//1 2254//1
f 2422//1 2423//1 2255//1
f 2423//1 2256//1 2255//1
f 2423//1 2424//1 2256//1
f 2424//1 2257//1 2256//1
f 2424//1 2425//1 2257//1
f 2425//1 2258//1 2257//1
f 2425//1 2426//1 2258//1
f 2426//1 2259//1 2258//1
f 2426//1 2427//1 2259//1
f 2427//1 2260//1 2259//1
f 2427//1 2428//1 2260//1
f 2428//1 2261//1 2260//1
f 2428//1 2429//1 2261//1
f 2429//1 2262//1 2261//1
f 2429//1 2430//1 2262//1
f 2430//1 2263//1 2262//1
f 2430//1 2431//1 2263//1
f 2431//1 2264//1 2263//1
f 2431//1 2432//1 2264//1
f 2432//1 2265//1 2264//1
f 2432//1 2433//1 2265//1
f 2433//1 2266//1 2265//1
f 2433//1 2434//1 2266//1
f 2434//1 2267//1 2266//1
f 2434//1 2435//1 2267//1
f 2435//1 2268//1 2267//1
f 2435//1 2436//1 2268//1
f 2436//1 2269//1 2268//1
f 2436//1 2437//1 2269//1
f 2437//1 2108//1 2269//1
f 2437//1 2270//1 2108//1
f 2438//1 2439//1 2270//1
f 2439//1 2271//1 2270//1
f 2439//1 2440//1 2271//1
f 2440//1 2272//1 2271//1
f 2440//1 2441//1 2272//1
f 2441//1 2273//1 2272//1
f 2441//1 2442//1 2273//1
f 2442//1 2274//1 2273//1
f 2442//1 2443//1 2274//1
f 2443//1 2275//1 2274//1
f 2443//1 2444//1 2275//1
f 2444//1 2276//1 2275//1
f 2444//1 2445//1 2276//1
f 2445//1 2277//1 2276//1
f 2445//1 2446//1 2277//1
f 2446//1 2278//1 2277//1
f 2446//1 2447//1 2278//1
f 2447//1 2279//1 2278//1
f 2447//1 2448//1 2279//1
f 2448//1 2280//1 2279//1
f 2448//1 2449//1 2280//1
f 2449//1 2281//1 2280//1
f 2449//1 2450//1 2281//1
f 2450//1 2282//1 2281//1
f 2450//1 2451//1 2282//1
f 2451//1 2283//1 2282//1
f 2451//1 2452//1 2283//1
f 2452//1 2284//1 2283//1
f 2452//1 2453//1 2284//1
f 2453//1 2285//1 2284//1
f 2453//1 2454//1 2285//1
f 2454//1 2286//1 2285//1
f 2454//1 2455//1 2286//1
f 2455//1 2287//1 2286//1
f 2455//1 2456//1 2287//1
f 2456//1 2288//1 2287//1
f 2456//1 2457//1 2288//1
f 2457//1 2289//1 2288//1
f 2457//1 2458//1 2289//1
f 2458//1 2290//1 2289//1
f 2458//1 2459//1 2290//1
f 2459//1 2291//1 2290//1
f 2459//1 2460//1 2291//1
f 2460//1 2292//1 2291//1
f 2460//1 2461//1 2292//1
f 2461//1 2293//1 2292//1
f 2461//1 2462//1 2293//1
f 2462//1 2294//1 2293//1
f 2462//1 2463//1 2294//1
f 2463//1 2295//1 2294//1
f 2463//1 2464//1 2295//1
f 2464//1 2296//1 2295//1
f 2464//1 2465//1 2296//1
f 2465//1 2297//1 2296//1
f 2465//1 2466//1 2297//1
f 2466//1 2298//1 2297//1
f 2466//1 2467//1 2298//1
f 2467//1 2468//1 2298//1
f 2468//1 2299//1 2298//1
f 2468//1 2469//1 2299//1
f 2469//1 2300//1 2299//1
f 2469//1 2470//1 2300//1
f 2470//1 2301//1 2300//1
f 2470//1 2471//1 2301//1
f 2471//1 2302//1 2301//1
f 2471//1 2472//1 2302//1
f 2472//1 2303//1 2302//1
f 2472//1 2473//1 2303//1
f 2473//1 2304//1 2303//1
f 2473//1 2474//1 2304//1
f 2474//1 2305//1 2304//1
f 2474//1 2475//1 2305//1
f 2475//1 2306//1 2305//1
f 2475//1 2476//1 2306//1
f 2476//1 2307//1 2306//1
f 2476//1 2477//1 2307//1
f 2477//1 2308//1 2307//1
f 2477//1 2478//1 2308//1
f 2478//1 2309//1 2308//1
f 2478//1 2479//1 2309//1
f 2479//1 2310//1 2309//1
f 2479//1 2480//1 2310//1
f 2480//8 2311//8 2310//8
f 2480//7 2481//7 2311//7
f 2481//24 2312//24 2311//24
f 2481//1 2482//1 2312//1
f 2482//1 2313//1 2312//1
f 2482//1 2483//1 2313//1
f 2483//9 2314//9 2313//9
f 2483//7 2484//7 2314//7
f 2484//7 2315//7 2314//7
f 2484//7 2485//7 2315//7
f 2485//23 2316//23 2315//23
f 2485//1 2486//1 2316//1
f 2486//1 2317//1 2316//1
f 2486//1 2487//1 2317//1
f 2487//1 2318//1 2317//1
f 2487//1 2488//1 2318//1
f 2488//1 2319//1 2318//1
f 2488//1 2489//1 2319//1
f 2489//1 2320//1 2319//1
f 2489//1 2490//1 2320//1
f 2490//1 2321//1 2320//1
f 2490//1 2491//1 2321//1
f 2491//1 2322//1 2321//1
f 2491//1 2492//1 2322//1
f 2492//1 2323//1 2322//1
f 2492//1 2493//1 2323//1
f 2493//1 2324//1 2323//1
f 2493//1 2494//1 2324//1
f 2494//1 2325//1 2324//1
f 2494//1 2495//1 2325//1
f 2495//1 2326//1 2325//1
f 2495//1 2496//1 2326//1
f 2496//1 2497//1 2326//1
f 2497//1 2327//1 2326//1
f 2497//1 2498//1 2327//1
f 2498//1 2328//1 2327//1
f 2498//1 2499//1 2328//1
f 2499//1 2329//1 2328//1
f 2499//1 2500//1 2329//1
f 2500//1 2330//1 2329//1
f 2500//1 2501//1 2330//1
f 2501//1 2331//1 2330//1
f 2501//1 2502//1 2331//1
f 2502//1 2332//1 2331//1
f 2502//1 2503//1 2332//1
f 2503//1 2333//1 2332//1
f 2503//1 2504//1 2333//1
f 2504//1 2334//1 2333//1
f 2504//1 2505//1 2334//1
f 2505//1 2335//1 2334//1
f 2505//1 2506//1 2335//1
f 2506//1 2336//1 2335//1
f 2506//1 2507//1 2336//1
f 2507//1 2337//1 2336//1
f 2507//1 2508//1 2337//1
f 2508//1 2338//1 2337//1
f 2508//1 2509//1 2338//1
f 2509//1 2339//1 2338//1
f 2509//1 2510//1 2339//1
f 2510//1 2340//1 2339//1
f 2510//1 2511//1 2340//1
f 2511//1 2341//1 2340//1
f 2511//1 2512//1 2341//1
f 2512//1 2342//1 2341//1
f 2512//1 2513//1 2342//1
f 2513//1 2343//1 2342//1
f 2513//1 2514//1 2343//1
f 2514//1 2344//1 2343//1
f 2514//1 2515//1 2344//1
f 2515//1 2345//1 2344//1
f 2515//1 2516//1 2345//1
f 2516//1 2346//1 2345//1
f 2516//1 2517//1 2346//1
f 2517//1 2347//1 2346//1
f 2517//1 2518//1 2347//1
f 2518//1 2348//1 2347//1
f 2518//1 2519//1 2348//1
f 2519//1 2349//1 2348//1
f 2519//1 2520//1 2349//1
f 2520//1 2350//1 2349//1
f 2520//1 2521//1 2350//1
f 2521//1 2351//1 2350//1
f 2521//1 2522//1 2351//1
f 2522//1 2352//1 2351//1
f 2522//1 2523//1 2352//1
f 2523//1 2353//1 2352//1
f 2523//1 2524//1 2353//1
f 2524//1 2354//1 2353//1
f 2524//1 2525//1 2354//1
f 2525//1 2526//1 2354//1
f 2526//1 2355//1 2354//1
f 2526//1 2527//1 2355//1
f 2527//1 2356//1 2355//1
f 2527//1 2528//1 2356//1
f 2528//1 2357//1 2356//1
f 2528//1 2529//1 2357//1
f 2529//1 2358//1 2357//1
f 2529//1 2530//1 2358//1
f 2530//1 2359//1 2358//1
f 2530//1 2531//1 2359//1
f 2531//1 2360//1 2359//1
f 2531//1 2532//1 2360//1
f 2532//1 2361//1 2360//1
f 2532//1 2533//1 2361//1
f 2533//1 2362//1 2361//1
f 2533//1 2534//1 2362//1
f 2534//1 2363//1 2362//1
f 2534//1 2535//1 2363//1
f 2535//1 2364//1 2363//1
f 2535//1 2536//1 2364//1
f 2536//1 2365//1 2364//1
f 2536//1 2537//1 2365//1
f 2537//1 2366//1 2365//1
f 2537//1 2538//1 2366//1
f 2538//1 2367//1 2366//1
f 2538//1 2539//1 2367//1
f 2539//1 2368//1 2367//1
f 2539//1 2540//1 2368//1
f 2540//1 2369//1 2368//1
f 2540//1 2541//1 2369//1
f 2541//1 2370//1 2369//1
f 2541//1 2542//1 2370//1
f 2542//1 2371//1 2370//1
f 2542//1 2543//1 2371//1
f 2543//1 2372//1 2371//1
f 2543//1 2544//1 2372//1
f 2544//1 2373//1 2372//1
f 2544//1 2545//1 2373//1
f 2545//1 2374//1 2373//1
f 2545//1 2546//1 2374//1
f 2546//1 2375//1 2374//1
f 2546//1 2547//1 2375//1
f 2547//1 2376//1 2375//1
f 2547//1 2548//1 2376//1
f 2548//1 2377//1 2376//1
f 2548//1 2549//1 2377//1
f 2549//1 2378//1 2377//1
f 2549//1 2550//1 2378//1
f 2550//1 2379//1 2378//1
f 2550//1 2551//1 2379//1
f 2551//1 2380//1 2379//1
f 2551//1 2552//1 2380//1
f 2552//1 2381//1 2380//1
f 2552//1 2553//1 2381//1
f 2553//1 2382//1 2381//1
f 2553//1 2554//1 2382//1
f 2554//1 2555//1 2382//1
f 2555//1 2383//1 2382//1
f 2555//1 2556//1 2383//1
f 2556//1 2384//1 2383//1
f 2556//1 2557//1 2384//1
f 2557//1 2385//1 2384//1
f 2557//1 2558//1 2385//1
f 2558//1 2386//1 2385//1
f 2558//1 2559//1 2386//1
f 2559//1 2387//1 2386//1
f 2559//1 2560//1 2387//1
f 2560//1 2388//1 2387//1
f 2560//1 2561//1 2388//1
f 2561//1 2389//1 2388//1
f 2561//1 2562//1 2389//1
f 2562//1 2390//1 2389//1
f 2562//1 2563//1 2390//1
f 2563//1 2391//1 2390//1
f 2563//1 2564//1 2391//1
f 2564//1 2392//1 2391//1
f 2564//1 2565//1 2392//1
f 2565//1 2393//1 2392//1
f 2565//1 2566//1 2393//1
f 2566//1 2394//1 2393//1
f 2566//1 2567//1 2394//1
f 2567//1 2395//1 2394//1
f 2567//1 2568//1 2395//1
f 2568//1 2396//1 2395//1
f 2568//1 2569//1 2396//1
f 2569//1 2397//1 2396//1
f 2569//1 2570//1 2397//1
f 2570//1 2398//1 2397//1
f 2570//1 2571//1 2398//1
f 2571//1 2399//1 2398//1
f 2571//1 2572//1 2399//1
f 2572//1 2400//1 2399//1
f 2572//1 2573//1 2400//1
f 2573//1 2401//1 2400//1
f 2573//1 2574//1 2401//1
f 2574//1 2402//1 2401//1
f 2574//1 2575//1 2402//1
f 2575//1 2403//1 2402//1
f 2575//1 2576//1 2403//1
f 2576//1 2404//1 2403//1
f 2576//1 2577//1 2404//1
f 2577//1 2405//1 2404//1
f 2577//1 2578//1 2405//1
f 2578//1 2406//1 2405//1
f 2578//1 2579//1 2406//1
f 2579//1 2407//1 2406//1
f 2579//1 2580//1 2407//1
f 2580//1 2408//1 2407//1
f 2580//1 2581//1 2408//1
f 2581//1 2409//1 2408//1
f 2581//1 2582//1 2409//1
f 2582//1 2410//1 2409//1
f 2582//1 2583//1 2410//1
f 2583//1 2584//1 2410//1
f 2584//1 2411//1 2410//1
f 2584//1 2585//1 2411//1
f 2585//1 2412//1 2411//1
f 2585//1 2586//1 2412//1
f 2586//1 2413//1 2412//1
f 2586//1 2587//1 2413//1
f 2587//1 2414//1 2413//1
f 2587//1 2588//1 2414//1
f 2588//1 2415//1 2414//1
f 2588//1 2589//1 2415//1
f 2589//1 2416//1 2415//1
f 2589//1 2590//1 2416//1
f 2590//1 2417//1 2416//1
f 2590//1 2591//1 2417//1
f 2591//1 2418//1 2417//1
f 2591//1 2592//1 2418//1
f 2592//1 2419//1 2418//1
f 2592//1 2593//1 2419//1
f 2593//1 2420//1 2419//1
f 2593//1 2594//1 2420//1
f 2594//1 2421//1 2420//1
f 2594//1 2595//1 2421//1
f 2595//1 2422//1 2421//1
f 2595//1 2596//1 2422//1
f 2596//1 2423//1 2422//1
f 2596//1 2597//1 2423//1
f 2597//1 2424//1 2423//1
f 2597//1 2598//1 2424//1
f 2598//1 2425//1 2424//1
f 2598//1 2599//1 2425//1
f 2599//1 2426//1 2425//1
f 2599//1 2600//1 2426//1
f 2600//1 2427//1 2426//1
f 2600//1 2601//1 2427//1
f 2601//1 2428//1 2427//1
f 2601//1 2602//1 2428//1
f 2602//1 2429//1 2428//1
f 2602//1 2603//1 2429//1
f 2603//1 2430//1 2429//1
f 2603//1 2604//1 2430//1
f 2604//1 2431//1 2430//1
f 2604//1 2605//1 2431//1
f 2605//1 2432//1 2431//1
f 2605//1 2606//1 2432//1
f 2606//1 2433//1 2432//1
f 2606//1 2607//1 2433//1
f 2607//1 2434//1 2433//1
f 2607//1 2608//1 2434//1
f 2608//1 2435//1 2434//1
f 2608//1 2609//1 2435//1
f 2609//1 2436//1 2435//1
f 2609//1 2610//1 2436//1
f 2610//1 2437//1 2436//1
f 2610//1 2611//1 2437//1
f 2611//1 2270//1 2437//1
f 2611//1 2438//1 2270//1
f 2892//1 2702//1 2438//1
f 2702//1 2439//1 2438//1
f 2702//1 2612//1 2439//1
f 2612//1 2440//1 2439//1
f 2612//1 2973//1 2440//1
f 2973//1 2441//1 2440//1
f 2973//1 2613//1 2441//1
f 2613//1 2442//1 2441//1
f 2613//1 2614//1
f 2613//1 2614//1 2442//1
f 2614//1 2443//1 2442//1
f 2614//1 2615//1
f 2614//1 2615//1 2443//1
f 2615//1 2444//1 2443//1
f 2615//1 2616//1
f 2615//1 2616//1 2444//1
f 2616//1 2445//1 2444//1
f 2616//1 2617//1
f 2616//1 2617//1 2445//1
f 2617//1 2446//1 2445//1
f 2617//1 2965//1 2446//1
f 2965//1 2447//1 2446//1
f 2965//1 2618//1 2447//1
f 2618//1 2448//1 2447//1
f 2618//1 2934//1 2448//1
f 2934//1 2449//1 2448//1
f 2934//1 2619//1 2449//1
f 2619//1 2450//1 2449//1
f 2619//1 2620//1
f 2619//1 2620//1 2450//1
f 2620//1 2451//1 2450//1
f 2620//1 2621//1
f 2620//1 2621//1 2451//1
f 2621//1 2452//1 2451//1
f 2621//1 2955//1 2452//1
f 2955//1 2453//1 2452//1
f 2955//1 2952//1 2453//1
f 2952//1 2454//1 2453//1
f 2952//1 2622//1 2454//1
f 2622//1 2455//1 2454//1
f 2622//1 2623//1
f 2622//1 2623//1 2455//1
f 2623//1 2456//1 2455//1
f 2623//1 2711//1 2456//1
f 2711//1 2457//1 2456//1
f 2711//1 2624//1 2457//1
f 2624//1 2458//1 2457//1
f 2624//1 2712//1 2458//1
f 2712//1 2459//1 2458//1
f 2712//1 2932//1 2459//1
f 2932//1 2460//1 2459//1
f 2932//1 2625//1 2460//1
f 2625//1 2461//1 2460//1
f 2625//1 2714//1 2461//1
f 2714//1 2462//1 2461//1
f 2714//1 2715//1 2462//1
f 2715//1 2463//1 2462//1
f 2715//1 2626//1 2463//1
f 2626//1 2464//1 2463//1
f 2626//1 2627//1
f 2626//1 2627//1 2464//1
f 2627//1 2465//1 2464//1
f 2627//1 2939//1 2465//1
f 2939//1 2466//1 2465//1
f 2939//1 2628//1 2466//1
f 2628//1 2467//1 2466//1
f 2628//1 2941//1 2467//1
f 2941//1 2629//1 2467//1
f 2629//1 2468//1 2467//1
f 2629//1 2630//1
f 2629//1 2630//1 2468//1
f 2630//1 2469//1 2468//1
f 2630//1 2893//1 2469//1
f 2893//1 2470//1 2469//1
f 2893//1 2895//1 2470//1
f 2895//1 2471//1 2470//1
f 2895//1 2894//1 2471//1
f 2894//1 2472//1 2471//1
f 2894//1 2723//1 2472//1
f 2723//1 2473//1 2472//1
f 2723//1 2882//1 2473//1
f 2882//1 2474//1 2473//1
f 2882//1 2886//1 2474//1
f 2886//1 2475//1 2474//1
f 2886//1 2631//1 2475//1
f 2631//1 2476//1 2475//1
f 2631//1 2724//1 2476//1
f 2724//1 2477//1 2476//1
f 2724//1 2725//1 2477//1
f 2725//1 2478//1 2477//1
f 2725//1 2878//1 2478//1
f 2878//1 2479//1 2478//1
f 2878//1 2877//1 2479//1
f 2877//1 2480//1 2479//1
f 2877//1 2632//1 2480//1
f 2632//1 2481//1 2480//1
f 2632//1 2809//1 2481//1
f 2809//1 2482//1 2481//1
f 2809//1 2805//1 2482//1
f 2805//1 2483//1 2482//1
f 2805//1 2803//1 2483//1
f 2803//1 2484//1 2483//1
f 2803//1 2633//1 2484//1
f 2633//1 2485//1 2484//1
f 2633//1 2634//1
f 2633//1 2634//1 2485//1
f 2634//1 2486//1 2485//1
f 2634//1 2635//1
f 2634//1 2635//1 2486//1
f 2635//1 2487//1 2486//1
f 2635//1 2810//1 2487//1
f 2810//1 2488//1 2487//1
f 2810//1 2727//1 2488//1
f 2727//1 2489//1 2488//1
f 2727//1 2728//1 2489//1
f 2728//1 2490//1 2489//1
f 2728//1 2729//1 2490//1
f 2729//1 2491//1 2490//1
f 2729//1 2636//1 2491//1
f 2636//1 2492//1 2491//1
f 2636//1 2637//1
f 2636//1 2637//1 2492//1
f 2637//1 2493//1 2492//1
f 2637//1 2638//1
f 2637//1 2638//1 2493//1
f 2638//1 2494//1 2493//1
f 2638//1 2639//1
f 2638//1 2639//1 2494//1
f 2639//1 2495//1 2494//1
f 2639//1 2640//1
f 2639//1 2640//1 2495//1
f 2640//1 2496//1 2495//1
f 2640//1 2991//1 2496//1
f 2991//1 2641//1 2496//1
f 2641//1 2497//1 2496//1
f 2641//1 2642//1
f 2641//1 2642//1 2497//1
f 2642//1 2498//1 2497//1
f 2642//1 2643//1
f 2642//1 2643//1 2498//1
f 2643//1 2499//1 2498//1
f 2643//1 2644//1
f 2643//1 2644//1 2499//1
f 2644//1 2500//1 2499//1
f 2644//1 2645//1
f 2644//1 2645//1 2500//1
f 2645//1 2501//1 2500//1
f 2645//1 2646//1
f 2645//1 2646//1 2501//1
f 2646//1 2502//1 2501//1
f 2646//1 2647//1
f 2646//1 2647//1 2502//1
f 2647//1 2503//1 2502//1
f 2647//1 2648//1
f 2647//1 2648//1 2503//1
f 2648//1 2504//1 2503//1
f 2648//1 3001//1 2504//1
f 3001//1 2505//1 2504//1
f 3001//1 2649//1 2505//1
f 2649//1 2506//1 2505//1
f 2649//1 2650//1
f 2649//1 2650//1 2506//1
f 2650//1 2507//1 2506//1
f 2650//1 2997//1 2507//1
f 2997//1 2508//1 2507//1
f 2997//1 2651//1 2508//1
f 2651//1 2509//1 2508//1
f 2651//1 2730//1 2509//1
f 2730//1 2510//1 2509//1
f 2730//1 2731//1 2510//1
f 2731//1 2511//1 2510//1
f 2731//1 2847//1 2511//1
f 2847//1 2512//1 2511//1
f 2847//1 2652//1 2512//1
f 2652//1 2513//1 2512//1
f 2652//1 2732//1 2513//1
f 2732//1 2514//1 2513//1
f 2732//1 2733//1 2514//1
f 2733//1 2515//1 2514//1
f 2733//1 2653//1 2515//1
f 2653//1 2516//1 2515//1
f 2653//1 2734//1 2516//1
f 2734//1 2517//1 2516//1
f 2734//1 2654//1 2517//1
f 2654//1 2518//1 2517//1
f 2654//1 2655//1
f 2654//1 2655//1 2518//1
f 2655//1 2519//1 2518//1
f 2655//1 2656//1
f 2655//1 2656//1 2519//1
f 2656//1 2520//1 2519//1
f 2656//1 2657//1
f 2656//1 2657//1 2520//1
f 2657//1 2521//1 2520//1
f 2657//1 2735//1 2521//1
f 2735//1 2522//1 2521//1
f 2735//1 2736//1 2522//1
f 2736//1 2523//1 2522//1
f 2736//1 2658//1 2523//1
f 2658//1 2524//1 2523//1
f 2658//1 2737//1 2524//1
f 2737//1 2525//1 2524//1
f 2737//1 2659//1 2525//1
f 2659//1 2974//1 2525//1
f 2974//1 2526//1 2525//1
f 2974//1 2660//1 2526//1
f 2660//1 2527//1 2526//1
f 2660//1 2661//1
f 2660//1 2661//1 2527//1
f 2661//1 2528//1 2527//1
f 2661//1 2662//1
f 2661//1 2662//1 2528//1
f 2662//1 2529//1 2528//1
f 2662//1 2738//1 2529//1
f 2738//1 2530//1 2529//1
f 2738//1 3017//1 2530//1
f 3017//1 2531//1 2530//1
f 3017//1 2663//1 2531//1
f 2663//1 2532//1 2531//1
f 2663//1 2664//1
f 2663//1 2664//1 2532//1
f 2664//1 2533//1 2532//1
f 2664//1 2739//1 2533//1
f 2739//1 2534//1 2533//1
f 2739//1 2665//1 2534//1
f 2665//1 2535//1 2534//1
f 2665//1 2666//1
f 2665//1 2666//1 2535//1
f 2666//1 2536//1 2535//1
f 2666//1 3034//1 2536//1
f 3034//1 2537//1 2536//1
f 3034//1 2971//1 2537//1
f 2971//1 2538//1 2537//1
f 2971//1 2969//1 2538//1
f 2969//1 2539//1 2538//1
f 2969//1 3029//1 2539//1
f 3029//1 2540//1 2539//1
f 3029//1 2667//1 2540//1
f 2667//1 2541//1 2540//1
f 2667//1 2668//1
f 2667//1 2668//1 2541//1
f 2668//1 2542//1 2541//1
f 2668//1 3025//1 2542//1
f 3025//1 2543//1 2542//1
f 3025//1 2967//1 2543//1
f 2967//1 2544//1 2543//1
f 2967//1 2669//1 2544//1
f 2669//1 2545//1 2544//1
f 2669//1 2961//1 2545//1
f 2961//1 2546//1 2545//1
f 2961//1 2740//1 2546//1
f 2740//1 2547//1 2546//1
f 2740//1 2670//1 2547//1
f 2670//1 2548//1 2547//1
f 2670//1 2960//1 2548//1
f 2960//1 2549//1 2548//1
f 2960//1 2671//1 2549//1
f 2671//1 2550//1 2549//1
f 2671//1 2672//1
f 2671//1 2672//1 2550//1
f 2672//1 2551//1 2550//1
f 2672//1 2741//1 2551//1
f 2741//1 2552//1 2551//1
f 2741//1 3019//1 2552//1
f 3019//1 2553//1 2552//1
f 3019//1 2673//1 2553//1
f 2673//1 2554//1 2553//1
f 2673//1 2674//1
f 2673//1 2674//1 2554//1
f 2674//1 2675//1
f 2674//1 2675//1 2554//1
f 2675//1 2555//1 2554//1
f 2675//1 2983//1 2555//1
f 2983//1 2556//1 2555//1
f 2983//1 2986//1 2556//1
f 2986//1 2557//1 2556//1
f 2986//1 2676//1 2557//1
f 2676//1 2558//1 2557//1
f 2676//1 2677//1
f 2676//1 2677//1 2558//1
f 2677//1 2559//1 2558//1
f 2677//1 2742//1 2559//1
f 2742//1 2560//1 2559//1
f 2742//1 2678//1 2560//1
f 2678//1 2561//1 2560//1
f 2678//1 2679//1
f 2678//1 2679//1 2561//1
f 2679//1 2562//1 2561//1
f 2679//1 2743//1 2562//1
f 2743//1 2563//1 2562//1
f 2743//1 2680//1 2563//1
f 2680//1 2564//1 2563//1
f 2680//1 2681//1
f 2680//1 2681//1 2564//1
f 2681//1 2565//1 2564//1
f 2681//1 2975//1 2565//1
f 2975//1 2566//1 2565//1
f 2975//1 2682//1 2566//1
f 2682//1 2567//1 2566//1
f 2682//1 2942//1 2567//1
f 2942//1 2568//1 2567//1
f 2942//1 2683//1 2568//1
f 2683//1 2569//1 2568//1
f 2683//1 2684//1
f 2683//1 2684//1 2569//1
f 2684//1 2570//1 2569//1
f 2684//1 2760//1 2570//1
f 2760//1 2571//1 2570//1
f 2760//1 2761//1 2571//1
f 2761//1 2572//1 2571//1
f 2761//1 2936//1 2572//1
f 2936//1 2573//1 2572//1
f 2936//1 2685//1 2573//1
f 2685//1 2574//1 2573//1
f 2685//1 2686//1
f 2685//1 2686//1 2574//1
f 2686//1 2575//1 2574//1
f 2686//1 2687//1
f 2686//1 2687//1 2575//1
f 2687//1 2576//1 2575//1
f 2687//1 2688//1
f 2687//1 2688//1 2576//1
f 2688//1 2577//1 2576//1
f 2688//1 2689//1
f 2688//1 2689//1 2577//1
f 2689//1 2578//1 2577//1
f 2689//1 2930//1 2578//1
f 2930//1 2579//1 2578//1
f 2930//1 2929//1 2579//1
f 2929//1 2580//1 2579//1
f 2929//1 2690//1 2580//1
f 2690//1 2581//1 2580//1
f 2690//1 2928//1 2581//1
f 2928//1 2582//1 2581//1
f 2928//1 2927//1 2582//1
f 2927//1 2583//1 2582//1
f 2927//1 2900//1 2583//1
f 2900//1 2691//1 2583//1
f 2691//1 2584//1 2583//1
f 2691//1 2744//1 2584//1
f 2744//1 2585//1 2584//1
f 2744//1 2692//1 2585//1
f 2692//1 2586//1 2585//1
f 2692//1 2693//1
f 2692//1 2693//1 2586//1
f 2693//1 2587//1 2586//1
f 2693//1 2694//1
f 2693//1 2694//1 2587//1
f 2694//1 2588//1 2587//1
f 2694//1 2718//1 2588//1
f 2718//1 2589//1 2588//1
f 2718//1 2695//1 2589//1
f 2695//1 2590//1 2589//1
f 2695//1 2745//1 2590//1
f 2745//1 2591//1 2590//1
f 2745//1 2912//1 2591//1
f 2912//1 2592//1 2591//1
f 2912//1 2696//1 2592//1
f 2696//1 2593//1 2592//1
f 2696//1 2746//1 2593//1
f 2746//1 2594//1 2593//1
f 2746//1 2908//1 2594//1
f 2908//1 2595//1 2594//1
f 2908//1 2697//1 2595//1
f 2697//1 2596//1 2595//1
f 2697//1 2748//1 2596//1
f 2748//1 2597//1 2596//1
f 2748//1 2749//1 2597//1
f 2749//1 2598//1 2597//1
f 2749//1 2792//1 2598//1
f 2792//1 2599//1 2598//1
f 2792//1 2751//1 2599//1
f 2751//1 2600//1 2599//1
f 2751//1 2916//1 2600//1
f 2916//1 2601//1 2600//1
f 2916//1 2752//1 2601//1
f 2752//1 2602//1 2601//1
f 2752//1 2698//1 2602//1
f 2698//1 2603//1 2602//1
f 2698//1 2753//1 2603//1
f 2753//1 2604//1 2603//1
f 2753//1 2699//1 2604//1
f 2699//1 2605//1 2604//1
f 2699//1 2754//1 2605//1
f 2754//1 2606//1 2605//1
f 2754//1 2891//1 2606//1
f 2891//1 2607//1 2606//1
f 2891//1 2756//1 2607//1
f 2756//1 2608//1 2607//1
f 2756//1 2757//1 2608//1
f 2757//1 2609//1 2608//1
f 2757//1 2758//1 2609//1
f 2758//1 2610//1 2609//1
f 2758//1 2759//1 2610//1
f 2759//1 2611//1 2610//1
f 2759//1 2700//1 2611//1
f 2700//1 2438//1 2611//1
f 2700//1 2892//1 2438//1
f 3028//34 3032//34 2741//34 3018//34
f 3032//35 3031//35 3019//35 2741//35
f 3031//36 3030//36 3020//36 3019//36
f 3030//34 2853//34 2674//34 3020//34
f 2824//37 2825//37 2974//37 2659//37
f 3036//38 2856//38 2960//38 3015//38
f 3027//39 3036//39 3015//39 2740//39
f 2834//40 3027//40 2740//40 2961//40
f 3035//41 2834//41 2961//41 3033//41
f 2869//42 3023//42 2739//42 3038//42
f 3023//43 3024//43 2665//43 2739//43
f 3024//44 3039//44 2666//44 2665//44
f 2738//45 3022//45 2827//45 3017//45
f 2864//46 2831//46 2667//46 3029//46
f 2831//47 3037//47 3026//47 2667//47
f 3037//38 2862//38 3025//38 3026//38
f 3039//45 2830//45 3034//45 2666//45
f 2707//48 2658//48 2736//48 3014//48
f 3014//49 2736//49 2735//49 2992//49
f 2992//50 2735//50 2657//50 2708//50
f 2737//51 2658//51 2707//51 2706//51
f 2925//52 2752//52 2916//52 2907//52
f 2921//53 2909//53 2908//53 2917//53
f 3012//49 2656//49 2655//49 2993//49
f 2993//54 2655//54 3011//54 2994//54
f 2996//55 2732//55 2652//55 2817//55
f 2817//56 2652//56 2847//56 2709//56
f 2709//57 2847//57 2731//57 2816//57
f 3006//58 2997//58 2650//58 2713//58
f 2713//59 2650//59 3005//59 3007//59
f 2999//60 2646//60 2645//60 2717//60
f 2717//59 2645//59 2989//59 3000//59
f 3000//61 2989//61 2643//61 3004//61
f 3004//60 2643//60 2642//60 2720//60
f 2720//48 2642//48 2990//48 3003//48
f 3003//62 2990//62 2991//62 3002//62
f 2824//63 2659//63 2737//63 2706//63
f 3008//61 2949//61 2646//61 2999//61
f 2716//59 2648//59 2949//59 3008//59
f 3009//64 3001//64 2648//64 2716//64
f 3007//62 3005//62 3001//62 3009//62
f 2994//65 3011//65 2734//65 2820//65
f 2820//66 2734//66 2984//66 2995//66
f 2995//67 2984//67 2733//67 3013//67
f 2766//1 2767//1
f 2767//1 2768//1
f 2988//68 2985//68 2986//68 2983//68
f 2985//69 2840//69 2987//69 2986//69
f 2770//1 2771//1
f 2771//1 2772//1
f 2840//68 2788//68 2677//68 2987//68
f 2675//70 2850//70 2988//70 2983//70
f 2774//1 2775//1
f 2775//1 2776//1
f 2776//1 2777//1
f 2777//1 2778//1
f 2778//1 2779//1
f 2779//1 2780//1
f 2841//71 2787//71 2978//71 2742//71
f 2787//68 2785//68 2981//68 2978//68
f 2773//68 2938//68 2701//68 2975//68
f 2783//1 2784//1
f 2938//68 2769//68 2942//68 2701//68
f 2769//72 2980//72 2683//72 2942//72
f 2976//68 2763//68 2936//68 2761//68
f 2763//72 2977//72 2685//72 2936//72
f 2750//70 2747//70 2930//70 2689//70
f 2789//1 2790//1
f 2790//1 2791//1
f 2861//73 2748//73 2909//73 2921//73
f 2922//74 2749//74 2748//74 2861//74
f 2756//75 2891//75 2924//75 2870//75
f 2793//1 2794//1
f 2795//1 2796//1
f 2796//1 2797//1
f 2797//1 2798//1
f 2894//76 2794//76 2887//76 2723//76
f 2885//76 2801//76 2805//76 2809//76
f 2801//76 2884//76 2803//76 2805//76
f 2884//76 2879//76 2633//76 2803//76
f 2888//76 2799//76 2878//76 2725//76
f 2798//76 2888//76 2725//76 2724//76
f 2797//76 2798//76 2724//76 2631//76
f 2796//76 2797//76 2631//76 2886//76
f 2806//1 2807//1
f 2807//1 2808//1
f 2880//76 2883//76 2810//76 2635//76
f 2883//76 2804//76 2727//76 2810//76
f 2804//76 2881//76 2728//76 2727//76
f 2881//76 2806//76 2729//76 2728//76
f 2818//1 2819//1
f 2819//1 2820//1
f 2822//1 2823//1
f 2824//1 2825//1
f 2827//1 2828//1
f 2829//1 2830//1
f 2831//1 2832//1
f 2833//1 2834//1
f 2836//1 2837//1
f 2839//1 2840//1
f 2747//69 2846//69 2929//69 2930//69
f 2846//68 2703//68 2690//68 2929//68
f 2848//1 2849//1
f 2703//70 2704//70 2928//70 2690//70
f 2704//68 2705//68 2927//68 2928//68
f 2851//1 2852//1
f 2705//72 2721//72 2900//72 2927//72
f 2853//77 2850//77 2675//77 2674//77
f 2854//1 2855//1
f 2845//70 2750//70 2689//70 2688//70
f 2755//72 2845//72 2688//72 2687//72
f 2857//1 2858//1
f 2844//70 2755//70 2687//70 2686//70
f 2977//72 2844//72 2686//72 2685//72
f 2860//1 2861//1
f 2785//72 2782//72 2743//72 2981//72
f 2782//77 2781//77 2680//77 2743//77
f 2781//77 2982//77 2681//77 2680//77
f 2982//70 2773//70 2975//70 2681//70
f 2979//68 2976//68 2761//68 2760//68
f 2865//1 2866//1
f 2765//70 2979//70 2760//70 2684//70
f 2980//77 2765//77 2684//77 2683//77
f 2677//72 2788//72 2841//72 2742//72
f 2657//78 2656//78 3012//78 2708//78
f 2816//63 2731//63 2730//63 2710//63
f 2870//1 2871//1
f 2710//79 2730//79 2998//79 3010//79
f 3010//62 2998//62 2997//62 3006//62
f 2872//1 2873//1
f 3013//80 2733//80 2732//80 2996//80
f 3012//81 2821//81 2994//81 2820//81 2819//81 2818//81 2996//81 2817//81 2709//81 2816//81 2710//81 2815//81 3006//81 2713//81 2814//81 3009//81 2716//81 2813//81 2999//81 2717//81 2812//81 3004//81 2720//81 2811//81 3002//81 2874//81 2875//81 2876//81 2808//81 2807//81 2806//81 2881//81 2804//81 2883//81 2880//81 2802//81 2879//81 2884//81 2801//81 2885//81 2800//81 2726//81 2799//81 2888//81 2798//81 2797//81 2796//81 2795//81 2887//81 2794//81 2793//81 2890//81 2896//81 2791//81 2790//81 2789//81 2957//81 2958//81 2786//81 2953//81 2784//81 2783//81 2951//81 2964//81 2780//81 2779//81 2778//81 2777//81 2776//81 2775//81 2774//81 2933//81 2772//81 2771//81 2770//81 2947//81 2768//81 2767//81 2766//81 2945//81 2764//81 2972//81 2762//81 2943//81 2901//81 2873//81 2872//81 2926//81 2871//81 2870//81 2924//81 2868//81 2904//81 2905//81 2866//81 2865//81 2907//81 2722//81 2863//81 2922//81 2861//81 2860//81 2917//81 2858//81 2857//81 2920//81 2855//81 2854//81 2910//81 2852//81 2851//81 2914//81 2849//81 2848//81 2721//81 2705//81 2704//81 2703//81 2846//81 2747//81 2750//81 2845//81 2755//81 2844//81 2977//81 2763//81 2976//81 2979//81 2765//81 2980//81 2769//81 2843//81 2773//81 2842//81 2781//81 2782//81 2785//81 2787//81 2841//81 2788//81 2840//81 2839//81 2988//81 2850//81 2853//81 2838//81 3031//81 3032//81 2837//81 2836//81 2856//81 2835//81 3027//81 2834//81 2833//81 2859//81 2862//81 2832//81 2831//81 2864//81 2867//81 3016//81 2830//81 2829//81 3024//81 3023//81 2869//81 2828//81 2827//81 3022//81 3021//81 2826//81 2897//81 2825//81 2824//81 2706//81 2707//81 2823//81 2822//81 2708//81
f 2790//76 2791//76 2629//76 2941//76
f 2874//82 3002//82 2991//82 2640//82
f 2875//76 2874//76 2640//76 2639//76
f 2876//76 2875//76 2639//76 2638//76
f 2808//76 2876//76 2638//76 2637//76
f 2807//76 2808//76 2637//76 2636//76
f 2806//76 2807//76 2636//76 2729//76
f 2802//76 2880//76 2635//76 2634//76
f 2879//76 2802//76 2634//76 2633//76
f 2800//76 2885//76 2809//76 2632//76
f 2726//76 2800//76 2632//76 2877//76
f 2799//76 2726//76 2877//76 2878//76
f 2795//76 2796//76 2886//76 2882//76
f 2887//76 2795//76 2882//76 2723//76
f 2629//76 2791//76 2896//76 2630//76
f 2793//76 2794//76 2894//76 2895//76
f 2890//76 2793//76 2895//76 2893//76
f 2896//76 2890//76 2893//76 2630//76
f 2906//83 2889//83 2752//83 2925//83
f 2905//84 2753//84 2889//84 2906//84
f 2904//85 2923//85 2753//85 2905//85
f 2918//53 2915//53 2912//53 2920//53
f 2920//74 2912//74 2745//74 2855//74
f 2855//73 2745//73 2719//73 2919//73
f 2919//53 2719//53 2718//53 2910//53
f 2901//86 2892//86 2700//86 2873//86
f 2913//87 2899//87 2900//87 2721//87
f 2849//88 2744//88 2899//88 2913//88
f 2914//89 2692//89 2744//89 2849//89
f 2911//53 2898//53 2692//53 2914//53
f 2852//88 2694//88 2898//88 2911//88
f 2910//89 2718//89 2694//89 2852//89
f 2858//73 2746//73 2915//73 2918//73
f 2917//90 2908//90 2746//90 2858//90
f 2863//91 2792//91 2749//91 2922//91
f 2722//87 2751//87 2792//87 2863//87
f 2907//92 2916//92 2751//92 2722//92
f 2903//93 2754//93 2923//93 2904//93
f 2924//92 2891//92 2754//92 2903//92
f 2700//94 2759//94 2872//94 2873//94
f 2902//95 2757//95 2756//95 2870//95
f 2926//96 2758//96 2757//96 2902//96
f 2872//97 2759//97 2758//97 2926//97
f 2970//98 2772//98 2619//98 2934//98
f 2966//99 2778//99 2623//99 2950//99
f 2776//100 2966//100 2950//100 2952//100
f 2775//101 2776//101 2952//101 2955//101
f 2614//102 2945//102 2766//102 2615//102
f 2948//103 2970//103 2934//103 2935//103
f 2947//103 2948//103 2935//103 2965//103
f 2768//104 2947//104 2965//104 2968//104
f 2962//105 2964//105 2712//105 2959//105
f 2964//103 2951//103 2932//103 2712//103
f 2951//103 2963//103 2931//103 2932//103
f 2963//99 2784//99 2714//99 2931//99
f 2901//106 2943//106 2702//106 2892//106
f 2956//103 2790//103 2941//103 2940//103
f 2957//103 2956//103 2940//103 2939//103
f 2958//103 2957//103 2939//103 2627//103
f 2954//103 2958//103 2627//103 2937//103
f 2953//107 2954//107 2937//107 2715//107
f 2784//108 2953//108 2715//108 2714//108
f 2779//109 2962//109 2959//109 2711//109
f 2778//110 2779//110 2711//110 2623//110
f 2774//111 2775//111 2955//111 2621//111
f 2933//112 2774//112 2621//112 2620//112
f 2772//113 2933//113 2620//113 2619//113
f 2946//114 2768//114 2968//114 2616//114
f 2766//113 2946//113 2616//113 2615//113
f 2702//115 2943//115 2762//115 2612//115
f 2944//116 2945//116 2614//116 2613//116
f 2972//117 2944//117 2613//117 2973//117
f 2762//118 2972//118 2973//118 2612//118
f 2836//119 3028//119 3018//119 2671//119
f 2856//120 2836//120 2671//120 2960//120
f 2859//121 3035//121 3033//121 2967//121
f 2862//122 2859//122 2967//122 3025//122
f 2867//123 2864//123 3029//123 2969//123
f 3016//124 2867//124 2969//124 2971//124
f 2830//125 3016//125 2971//125 3034//125
f 2828//126 2869//126 3038//126 2663//126
f 2827//127 2828//127 2663//127 3017//127
f 2974//128 2825//128 2897//128 2660//128
f 3021//129 3022//129 2738//129 2662//129
f 2826//130 3021//130 2662//130 2661//130
f 2897//131 2826//131 2661//131 2660//131
