# Blender 4.1.1
# www.blender.org
o wall_segment_2.017
v 0.987365 5.000000 7.050000
v -1.012635 3.000000 7.050001
v -1.012635 5.000000 7.050001
v 0.987365 5.000000 6.950000
v 0.987365 3.000000 6.949999
v -1.012635 5.000000 6.950001
v 0.987365 3.833333 6.950000
v 0.987365 3.416667 6.950000
v 0.987365 3.833333 7.050000
v 0.987365 4.666667 7.050000
v 0.987365 3.416667 7.050000
v 0.987365 4.666667 6.950000
v 0.320698 5.000000 7.050000
v 0.320698 5.000000 6.950000
v -0.679301 3.000000 7.050000
v -0.679302 3.000000 6.950000
v -1.012635 3.333333 7.050001
v -1.012635 3.333333 6.950001
v -1.012635 4.666667 7.050001
v -1.012635 4.666667 6.950001
v 0.987365 5.000000 7.100000
v -1.012635 3.000000 7.100000
v 0.987365 4.666667 7.100000
v -0.679301 3.000000 7.100000
v -1.012635 3.333333 7.100000
v 0.987365 5.000000 7.150000
v -1.012635 5.000000 7.150001
v 0.987365 4.666667 7.150000
v 0.320698 5.000000 7.150001
v -1.012635 4.666667 7.150001
v -1.012635 5.000000 7.100001
v 0.320698 4.666667 7.150000
v 0.320698 4.666666 7.100000
v 0.320698 4.666666 7.050000
v -1.012635 4.666667 7.100001
v 0.320698 5.000000 7.100000
v 0.654032 5.000000 7.050000
v 0.654032 5.000000 6.950000
v 0.654032 5.000000 7.150001
v 0.654032 4.666667 7.150000
v 0.654032 4.666667 7.100000
v 0.654032 5.000000 7.100000
v 0.987365 3.833333 7.079999
v 0.987365 3.416667 7.079999
v 0.154031 3.833333 7.080000
v -0.262634 3.416667 7.080000
v -1.012635 4.444444 7.050001
v -1.012635 4.222222 7.050001
v -1.012635 4.444444 6.950001
v -1.012635 4.222222 6.950001
v -1.012635 4.444444 7.090001
v -1.012635 4.222222 7.090001
v 0.098476 4.444444 7.090000
v -0.123746 4.222222 7.090000
v -0.123746 4.222222 7.050000
v 0.098476 4.444444 7.050000
v -0.262634 3.416667 7.050000
v 0.154031 3.833333 7.050000
v 0.154032 3.833333 7.100000
v -0.262635 3.416667 7.100000
v -3.062635 3.000000 7.000000
v -3.062634 1.000000 7.000000
v -3.062635 1.000000 5.000000
v -3.062635 3.000000 5.000000
v -2.962635 3.000000 5.000000
v -2.962635 3.000000 7.000000
v -2.962635 1.000000 7.000000
v -3.112635 1.000000 7.000000
v -3.062635 1.000000 6.835699
v -3.112635 1.000000 6.835699
v -3.062635 3.000000 5.147943
v -3.112635 3.000000 5.147694
v -3.112635 2.494901 5.000000
v -3.062635 2.628700 5.000000
v -3.062635 2.494901 5.000000
v -2.962635 2.628700 5.000000
v -2.962635 1.273593 7.000000
v -3.062635 1.408144 7.000000
v -3.062635 1.273593 7.000000
v -3.112635 1.408144 7.000000
v -5.000000 3.000000 -3.049999
v -3.000000 3.000000 -3.050000
v -3.000000 3.000000 -2.950000
v -5.000000 3.000000 -2.950000
v -5.000000 1.000000 -2.950000
v -3.000000 1.000000 -2.950000
v -5.000000 1.000000 -3.049999
v -5.000000 1.000000 -3.100000
v -4.835699 1.000000 -3.049999
v -4.835699 1.000000 -3.100000
v -3.147943 3.000000 -3.050000
v -3.147694 3.000000 -3.100000
v -3.000000 2.494901 -3.100000
v -3.000000 2.628700 -3.050000
v -3.000000 2.494901 -3.050000
v -3.000000 2.628700 -2.950000
v -5.000000 1.273593 -2.950000
v -5.000000 1.408145 -3.049999
v -5.000000 1.273593 -3.049999
v -5.000000 1.408145 -3.100000
v 1.000000 3.000000 -3.049999
v 1.000000 1.000000 -3.049999
v 3.000000 1.000000 -3.049999
v 3.000000 3.000000 -3.050000
v 1.000000 3.000000 -2.950000
v 3.000000 1.000000 -2.950000
v 3.000000 3.000000 -3.100000
v 1.164301 1.000000 -3.050000
v 1.164301 1.000000 -3.100000
v 2.852057 3.000000 -3.050000
v 2.852306 3.000000 -3.100000
v 3.000000 2.494901 -3.100000
v 3.000000 2.628700 -3.050000
v 3.000000 2.494901 -3.050000
v 3.000000 2.628700 -2.950000
v 1.000000 1.273593 -2.950000
v 1.000000 1.408145 -3.049999
v 1.000000 1.273593 -3.049999
v 1.000000 1.408145 -3.100000
v 3.000000 1.000000 2.950000
v 3.000000 1.000000 3.100000
v 1.000000 3.000000 3.100001
v 2.835699 1.000000 3.050000
v 2.835699 1.000000 3.100000
v 1.147943 3.000000 3.050000
v 1.147694 3.000000 3.100001
v 1.000000 2.494901 3.100001
v 1.000000 2.628700 3.050000
v 1.000000 2.494901 3.050000
v 1.000000 2.628700 2.950001
v 3.000000 1.273593 2.950000
v 3.000000 1.408145 3.050000
v 3.000000 1.273593 3.050000
v 3.000000 1.408145 3.100000
v 1.000000 3.000000 3.050001
v -1.000000 1.000000 3.050000
v 1.000000 3.000000 2.950001
v 1.000000 1.000000 2.950000
v 1.000000 1.000000 3.050000
v -1.000000 3.000000 3.100001
v 0.835699 1.000000 3.050000
v 0.835699 1.000000 3.100000
v -0.852057 3.000000 3.050000
v -0.852306 3.000000 3.100001
v -1.000000 2.494901 3.100001
v -1.000000 2.628700 3.050000
v -1.000000 2.494901 3.050000
v -1.000000 2.628700 2.950000
v 1.000000 1.273593 2.950000
v 1.000000 1.408145 3.050000
v 1.000000 1.273593 3.050000
v 1.000000 1.408145 3.100000
v -1.000000 3.000000 3.050000
v 5.050000 5.000000 -0.950000
v 5.050000 3.000000 -0.950000
v 5.050000 3.000000 1.050000
v 5.050001 5.000000 1.050000
v 4.950000 5.000000 -0.950000
v 4.950000 3.000000 -0.950000
v 4.950000 3.000000 1.050000
v 4.950000 5.000000 1.050000
v 4.950000 3.833333 -0.950000
v 4.950000 3.416667 -0.950000
v 5.050000 3.833333 -0.950000
v 5.050000 4.666667 -0.950000
v 5.050000 3.416667 -0.950000
v 4.950000 4.666667 -0.950000
v 5.050001 5.000000 -0.283334
v 4.950000 5.000000 -0.283333
v 5.050000 3.000000 0.716666
v 4.950000 3.000000 0.716667
v 5.050000 3.333333 1.050000
v 4.950000 3.333333 1.050000
v 5.050000 4.666667 1.050000
v 4.950000 4.666667 1.050000
v 5.100000 5.000000 -0.950000
v 5.100000 3.000000 1.050000
v 5.100000 4.666667 -0.950000
v 5.100000 3.000000 0.716666
v 5.100000 3.333333 1.050000
v 5.150000 5.000000 -0.950000
v 5.150001 5.000000 1.050000
v 5.150000 4.666667 -0.950000
v 5.150001 5.000000 -0.283334
v 5.150001 4.666667 1.050000
v 5.100000 5.000000 1.050000
v 5.150001 4.666667 -0.283333
v 5.100000 4.666667 -0.283333
v 5.050000 4.666667 -0.283333
v 5.100000 4.666667 1.050000
v 5.100000 5.000000 -0.283334
v 5.050001 5.000000 -0.616667
v 4.950001 5.000000 -0.616666
v 5.150001 5.000000 -0.616667
v 5.150001 4.666667 -0.616667
v 5.100000 4.666667 -0.616667
v 5.100000 5.000000 -0.616667
v 5.080000 3.833333 -0.950000
v 5.080000 3.416667 -0.950000
v 5.080000 3.833333 -0.116666
v 5.080000 3.416667 0.299999
v 5.050000 4.444445 1.050000
v 5.050000 4.222222 1.050000
v 4.950000 4.444445 1.050000
v 4.950000 4.222222 1.050000
v 5.090000 4.444445 1.050000
v 5.090000 4.222222 1.050000
v 5.090000 4.444445 -0.061111
v 5.090000 4.222222 0.161111
v 5.050000 4.222222 0.161111
v 5.050000 4.444445 -0.061111
v 5.050000 3.416667 0.300000
v 5.050000 3.833333 -0.116666
v 5.100000 3.833333 -0.116667
v 5.100000 3.416667 0.300000
v -5.050000 5.000000 1.000000
v -5.050000 3.000000 1.000000
v -5.050001 5.000000 -1.000000
v -4.950000 5.000000 1.000000
v -4.950000 3.000000 1.000000
v -4.950000 5.000000 -1.000000
v -4.950000 3.833333 1.000000
v -4.950000 3.416667 1.000000
v -5.050000 3.833333 1.000000
v -5.050000 4.666667 1.000000
v -5.050000 3.416667 1.000000
v -4.950000 4.666667 1.000000
v -5.050000 5.000000 0.333334
v -4.950000 5.000000 0.333334
v -5.050000 3.000000 -0.666666
v -4.950000 3.000000 -0.666666
v -5.050000 3.333333 -1.000000
v -4.950000 3.333333 -1.000000
v -5.050001 4.666667 -1.000000
v -4.950000 4.666667 -1.000000
v -5.100000 5.000000 1.000000
v -5.100000 3.000000 -1.000000
v -5.100000 4.666667 1.000000
v -5.100000 3.000000 -0.666666
v -5.100000 3.333333 -1.000000
v -5.150000 5.000000 1.000000
v -5.150001 5.000000 -1.000000
v -5.150000 4.666667 1.000000
v -5.150001 5.000000 0.333334
v -5.150001 4.666667 -1.000000
v -5.100000 5.000000 -1.000000
v -5.150001 4.666667 0.333333
v -5.100000 4.666667 0.333333
v -5.050000 4.666667 0.333333
v -5.100000 4.666667 -1.000000
v -5.100000 5.000000 0.333334
v -5.050001 5.000000 0.666667
v -4.950000 5.000000 0.666667
v -5.150001 5.000000 0.666667
v -5.150001 4.666667 0.666667
v -5.100000 4.666667 0.666667
v -5.100000 5.000000 0.666667
v -5.080000 3.833333 1.000000
v -5.080000 3.416667 1.000000
v -5.080000 3.833333 0.166666
v -5.080000 3.416667 -0.249999
v -5.050001 4.444445 -1.000000
v -5.050000 4.222222 -1.000000
v -4.950000 4.444445 -1.000000
v -4.950000 4.222222 -1.000000
v -5.090001 4.444445 -1.000000
v -5.090001 4.222222 -1.000000
v -5.090000 4.444445 0.111111
v -5.090000 4.222222 -0.111111
v -5.050000 4.222222 -0.111111
v -5.050000 4.444445 0.111111
v -5.050000 3.416667 -0.249999
v -5.050000 3.833333 0.166666
v -5.100000 3.833333 0.166667
v -5.100000 3.416667 -0.250000
v 0.987365 3.000000 7.050000
v 0.987365 1.000000 7.050000
v -1.012635 1.000000 7.050001
v -1.012635 1.000000 6.950000
v 0.987365 1.833333 6.950000
v 0.987365 1.416667 6.950000
v 0.987365 1.833333 7.050000
v 0.987365 2.666667 7.050000
v 0.987365 1.416667 7.050000
v 0.320698 3.000000 7.050000
v 0.320698 3.000000 6.950000
v -0.679301 1.000000 7.050000
v -0.679302 1.000000 6.950000
v -1.012635 1.333333 7.050001
v -1.012635 1.333333 6.950001
v -1.012635 2.666667 7.050001
v -1.012635 1.000000 7.100000
v -0.679301 1.000000 7.100000
v -1.012635 1.333333 7.100000
v 0.987365 3.000000 7.150000
v -1.012635 3.000000 7.150001
v 0.987365 2.666667 7.150000
v 0.320698 3.000000 7.150001
v -1.012635 2.666667 7.150001
v 0.320698 2.666667 7.150000
v 0.320698 2.666667 7.100000
v 0.320698 2.666667 7.050000
v 0.320698 3.000000 7.100000
v 0.654032 3.000000 7.050000
v 0.654032 3.000000 6.950000
v 0.654032 3.000000 7.150001
v 0.654032 2.666667 7.150000
v 0.654032 2.666667 7.100000
v 0.654032 3.000000 7.100000
v 0.987365 1.833333 7.079999
v 0.987365 1.416667 7.079999
v 0.154031 1.833333 7.080000
v -0.262634 1.416667 7.080000
v -1.012635 2.444444 7.050001
v -1.012635 2.222222 7.050001
v -1.012635 2.444444 6.950001
v -1.012635 2.222222 6.950001
v -1.012635 2.444444 7.090001
v -1.012635 2.222222 7.090001
v 0.098476 2.444444 7.090000
v -0.123746 2.222222 7.090000
v -0.123746 2.222222 7.050000
v 0.098476 2.444444 7.050000
v -0.262634 1.416667 7.050000
v 0.154031 1.833333 7.050000
v 0.154032 1.833333 7.100000
v -0.262635 1.416667 7.100000
v -5.050000 1.000000 1.000000
v -5.050001 3.000000 -1.000000
v -4.950000 1.000000 1.000000
v -4.950000 3.000000 -1.000000
v -4.950000 1.833333 1.000000
v -4.950000 1.416667 1.000000
v -5.050000 1.833333 1.000000
v -5.050000 1.416667 1.000000
v -4.950000 2.666667 1.000000
v -5.050000 3.000000 0.333334
v -4.950000 3.000000 0.333334
v -5.050000 1.000000 -0.666666
v -4.950000 1.000000 -0.666666
v -5.050000 1.333333 -1.000000
v -4.950000 1.333333 -1.000000
v -4.950000 2.666667 -1.000000
v -5.100000 3.000000 1.000000
v -5.100000 1.000000 -0.666666
v -5.100000 1.333333 -1.000000
v -5.150001 3.000000 -1.000000
v -5.150000 2.666667 1.000000
v -5.150001 3.000000 0.333334
v -5.150001 2.666667 -1.000000
v -5.150001 2.666667 0.333333
v -5.100000 2.666667 0.333333
v -5.050000 2.666667 0.333333
v -5.100000 2.666667 -1.000000
v -5.100000 3.000000 0.333334
v -5.050001 3.000000 0.666667
v -4.950000 3.000000 0.666667
v -5.150001 3.000000 0.666667
v -5.150001 2.666667 0.666667
v -5.100000 2.666667 0.666667
v -5.100000 3.000000 0.666667
v -5.080000 1.833333 1.000000
v -5.080000 1.416667 1.000000
v -5.080000 1.833333 0.166666
v -5.080000 1.416667 -0.249999
v -5.050001 2.444444 -1.000000
v -5.050000 2.222222 -1.000000
v -4.950000 2.444444 -1.000000
v -4.950000 2.222222 -1.000000
v -5.090001 2.444444 -1.000000
v -5.090001 2.222222 -1.000000
v -5.090000 2.444444 0.111111
v -5.090000 2.222222 -0.111111
v -5.050000 2.222222 -0.111111
v -5.050000 2.444444 0.111111
v -5.050000 1.416667 -0.249999
v -5.050000 1.833333 0.166666
v -5.100000 1.833333 0.166667
v -5.100000 1.416667 -0.250000
v -3.062635 1.000000 3.000000
v -3.062635 3.000000 3.000000
v -2.962635 1.000000 5.000000
v -2.962635 1.000000 3.000000
v -2.962635 3.000000 3.000000
v -2.962635 1.833333 5.000000
v -2.962635 1.416667 5.000000
v -3.062635 1.833333 5.000000
v -3.062635 2.666667 5.000000
v -3.062635 1.416667 5.000000
v -2.962635 2.666667 5.000000
v -3.062635 3.000000 4.333334
v -2.962635 3.000000 4.333334
v -3.062634 1.000000 3.333334
v -2.962635 1.000000 3.333334
v -3.062635 1.333333 3.000000
v -2.962635 1.333333 3.000000
v -3.062635 2.666667 3.000000
v -2.962635 2.666667 3.000000
v -3.112635 3.000000 5.000000
v -3.112635 1.000000 3.000000
v -3.112635 2.666667 5.000000
v -3.112635 1.000000 3.333334
v -3.112635 1.333333 3.000000
v -3.162635 3.000000 5.000000
v -3.162635 3.000000 3.000000
v -3.162635 2.666667 5.000000
v -3.162635 3.000000 4.333334
v -3.162635 2.666667 3.000000
v -3.112635 3.000000 3.000000
v -3.162635 2.666667 4.333334
v -3.112635 2.666667 4.333334
v -3.062635 2.666667 4.333334
v -3.112635 2.666667 3.000000
v -3.112635 3.000000 4.333334
v -3.062635 3.000000 4.666667
v -2.962635 3.000000 4.666667
v -3.162635 3.000000 4.666667
v -3.162635 2.666667 4.666667
v -3.112635 2.666667 4.666667
v -3.112635 3.000000 4.666667
v -3.092635 1.833333 5.000000
v -3.092635 1.416667 5.000000
v -3.092635 1.833333 4.166667
v -3.092635 1.416667 3.750001
v -3.062635 2.444444 3.000000
v -3.062635 2.222222 3.000000
v -2.962635 2.444444 3.000000
v -2.962635 2.222222 3.000000
v -3.102635 2.444444 3.000000
v -3.102635 2.222222 3.000000
v -3.102635 2.444444 4.111112
v -3.102635 2.222222 3.888889
v -3.062635 2.222222 3.888889
v -3.062635 2.444444 4.111112
v -3.062635 1.416667 3.750001
v -3.062635 1.833333 4.166667
v -3.112635 1.833333 4.166667
v -3.112635 1.416667 3.750001
v 3.037366 3.000000 3.000000
v 3.037365 1.000000 3.000000
v 2.937366 3.000000 3.000000
v 2.937365 1.000000 3.000000
v 2.937366 3.000000 5.000000
v 2.937366 1.833333 3.000000
v 2.937365 1.416667 3.000000
v 3.037365 1.833333 3.000000
v 3.037366 2.666667 3.000000
v 3.037365 1.416667 3.000000
v 2.937366 2.666667 3.000000
v 3.037366 3.000000 3.666667
v 2.937366 3.000000 3.666667
v 3.037365 1.000000 4.666667
v 2.937365 1.000000 4.666667
v 3.037365 1.333333 5.000000
v 2.937366 1.333333 5.000000
v 3.037366 2.666667 5.000000
v 2.937366 2.666667 5.000000
v 3.087366 3.000000 3.000000
v 3.087365 1.000000 5.000000
v 3.087366 2.666667 3.000000
v 3.087365 1.000000 4.666667
v 3.087365 1.333333 5.000000
v 3.137366 3.000000 3.000000
v 3.137366 3.000000 5.000000
v 3.137366 2.666667 3.000000
v 3.137366 3.000000 3.666667
v 3.137366 2.666667 5.000000
v 3.087366 3.000000 5.000000
v 3.137366 2.666667 3.666667
v 3.087366 2.666667 3.666667
v 3.037366 2.666667 3.666667
v 3.087366 2.666667 5.000000
v 3.087366 3.000000 3.666667
v 3.037366 3.000000 3.333333
v 2.937366 3.000000 3.333333
v 3.137366 3.000000 3.333333
v 3.137366 2.666667 3.333333
v 3.087366 2.666667 3.333333
v 3.087366 3.000000 3.333333
v 3.067365 1.833333 3.000000
v 3.067365 1.416667 3.000000
v 3.067365 1.833333 3.833334
v 3.067365 1.416667 4.250000
v 3.037366 2.444444 5.000000
v 3.037366 2.222222 5.000000
v 2.937366 2.444444 5.000000
v 2.937366 2.222222 5.000000
v 3.077366 2.444444 5.000000
v 3.077366 2.222222 5.000000
v 3.077366 2.444444 3.888889
v 3.077366 2.222222 4.111112
v 3.037366 2.222222 4.111112
v 3.037365 2.444444 3.888889
v 3.037365 1.416667 4.250000
v 3.037365 1.833333 3.833334
v 3.087365 1.833333 3.833333
v 3.087365 1.416667 4.250000
v 2.987365 3.000000 7.050000
v 2.987365 1.000000 7.050000
v 2.987365 3.000000 6.950000
v 2.987365 1.000000 6.949999
v 0.987365 1.000000 6.950000
v 2.987365 1.833333 6.950000
v 2.987365 1.416667 6.950000
v 2.987365 1.833333 7.050000
v 2.987365 2.666667 7.050000
v 2.987365 1.416667 7.050000
v 2.987365 2.666667 6.950000
v 2.320698 3.000000 7.050000
v 2.320698 3.000000 6.950000
v 1.320698 1.000000 7.050000
v 1.320698 1.000000 6.950000
v 0.987365 1.333333 7.050000
v 0.987365 1.333333 6.950000
v 0.987365 2.666667 6.950000
v 2.987365 3.000000 7.100000
v 2.987365 2.666667 7.100000
v 1.320698 1.000000 7.100000
v 0.987365 1.333333 7.100000
v 2.987365 3.000000 7.150000
v 2.987365 2.666667 7.150000
v 2.320698 3.000000 7.150000
v 0.987365 3.000000 7.100000
v 2.320698 2.666667 7.150000
v 2.320698 2.666667 7.100000
v 2.320698 2.666667 7.050000
v 0.987365 2.666667 7.100000
v 2.320698 3.000000 7.100000
v 2.654032 3.000000 7.050000
v 2.654032 3.000000 6.950000
v 2.654032 3.000000 7.150000
v 2.654032 2.666667 7.150000
v 2.654032 2.666667 7.100000
v 2.654032 3.000000 7.100000
v 2.987365 1.833333 7.079999
v 2.987365 1.416667 7.079999
v 2.154032 1.833333 7.080000
v 1.737365 1.416667 7.080000
v 0.987365 2.444444 7.050000
v 0.987365 2.222222 7.050000
v 0.987365 2.444444 6.950000
v 0.987365 2.222222 6.950000
v 0.987365 2.444444 7.090000
v 0.987365 2.222222 7.090000
v 2.098477 2.444444 7.090000
v 1.876254 2.222222 7.090000
v 1.876254 2.222222 7.050000
v 2.098477 2.444444 7.050000
v 1.737365 1.416667 7.050000
v 2.154032 1.833333 7.050000
v 2.154032 1.833333 7.100000
v 1.737365 1.416667 7.100000
v -3.012635 1.000000 7.050001
v -3.012635 3.000000 7.050001
v -1.012635 3.000000 6.950000
v -3.012635 1.000000 6.950000
v -3.012635 3.000000 6.950001
v -1.012635 1.833333 6.950000
v -1.012635 1.416667 6.950000
v -1.012635 1.833333 7.050000
v -1.012635 1.416667 7.050000
v -1.012635 2.666667 6.950000
v -1.679302 3.000000 7.050000
v -1.679302 3.000000 6.950000
v -2.679301 1.000000 7.050001
v -2.679302 1.000000 6.950000
v -3.012635 1.333333 7.050001
v -3.012635 1.333333 6.950001
v -3.012635 2.666667 7.050001
v -3.012635 2.666667 6.950001
v -3.012635 1.000000 7.100000
v -1.012635 2.666667 7.100000
v -2.679301 1.000000 7.100000
v -3.012635 1.333333 7.100000
v -3.012635 3.000000 7.150001
v -1.679302 3.000000 7.150000
v -3.012635 2.666667 7.150001
v -3.012635 3.000000 7.100001
v -1.679302 2.666667 7.150000
v -1.679302 2.666667 7.100000
v -1.679302 2.666667 7.050000
v -3.012635 2.666667 7.100001
v -1.679302 3.000000 7.100000
v -1.345968 3.000000 7.050000
v -1.345968 3.000000 6.950000
v -1.345968 3.000000 7.150000
v -1.345968 2.666667 7.150000
v -1.345968 2.666667 7.100000
v -1.345968 3.000000 7.100000
v -1.012635 1.833333 7.080000
v -1.012635 1.416667 7.080000
v -1.845969 1.833333 7.080000
v -2.262634 1.416667 7.080000
v -3.012635 2.444444 7.050001
v -3.012635 2.222222 7.050001
v -3.012635 2.444444 6.950001
v -3.012635 2.222222 6.950001
v -3.012635 2.444444 7.090001
v -3.012635 2.222222 7.090001
v -1.901524 2.444444 7.090000
v -2.123746 2.222222 7.090000
v -2.123746 2.222222 7.050000
v -1.901524 2.444444 7.050000
v -2.262634 1.416667 7.050001
v -1.845969 1.833333 7.050000
v -1.845968 1.833333 7.100000
v -2.262635 1.416667 7.100000
v -3.000000 1.000000 -3.050000
v -1.000000 1.000000 -3.050000
v -1.000000 1.000000 -2.950001
v -1.000000 3.000000 -2.950001
v -3.000000 1.833333 -2.950001
v -3.000000 1.416667 -2.950001
v -3.000000 1.833333 -3.050000
v -3.000000 2.666667 -3.050000
v -3.000000 1.416667 -3.050000
v -3.000000 2.666667 -2.950001
v -2.333333 3.000000 -3.050000
v -2.333333 3.000000 -2.950001
v -1.333333 1.000000 -3.050001
v -1.333333 1.000000 -2.950000
v -1.000000 1.333333 -3.050001
v -1.000000 1.333333 -2.950001
v -1.000000 2.666667 -3.050001
v -1.000000 2.666667 -2.950001
v -3.000000 3.000000 -3.100000
v -1.000000 1.000000 -3.100000
v -3.000000 2.666667 -3.100000
v -1.333333 1.000000 -3.100000
v -1.000000 1.333333 -3.100000
v -3.000000 3.000000 -3.150001
v -1.000000 3.000000 -3.150000
v -3.000000 2.666667 -3.150001
v -2.333333 3.000000 -3.150001
v -1.000000 2.666667 -3.150000
v -2.333333 2.666667 -3.150001
v -2.333333 2.666667 -3.100001
v -2.333333 2.666667 -3.050000
v -1.000000 2.666667 -3.100001
v -2.333333 3.000000 -3.100001
v -2.666667 3.000000 -3.050000
v -2.666667 3.000000 -2.950001
v -2.666667 3.000000 -3.150001
v -2.666667 2.666667 -3.150001
v -2.666667 2.666667 -3.100000
v -2.666667 3.000000 -3.100000
v -3.000000 1.833333 -3.080001
v -3.000000 1.416667 -3.080001
v -2.166666 1.833333 -3.080000
v -1.750000 1.416667 -3.080000
v -1.000000 2.444444 -3.050001
v -1.000000 2.222222 -3.050001
v -1.000000 2.444444 -2.950001
v -1.000000 2.222222 -2.950001
v -1.000000 2.444444 -3.090001
v -1.000000 2.222222 -3.090001
v -2.111111 2.444444 -3.090000
v -1.888889 2.222222 -3.090000
v -1.888889 2.222222 -3.050000
v -2.111111 2.444444 -3.050000
v -1.750000 1.416667 -3.050001
v -2.166666 1.833333 -3.050000
v -2.166667 1.833333 -3.100001
v -1.750000 1.416667 -3.100001
v -1.000000 3.000000 -3.050000
v 1.000000 1.000000 -2.950000
v -1.000000 1.833333 -2.950001
v -1.000000 1.416667 -2.950001
v -1.000000 1.833333 -3.050000
v -1.000000 1.416667 -3.050000
v -0.333333 3.000000 -3.050000
v -0.333333 3.000000 -2.950001
v 0.666667 1.000000 -3.050000
v 0.666667 1.000000 -2.950000
v 1.000000 1.333333 -3.050000
v 1.000000 1.333333 -2.950000
v 1.000000 2.666667 -3.050000
v 1.000000 2.666667 -2.950000
v -1.000000 3.000000 -3.100000
v 0.666667 1.000000 -3.100000
v 1.000000 1.333333 -3.100000
v 1.000000 3.000000 -3.150000
v -0.333333 3.000000 -3.150001
v 1.000000 2.666667 -3.150000
v 1.000000 3.000000 -3.100001
v -0.333333 2.666667 -3.150001
v -0.333333 2.666667 -3.100000
v -0.333333 2.666667 -3.050000
v 1.000000 2.666667 -3.100001
v -0.333333 3.000000 -3.100000
v -0.666667 3.000000 -3.050000
v -0.666667 3.000000 -2.950001
v -0.666667 3.000000 -3.150000
v -0.666667 2.666667 -3.150000
v -0.666667 2.666667 -3.100000
v -0.666667 3.000000 -3.100000
v -1.000000 1.833333 -3.080001
v -1.000000 1.416667 -3.080000
v -0.166666 1.833333 -3.080000
v 0.250000 1.416667 -3.080000
v 1.000000 2.444444 -3.050000
v 1.000000 2.222222 -3.050000
v 1.000000 2.444444 -2.950000
v 1.000000 2.222222 -2.950000
v 1.000000 2.444444 -3.090000
v 1.000000 2.222222 -3.090000
v -0.111111 2.444444 -3.090000
v 0.111111 2.222222 -3.090000
v 0.111111 2.222222 -3.050000
v -0.111111 2.444444 -3.050000
v 0.250000 1.416667 -3.050000
v -0.166666 1.833333 -3.050000
v -0.166667 1.833333 -3.100000
v 0.250000 1.416667 -3.100000
v 5.050000 1.000000 1.000000
v 5.050000 1.000000 3.000000
v 5.050001 3.000000 3.000000
v 4.950000 1.000000 1.000000
v 4.950000 1.000000 3.000000
v 4.950000 3.000000 3.000000
v 4.950000 1.833333 1.000000
v 4.950000 1.416667 1.000000
v 5.050001 1.833333 1.000000
v 5.050001 2.666667 1.000000
v 5.050001 1.416667 1.000000
v 4.950001 2.666667 1.000000
v 5.050001 3.000000 1.666667
v 4.950000 3.000000 1.666667
v 5.050000 1.000000 2.666667
v 4.950000 1.000000 2.666667
v 5.050000 1.333333 3.000000
v 4.950000 1.333333 3.000000
v 5.050000 2.666667 3.000000
v 4.950000 2.666667 3.000000
v 5.100001 3.000000 1.000000
v 5.100000 1.000000 3.000000
v 5.100001 2.666667 1.000000
v 5.100000 1.000000 2.666667
v 5.100000 1.333333 3.000000
v 5.150001 3.000000 1.000000
v 5.150001 3.000000 3.000000
v 5.150001 2.666667 1.000000
v 5.150001 3.000000 1.666667
v 5.150001 2.666667 3.000000
v 5.100000 3.000000 3.000000
v 5.150001 2.666667 1.666667
v 5.100000 2.666667 1.666667
v 5.050000 2.666667 1.666667
v 5.100000 2.666667 3.000000
v 5.100000 3.000000 1.666667
v 5.050001 3.000000 1.333334
v 4.950001 3.000000 1.333334
v 5.150001 3.000000 1.333334
v 5.150001 2.666667 1.333334
v 5.100000 2.666667 1.333334
v 5.100000 3.000000 1.333334
v 5.080000 1.833333 1.000000
v 5.080000 1.416667 1.000000
v 5.080000 1.833333 1.833334
v 5.080000 1.416667 2.250000
v 5.050000 2.444444 3.000000
v 5.050000 2.222222 3.000000
v 4.950000 2.444444 3.000000
v 4.950000 2.222222 3.000000
v 5.090000 2.444444 3.000000
v 5.090000 2.222222 3.000000
v 5.090000 2.444444 1.888889
v 5.090000 2.222222 2.111111
v 5.050000 2.222222 2.111111
v 5.050000 2.444444 1.888889
v 5.050001 1.416667 2.250000
v 5.050000 1.833333 1.833334
v 5.100000 1.833333 1.833334
v 5.100000 1.416667 2.250000
v 5.000000 3.000000 3.050000
v 5.000000 1.000000 3.050000
v 3.000000 1.000000 3.050000
v 3.000000 3.000000 3.050000
v 5.000000 3.000000 2.950000
v 5.000000 1.000000 2.950000
v 3.000000 3.000000 2.950000
v 5.000000 1.833333 2.950000
v 5.000000 1.416667 2.950000
v 5.000000 1.833333 3.050000
v 5.000000 2.666667 3.050000
v 5.000000 1.416667 3.050000
v 5.000000 2.666667 2.950000
v 4.333333 3.000000 3.050000
v 4.333333 3.000000 2.950000
v 3.333333 1.000000 3.050000
v 3.333333 1.000000 2.950000
v 3.000000 1.333333 3.050000
v 3.000000 1.333333 2.950000
v 3.000000 2.666667 3.050000
v 3.000000 2.666667 2.950000
v 5.000000 3.000000 3.100000
v 5.000000 2.666667 3.100000
v 3.333333 1.000000 3.100000
v 3.000000 1.333333 3.100000
v 5.000000 3.000000 3.150000
v 3.000000 3.000000 3.150000
v 5.000000 2.666667 3.150000
v 4.333333 3.000000 3.150000
v 3.000000 2.666667 3.150000
v 3.000000 3.000000 3.100000
v 4.333333 2.666667 3.150000
v 4.333333 2.666667 3.100000
v 4.333333 2.666667 3.050000
v 3.000000 2.666667 3.100000
v 4.333333 3.000000 3.100000
v 4.666667 3.000000 3.050000
v 4.666667 3.000000 2.950000
v 4.666667 3.000000 3.150000
v 4.666667 2.666667 3.150000
v 4.666667 2.666667 3.100000
v 4.666667 3.000000 3.100000
v 5.000000 1.833333 3.080000
v 5.000000 1.416667 3.080000
v 4.166666 1.833333 3.080000
v 3.750000 1.416667 3.080000
v 3.000000 2.444444 3.050000
v 3.000000 2.222222 3.050000
v 3.000000 2.444444 2.950000
v 3.000000 2.222222 2.950000
v 3.000000 2.444444 3.090000
v 3.000000 2.222222 3.090000
v 4.111111 2.444444 3.090000
v 3.888889 2.222222 3.090000
v 3.888889 2.222222 3.050000
v 4.111111 2.444444 3.050000
v 3.750000 1.416667 3.050000
v 4.166666 1.833333 3.050000
v 4.166667 1.833333 3.100000
v 3.750000 1.416667 3.100000
v -3.000000 3.000000 3.050000
v -1.000000 3.000000 2.950000
v -1.000000 1.000000 2.950000
v -3.000000 1.000000 2.950000
v -3.000000 3.000000 2.950000
v -1.000000 1.833333 2.950000
v -1.000000 1.416667 2.950000
v -1.000000 1.833333 3.050000
v -1.000000 2.666667 3.050000
v -1.000000 1.416667 3.049999
v -1.000000 2.666667 2.950000
v -1.666667 3.000000 3.050000
v -1.666667 3.000000 2.950000
v -2.666667 1.000000 3.050000
v -2.666667 1.000000 2.950000
v -3.000000 1.333333 3.050000
v -3.000000 1.333333 2.950000
v -3.000000 2.666667 3.050000
v -3.000000 2.666667 2.950000
v -1.000000 2.666667 3.100000
v -2.666667 1.000000 3.100000
v -3.000000 1.333333 3.100000
v -1.000000 3.000000 3.150000
v -3.000000 3.000000 3.150000
v -1.000000 2.666667 3.150000
v -1.666667 3.000000 3.150000
v -3.000000 2.666667 3.150000
v -3.000000 3.000000 3.100000
v -1.666667 2.666667 3.150000
v -1.666667 2.666667 3.100000
v -1.666667 2.666667 3.050000
v -3.000000 2.666667 3.100000
v -1.666667 3.000000 3.100000
v -1.333333 3.000000 3.050000
v -1.333333 3.000000 2.950000
v -1.333333 3.000000 3.150000
v -1.333333 2.666667 3.150000
v -1.333333 2.666667 3.100000
v -1.333333 3.000000 3.100000
v -1.000000 1.833333 3.080000
v -1.000000 1.416667 3.080000
v -1.833334 1.833333 3.080000
v -2.250000 1.416667 3.080000
v -3.000000 2.444444 3.050000
v -3.000000 2.222222 3.050000
v -3.000000 2.444444 2.950000
v -3.000000 2.222222 2.950000
v -3.000000 2.444444 3.090000
v -3.000000 2.222222 3.090000
v -1.888889 2.444444 3.090000
v -2.111111 2.222222 3.090000
v -2.111111 2.222222 3.050000
v -1.888889 2.444444 3.050000
v -2.250000 1.416667 3.050000
v -1.833334 1.833333 3.050000
v -1.833333 1.833333 3.100000
v -2.250000 1.416667 3.100000
v -5.050000 3.000000 3.000000
v -5.050000 1.000000 3.000000
v -4.950000 3.000000 3.000000
v -4.950000 1.000000 3.000000
v -4.950000 1.833333 3.000000
v -4.950000 1.416667 3.000000
v -5.050000 1.833333 3.000000
v -5.050000 2.666667 3.000000
v -5.050000 1.416667 3.000000
v -4.950000 2.666667 3.000000
v -5.050000 3.000000 2.333333
v -4.950000 3.000000 2.333333
v -5.050000 1.000000 1.333333
v -4.950000 1.000000 1.333333
v -5.050000 1.333333 1.000000
v -4.950000 1.333333 1.000000
v -5.050000 2.666667 1.000000
v -5.100000 3.000000 3.000000
v -5.100000 2.666667 3.000000
v -5.100000 1.000000 1.333333
v -5.100000 1.333333 1.000000
v -5.150000 3.000000 3.000000
v -5.150000 3.000000 1.000000
v -5.150000 2.666667 3.000000
v -5.150000 3.000000 2.333333
v -5.150000 2.666667 2.333333
v -5.100000 2.666667 2.333333
v -5.050000 2.666667 2.333333
v -5.100000 2.666667 1.000000
v -5.100000 3.000000 2.333333
v -5.050000 3.000000 2.666666
v -4.950000 3.000000 2.666666
v -5.150000 3.000000 2.666666
v -5.150000 2.666667 2.666666
v -5.100000 2.666667 2.666666
v -5.100000 3.000000 2.666666
v -5.080000 1.833333 3.000000
v -5.080000 1.416667 3.000000
v -5.080000 1.833333 2.166666
v -5.080000 1.416667 1.750000
v -5.050000 2.444444 1.000000
v -5.050000 2.222222 1.000000
v -4.950000 2.444444 1.000000
v -4.950000 2.222222 1.000000
v -5.090000 2.444444 1.000000
v -5.090000 2.222222 1.000000
v -5.090000 2.444444 2.111111
v -5.090000 2.222222 1.888889
v -5.050000 2.222222 1.888889
v -5.050000 2.444444 2.111111
v -5.050000 1.416667 1.750000
v -5.050000 1.833333 2.166666
v -5.100000 1.833333 2.166666
v -5.100000 1.416667 1.750000
v -5.050000 1.000000 -1.000000
v -5.050000 1.000000 -3.000000
v -5.050001 3.000000 -3.000000
v -4.950000 1.000000 -1.000000
v -4.950000 1.000000 -3.000000
v -4.950000 3.000000 -3.000000
v -4.950000 1.833333 -1.000000
v -4.950000 1.416667 -1.000000
v -5.050000 1.833333 -1.000000
v -5.050001 2.666667 -1.000000
v -5.050000 1.416667 -1.000000
v -5.050000 3.000000 -1.666667
v -4.950000 3.000000 -1.666667
v -5.050000 1.000000 -2.666667
v -4.950000 1.000000 -2.666667
v -5.050000 1.333333 -3.000000
v -4.950000 1.333333 -3.000000
v -5.050001 2.666667 -3.000000
v -4.950000 2.666667 -3.000000
v -5.100000 1.000000 -3.000000
v -5.100000 1.000000 -2.666667
v -5.100000 1.333333 -3.000000
v -5.150001 3.000000 -3.000000
v -5.150001 3.000000 -1.666667
v -5.150001 2.666667 -3.000000
v -5.100000 3.000000 -3.000000
v -5.150001 2.666667 -1.666667
v -5.100000 2.666667 -1.666667
v -5.050000 2.666667 -1.666667
v -5.100000 2.666667 -3.000000
v -5.100000 3.000000 -1.666667
v -5.050001 3.000000 -1.333333
v -4.950000 3.000000 -1.333333
v -5.150001 3.000000 -1.333333
v -5.150001 2.666667 -1.333333
v -5.100000 2.666667 -1.333333
v -5.100000 3.000000 -1.333333
v -5.080000 1.833333 -1.000000
v -5.080000 1.416667 -1.000000
v -5.080000 1.833333 -1.833334
v -5.080000 1.416667 -2.250000
v -5.050000 2.444444 -3.000000
v -5.050000 2.222222 -3.000000
v -4.950000 2.444444 -3.000000
v -4.950000 2.222222 -3.000000
v -5.090001 2.444444 -3.000000
v -5.090000 2.222222 -3.000000
v -5.090000 2.444444 -1.888889
v -5.090000 2.222222 -2.111112
v -5.050000 2.222222 -2.111112
v -5.050000 2.444444 -1.888889
v -5.050001 1.416667 -2.250000
v -5.050000 1.833333 -1.833334
v -5.100000 1.833333 -1.833333
v -5.100000 1.416667 -2.250000
v 3.037366 3.000000 5.000000
v 2.937366 1.200000 5.500000
v 3.037365 1.000000 5.000000
v 3.037366 3.000000 5.500000
v 2.937365 1.200000 6.000000
v 2.937366 2.106624 5.500000
v 2.937366 2.512117 5.721596
v 3.037365 1.000000 7.000000
v 3.037366 3.000000 7.000000
v 3.037365 1.000000 6.000000
v 3.037366 3.000000 6.500000
v 3.037366 3.000000 6.000000
v 2.937366 2.106624 6.500000
v 2.937366 2.611973 6.000000
v 2.937366 2.512117 6.278404
v 2.937365 1.200000 6.500000
v 3.137366 1.200000 5.500000
v 3.137365 1.200000 6.000000
v 3.137366 2.106624 5.500000
v 3.137366 2.512117 5.721596
v 3.137366 2.106624 6.500000
v 3.137366 2.611973 6.000000
v 3.137366 2.512117 6.278404
v 3.137365 1.200000 6.500000
v 3.037365 1.100000 5.400000
v 3.037365 2.132165 5.400000
v 3.037366 2.593417 5.652067
v 3.037365 1.100000 6.600000
v 3.037365 2.132165 6.600000
v 3.037365 2.718211 6.000000
v 3.037366 2.593417 6.347933
v 3.037365 1.100000 6.000000
v 3.137365 1.100000 5.400000
v 3.137365 2.132165 5.400000
v 3.137366 2.593417 5.652067
v 3.137365 1.100000 6.600000
v 3.137366 2.132165 6.600000
v 3.137366 2.718211 6.000000
v 3.137366 2.593417 6.347933
v 3.137365 1.100000 6.000000
v 2.937366 3.000000 6.500000
v 2.937365 1.000000 5.000000
v 2.937366 3.000000 5.500000
v 2.937365 1.000000 7.000000
v 2.937366 3.000000 7.000000
v 2.937365 1.000000 6.000000
v 2.937366 3.000000 6.000000
v 3.500000 1.200000 -2.950000
v 3.500000 3.000000 -3.050000
v 4.000000 1.200000 -2.950000
v 3.500000 2.106624 -2.950001
v 3.721596 2.512117 -2.950001
v 5.000000 1.000000 -3.050000
v 5.000000 3.000000 -3.050001
v 4.000000 1.000000 -3.050000
v 4.500000 3.000000 -3.050001
v 4.000000 3.000000 -3.050000
v 4.500000 2.106624 -2.950000
v 4.000000 2.611974 -2.950000
v 4.278404 2.512117 -2.950000
v 4.500000 1.200000 -2.950000
v 3.500000 1.200000 -3.150001
v 4.000000 1.200000 -3.150000
v 3.500000 2.106624 -3.150001
v 3.721596 2.512117 -3.150001
v 4.500000 2.106624 -3.150000
v 4.000000 2.611974 -3.150001
v 4.278404 2.512117 -3.150001
v 4.500000 1.200000 -3.150000
v 3.400000 1.100000 -3.050000
v 3.400000 2.132165 -3.050000
v 3.652067 2.593417 -3.050000
v 4.600000 1.100000 -3.050001
v 4.600000 2.132165 -3.050001
v 4.000000 2.718211 -3.050000
v 4.347933 2.593417 -3.050001
v 4.000000 1.100000 -3.050000
v 3.400000 1.100000 -3.150001
v 3.400000 2.132165 -3.150001
v 3.652067 2.593417 -3.150001
v 4.600000 1.100000 -3.150000
v 4.600000 2.132165 -3.150000
v 4.000000 2.718211 -3.150001
v 4.347933 2.593417 -3.150001
v 4.000000 1.100000 -3.150000
v 4.500000 3.000000 -2.950000
v 3.000000 3.000000 -2.950001
v 3.500000 3.000000 -2.950001
v 5.000000 1.000000 -2.950001
v 5.000000 3.000000 -2.950001
v 4.000000 1.000000 -2.950000
v 4.000000 3.000000 -2.950001
v 5.050000 3.000000 -3.000000
v 4.950000 1.200000 -2.500000
v 5.050000 1.000000 -3.000000
v 5.050000 3.000000 -2.500000
v 4.950000 1.200000 -2.000000
v 4.950000 2.106624 -2.500000
v 4.950000 2.512117 -2.278404
v 5.050000 3.000000 -1.000000
v 5.050000 1.000000 -2.000000
v 5.050000 3.000000 -1.500000
v 5.050000 3.000000 -2.000000
v 4.950000 2.106624 -1.500000
v 4.950000 2.611974 -2.000000
v 4.950000 2.512117 -1.721596
v 4.950000 1.200000 -1.500000
v 5.150000 1.200000 -2.500000
v 5.150000 1.200000 -2.000000
v 5.150000 2.106624 -2.500000
v 5.150000 2.512117 -2.278404
v 5.150000 2.106624 -1.500000
v 5.150000 2.611974 -2.000000
v 5.150000 2.512117 -1.721596
v 5.150000 1.200000 -1.500000
v 5.050000 1.100000 -2.600000
v 5.050000 2.132165 -2.600000
v 5.050000 2.593417 -2.347934
v 5.050000 1.100000 -1.399999
v 5.050000 2.132165 -1.399999
v 5.050000 2.718211 -2.000000
v 5.050000 2.593417 -1.652066
v 5.050000 1.100000 -2.000000
v 5.150000 1.100000 -2.600000
v 5.150000 2.132165 -2.600000
v 5.150000 2.593417 -2.347934
v 5.150000 1.100000 -1.399999
v 5.150000 2.132165 -1.399999
v 5.150000 2.718211 -2.000000
v 5.150000 2.593417 -1.652066
v 5.150000 1.100000 -2.000000
v 4.950000 3.000000 -1.500000
v 4.950000 3.000000 -3.000000
v 4.950000 1.000000 -3.000000
v 4.950000 3.000000 -2.500000
v 4.950000 1.000000 -1.000000
v 4.950000 3.000000 -1.000000
v 4.950000 1.000000 -2.000000
v 4.950000 3.000000 -2.000000
v 4.950000 1.200000 -0.500000
v 5.050000 1.000000 -1.000000
v 5.050001 3.000000 -0.500000
v 4.950000 1.200000 -0.000000
v 4.950000 2.106624 -0.500000
v 4.950000 2.512117 -0.278404
v 5.050001 3.000000 1.000000
v 5.050000 1.000000 -0.000000
v 5.050000 3.000000 0.500000
v 5.050000 3.000000 -0.000000
v 4.950000 2.106624 0.500000
v 4.950000 2.611974 -0.000000
v 4.950000 2.512117 0.278404
v 4.950000 1.200000 0.500000
v 5.150000 1.200000 -0.500000
v 5.150000 1.200000 -0.000000
v 5.150001 2.106624 -0.500000
v 5.150001 2.512117 -0.278404
v 5.150000 2.106624 0.500000
v 5.150000 2.611974 -0.000000
v 5.150000 2.512117 0.278404
v 5.150000 1.200000 0.500000
v 5.050000 1.100000 -0.600000
v 5.050000 2.132165 -0.600000
v 5.050000 2.593417 -0.347934
v 5.050000 1.100000 0.600000
v 5.050000 2.132165 0.600000
v 5.050000 2.718211 -0.000000
v 5.050000 2.593417 0.347933
v 5.050000 1.100000 -0.000000
v 5.150000 1.100000 -0.600000
v 5.150001 2.132165 -0.600000
v 5.150001 2.593417 -0.347934
v 5.150000 1.100000 0.600000
v 5.150000 2.132165 0.600000
v 5.150000 2.718211 -0.000000
v 5.150000 2.593417 0.347933
v 5.150000 1.100000 -0.000000
v 4.950000 3.000000 0.500000
v 4.950000 3.000000 -0.500000
v 4.950000 3.000000 1.000000
v 4.950000 1.000000 -0.000000
v 4.950000 3.000000 -0.000000
v -3.500000 1.200000 2.950001
v -3.000000 1.000000 3.050000
v -3.500000 3.000000 3.050001
v -4.000000 1.200000 2.950001
v -3.500000 2.106624 2.950001
v -3.721596 2.512117 2.950001
v -5.000000 1.000000 3.050000
v -5.000000 3.000000 3.050001
v -4.000000 1.000000 3.050000
v -4.500000 3.000000 3.050001
v -4.000000 3.000000 3.050001
v -4.500000 2.106624 2.950001
v -4.000000 2.611974 2.950001
v -4.278404 2.512117 2.950001
v -4.500000 1.200000 2.950000
v -3.500000 1.200000 3.150000
v -4.000000 1.200000 3.150000
v -3.500000 2.106624 3.150001
v -3.721596 2.512117 3.150001
v -4.500000 2.106624 3.150001
v -4.000000 2.611974 3.150001
v -4.278404 2.512117 3.150001
v -4.500000 1.200000 3.150000
v -3.400000 1.100000 3.050000
v -3.400000 2.132165 3.050001
v -3.652067 2.593417 3.050001
v -4.600000 1.100000 3.050000
v -4.600000 2.132165 3.050000
v -4.000000 2.718211 3.050000
v -4.347933 2.593417 3.050001
v -4.000000 1.100000 3.050000
v -3.400000 1.100000 3.150001
v -3.400000 2.132165 3.150001
v -3.652067 2.593417 3.150001
v -4.600000 1.100000 3.150000
v -4.600000 2.132165 3.150001
v -4.000000 2.718211 3.150001
v -4.347933 2.593417 3.150001
v -4.000000 1.100000 3.150000
v -4.500000 3.000000 2.950001
v -3.500000 3.000000 2.950001
v -5.000000 1.000000 2.950001
v -5.000000 3.000000 2.950001
v -4.000000 1.000000 2.950000
v -4.000000 3.000000 2.950001
v -3.246203 1.000000 4.825130
v -3.246203 3.000000 4.825130
v -2.837765 1.000000 4.766432
v -2.837765 3.000000 4.766432
v -3.187505 1.000000 5.233568
v -3.187505 3.000000 5.233568
v -2.779067 1.000000 5.174870
v -2.779067 3.000000 5.174870
v 2.763328 1.000000 4.813075
v 2.763328 3.000000 4.813075
v 3.174291 1.000000 4.775963
v 3.174291 3.000000 4.775963
v 2.800440 1.000000 5.224037
v 2.800440 3.000000 5.224037
v 3.211402 1.000000 5.186925
v 3.211402 3.000000 5.186925
v 2.735963 1.000000 6.851910
v 2.735963 3.000000 6.851910
v 3.135455 1.000000 6.748598
v 3.135455 3.000000 6.748598
v 2.839275 1.000000 7.251402
v 2.839275 3.000000 7.251402
v 3.238767 1.000000 7.148090
v 3.238767 3.000000 7.148090
v 0.750449 1.000000 6.829693
v 0.750449 3.000000 6.829693
v 1.157672 1.000000 6.763084
v 1.157672 3.000000 6.763084
v 0.817059 1.000000 7.236916
v 0.817059 3.000000 7.236916
v 1.224281 1.000000 7.170307
v 1.224281 3.000000 7.170307
v -1.227080 1.000000 6.802144
v -1.227080 3.000000 6.802144
v -0.814779 1.000000 6.785555
v -0.814779 3.000000 6.785555
v -1.210491 1.000000 7.214445
v -1.210491 3.000000 7.214445
v -0.798190 1.000000 7.197856
v -0.798190 3.000000 7.197856
v -3.271349 1.000000 6.865090
v -3.271349 3.000000 6.865090
v -2.877725 1.000000 6.741286
v -2.877725 3.000000 6.741286
v -3.147545 1.000000 7.258714
v -3.147545 3.000000 7.258714
v -2.753921 1.000000 7.134910
v -2.753921 3.000000 7.134910
v -2.825130 1.000000 -3.233568
v -2.825130 3.000000 -3.233568
v -2.766432 1.000000 -2.825130
v -2.766432 3.000000 -2.825130
v -3.233568 1.000000 -3.174870
v -3.233568 3.000000 -3.174870
v -3.174870 1.000000 -2.766432
v -3.174870 3.000000 -2.766432
v -0.813108 1.000000 -3.224065
v -0.813108 3.000000 -3.224065
v -0.775935 1.000000 -2.813108
v -0.775935 3.000000 -2.813108
v -1.224065 1.000000 -3.186891
v -1.224065 3.000000 -3.186891
v -1.186892 1.000000 -2.775935
v -1.186892 3.000000 -2.775935
v 1.178224 1.000000 -3.231019
v 1.178224 3.000000 -3.231019
v 1.231019 1.000000 -2.821776
v 1.231019 3.000000 -2.821776
v 0.768981 1.000000 -3.178225
v 0.768981 3.000000 -3.178225
v 0.821776 1.000000 -2.768981
v 0.821776 3.000000 -2.768981
v 3.166648 1.000000 -3.239504
v 3.166648 3.000000 -3.239504
v 3.239504 1.000000 -2.833352
v 3.239504 3.000000 -2.833352
v 2.760496 1.000000 -3.166648
v 2.760496 3.000000 -3.166648
v 2.833352 1.000000 -2.760496
v 2.833352 3.000000 -2.760496
v 5.183291 1.000000 -3.227019
v 5.183291 3.000000 -3.227019
v 5.227020 1.000000 -2.816708
v 5.227020 3.000000 -2.816708
v 4.772980 1.000000 -3.183291
v 4.772980 3.000000 -3.183291
v 4.816709 1.000000 -2.772980
v 4.816709 3.000000 -2.772980
v 5.149851 1.000000 -1.250356
v 5.149851 3.000000 -1.250356
v 5.250356 1.000000 -0.850149
v 5.250356 3.000000 -0.850149
v 4.749644 1.000000 -1.149851
v 4.749644 3.000000 -1.149851
v 4.850149 1.000000 -0.749644
v 4.850149 3.000000 -0.749644
v 5.176789 1.000000 0.767881
v 5.176789 3.000000 0.767881
v 5.232119 1.000000 1.176790
v 5.232119 3.000000 1.176790
v 4.767881 1.000000 0.823211
v 4.767881 3.000000 0.823211
v 4.823211 1.000000 1.232119
v 4.823211 3.000000 1.232119
v 5.151605 1.000000 2.750702
v 5.151605 3.000000 2.750702
v 5.249298 1.000000 3.151605
v 5.249298 3.000000 3.151605
v 4.750702 1.000000 2.848395
v 4.750702 3.000000 2.848395
v 4.848395 1.000000 3.249298
v 4.848395 3.000000 3.249298
v 3.177393 1.000000 2.768342
v 3.177393 3.000000 2.768342
v 3.231658 1.000000 3.177393
v 3.231658 3.000000 3.177393
v 2.768342 1.000000 2.822607
v 2.768342 3.000000 2.822607
v 2.822607 1.000000 3.231658
v 2.822607 3.000000 3.231658
v 1.146452 1.000000 2.747640
v 1.146452 3.000000 2.747640
v 1.252360 1.000000 3.146451
v 1.252360 3.000000 3.146451
v 0.747640 1.000000 2.853548
v 0.747640 3.000000 2.853548
v 0.853548 1.000000 3.252360
v 0.853548 3.000000 3.252360
v -0.858878 1.000000 2.744622
v -0.858878 3.000000 2.744622
v -0.744621 1.000000 3.141122
v -0.744621 3.000000 3.141122
v -1.255379 1.000000 2.858879
v -1.255379 3.000000 2.858879
v -1.141122 1.000000 3.255379
v -1.141122 3.000000 3.255379
v -2.813075 1.000000 2.775963
v -2.813075 3.000000 2.775963
v -2.775963 1.000000 3.186925
v -2.775963 3.000000 3.186925
v -3.224037 1.000000 2.813075
v -3.224037 3.000000 2.813075
v -3.186925 1.000000 3.224037
v -3.186925 3.000000 3.224037
v -4.851910 1.000000 2.748598
v -4.851910 3.000000 2.748598
v -4.748598 1.000000 3.148090
v -4.748598 3.000000 3.148090
v -5.251402 1.000000 2.851909
v -5.251402 3.000000 2.851909
v -5.148090 1.000000 3.251402
v -5.148090 3.000000 3.251402
v -4.829693 1.000000 0.763084
v -4.829693 3.000000 0.763084
v -4.763084 1.000000 1.170307
v -4.763084 3.000000 1.170307
v -5.236916 1.000000 0.829694
v -5.236916 3.000000 0.829694
v -5.170307 1.000000 1.236916
v -5.170307 3.000000 1.236916
v -4.802144 1.000000 -1.214445
v -4.802144 3.000000 -1.214445
v -4.785555 1.000000 -0.802144
v -4.785555 3.000000 -0.802144
v -5.214445 1.000000 -1.197856
v -5.214445 3.000000 -1.197856
v -5.197856 1.000000 -0.785556
v -5.197856 3.000000 -0.785556
v -4.865090 1.000000 -3.258714
v -4.865090 3.000000 -3.258714
v -4.741286 1.000000 -2.865091
v -4.741286 3.000000 -2.865091
v -5.258714 1.000000 -3.134910
v -5.258714 3.000000 -3.134910
v -5.134910 1.000000 -2.741287
v -5.134910 3.000000 -2.741287
v -2.000000 4.750000 -1.465165
v -2.000000 5.000000 -1.465165
v -2.000000 5.148381 -1.228396
v -2.000000 5.000000 1.023224
v -2.000000 4.750000 1.465165
v -2.000000 5.148381 1.228396
v -4.000000 5.000000 -1.023224
v -4.000000 6.293334 0.000000
v -4.000000 5.000000 1.023224
v -4.000000 5.000000 1.465165
v -4.000000 5.148381 1.228396
v -2.950000 5.952772 0.000000
v -2.950000 5.000000 -1.023224
v -2.950000 5.000000 1.023223
v -3.050000 5.952772 0.000000
v -3.050000 5.000000 -1.023224
v -3.050000 5.000000 1.023223
v -0.000000 5.952772 0.000000
v -0.000000 5.000000 -1.023224
v -0.000000 5.000000 -1.465165
v -2.000000 5.952772 -0.000000
v 0.000000 5.000000 1.023223
v 0.000000 5.000000 1.465165
v -2.000000 5.000000 -1.023223
v -2.000000 6.293334 0.000000
v -2.000000 5.000000 1.465165
v -0.950000 5.952772 -0.000000
v -0.950000 5.000000 -1.023224
v -0.950000 5.000000 1.023223
v -1.050000 5.952772 -0.000000
v -1.050000 5.000000 -1.023224
v -1.050000 5.000000 1.023223
v 2.000000 5.952772 0.000000
v 2.000000 4.750000 -1.465165
v 2.000000 5.000000 1.023224
v 2.000000 5.000000 1.465165
v 2.000000 5.148381 1.228396
v -0.000000 4.750000 -1.465165
v -0.000000 5.148381 -1.228395
v 0.000000 6.293334 0.000000
v 0.000000 4.750000 1.465165
v 0.000000 5.148381 1.228396
v 1.050000 5.952772 0.000000
v 1.050000 5.000000 -1.023223
v 1.050000 5.000000 1.023224
v 0.950000 5.952772 0.000000
v 0.950000 5.000000 -1.023223
v 0.950000 5.000000 1.023224
v 4.000000 5.952772 -0.000000
v 4.000000 5.000000 -1.023223
v 4.000000 4.750000 -1.465165
v 4.000000 5.000000 -1.465165
v 4.000000 5.148381 -1.228396
v 4.000000 5.000000 1.023224
v 4.000000 4.750000 1.465165
v 4.000000 5.000000 1.465165
v 2.000000 5.000000 -1.023224
v 2.000000 5.000000 -1.465165
v 2.000000 5.148381 -1.228396
v 2.000000 6.293334 0.000000
v 2.000000 4.750000 1.465165
v 3.050000 5.952772 -0.000000
v 3.050000 5.000000 -1.023224
v 3.050000 5.000000 1.023223
v 2.950000 5.952772 -0.000000
v 2.950000 5.000000 -1.023224
v 2.950000 5.000000 1.023223
v -0.012635 5.952772 0.000000
v -1.035858 5.000000 0.000000
v -1.477800 4.750000 0.000000
v -1.477800 5.000000 0.000000
v -1.241031 5.148381 -0.000000
v -0.012635 6.293334 0.000000
v 1.010589 5.000000 0.000000
v 1.452530 4.750000 0.000000
v 1.452530 5.000000 0.000000
v 1.215761 5.148381 0.000000
v -1.477800 5.000000 2.000000
v -1.241031 5.148381 2.000000
v 1.452530 4.750000 2.000000
v 1.215761 5.148381 2.000000
v -0.012635 5.952772 0.950000
v -1.035858 5.000000 0.950000
v 1.010589 5.000000 0.950000
v -0.012635 5.952772 1.050000
v -1.035858 5.000000 1.050000
v 1.010589 5.000000 1.050000
v -0.012635 5.952772 2.000000
v -1.035858 5.000000 2.000000
v -1.477800 4.750000 2.000000
v -0.012635 6.293334 2.000000
v 1.010589 5.000000 2.000000
v 1.452530 5.000000 2.000000
v -1.477800 4.750000 4.000000
v -1.241031 5.148381 4.000000
v -0.012635 6.293334 4.000000
v 1.215761 5.148381 4.000000
v -0.012635 5.952772 2.950000
v -1.035858 5.000000 2.950000
v 1.010589 5.000000 2.950000
v -0.012635 5.952772 3.050000
v -1.035858 5.000000 3.050000
v 1.010589 5.000000 3.050000
v -0.012635 5.952772 4.000000
v -1.035858 5.000000 4.000000
v -1.477800 5.000000 4.000000
v 1.010589 5.000000 4.000000
v 1.452530 4.750000 4.000000
v 1.452530 5.000000 4.000000
v -1.477800 4.750000 6.000000
v -1.477800 5.000000 6.000000
v -1.241031 5.148381 6.000000
v 1.452530 4.750000 6.000000
v 1.452530 5.000000 6.000000
v -0.012635 5.952772 4.950000
v -1.035858 5.000000 4.950000
v 1.010589 5.000000 4.950000
v -0.012635 5.952772 5.050000
v -1.035858 5.000000 5.050000
v 1.010589 5.000000 5.050000
v -0.012635 5.952772 6.000000
v -1.035858 5.000000 6.000000
v -0.012635 6.293334 6.000000
v -0.012635 5.952772 8.000000
v 1.010589 5.000000 6.000000
v 1.215761 5.148381 6.000000
v -1.035858 5.000000 8.000000
v -1.477800 4.750000 8.000000
v -1.477800 5.000000 8.000000
v -1.241031 5.148381 8.000000
v -0.012635 6.293334 8.000000
v 1.010589 5.000000 8.000000
v 1.452530 4.750000 8.000000
v 1.452530 5.000000 8.000000
v 1.215761 5.148381 8.000000
v -0.012635 5.952772 6.950000
v -1.035858 5.000000 6.950000
v 1.010589 5.000000 6.950000
v -0.012635 5.952772 7.050000
v -1.035858 5.000000 7.050000
v 1.010589 5.000000 7.050000
v 6.000000 5.952772 -0.000000
v 6.000000 5.000000 -1.023224
v 6.000000 4.750000 -1.465165
v 6.000000 5.000000 -1.465165
v 6.000000 5.148381 -1.228396
v 6.000000 6.293334 -0.000001
v 6.000000 5.000000 1.023223
v 6.000000 4.750000 1.465165
v 6.000000 5.000000 1.465165
v 6.000000 5.148381 1.228396
v 4.000000 6.293334 0.000000
v 4.000000 5.148381 1.228396
v 5.050000 5.952772 -0.000000
v 5.050000 5.000000 -1.023224
v 5.050000 5.000000 1.023223
v 4.950000 5.952772 -0.000000
v 4.950000 5.000000 -1.023224
v 4.950000 5.000000 1.023223
v -4.000000 5.952772 0.000000
v -4.000000 4.750000 -1.465165
v -4.000000 5.000000 -1.465165
v -4.000000 5.148381 -1.228396
v -6.000000 5.952772 0.000000
v -4.000000 4.750000 1.465165
v -6.000000 5.000000 -1.023223
v -6.000000 4.750000 -1.465165
v -6.000000 5.000000 -1.465165
v -6.000000 5.148381 -1.228395
v -6.000000 6.293334 0.000001
v -6.000000 5.000000 1.023224
v -6.000000 4.750000 1.465165
v -6.000000 5.000000 1.465165
v -6.000000 5.148381 1.228396
v -4.950000 5.952772 0.000000
v -4.950000 5.000000 -1.023223
v -4.950000 5.000000 1.023224
v -5.050000 5.952772 0.000000
v -5.050000 5.000000 -1.023223
v -5.050000 5.000000 1.023224
v 0.987365 3.000000 6.951725
v 0.987365 3.000000 7.051724
v 0.987365 5.000000 6.951724
v 2.987365 3.000000 6.951724
v 0.987365 5.000000 7.051725
v 2.987365 3.000000 7.051723
v 2.068382 3.918983 7.051724
v 1.987365 4.000000 7.051724
v 1.856971 4.130394 7.150517
v 1.987365 4.000000 7.150517
v 2.068382 3.918983 7.150517
v 0.987365 3.260789 7.051725
v 1.149398 3.000000 7.051725
v 0.987365 3.260789 7.150517
v 0.987365 3.000000 7.150517
v 1.149398 3.000000 7.150517
v 2.068382 3.918983 6.951724
v 1.987365 4.000000 6.951724
v 1.856971 4.130394 6.852932
v 1.987365 4.000000 6.852931
v 2.068381 3.918983 6.852931
v 0.987365 3.260789 6.951724
v 1.149398 3.000000 6.951724
v 0.987365 3.260789 6.852932
v 0.987365 3.000000 6.852931
v 1.149398 3.000000 6.852932
v 1.856971 4.130394 7.051724
v 1.856971 4.130394 6.951724
v 2.068304 3.919062 6.951724
v -0.962635 3.000000 7.048276
v -0.962635 3.000000 6.948276
v -0.962635 5.000000 7.048276
v -2.962635 3.000000 7.048276
v -0.962635 5.000000 6.948276
v -2.962635 3.000000 6.948276
v -2.043651 3.918983 6.948276
v -1.962635 4.000000 6.948276
v -1.832240 4.130394 6.849483
v -1.962635 4.000000 6.849483
v -2.043651 3.918983 6.849483
v -0.962635 3.260789 6.948276
v -1.124668 3.000000 6.948276
v -0.962635 3.260789 6.849483
v -0.962635 3.000000 6.849483
v -1.124668 3.000000 6.849483
v -2.043651 3.918983 7.048276
v -1.962635 4.000000 7.048276
v -1.832240 4.130394 7.147069
v -1.962635 4.000000 7.147069
v -2.043651 3.918983 7.147068
v -0.962635 3.260789 7.048276
v -1.124668 3.000000 7.048276
v -0.962635 3.260789 7.147069
v -0.962635 3.000000 7.147069
v -1.124667 3.000000 7.147069
v -1.832240 4.130394 6.948276
v -1.832240 4.130394 7.048276
v -2.043573 3.919062 7.048276
v 5.048276 3.000000 1.050000
v 4.948276 3.000000 1.050000
v 5.048276 5.000000 1.050000
v 5.048276 3.000000 3.050000
v 4.948276 5.000000 1.050000
v 4.948276 3.000000 3.050000
v 4.948276 3.918983 2.131017
v 4.948276 4.000000 2.050000
v 4.849483 4.130394 1.919606
v 4.849483 4.000000 2.050000
v 4.849483 3.918983 2.131017
v 4.948276 3.260789 1.050000
v 4.948276 3.000000 1.212034
v 4.849483 3.260789 1.050001
v 4.849483 3.000000 1.050001
v 4.849483 3.000000 1.212033
v 5.048276 3.918983 2.131017
v 5.048276 4.000000 2.050000
v 5.147069 4.130394 1.919606
v 5.147069 4.000000 2.050000
v 5.147068 3.918983 2.131017
v 5.048276 3.260789 1.050000
v 5.048276 3.000000 1.212034
v 5.147069 3.260789 1.050000
v 5.147069 3.000000 1.050000
v 5.147069 3.000000 1.212034
v 4.948276 4.130394 1.919606
v 5.048276 4.130394 1.919606
v 5.048276 3.919062 2.130939
v 4.951724 3.000000 -0.950000
v 5.051724 3.000000 -0.950000
v 4.951724 5.000000 -0.950000
v 4.951724 3.000000 -2.950000
v 5.051724 5.000000 -0.950000
v 5.051724 3.000000 -2.950000
v 5.051724 3.918983 -2.031016
v 5.051724 4.000000 -1.950000
v 5.150517 4.130394 -1.819606
v 5.150517 4.000000 -1.950000
v 5.150517 3.918983 -2.031016
v 5.051724 3.260789 -0.950000
v 5.051724 3.000000 -1.112033
v 5.150517 3.260789 -0.950000
v 5.150517 3.000000 -0.950000
v 5.150517 3.000000 -1.112033
v 4.951724 3.918983 -2.031016
v 4.951724 4.000000 -1.950000
v 4.852931 4.130394 -1.819605
v 4.852931 4.000000 -1.949999
v 4.852932 3.918983 -2.031016
v 4.951724 3.260789 -0.950000
v 4.951724 3.000000 -1.112033
v 4.852931 3.260789 -0.950000
v 4.852931 3.000000 -0.950000
v 4.852931 3.000000 -1.112033
v 5.051724 4.130394 -1.819606
v 4.951724 4.130394 -1.819606
v 4.951724 3.919062 -2.030938
v -4.951724 3.000000 1.000000
v -5.051724 3.000000 1.000000
v -4.951724 5.000000 1.000000
v -4.951724 3.000000 3.000000
v -5.051724 5.000000 1.000000
v -5.051724 3.000000 3.000000
v -5.051724 3.918983 2.081016
v -5.051724 4.000000 2.000000
v -5.150517 4.130394 1.869605
v -5.150517 4.000000 2.000000
v -5.150517 3.918983 2.081016
v -5.051724 3.260789 1.000000
v -5.051724 3.000000 1.162033
v -5.150517 3.260789 1.000000
v -5.150517 3.000000 1.000000
v -5.150517 3.000000 1.162032
v -4.951724 3.918983 2.081016
v -4.951724 4.000000 2.000000
v -4.852931 4.130394 1.869605
v -4.852931 4.000000 2.000000
v -4.852932 3.918983 2.081016
v -4.951724 3.260789 1.000000
v -4.951724 3.000000 1.162033
v -4.852931 3.260789 1.000000
v -4.852931 3.000000 1.000000
v -4.852931 3.000000 1.162033
v -5.051724 4.130394 1.869605
v -4.951724 4.130394 1.869605
v -4.951724 3.919062 2.080938
v -5.048276 3.000000 -1.000000
v -4.948276 3.000000 -1.000000
v -5.048276 5.000000 -1.000000
v -5.048276 3.000000 -3.000000
v -4.948276 5.000000 -1.000000
v -4.948276 3.000000 -3.000000
v -4.948276 3.918983 -2.081017
v -4.948276 4.000000 -2.000000
v -4.849483 4.130394 -1.869606
v -4.849483 4.000000 -2.000000
v -4.849483 3.918983 -2.081017
v -4.948276 3.260789 -1.000000
v -4.948276 3.000000 -1.162033
v -4.849483 3.260789 -1.000000
v -4.849483 3.000000 -1.000000
v -4.849483 3.000000 -1.162033
v -5.048276 3.918983 -2.081017
v -5.048276 4.000000 -2.000000
v -5.147069 4.130394 -1.869606
v -5.147069 4.000000 -2.000000
v -5.147068 3.918983 -2.081017
v -5.048276 3.260789 -1.000000
v -5.048276 3.000000 -1.162033
v -5.147069 3.260789 -1.000000
v -5.147069 3.000000 -1.000000
v -5.147069 3.000000 -1.162033
v -4.948276 4.130394 -1.869606
v -5.048276 4.130394 -1.869606
v -5.048276 3.919062 -2.080939
v 3.215761 3.057667 2.000000
v 3.215761 3.057667 -0.000000
v 0.987365 5.264376 2.000000
v 0.987365 5.264376 0.000000
v 3.010588 2.909286 2.000000
v 3.010588 2.909286 -0.000000
v 0.987365 4.929874 2.000000
v 0.987365 4.929874 0.000000
v 3.452530 2.909286 2.000000
v 3.452530 2.909286 -0.000000
v 3.452530 2.659286 2.000000
v 3.452530 2.659286 -0.000000
v -3.241031 3.057667 0.000001
v -3.241030 3.057667 2.000000
v -1.012635 5.264376 0.000000
v -1.012635 5.264376 2.000000
v -3.035858 2.909286 0.000001
v -3.035858 2.909286 2.000000
v -1.012635 4.929874 0.000000
v -1.012635 4.929874 2.000000
v -3.477800 2.909286 0.000001
v -3.477800 2.909286 2.000001
v -3.477800 2.659286 0.000001
v -3.477800 2.659286 2.000001
v 3.215761 3.062245 8.000000
v 3.215761 3.062245 6.000000
v 0.987365 5.268953 8.000000
v 3.010588 2.913864 8.000000
v 0.987365 4.934452 8.000000
v 0.987365 4.934452 6.000000
v 3.452530 2.913864 8.000000
v 3.452530 2.663864 8.000000
v 3.452530 2.663864 6.000000
v 0.987365 5.268953 6.000000
v 3.010588 2.913864 6.000000
v 0.987365 4.934452 4.000000
v 3.452530 2.913864 6.000000
v 3.215761 3.062245 4.000000
v 3.215761 3.062245 2.000000
v 0.987365 5.268953 4.000000
v 0.987365 5.268953 2.000000
v 3.010588 2.913864 4.000000
v 3.010588 2.913864 2.000000
v 0.987365 4.934452 2.000000
v 3.452530 2.913864 4.000000
v 3.452530 2.913864 2.000000
v 3.452530 2.663864 4.000000
v 3.452530 2.663864 2.000000
v -3.241031 3.062245 6.000000
v -3.241031 3.062245 8.000000
v -1.012635 5.268953 6.000000
v -1.012635 5.268953 8.000000
v -3.035858 2.913864 6.000000
v -3.035858 2.913864 8.000000
v -1.012635 4.934452 6.000000
v -1.012635 4.934452 8.000000
v -3.477800 2.913864 6.000000
v -3.477800 2.913864 8.000000
v -3.477800 2.663864 6.000000
v -3.477800 2.663864 8.000000
v -1.012635 5.268953 4.000000
v -1.012635 4.934452 4.000000
v -3.477800 2.913864 4.000000
v -3.241031 3.062245 2.000000
v -3.241031 3.062245 4.000000
v -1.012635 5.268953 2.000000
v -3.035858 2.913864 2.000000
v -3.035858 2.913864 4.000000
v -1.012635 4.934452 2.000000
v -3.477800 2.913864 2.000001
v -3.477800 2.663864 2.000001
v -3.477800 2.663864 4.000000
v -6.000000 3.062245 3.228396
v -6.000000 5.268953 1.000000
v -6.000000 2.913864 3.023223
v -4.000000 2.913864 3.023223
v -6.000000 4.934452 1.000000
v -6.000000 2.913864 3.465165
v -6.000000 2.663864 3.465165
v -4.000000 3.062245 3.228396
v -4.000000 5.268953 1.000000
v -4.000000 4.934452 1.000000
v -4.000000 2.913864 3.465165
v -2.000000 2.913864 3.465165
v -4.000000 2.663864 3.465165
v -2.000000 2.663864 3.465165
v -2.000000 3.062245 3.228396
v 0.000000 3.062245 3.228396
v -2.000000 5.268953 1.000001
v -2.000000 2.913864 3.023224
v -2.000000 4.934452 1.000001
v -0.000000 4.934452 1.000000
v 0.000000 2.913864 3.465165
v 0.000000 2.663864 3.465165
v 2.000000 3.062245 3.228396
v -0.000000 5.268953 1.000000
v 2.000000 5.268953 1.000000
v 0.000000 2.913864 3.023223
v 2.000000 2.913864 3.023223
v 2.000000 2.663864 3.465165
v 4.000000 3.062245 3.228396
v 4.000000 5.268953 1.000000
v 2.000000 4.934452 1.000000
v 4.000000 4.934452 1.000000
v 2.000000 2.913864 3.465165
v 4.000000 2.663864 3.465165
v 6.000000 3.062245 3.228396
v 6.000000 5.268953 1.000000
v 4.000000 2.913864 3.023224
v 6.000000 2.913864 3.023223
v 6.000000 4.934452 1.000000
v 4.000000 2.913864 3.465165
v 6.000000 2.913864 3.465165
v 6.000000 2.663864 3.465165
v -4.000000 3.062245 -3.228396
v -6.000000 3.062245 -3.228396
v -4.000000 5.268953 -1.000001
v -6.000000 5.268953 -1.000000
v -4.000000 2.913864 -3.023224
v -6.000000 2.913864 -3.023224
v -4.000000 4.934452 -1.000001
v -6.000000 4.934452 -1.000000
v -4.000000 2.913864 -3.465166
v -6.000000 2.913864 -3.465165
v -6.000000 2.663864 -3.465165
v -2.000000 5.268953 -1.000000
v -2.000000 2.663864 -3.465165
v -4.000000 2.663864 -3.465165
v 0.000000 3.062245 -3.228395
v -2.000000 3.062245 -3.228396
v -0.000000 2.913864 -3.023223
v -2.000000 2.913864 -3.023223
v -0.000000 4.934452 -1.000000
v -2.000000 4.934452 -0.999999
v -2.000000 2.913864 -3.465164
v 2.000000 5.268953 -1.000001
v 0.000000 5.268953 -1.000000
v 2.000000 2.913864 -3.023224
v 2.000000 2.913864 -3.465166
v -0.000000 2.913864 -3.465165
v 2.000000 2.663864 -3.465166
v -0.000000 2.663864 -3.465165
v 4.000000 3.062245 -3.228396
v 2.000000 3.062245 -3.228396
v 4.000000 2.913864 -3.023223
v 2.000000 4.934452 -1.000000
v 4.000000 2.913864 -3.465165
v 4.000000 2.663864 -3.465165
v 6.000000 3.062245 -3.228395
v 6.000000 5.268953 -1.000000
v 4.000000 5.268953 -1.000000
v 6.000000 2.913864 -3.023223
v 6.000000 4.934452 -1.000000
v 4.000000 4.934452 -1.000000
v 6.000000 2.913864 -3.465165
v 6.000000 2.663864 -3.465165
v -3.012635 0.000000 5.000000
v -3.112635 0.721281 7.000000
v -3.012635 0.721281 5.000000
v -2.912635 0.000000 7.000000
v -2.912635 1.000000 7.000000
v -3.012635 0.000000 3.000000
v -2.912635 1.000000 3.000000
v -3.112635 1.000000 5.000000
v -3.112635 0.721281 3.000000
v -3.112635 0.721281 5.000000
v -3.012635 0.721281 3.000000
v -2.912635 0.000000 3.000000
v -2.912635 0.000000 5.000000
v -2.912635 1.000000 5.000000
v 2.987365 0.000000 3.000000
v 2.887365 1.000000 5.000000
v 3.087365 1.000000 3.000000
v 3.087365 0.721281 3.000000
v 2.987365 0.721281 3.000000
v 2.887365 0.000000 3.000000
v 2.887365 1.000000 3.000000
v 2.987365 0.000000 5.000000
v 2.887365 1.000000 7.000000
v 3.087365 1.000000 7.000000
v 3.087365 0.721281 7.000000
v 3.087365 0.721281 5.000000
v 2.987365 0.721281 7.000000
v 2.987365 0.721281 5.000000
v 2.887365 0.000000 7.000000
v 2.887365 0.000000 5.000000
v 0.987365 0.000000 7.000000
v 2.987365 0.000000 7.000000
v 2.987365 1.000000 7.099999
v 2.987365 0.721281 7.099999
v 0.987365 0.721281 7.000000
v 2.987365 0.000000 6.900000
v 2.987365 1.000000 6.900000
v -1.012635 0.000000 7.000000
v 0.987365 1.000000 7.099999
v -1.012635 0.721281 7.100000
v 0.987365 0.721281 7.099999
v -1.012635 0.721281 7.000000
v -1.012635 0.000000 6.900001
v 0.987365 0.000000 6.900000
v 0.987365 1.000000 6.900000
v -3.012635 0.000000 7.000000
v -3.012635 1.000000 6.900001
v -3.012635 0.721281 7.100000
v -3.012635 0.721281 7.000000
v -3.012635 0.000000 6.900001
v -1.012635 1.000000 6.900000
v -3.000000 0.000000 -3.000000
v -5.000000 0.000000 -2.999999
v -3.000000 1.000000 -3.099999
v -3.000000 0.721281 -3.099999
v -5.000000 0.721281 -3.100000
v -5.000000 0.721281 -2.999999
v -5.000000 0.000000 -2.900000
v -5.000000 1.000000 -2.900000
v -1.000000 0.000000 -3.000001
v -1.000000 1.000000 -2.900000
v -3.000000 0.721281 -3.000000
v -1.000000 0.000000 -2.900000
v -3.000000 0.000000 -2.900001
v -3.000000 1.000000 -2.900001
v 1.000000 1.000000 -3.100000
v 1.000000 0.721281 -3.100000
v -1.000000 0.721281 -3.100000
v -1.000000 0.721281 -3.000000
v 1.000000 0.000000 -2.999999
v 3.000000 1.000000 -2.900000
v 3.000000 0.721281 -3.099999
v 1.000000 0.721281 -2.999999
v 3.000000 0.000000 -2.900000
v 1.000000 0.000000 -2.900000
v 1.000000 1.000000 -2.900000
v 3.000000 0.000000 -3.000000
v 5.000000 1.000000 -2.900000
v 5.000000 1.000000 -3.100000
v 3.000000 1.000000 -3.100000
v 5.000000 0.721281 -3.100000
v 5.000000 0.721281 -3.000001
v 3.000000 0.721281 -3.000000
v 5.000000 0.000000 -2.900000
v 5.000000 0.000000 -1.000000
v 5.000000 0.000000 -3.000000
v 4.900000 1.000000 -1.000000
v 5.100000 1.000000 -3.000000
v 5.099999 0.721281 -1.000000
v 5.100000 0.721281 -3.000000
v 4.900000 0.000000 -1.000000
v 4.900000 0.000000 -3.000000
v 4.900000 1.000000 -3.000000
v 5.000000 0.000000 1.000000
v 5.100000 1.000000 -1.000000
v 5.000000 0.721281 -1.000000
v 5.000000 0.000000 3.000000
v 4.900000 1.000000 3.000000
v 5.100000 1.000000 1.000000
v 5.100000 0.721281 3.000000
v 5.100000 0.721281 1.000000
v 5.000000 0.721281 1.000000
v 4.900000 0.000000 3.000000
v 4.900001 0.000000 1.000000
v 4.900001 1.000000 1.000000
v 3.000000 0.000000 3.000000
v 3.000000 1.000000 2.900000
v 5.000000 1.000000 3.100000
v 3.000000 0.721281 3.100000
v 5.000000 0.721281 3.100000
v 5.000000 0.721281 3.000000
v 3.000000 0.000000 2.900000
v 5.000000 0.000000 2.900000
v 5.000000 1.000000 2.900000
v 1.000000 0.000000 3.000000
v 1.000000 0.721281 3.100000
v 3.000000 0.721281 3.000000
v -1.000000 1.000000 2.900000
v -1.000000 1.000000 3.100000
v 1.000000 1.000000 3.100000
v -1.000000 0.721281 3.000000
v 1.000000 0.721281 3.000000
v 1.000000 0.000000 2.900000
v 1.000000 1.000000 2.900000
v -3.000000 0.000000 3.000000
v -1.000000 0.000000 2.999999
v -3.000000 0.721281 3.100000
v -1.000000 0.721281 3.099999
v -3.000000 0.721281 3.000000
v -1.000000 0.000000 2.899999
v -5.000000 1.000000 2.900000
v -5.000000 1.000000 3.100000
v -3.000000 1.000000 3.100000
v -5.000000 0.721281 3.100000
v -5.000000 0.721281 3.000001
v -5.000000 0.000000 2.900000
v -3.000000 0.000000 2.900000
v -3.000000 1.000000 2.900000
v -5.000000 0.000000 3.000000
v -4.900000 1.000000 1.000000
v -5.100000 1.000000 3.000000
v -5.100000 0.721281 3.000000
v -4.900000 0.000000 3.000000
v -4.900000 1.000000 3.000000
v -5.000000 0.000000 -0.999999
v -5.000000 0.000000 1.000000
v -4.900000 1.000000 -0.999999
v -5.100000 1.000000 -0.999999
v -5.100000 1.000000 1.000000
v -5.100000 0.721281 -0.999999
v -5.100000 0.721281 1.000000
v -5.000000 0.721281 1.000000
v -4.900000 0.000000 -0.999999
v -4.900000 0.000000 1.000000
v -4.900000 1.000000 -3.000000
v -5.100000 0.721281 -3.000000
v -5.000000 0.721281 -1.000000
v -4.900000 0.000000 -3.000000
v -3.296255 0.000000 4.731487
v -3.296255 1.000000 4.731487
v -2.744122 0.000000 4.716380
v -2.744122 1.000000 4.716380
v -3.281148 0.000000 5.283620
v -3.281148 1.000000 5.283620
v -2.729015 0.000000 5.268513
v -2.729015 1.000000 5.268513
v 2.648711 0.000000 4.805442
v 2.648711 1.000000 4.805442
v 3.181923 0.000000 4.661345
v 3.181923 1.000000 4.661345
v 2.792808 0.000000 5.338655
v 2.792808 1.000000 5.338655
v 3.326020 0.000000 5.194558
v 3.326020 1.000000 5.194558
v 2.650180 0.000000 6.802907
v 2.650180 1.000000 6.802907
v 3.184458 0.000000 6.662815
v 3.184458 1.000000 6.662815
v 2.790272 0.000000 7.337185
v 2.790272 1.000000 7.337185
v 3.324551 0.000000 7.197093
v 3.324551 1.000000 7.197093
v 0.710885 0.000000 6.724142
v 0.710885 1.000000 6.724142
v 1.263224 0.000000 6.723519
v 1.263224 1.000000 6.723519
v 0.711506 0.000000 7.276481
v 0.711506 1.000000 7.276481
v 1.263846 0.000000 7.275859
v 1.263846 1.000000 7.275859
v -1.354245 0.000000 6.810680
v -1.354245 1.000000 6.810680
v -0.823315 0.000000 6.658390
v -0.823315 1.000000 6.658390
v -1.201955 0.000000 7.341610
v -1.201955 1.000000 7.341610
v -0.671025 0.000000 7.189320
v -0.671025 1.000000 7.189320
v -3.345981 0.000000 6.796481
v -3.345981 1.000000 6.796481
v -2.809116 0.000000 6.666654
v -2.809116 1.000000 6.666654
v -3.216154 0.000000 7.333346
v -3.216154 1.000000 7.333346
v -2.679289 0.000000 7.203519
v -2.679289 1.000000 7.203519
v -2.731487 0.000000 -3.283620
v -2.731487 1.000000 -3.283620
v -2.716380 0.000000 -2.731487
v -2.716380 1.000000 -2.731487
v -3.283620 0.000000 -3.268513
v -3.283620 1.000000 -3.268513
v -3.268513 0.000000 -2.716380
v -3.268513 1.000000 -2.716380
v -0.770945 0.000000 -3.316343
v -0.770945 1.000000 -3.316343
v -0.683657 0.000000 -2.770944
v -0.683657 1.000000 -2.770944
v -1.316344 0.000000 -3.229055
v -1.316344 1.000000 -3.229055
v -1.229056 0.000000 -2.683656
v -1.229056 1.000000 -2.683656
v 1.222082 0.000000 -3.321278
v 1.222082 1.000000 -3.321278
v 1.321277 0.000000 -2.777918
v 1.321277 1.000000 -2.777918
v 0.678723 0.000000 -3.222082
v 0.678723 1.000000 -3.222082
v 0.777918 0.000000 -2.678723
v 0.777918 1.000000 -2.678723
v 3.211668 0.000000 -3.328232
v 3.211668 1.000000 -3.328232
v 3.328232 0.000000 -2.788332
v 3.328232 1.000000 -2.788332
v 2.671768 0.000000 -3.211668
v 2.671768 1.000000 -3.211668
v 2.788332 0.000000 -2.671768
v 2.788332 1.000000 -2.671768
v 5.228706 0.000000 -3.316596
v 5.228706 1.000000 -3.316596
v 5.316596 0.000000 -2.771293
v 5.316596 1.000000 -2.771293
v 4.683404 0.000000 -3.228706
v 4.683404 1.000000 -3.228706
v 4.771294 0.000000 -2.683404
v 4.771294 1.000000 -2.683404
v 5.204616 0.000000 -1.332675
v 5.204616 1.000000 -1.332675
v 5.332674 0.000000 -0.795385
v 5.332674 1.000000 -0.795385
v 4.667326 0.000000 -1.204616
v 4.667326 1.000000 -1.204616
v 4.795385 0.000000 -0.667326
v 4.795385 1.000000 -0.667326
v 5.189662 0.000000 0.658580
v 5.189662 1.000000 0.658580
v 5.341420 0.000000 1.189663
v 5.341420 1.000000 1.189663
v 4.658580 0.000000 0.810338
v 4.658580 1.000000 0.810338
v 4.810338 0.000000 1.341421
v 4.810338 1.000000 1.341421
v 5.182443 0.000000 2.654668
v 5.182443 1.000000 2.654668
v 5.345332 0.000000 3.182443
v 5.345332 1.000000 3.182443
v 4.654668 0.000000 2.817557
v 4.654668 1.000000 2.817557
v 4.817557 0.000000 3.345332
v 4.817557 1.000000 3.345332
v 3.263991 0.000000 2.712166
v 3.263991 1.000000 2.712166
v 3.287834 0.000000 3.263991
v 3.287834 1.000000 3.263991
v 2.712166 0.000000 2.736009
v 2.712166 1.000000 2.736009
v 2.736009 0.000000 3.287834
v 2.736009 1.000000 3.287834
v 1.211982 0.000000 2.671971
v 1.211982 1.000000 2.671971
v 1.328029 0.000000 3.211982
v 1.328029 1.000000 3.211982
v 0.671971 0.000000 2.788018
v 0.671971 1.000000 2.788018
v 0.788018 0.000000 3.328029
v 0.788018 1.000000 3.328029
v -0.819707 0.000000 2.653541
v -0.819707 1.000000 2.653541
v -0.653541 0.000000 3.180293
v -0.653541 1.000000 3.180293
v -1.346459 0.000000 2.819707
v -1.346459 1.000000 2.819707
v -1.180293 0.000000 3.346460
v -1.180293 1.000000 3.346460
v -2.805442 0.000000 2.661345
v -2.805442 1.000000 2.661345
v -2.661345 0.000000 3.194558
v -2.661345 1.000000 3.194558
v -3.338655 0.000000 2.805443
v -3.338655 1.000000 2.805443
v -3.194557 0.000000 3.338655
v -3.194557 1.000000 3.338655
v -4.802907 0.000000 2.662814
v -4.802907 1.000000 2.662814
v -4.662815 0.000000 3.197093
v -4.662815 1.000000 3.197093
v -5.337185 0.000000 2.802907
v -5.337185 1.000000 2.802907
v -5.197093 0.000000 3.337185
v -5.197093 1.000000 3.337185
v -4.724142 0.000000 0.723519
v -4.724142 1.000000 0.723519
v -4.723519 0.000000 1.275859
v -4.723519 1.000000 1.275859
v -5.276481 0.000000 0.724141
v -5.276481 1.000000 0.724141
v -5.275859 0.000000 1.276481
v -5.275859 1.000000 1.276481
v -4.810680 0.000000 -1.341610
v -4.810680 1.000000 -1.341610
v -4.658390 0.000000 -0.810680
v -4.658390 1.000000 -0.810680
v -5.341610 0.000000 -1.189321
v -5.341610 1.000000 -1.189321
v -5.189320 0.000000 -0.658390
v -5.189320 1.000000 -0.658390
v -4.796481 0.000000 -3.333347
v -4.796481 1.000000 -3.333347
v -4.666654 0.000000 -2.796482
v -4.666654 1.000000 -2.796482
v -5.333346 0.000000 -3.203519
v -5.333346 1.000000 -3.203519
v -5.203519 0.000000 -2.666654
v -5.203519 1.000000 -2.666654
vn 1.0000 -0.0000 -0.0000
vn -0.0000 1.0000 -0.0000
vn -1.0000 -0.0000 -0.0000
vn -0.0000 -1.0000 -0.0000
vn 0.7071 -0.7071 -0.0000
vn -0.0000 -0.0000 1.0000
vn -0.7071 0.7071 -0.0000
vn -0.0000 -0.0000 -1.0000
vn -0.0000 -0.7754 -0.6315
vn -0.0016 0.7584 0.6518
vn 0.6315 -0.7754 -0.0000
vn -0.6518 0.7584 -0.0016
vn -0.6315 -0.7754 -0.0000
vn 0.6518 0.7584 0.0016
vn -0.0000 -0.7071 -0.7071
vn -0.0000 0.7071 0.7071
vn -0.0000 -0.7071 0.7071
vn -0.0000 0.7071 -0.7071
vn -0.7071 -0.7071 -0.0000
vn 0.7071 0.7071 -0.0000
vn -0.0000 0.4795 0.8775
vn -0.0000 0.9413 -0.3376
vn -0.0000 -0.9413 0.3376
vn -0.0000 -0.4795 -0.8775
vn -0.0000 -0.9413 -0.3376
vn -0.0000 -0.4795 0.8775
vn -0.0000 0.9413 0.3376
vn -0.0000 0.4795 -0.8775
vn 0.8775 0.4795 -0.0000
vn -0.3376 0.9413 -0.0000
vn 0.3376 -0.9413 -0.0000
vn -0.8775 -0.4795 -0.0000
vn -0.3376 -0.9413 -0.0000
vn 0.8775 -0.4795 -0.0000
vn 0.3376 0.9413 -0.0000
vn -0.8775 0.4795 -0.0000
vn -0.1423 -0.0000 -0.9898
vn 0.9898 -0.0000 -0.1423
vn 0.1423 -0.0000 0.9898
vn -0.9898 -0.0000 0.1423
vn -0.0899 -0.0000 -0.9959
vn 0.9959 -0.0000 -0.0899
vn 0.0899 -0.0000 0.9959
vn -0.9959 -0.0000 0.0899
vn -0.2504 -0.0000 -0.9682
vn 0.9681 -0.0000 -0.2504
vn 0.2504 -0.0000 0.9682
vn -0.9681 -0.0000 0.2504
vn -0.1614 -0.0000 -0.9869
vn 0.9869 -0.0000 -0.1614
vn 0.1614 -0.0000 0.9869
vn -0.9869 -0.0000 0.1614
vn -0.0402 -0.0000 -0.9992
vn 0.9992 -0.0000 -0.0402
vn 0.0402 -0.0000 0.9992
vn -0.9992 -0.0000 0.0402
vn -0.3000 -0.0000 -0.9539
vn 0.9539 -0.0000 -0.3000
vn 0.3000 -0.0000 0.9539
vn -0.9539 -0.0000 0.3000
vn 0.9959 -0.0000 -0.0901
vn 0.0901 -0.0000 0.9959
vn -0.9959 -0.0000 0.0901
vn -0.0901 -0.0000 -0.9959
vn 0.9918 -0.0000 -0.1279
vn 0.1279 -0.0000 0.9918
vn -0.9918 -0.0000 0.1279
vn -0.1279 -0.0000 -0.9918
vn 0.9843 -0.0000 -0.1766
vn 0.1766 -0.0000 0.9843
vn -0.9843 -0.0000 0.1766
vn -0.1766 -0.0000 -0.9843
vn 0.9944 -0.0000 -0.1060
vn 0.1060 -0.0000 0.9944
vn -0.9944 -0.0000 0.1060
vn -0.1060 -0.0000 -0.9944
vn 0.9699 -0.0000 -0.2436
vn 0.2436 -0.0000 0.9699
vn -0.9699 -0.0000 0.2436
vn -0.2436 -0.0000 -0.9699
vn 0.9910 -0.0000 -0.1341
vn 0.1341 -0.0000 0.9910
vn -0.9910 -0.0000 0.1341
vn -0.1341 -0.0000 -0.9910
vn 0.9716 -0.0000 -0.2368
vn 0.2368 -0.0000 0.9716
vn -0.9716 -0.0000 0.2368
vn -0.2368 -0.0000 -0.9716
vn 0.9913 -0.0000 -0.1315
vn 0.1315 -0.0000 0.9913
vn -0.9913 -0.0000 0.1315
vn -0.1315 -0.0000 -0.9913
vn 0.9665 -0.0000 -0.2567
vn 0.2567 -0.0000 0.9665
vn -0.9665 -0.0000 0.2567
vn -0.2567 -0.0000 -0.9665
vn 0.9609 -0.0000 -0.2769
vn 0.2769 -0.0000 0.9609
vn -0.9609 -0.0000 0.2769
vn -0.2769 -0.0000 -0.9609
vn 0.9682 -0.0000 -0.2504
vn 0.2504 -0.0000 0.9681
vn -0.9682 -0.0000 0.2504
vn -0.0000 0.8474 0.5310
vn -0.0000 0.7315 0.6818
vn -0.0000 0.7315 -0.6818
vn -0.0000 0.8474 -0.5310
vn -0.0000 -0.7319 -0.6815
vn -0.0000 -0.7319 0.6815
vn -0.0000 -0.8704 -0.4924
vn -0.0000 -0.8704 0.4924
vn 0.5310 0.8474 -0.0000
vn 0.6818 0.7315 -0.0000
vn -0.6818 0.7315 -0.0000
vn -0.5310 0.8474 -0.0000
vn -0.6815 -0.7319 -0.0000
vn 0.6815 -0.7319 -0.0000
vn -0.4924 -0.8704 -0.0000
vn 0.4924 -0.8704 -0.0000
vn 0.7036 0.7106 -0.0000
vn -0.7066 -0.7076 -0.0000
vn -0.7036 0.7106 -0.0000
vn 0.7066 -0.7076 -0.0000
vn -0.0000 0.7106 0.7036
vn -0.0000 -0.7076 -0.7066
vn -0.0000 0.7106 -0.7036
vn -0.0000 -0.7076 0.7066
vn -0.0274 -0.0000 -0.9996
vn 0.9996 -0.0000 -0.0274
vn 0.0274 -0.0000 0.9996
vn -0.9996 -0.0000 0.0274
vn -0.2609 -0.0000 -0.9654
vn 0.9654 -0.0000 -0.2609
vn 0.2609 -0.0000 0.9654
vn -0.9654 -0.0000 0.2609
vn -0.2536 -0.0000 -0.9673
vn 0.9673 -0.0000 -0.2536
vn 0.2536 -0.0000 0.9673
vn -0.9673 -0.0000 0.2536
vn -0.0011 -0.0000 -1.0000
vn 1.0000 -0.0000 -0.0011
vn 0.0011 -0.0000 1.0000
vn -1.0000 -0.0000 0.0011
vn -0.2757 -0.0000 -0.9612
vn 0.9612 -0.0000 -0.2757
vn 0.2757 -0.0000 0.9612
vn -0.9612 -0.0000 0.2757
vn -0.2350 -0.0000 -0.9720
vn 0.9720 -0.0000 -0.2350
vn 0.2350 -0.0000 0.9720
vn -0.9720 -0.0000 0.2350
vn 0.9874 -0.0000 -0.1580
vn 0.1580 -0.0000 0.9874
vn -0.9874 -0.0000 0.1580
vn -0.1580 -0.0000 -0.9874
vn 0.9837 -0.0000 -0.1796
vn 0.1796 -0.0000 0.9837
vn -0.9837 -0.0000 0.1796
vn -0.1796 -0.0000 -0.9837
vn 0.9775 -0.0000 -0.2110
vn 0.2110 -0.0000 0.9775
vn -0.9775 -0.0000 0.2110
vn -0.2110 -0.0000 -0.9775
vn 0.9873 -0.0000 -0.1591
vn 0.1591 -0.0000 0.9873
vn -0.9873 -0.0000 0.1591
vn -0.1591 -0.0000 -0.9873
vn 0.9728 -0.0000 -0.2318
vn 0.2318 -0.0000 0.9728
vn -0.9728 -0.0000 0.2318
vn -0.2318 -0.0000 -0.9728
vn 0.9615 -0.0000 -0.2748
vn 0.2748 -0.0000 0.9615
vn -0.9615 -0.0000 0.2748
vn -0.2748 -0.0000 -0.9615
vn 0.9555 -0.0000 -0.2949
vn 0.2949 -0.0000 0.9555
vn -0.9555 -0.0000 0.2949
vn -0.2949 -0.0000 -0.9555
vn 0.9991 -0.0000 -0.0432
vn 0.0432 -0.0000 0.9991
vn -0.9991 -0.0000 0.0432
vn -0.0432 -0.0000 -0.9991
vn 0.9777 -0.0000 -0.2101
vn 0.2101 -0.0000 0.9777
vn -0.9777 -0.0000 0.2101
vn -0.2101 -0.0000 -0.9777
vn 0.9537 -0.0000 -0.3008
vn 0.3008 -0.0000 0.9537
vn -0.9537 -0.0000 0.3008
vn -0.3008 -0.0000 -0.9537
vn 0.2351 -0.0000 0.9720
vt 0.000000 0.000000
vt -1.822101 0.772677
vt -1.096108 0.467647
vt 1.000000 -0.308140
vt -0.075144 -0.190381
vt 0.908841 -0.257886
vt 0.908841 -0.257886
vt -0.785094 0.675943
vt -0.785094 0.675943
vt -1.821962 0.772601
vt -0.075145 -0.190381
vt 0.750000 0.237115
vt 0.500000 0.218906
vt 0.375000 0.000000
vt 0.625000 0.000000
vt 0.625000 0.250000
vt 0.375000 0.250000
vt 0.625000 0.500000
vt 0.375000 0.500000
vt 0.625000 0.750000
vt 0.375000 0.750000
vt 0.625000 1.000000
vt 0.375000 1.000000
vt 0.125000 0.500000
vt 0.125000 0.750000
vt 0.875000 0.500000
vt 0.875000 0.750000
vt 1.000000 0.500000
vt 0.500000 1.000000
vt 0.000000 1.000000
vt 0.500000 0.500000
vt 0.540508 0.540508
vt 0.434803 0.434803
vt 0.434803 0.434803
vt 1.000000 1.000000
vt 0.540480 0.540480
vt 0.540469 0.540469
vt 0.434495 0.434495
vt 0.434761 0.434761
vt 0.000000 0.000519
vt 1.000000 0.000519
vt 0.000000 1.000000
vt 0.000000 0.967488
vt 1.000000 0.967488
vt 1.000000 0.000000
vt 1.000000 0.860641
vt 0.000000 0.860641
s 0
f 9/1/1 7/1/1 12/1/1 10/1/1
f 37/1/2 13/1/2 36/1/2 42/1/2
f 19/1/3 3/1/3 6/1/3 20/1/3
f 11/1/1 8/1/1 7/1/1 9/1/1
f 1/1/1 10/1/1 12/1/1 4/1/1
f 276/1/1 5/1/1 8/1/1 11/1/1
f 2/1/4 555/1/4 16/1/4 15/1/4
f 2/1/3 17/1/3 18/1/3 555/1/3
f 3/1/2 13/1/2 14/1/2 6/1/2
f 16/1/4 5/1/4 276/1/4 15/1/4
f 10/1/1 1/1/1 21/1/1 23/1/1
f 58/1/5 59/1/5 60/1/5 57/1/5
f 2/1/4 15/1/4 24/1/4 22/1/4
f 31/1/3 35/1/3 30/1/3 27/1/3
f 39/1/2 26/1/2 21/1/2 42/1/2
f 17/1/3 2/1/3 22/1/3 25/1/3
f 15/1/5 57/1/5 60/1/5 24/1/5
f 40/1/4 32/1/4 33/1/4 41/1/4
f 59/1/5 58/1/5 10/1/5 23/1/5
f 21/1/1 26/1/1 28/1/1 23/1/1
f 3/1/3 19/1/3 35/1/3 31/1/3
f 13/1/2 3/1/2 31/1/2 36/1/2
f 27/1/2 29/1/2 36/1/2 31/1/2
f 40/1/6 28/1/6 26/1/6 39/1/6
f 37/1/2 1/1/2 4/1/2 38/1/2
f 30/1/6 32/1/6 29/1/6 27/1/6
f 33/1/4 32/1/4 30/1/4 35/1/4
f 34/1/4 33/1/4 35/1/4 19/1/4
f 13/1/2 37/1/2 38/1/2 14/1/2
f 32/1/6 40/1/6 39/1/6 29/1/6
f 23/1/4 28/1/4 40/1/4 41/1/4
f 29/1/2 39/1/2 42/1/2 36/1/2
f 1/1/2 37/1/2 42/1/2 21/1/2
f 11/1/1 9/1/1 43/1/1 44/1/1
f 44/1/6 43/1/6 45/1/6 46/1/6
f 19/1/3 20/1/3 49/1/3 47/1/3
f 47/1/3 49/1/3 50/1/3 48/1/3
f 50/1/3 18/1/3 17/1/3 48/1/3
f 47/1/3 48/1/3 52/1/3 51/1/3
f 51/1/6 52/1/6 54/1/6 53/1/6
f 55/1/4 54/1/4 52/1/4 48/1/4
f 47/1/2 51/1/2 53/1/2 56/1/2
f 11/1/4 44/1/4 46/1/4 57/1/4
f 58/1/2 45/1/2 43/1/2 9/1/2
f 41/1/6 22/1/6 24/1/6 60/1/6 59/1/6 23/1/6
f 22/1/6 41/1/6 33/1/6 25/1/6
f 25/1/7 33/1/7 34/1/7 17/1/7
f 2/1/6 276/1/6 10/1/6 19/1/6
f 12/1/8 7/1/8 8/1/8 5/1/8 16/1/8 555/1/8 18/1/8 50/1/8 49/1/8 20/1/8 6/1/8 14/1/8 38/1/8 4/1/8
f 62/1/3 79/1/3 61/1/3 64/1/3 74/1/3 63/1/3
f 63/1/8 74/1/8 76/1/8 382/1/8
f 62/1/4 63/1/4 382/1/4 67/1/4
f 64/1/2 61/1/2 66/1/2 65/1/2
f 61/1/6 79/1/6 77/1/6 66/1/6
f 65/1/1 66/1/1 77/1/1 67/1/1 382/1/1 76/1/1
f 72/2/3 399/3/3 68/4/3 80/5/3
f 80/1/6 68/4/6 62/4/6 78/1/6
f 69/6/9 70/7/9 73/8/9 75/9/9
f 62/4/4 68/4/4 70/7/4 69/6/4
f 68/4/3 399/3/3 73/8/3 70/7/3
f 71/10/10 72/2/10 80/5/10 78/11/10
f 75/9/1 64/1/1 62/4/1 69/6/1
f 76/1/8 74/1/8 64/1/8 65/1/8
f 399/1/2 72/1/2 71/1/2 64/1/2
f 77/1/6 79/1/6 62/1/6 67/1/6
f 73/1/8 399/1/8 64/1/8 75/1/8
f 64/1/1 71/10/1 78/11/1 62/4/1
f 87/1/8 99/1/8 81/1/8 82/1/8 94/1/8 608/1/8
f 608/1/1 94/1/1 96/1/1 86/1/1
f 87/1/4 608/1/4 86/1/4 85/1/4
f 82/1/2 81/1/2 84/1/2 83/1/2
f 81/1/3 99/1/3 97/1/3 84/1/3
f 83/1/6 84/1/6 97/1/6 85/1/6 86/1/6 96/1/6
f 92/2/8 626/3/8 88/4/8 100/5/8
f 100/1/3 88/4/3 87/4/3 98/1/3
f 89/6/11 90/7/11 93/8/11 95/9/11
f 87/4/4 88/4/4 90/7/4 89/6/4
f 88/4/8 626/3/8 93/8/8 90/7/8
f 91/10/12 92/2/12 100/5/12 98/11/12
f 95/9/6 82/1/6 87/4/6 89/6/6
f 96/1/1 94/1/1 82/1/1 83/1/1
f 626/1/2 92/1/2 91/1/2 82/1/2
f 97/1/3 99/1/3 87/1/3 85/1/3
f 93/1/1 626/1/1 82/1/1 95/1/1
f 82/1/6 91/10/6 98/11/6 87/4/6
f 102/1/8 118/1/8 101/1/8 104/1/8 113/1/8 103/1/8
f 103/1/1 113/1/1 115/1/1 106/1/1
f 102/1/4 103/1/4 106/1/4 666/1/4
f 104/1/2 101/1/2 105/1/2 1087/1/2
f 101/1/3 118/1/3 116/1/3 105/1/3
f 1087/1/6 105/1/6 116/1/6 666/1/6 106/1/6 115/1/6
f 111/2/8 107/3/8 1979/4/8 119/5/8
f 119/1/3 1979/4/3 102/4/3 117/1/3
f 108/6/11 109/7/11 112/8/11 114/9/11
f 102/4/4 1979/4/4 109/7/4 108/6/4
f 1979/4/8 107/3/8 112/8/8 109/7/8
f 110/10/12 111/2/12 119/5/12 117/11/12
f 114/9/6 104/1/6 102/4/6 108/6/6
f 115/1/1 113/1/1 104/1/1 1087/1/1
f 107/1/2 111/1/2 110/1/2 104/1/2
f 116/1/3 118/1/3 102/1/3 666/1/3
f 112/1/1 107/1/1 104/1/1 114/1/1
f 104/1/6 110/10/6 117/11/6 102/4/6
f 777/1/6 133/1/6 778/1/6 135/1/6 128/1/6 139/1/6
f 139/1/3 128/1/3 130/1/3 138/1/3
f 777/1/4 139/1/4 138/1/4 120/1/4
f 135/1/2 778/1/2 781/1/2 137/1/2
f 778/1/1 133/1/1 131/1/1 781/1/1
f 137/1/8 781/1/8 131/1/8 120/1/8 138/1/8 130/1/8
f 126/2/6 122/3/6 121/4/6 134/5/6
f 134/1/1 121/4/1 777/4/1 132/1/1
f 123/6/13 124/7/13 127/8/13 129/9/13
f 777/4/4 121/4/4 124/7/4 123/6/4
f 121/4/6 122/3/6 127/8/6 124/7/6
f 125/10/14 126/2/14 134/5/14 132/11/14
f 129/9/8 135/1/8 777/4/8 123/6/8
f 130/1/3 128/1/3 135/1/3 137/1/3
f 122/1/2 126/1/2 125/1/2 135/1/2
f 131/1/1 133/1/1 777/1/1 120/1/1
f 127/1/3 122/1/3 135/1/3 129/1/3
f 135/1/8 125/10/8 132/11/8 777/4/8
f 139/1/6 151/1/6 135/1/6 153/1/6 146/1/6 136/1/6
f 136/1/3 146/1/3 148/1/3 837/1/3
f 139/1/4 136/1/4 837/1/4 138/1/4
f 153/1/2 135/1/2 137/1/2 836/1/2
f 135/1/1 151/1/1 149/1/1 137/1/1
f 836/1/8 137/1/8 149/1/8 138/1/8 837/1/8 148/1/8
f 144/2/6 140/3/6 2033/4/6 152/5/6
f 152/1/1 2033/4/1 139/4/1 150/1/1
f 141/6/13 142/7/13 145/8/13 147/9/13
f 139/4/4 2033/4/4 142/7/4 141/6/4
f 2033/4/6 140/3/6 145/8/6 142/7/6
f 143/10/14 144/2/14 152/5/14 150/11/14
f 147/9/8 153/1/8 139/4/8 141/6/8
f 148/1/3 146/1/3 153/1/3 836/1/3
f 140/1/2 144/1/2 143/1/2 153/1/2
f 149/1/1 151/1/1 139/1/1 138/1/1
f 145/1/3 140/1/3 153/1/3 147/1/3
f 153/1/8 143/10/8 150/11/8 139/4/8
f 164/1/8 162/1/8 167/1/8 165/1/8
f 192/1/2 168/1/2 191/1/2 197/1/2
f 174/1/6 157/1/6 161/1/6 175/1/6
f 166/1/8 163/1/8 162/1/8 164/1/8
f 154/1/8 165/1/8 167/1/8 158/1/8
f 155/1/8 159/1/8 163/1/8 166/1/8
f 156/1/4 160/1/4 171/1/4 170/1/4
f 156/1/6 172/1/6 173/1/6 160/1/6
f 157/1/2 168/1/2 169/1/2 161/1/2
f 171/1/4 159/1/4 155/1/4 170/1/4
f 165/1/8 154/1/8 176/1/8 178/1/8
f 213/1/15 214/1/15 215/1/15 212/1/15
f 156/1/4 170/1/4 179/1/4 177/1/4
f 186/1/6 190/1/6 185/1/6 182/1/6
f 194/1/2 181/1/2 176/1/2 197/1/2
f 172/1/6 156/1/6 177/1/6 180/1/6
f 170/1/15 212/1/15 215/1/15 179/1/15
f 195/1/4 187/1/4 188/1/4 196/1/4
f 214/1/15 213/1/15 165/1/15 178/1/15
f 176/1/8 181/1/8 183/1/8 178/1/8
f 157/1/6 174/1/6 190/1/6 186/1/6
f 168/1/2 157/1/2 186/1/2 191/1/2
f 182/1/2 184/1/2 191/1/2 186/1/2
f 195/1/1 183/1/1 181/1/1 194/1/1
f 192/1/2 154/1/2 158/1/2 193/1/2
f 185/1/1 187/1/1 184/1/1 182/1/1
f 188/1/4 187/1/4 185/1/4 190/1/4
f 189/1/4 188/1/4 190/1/4 174/1/4
f 168/1/2 192/1/2 193/1/2 169/1/2
f 187/1/1 195/1/1 194/1/1 184/1/1
f 178/1/4 183/1/4 195/1/4 196/1/4
f 184/1/2 194/1/2 197/1/2 191/1/2
f 154/1/2 192/1/2 197/1/2 176/1/2
f 166/1/8 164/1/8 198/1/8 199/1/8
f 199/1/1 198/1/1 200/1/1 201/1/1
f 174/1/6 175/1/6 204/1/6 202/1/6
f 202/1/6 204/1/6 205/1/6 203/1/6
f 205/1/6 173/1/6 172/1/6 203/1/6
f 202/1/6 203/1/6 207/1/6 206/1/6
f 206/1/1 207/1/1 209/1/1 208/1/1
f 210/1/4 209/1/4 207/1/4 203/1/4
f 202/1/2 206/1/2 208/1/2 211/1/2
f 166/1/4 199/1/4 201/1/4 212/1/4
f 213/1/2 200/1/2 198/1/2 164/1/2
f 196/1/1 177/1/1 179/1/1 215/1/1 214/1/1 178/1/1
f 177/1/1 196/1/1 188/1/1 180/1/1
f 180/1/16 188/1/16 189/1/16 172/1/16
f 156/1/1 155/1/1 165/1/1 174/1/1
f 167/1/3 162/1/3 163/1/3 159/1/3 171/1/3 160/1/3 173/1/3 205/1/3 204/1/3 175/1/3 161/1/3 169/1/3 193/1/3 158/1/3
f 224/1/6 222/1/6 227/1/6 225/1/6
f 252/1/2 228/1/2 251/1/2 257/1/2
f 234/1/8 218/1/8 221/1/8 235/1/8
f 226/1/6 223/1/6 222/1/6 224/1/6
f 216/1/6 225/1/6 227/1/6 219/1/6
f 217/1/6 220/1/6 223/1/6 226/1/6
f 329/1/4 331/1/4 231/1/4 230/1/4
f 329/1/8 232/1/8 233/1/8 331/1/8
f 218/1/2 228/1/2 229/1/2 221/1/2
f 231/1/4 220/1/4 217/1/4 230/1/4
f 225/1/6 216/1/6 236/1/6 238/1/6
f 273/1/17 274/1/17 275/1/17 272/1/17
f 329/1/4 230/1/4 239/1/4 237/1/4
f 246/1/8 250/1/8 245/1/8 242/1/8
f 254/1/2 241/1/2 236/1/2 257/1/2
f 232/1/8 329/1/8 237/1/8 240/1/8
f 230/1/17 272/1/17 275/1/17 239/1/17
f 255/1/4 247/1/4 248/1/4 256/1/4
f 274/1/17 273/1/17 225/1/17 238/1/17
f 236/1/6 241/1/6 243/1/6 238/1/6
f 218/1/8 234/1/8 250/1/8 246/1/8
f 228/1/2 218/1/2 246/1/2 251/1/2
f 242/1/2 244/1/2 251/1/2 246/1/2
f 255/1/3 243/1/3 241/1/3 254/1/3
f 252/1/2 216/1/2 219/1/2 253/1/2
f 245/1/3 247/1/3 244/1/3 242/1/3
f 248/1/4 247/1/4 245/1/4 250/1/4
f 249/1/4 248/1/4 250/1/4 234/1/4
f 228/1/2 252/1/2 253/1/2 229/1/2
f 247/1/3 255/1/3 254/1/3 244/1/3
f 238/1/4 243/1/4 255/1/4 256/1/4
f 244/1/2 254/1/2 257/1/2 251/1/2
f 216/1/2 252/1/2 257/1/2 236/1/2
f 226/1/6 224/1/6 258/1/6 259/1/6
f 259/1/3 258/1/3 260/1/3 261/1/3
f 234/1/8 235/1/8 264/1/8 262/1/8
f 262/1/8 264/1/8 265/1/8 263/1/8
f 265/1/8 233/1/8 232/1/8 263/1/8
f 262/1/8 263/1/8 267/1/8 266/1/8
f 266/1/3 267/1/3 269/1/3 268/1/3
f 270/1/4 269/1/4 267/1/4 263/1/4
f 262/1/2 266/1/2 268/1/2 271/1/2
f 226/1/4 259/1/4 261/1/4 272/1/4
f 273/1/2 260/1/2 258/1/2 224/1/2
f 256/1/3 237/1/3 239/1/3 275/1/3 274/1/3 238/1/3
f 237/1/3 256/1/3 248/1/3 240/1/3
f 240/1/18 248/1/18 249/1/18 232/1/18
f 329/1/3 217/1/3 225/1/3 234/1/3
f 227/1/1 222/1/1 223/1/1 220/1/1 231/1/1 331/1/1 233/1/1 265/1/1 264/1/1 235/1/1 221/1/1 229/1/1 253/1/1 219/1/1
f 282/1/1 280/1/1 515/1/1 283/1/1
f 304/1/2 285/1/2 303/1/2 309/1/2
f 291/1/3 2/1/3 555/1/3 562/1/3
f 284/1/1 281/1/1 280/1/1 282/1/1
f 276/1/1 283/1/1 515/1/1 5/1/1
f 277/1/1 502/1/1 281/1/1 284/1/1
f 278/1/4 279/1/4 288/1/4 287/1/4
f 278/1/3 289/1/3 290/1/3 279/1/3
f 2/1/2 285/1/2 286/1/2 555/1/2
f 288/1/4 502/1/4 277/1/4 287/1/4
f 283/1/1 276/1/1 523/1/1 527/1/1
f 325/1/5 326/1/5 327/1/5 324/1/5
f 278/1/4 287/1/4 293/1/4 292/1/4
f 22/1/3 572/1/3 299/1/3 296/1/3
f 306/1/2 295/1/2 523/1/2 309/1/2
f 289/1/3 278/1/3 292/1/3 294/1/3
f 287/1/5 324/1/5 327/1/5 293/1/5
f 307/1/4 300/1/4 301/1/4 308/1/4
f 326/1/5 325/1/5 283/1/5 527/1/5
f 523/1/1 295/1/1 297/1/1 527/1/1
f 2/1/3 291/1/3 572/1/3 22/1/3
f 285/1/2 2/1/2 22/1/2 303/1/2
f 296/1/2 298/1/2 303/1/2 22/1/2
f 307/1/6 297/1/6 295/1/6 306/1/6
f 304/1/2 276/1/2 5/1/2 305/1/2
f 299/1/6 300/1/6 298/1/6 296/1/6
f 301/1/4 300/1/4 299/1/4 572/1/4
f 302/1/4 301/1/4 572/1/4 291/1/4
f 285/1/2 304/1/2 305/1/2 286/1/2
f 300/1/6 307/1/6 306/1/6 298/1/6
f 527/1/4 297/1/4 307/1/4 308/1/4
f 298/1/2 306/1/2 309/1/2 303/1/2
f 276/1/2 304/1/2 309/1/2 523/1/2
f 284/1/1 282/1/1 310/1/1 311/1/1
f 311/1/6 310/1/6 312/1/6 313/1/6
f 291/1/3 562/1/3 316/1/3 314/1/3
f 314/1/3 316/1/3 317/1/3 315/1/3
f 317/1/3 290/1/3 289/1/3 315/1/3
f 314/1/3 315/1/3 319/1/3 318/1/3
f 318/1/6 319/1/6 321/1/6 320/1/6
f 322/1/4 321/1/4 319/1/4 315/1/4
f 314/1/2 318/1/2 320/1/2 323/1/2
f 284/1/4 311/1/4 313/1/4 324/1/4
f 325/1/2 312/1/2 310/1/2 282/1/2
f 308/1/6 292/1/6 293/1/6 327/1/6 326/1/6 527/1/6
f 292/1/6 308/1/6 301/1/6 294/1/6
f 294/1/7 301/1/7 302/1/7 289/1/7
f 278/1/6 277/1/6 283/1/6 291/1/6
f 515/1/8 280/1/8 281/1/8 502/1/8 288/1/8 279/1/8 290/1/8 317/1/8 316/1/8 562/1/8 555/1/8 286/1/8 305/1/8 5/1/8
f 334/1/6 332/1/6 336/1/6 908/1/6
f 356/1/2 337/1/2 355/1/2 361/1/2
f 955/1/8 329/1/8 331/1/8 343/1/8
f 335/1/6 333/1/6 332/1/6 334/1/6
f 217/1/6 908/1/6 336/1/6 220/1/6
f 328/1/6 330/1/6 333/1/6 335/1/6
f 946/1/4 949/1/4 340/1/4 339/1/4
f 946/1/8 341/1/8 342/1/8 949/1/8
f 329/1/2 337/1/2 338/1/2 331/1/2
f 340/1/4 330/1/4 328/1/4 339/1/4
f 908/1/6 217/1/6 344/1/6 920/1/6
f 377/1/17 378/1/17 379/1/17 376/1/17
f 946/1/4 339/1/4 345/1/4 2061/1/4
f 237/1/8 354/1/8 350/1/8 347/1/8
f 358/1/2 914/1/2 344/1/2 361/1/2
f 341/1/8 946/1/8 2061/1/8 346/1/8
f 339/1/17 376/1/17 379/1/17 345/1/17
f 359/1/4 351/1/4 352/1/4 360/1/4
f 378/1/17 377/1/17 908/1/17 920/1/17
f 344/1/6 914/1/6 348/1/6 920/1/6
f 329/1/8 955/1/8 354/1/8 237/1/8
f 337/1/2 329/1/2 237/1/2 355/1/2
f 347/1/2 349/1/2 355/1/2 237/1/2
f 359/1/3 348/1/3 914/1/3 358/1/3
f 356/1/2 217/1/2 220/1/2 357/1/2
f 350/1/3 351/1/3 349/1/3 347/1/3
f 352/1/4 351/1/4 350/1/4 354/1/4
f 353/1/4 352/1/4 354/1/4 955/1/4
f 337/1/2 356/1/2 357/1/2 338/1/2
f 351/1/3 359/1/3 358/1/3 349/1/3
f 920/1/4 348/1/4 359/1/4 360/1/4
f 349/1/2 358/1/2 361/1/2 355/1/2
f 217/1/2 356/1/2 361/1/2 344/1/2
f 335/1/6 334/1/6 362/1/6 363/1/6
f 363/1/3 362/1/3 364/1/3 365/1/3
f 955/1/8 343/1/8 368/1/8 366/1/8
f 366/1/8 368/1/8 369/1/8 367/1/8
f 369/1/8 342/1/8 341/1/8 367/1/8
f 366/1/8 367/1/8 371/1/8 370/1/8
f 370/1/3 371/1/3 373/1/3 372/1/3
f 374/1/4 373/1/4 371/1/4 367/1/4
f 366/1/2 370/1/2 372/1/2 375/1/2
f 335/1/4 363/1/4 365/1/4 376/1/4
f 377/1/2 364/1/2 362/1/2 334/1/2
f 360/1/3 2061/1/3 345/1/3 379/1/3 378/1/3 920/1/3
f 2061/1/3 360/1/3 352/1/3 346/1/3
f 346/1/18 352/1/18 353/1/18 341/1/18
f 946/1/3 328/1/3 908/1/3 955/1/3
f 336/1/1 332/1/1 333/1/1 330/1/1 340/1/1 949/1/1 342/1/1 369/1/1 368/1/1 343/1/1 331/1/1 338/1/1 357/1/1 220/1/1
f 387/1/6 385/1/6 390/1/6 388/1/6
f 415/1/2 391/1/2 414/1/2 420/1/2
f 397/1/8 381/1/8 384/1/8 398/1/8
f 389/1/6 386/1/6 385/1/6 387/1/6
f 64/1/6 388/1/6 390/1/6 65/1/6
f 63/1/6 382/1/6 386/1/6 389/1/6
f 380/1/4 383/1/4 394/1/4 393/1/4
f 380/1/8 395/1/8 396/1/8 383/1/8
f 381/1/2 391/1/2 392/1/2 384/1/2
f 394/1/4 382/1/4 63/1/4 393/1/4
f 388/1/6 64/1/6 399/1/6 401/1/6
f 436/1/17 437/1/17 438/1/17 435/1/17
f 380/1/4 393/1/4 402/1/4 400/1/4
f 409/1/8 413/1/8 408/1/8 405/1/8
f 417/1/2 404/1/2 399/1/2 420/1/2
f 395/1/8 380/1/8 400/1/8 403/1/8
f 393/1/17 435/1/17 438/1/17 402/1/17
f 418/1/4 410/1/4 411/1/4 419/1/4
f 437/1/17 436/1/17 388/1/17 401/1/17
f 399/1/6 404/1/6 406/1/6 401/1/6
f 381/1/8 397/1/8 413/1/8 409/1/8
f 391/1/2 381/1/2 409/1/2 414/1/2
f 405/1/2 407/1/2 414/1/2 409/1/2
f 418/1/3 406/1/3 404/1/3 417/1/3
f 415/1/2 64/1/2 65/1/2 416/1/2
f 408/1/3 410/1/3 407/1/3 405/1/3
f 411/1/4 410/1/4 408/1/4 413/1/4
f 412/1/4 411/1/4 413/1/4 397/1/4
f 391/1/2 415/1/2 416/1/2 392/1/2
f 410/1/3 418/1/3 417/1/3 407/1/3
f 401/1/4 406/1/4 418/1/4 419/1/4
f 407/1/2 417/1/2 420/1/2 414/1/2
f 64/1/2 415/1/2 420/1/2 399/1/2
f 389/1/6 387/1/6 421/1/6 422/1/6
f 422/1/3 421/1/3 423/1/3 424/1/3
f 397/1/8 398/1/8 427/1/8 425/1/8
f 425/1/8 427/1/8 428/1/8 426/1/8
f 428/1/8 396/1/8 395/1/8 426/1/8
f 425/1/8 426/1/8 430/1/8 429/1/8
f 429/1/3 430/1/3 432/1/3 431/1/3
f 433/1/4 432/1/4 430/1/4 426/1/4
f 425/1/2 429/1/2 431/1/2 434/1/2
f 389/1/4 422/1/4 424/1/4 435/1/4
f 436/1/2 423/1/2 421/1/2 387/1/2
f 419/1/3 400/1/3 402/1/3 438/1/3 437/1/3 401/1/3
f 400/1/3 419/1/3 411/1/3 403/1/3
f 403/1/18 411/1/18 412/1/18 395/1/18
f 380/1/3 63/1/3 388/1/3 397/1/3
f 390/1/1 385/1/1 386/1/1 382/1/1 394/1/1 383/1/1 396/1/1 428/1/1 427/1/1 398/1/1 384/1/1 392/1/1 416/1/1 65/1/1
f 446/1/8 444/1/8 449/1/8 447/1/8
f 474/1/2 450/1/2 473/1/2 479/1/2
f 456/1/6 1001/1/6 443/1/6 457/1/6
f 448/1/8 445/1/8 444/1/8 446/1/8
f 439/1/8 447/1/8 449/1/8 441/1/8
f 440/1/8 442/1/8 445/1/8 448/1/8
f 1003/1/4 1042/1/4 453/1/4 452/1/4
f 1003/1/6 454/1/6 455/1/6 1042/1/6
f 1001/1/2 450/1/2 451/1/2 443/1/2
f 453/1/4 442/1/4 440/1/4 452/1/4
f 447/1/8 439/1/8 458/1/8 460/1/8
f 495/1/15 496/1/15 497/1/15 494/1/15
f 1003/1/4 452/1/4 461/1/4 459/1/4
f 468/1/6 472/1/6 467/1/6 464/1/6
f 476/1/2 463/1/2 458/1/2 479/1/2
f 454/1/6 1003/1/6 459/1/6 462/1/6
f 452/1/15 494/1/15 497/1/15 461/1/15
f 477/1/4 469/1/4 470/1/4 478/1/4
f 496/1/15 495/1/15 447/1/15 460/1/15
f 458/1/8 463/1/8 465/1/8 460/1/8
f 1001/1/6 456/1/6 472/1/6 468/1/6
f 450/1/2 1001/1/2 468/1/2 473/1/2
f 464/1/2 466/1/2 473/1/2 468/1/2
f 477/1/1 465/1/1 463/1/1 476/1/1
f 474/1/2 439/1/2 441/1/2 475/1/2
f 467/1/1 469/1/1 466/1/1 464/1/1
f 470/1/4 469/1/4 467/1/4 472/1/4
f 471/1/4 470/1/4 472/1/4 456/1/4
f 450/1/2 474/1/2 475/1/2 451/1/2
f 469/1/1 477/1/1 476/1/1 466/1/1
f 460/1/4 465/1/4 477/1/4 478/1/4
f 466/1/2 476/1/2 479/1/2 473/1/2
f 439/1/2 474/1/2 479/1/2 458/1/2
f 448/1/8 446/1/8 480/1/8 481/1/8
f 481/1/1 480/1/1 482/1/1 483/1/1
f 456/1/6 457/1/6 486/1/6 484/1/6
f 484/1/6 486/1/6 487/1/6 485/1/6
f 487/1/6 455/1/6 454/1/6 485/1/6
f 484/1/6 485/1/6 489/1/6 488/1/6
f 488/1/1 489/1/1 491/1/1 490/1/1
f 492/1/4 491/1/4 489/1/4 485/1/4
f 484/1/2 488/1/2 490/1/2 493/1/2
f 448/1/4 481/1/4 483/1/4 494/1/4
f 495/1/2 482/1/2 480/1/2 446/1/2
f 478/1/1 459/1/1 461/1/1 497/1/1 496/1/1 460/1/1
f 459/1/1 478/1/1 470/1/1 462/1/1
f 462/1/16 470/1/16 471/1/16 454/1/16
f 1003/1/1 440/1/1 447/1/1 456/1/1
f 449/1/3 444/1/3 445/1/3 442/1/3 453/1/3 1042/1/3 455/1/3 487/1/3 486/1/3 457/1/3 443/1/3 451/1/3 475/1/3 441/1/3
f 505/1/1 503/1/1 508/1/1 506/1/1
f 529/1/2 509/1/2 528/1/2 534/1/2
f 507/1/1 504/1/1 503/1/1 505/1/1
f 498/1/1 506/1/1 508/1/1 500/1/1
f 499/1/1 501/1/1 504/1/1 507/1/1
f 277/1/4 502/1/4 512/1/4 511/1/4
f 277/1/3 513/1/3 514/1/3 502/1/3
f 276/1/2 509/1/2 510/1/2 5/1/2
f 512/1/4 501/1/4 499/1/4 511/1/4
f 506/1/1 498/1/1 516/1/1 517/1/1
f 550/1/5 551/1/5 552/1/5 549/1/5
f 277/1/4 511/1/4 518/1/4 1952/1/4
f 531/1/2 520/1/2 516/1/2 534/1/2
f 513/1/3 277/1/3 1952/1/3 519/1/3
f 511/1/5 549/1/5 552/1/5 518/1/5
f 532/1/4 524/1/4 525/1/4 533/1/4
f 551/1/5 550/1/5 506/1/5 517/1/5
f 516/1/1 520/1/1 521/1/1 517/1/1
f 509/1/2 276/1/2 523/1/2 528/1/2
f 295/1/2 522/1/2 528/1/2 523/1/2
f 532/1/6 521/1/6 520/1/6 531/1/6
f 529/1/2 498/1/2 500/1/2 530/1/2
f 297/1/6 524/1/6 522/1/6 295/1/6
f 525/1/4 524/1/4 297/1/4 527/1/4
f 526/1/4 525/1/4 527/1/4 283/1/4
f 509/1/2 529/1/2 530/1/2 510/1/2
f 524/1/6 532/1/6 531/1/6 522/1/6
f 517/1/4 521/1/4 532/1/4 533/1/4
f 522/1/2 531/1/2 534/1/2 528/1/2
f 498/1/2 529/1/2 534/1/2 516/1/2
f 507/1/1 505/1/1 535/1/1 536/1/1
f 536/1/6 535/1/6 537/1/6 538/1/6
f 283/1/3 515/1/3 541/1/3 539/1/3
f 539/1/3 541/1/3 542/1/3 540/1/3
f 542/1/3 514/1/3 513/1/3 540/1/3
f 539/1/3 540/1/3 544/1/3 543/1/3
f 543/1/6 544/1/6 546/1/6 545/1/6
f 547/1/4 546/1/4 544/1/4 540/1/4
f 539/1/2 543/1/2 545/1/2 548/1/2
f 507/1/4 536/1/4 538/1/4 549/1/4
f 550/1/2 537/1/2 535/1/2 505/1/2
f 533/1/6 1952/1/6 518/1/6 552/1/6 551/1/6 517/1/6
f 1952/1/6 533/1/6 525/1/6 519/1/6
f 519/1/7 525/1/7 526/1/7 513/1/7
f 277/1/6 499/1/6 506/1/6 283/1/6
f 508/1/8 503/1/8 504/1/8 501/1/8 512/1/8 502/1/8 514/1/8 542/1/8 541/1/8 515/1/8 5/1/8 510/1/8 530/1/8 500/1/8
f 560/1/1 558/1/1 562/1/1 291/1/1
f 584/1/2 563/1/2 583/1/2 589/1/2
f 569/1/3 554/1/3 557/1/3 570/1/3
f 561/1/1 559/1/1 558/1/1 560/1/1
f 278/1/1 279/1/1 559/1/1 561/1/1
f 553/1/4 556/1/4 566/1/4 565/1/4
f 553/1/3 567/1/3 568/1/3 556/1/3
f 554/1/2 563/1/2 564/1/2 557/1/2
f 566/1/4 279/1/4 278/1/4 565/1/4
f 605/1/5 606/1/5 607/1/5 604/1/5
f 553/1/4 565/1/4 573/1/4 571/1/4
f 578/1/3 582/1/3 577/1/3 575/1/3
f 586/1/2 296/1/2 22/1/2 589/1/2
f 567/1/3 553/1/3 571/1/3 574/1/3
f 565/1/5 604/1/5 607/1/5 573/1/5
f 587/1/4 579/1/4 580/1/4 588/1/4
f 606/1/5 605/1/5 291/1/5 572/1/5
f 554/1/3 569/1/3 582/1/3 578/1/3
f 563/1/2 554/1/2 578/1/2 583/1/2
f 575/1/2 576/1/2 583/1/2 578/1/2
f 587/1/6 299/1/6 296/1/6 586/1/6
f 584/1/2 2/1/2 555/1/2 585/1/2
f 577/1/6 579/1/6 576/1/6 575/1/6
f 580/1/4 579/1/4 577/1/4 582/1/4
f 581/1/4 580/1/4 582/1/4 569/1/4
f 563/1/2 584/1/2 585/1/2 564/1/2
f 579/1/6 587/1/6 586/1/6 576/1/6
f 572/1/4 299/1/4 587/1/4 588/1/4
f 576/1/2 586/1/2 589/1/2 583/1/2
f 2/1/2 584/1/2 589/1/2 22/1/2
f 561/1/1 560/1/1 590/1/1 591/1/1
f 591/1/6 590/1/6 592/1/6 593/1/6
f 569/1/3 570/1/3 596/1/3 594/1/3
f 594/1/3 596/1/3 597/1/3 595/1/3
f 597/1/3 568/1/3 567/1/3 595/1/3
f 594/1/3 595/1/3 599/1/3 598/1/3
f 598/1/6 599/1/6 601/1/6 600/1/6
f 602/1/4 601/1/4 599/1/4 595/1/4
f 594/1/2 598/1/2 600/1/2 603/1/2
f 561/1/4 591/1/4 593/1/4 604/1/4
f 605/1/2 592/1/2 590/1/2 560/1/2
f 588/1/6 571/1/6 573/1/6 607/1/6 606/1/6 572/1/6
f 571/1/6 588/1/6 580/1/6 574/1/6
f 574/1/7 580/1/7 581/1/7 567/1/7
f 553/1/6 278/1/6 291/1/6 569/1/6
f 562/1/8 558/1/8 559/1/8 279/1/8 566/1/8 556/1/8 568/1/8 597/1/8 596/1/8 570/1/8 557/1/8 564/1/8 585/1/8 555/1/8
f 614/1/3 612/1/3 617/1/3 615/1/3
f 641/1/2 618/1/2 640/1/2 646/1/2
f 624/1/1 665/1/1 611/1/1 625/1/1
f 616/1/3 613/1/3 612/1/3 614/1/3
f 82/1/3 615/1/3 617/1/3 83/1/3
f 608/1/3 86/1/3 613/1/3 616/1/3
f 609/1/4 610/1/4 621/1/4 620/1/4
f 609/1/1 622/1/1 623/1/1 610/1/1
f 665/1/2 618/1/2 619/1/2 611/1/2
f 621/1/4 86/1/4 608/1/4 620/1/4
f 615/1/3 82/1/3 626/1/3 628/1/3
f 662/1/19 663/1/19 664/1/19 661/1/19
f 609/1/4 620/1/4 629/1/4 627/1/4
f 679/1/1 639/1/1 635/1/1 632/1/1
f 643/1/2 631/1/2 626/1/2 646/1/2
f 622/1/1 609/1/1 627/1/1 630/1/1
f 620/1/19 661/1/19 664/1/19 629/1/19
f 644/1/4 636/1/4 637/1/4 645/1/4
f 663/1/19 662/1/19 615/1/19 628/1/19
f 626/1/3 631/1/3 633/1/3 628/1/3
f 665/1/1 624/1/1 639/1/1 679/1/1
f 618/1/2 665/1/2 679/1/2 640/1/2
f 632/1/2 634/1/2 640/1/2 679/1/2
f 644/1/8 633/1/8 631/1/8 643/1/8
f 641/1/2 82/1/2 83/1/2 642/1/2
f 635/1/8 636/1/8 634/1/8 632/1/8
f 637/1/4 636/1/4 635/1/4 639/1/4
f 638/1/4 637/1/4 639/1/4 624/1/4
f 618/1/2 641/1/2 642/1/2 619/1/2
f 636/1/8 644/1/8 643/1/8 634/1/8
f 628/1/4 633/1/4 644/1/4 645/1/4
f 634/1/2 643/1/2 646/1/2 640/1/2
f 82/1/2 641/1/2 646/1/2 626/1/2
f 616/1/3 614/1/3 647/1/3 648/1/3
f 648/1/8 647/1/8 649/1/8 650/1/8
f 624/1/1 625/1/1 653/1/1 651/1/1
f 651/1/1 653/1/1 654/1/1 652/1/1
f 654/1/1 623/1/1 622/1/1 652/1/1
f 651/1/1 652/1/1 656/1/1 655/1/1
f 655/1/8 656/1/8 658/1/8 657/1/8
f 659/1/4 658/1/4 656/1/4 652/1/4
f 651/1/2 655/1/2 657/1/2 660/1/2
f 616/1/4 648/1/4 650/1/4 661/1/4
f 662/1/2 649/1/2 647/1/2 614/1/2
f 645/1/8 627/1/8 629/1/8 664/1/8 663/1/8 628/1/8
f 627/1/8 645/1/8 637/1/8 630/1/8
f 630/1/20 637/1/20 638/1/20 622/1/20
f 609/1/8 608/1/8 615/1/8 624/1/8
f 617/1/6 612/1/6 613/1/6 86/1/6 621/1/6 610/1/6 623/1/6 654/1/6 653/1/6 625/1/6 611/1/6 619/1/6 642/1/6 83/1/6
f 669/1/3 667/1/3 625/1/3 624/1/3
f 691/1/2 671/1/2 690/1/2 696/1/2
f 677/1/1 101/1/1 105/1/1 678/1/1
f 670/1/3 668/1/3 667/1/3 669/1/3
f 609/1/3 610/1/3 668/1/3 670/1/3
f 102/1/4 666/1/4 674/1/4 673/1/4
f 102/1/1 675/1/1 676/1/1 666/1/1
f 101/1/2 671/1/2 672/1/2 105/1/2
f 674/1/4 610/1/4 609/1/4 673/1/4
f 712/1/19 713/1/19 714/1/19 711/1/19
f 102/1/4 673/1/4 680/1/4 1979/1/4
f 685/1/1 689/1/1 684/1/1 682/1/1
f 693/1/2 632/1/2 679/1/2 696/1/2
f 675/1/1 102/1/1 1979/1/1 681/1/1
f 673/1/19 711/1/19 714/1/19 680/1/19
f 694/1/4 686/1/4 687/1/4 695/1/4
f 713/1/19 712/1/19 624/1/19 639/1/19
f 101/1/1 677/1/1 689/1/1 685/1/1
f 671/1/2 101/1/2 685/1/2 690/1/2
f 682/1/2 683/1/2 690/1/2 685/1/2
f 694/1/8 635/1/8 632/1/8 693/1/8
f 691/1/2 665/1/2 611/1/2 692/1/2
f 684/1/8 686/1/8 683/1/8 682/1/8
f 687/1/4 686/1/4 684/1/4 689/1/4
f 688/1/4 687/1/4 689/1/4 677/1/4
f 671/1/2 691/1/2 692/1/2 672/1/2
f 686/1/8 694/1/8 693/1/8 683/1/8
f 639/1/4 635/1/4 694/1/4 695/1/4
f 683/1/2 693/1/2 696/1/2 690/1/2
f 665/1/2 691/1/2 696/1/2 679/1/2
f 670/1/3 669/1/3 697/1/3 698/1/3
f 698/1/8 697/1/8 699/1/8 700/1/8
f 677/1/1 678/1/1 703/1/1 701/1/1
f 701/1/1 703/1/1 704/1/1 702/1/1
f 704/1/1 676/1/1 675/1/1 702/1/1
f 701/1/1 702/1/1 706/1/1 705/1/1
f 705/1/8 706/1/8 708/1/8 707/1/8
f 709/1/4 708/1/4 706/1/4 702/1/4
f 701/1/2 705/1/2 707/1/2 710/1/2
f 670/1/4 698/1/4 700/1/4 711/1/4
f 712/1/2 699/1/2 697/1/2 669/1/2
f 695/1/8 1979/1/8 680/1/8 714/1/8 713/1/8 639/1/8
f 1979/1/8 695/1/8 687/1/8 681/1/8
f 681/1/20 687/1/20 688/1/20 675/1/20
f 102/1/8 609/1/8 624/1/8 677/1/8
f 625/1/6 667/1/6 668/1/6 610/1/6 674/1/6 666/1/6 676/1/6 704/1/6 703/1/6 678/1/6 105/1/6 672/1/6 692/1/6 611/1/6
f 723/1/8 721/1/8 726/1/8 724/1/8
f 751/1/2 727/1/2 750/1/2 756/1/2
f 733/1/6 717/1/6 720/1/6 734/1/6
f 725/1/8 722/1/8 721/1/8 723/1/8
f 1146/1/8 724/1/8 726/1/8 1180/1/8
f 715/1/8 718/1/8 722/1/8 725/1/8
f 716/1/4 719/1/4 730/1/4 729/1/4
f 716/1/6 731/1/6 732/1/6 719/1/6
f 717/1/2 727/1/2 728/1/2 720/1/2
f 730/1/4 718/1/4 715/1/4 729/1/4
f 724/1/8 1146/1/8 735/1/8 737/1/8
f 772/1/15 773/1/15 774/1/15 771/1/15
f 716/1/4 729/1/4 738/1/4 736/1/4
f 745/1/6 749/1/6 744/1/6 741/1/6
f 753/1/2 740/1/2 735/1/2 756/1/2
f 731/1/6 716/1/6 736/1/6 739/1/6
f 729/1/15 771/1/15 774/1/15 738/1/15
f 754/1/4 746/1/4 747/1/4 755/1/4
f 773/1/15 772/1/15 724/1/15 737/1/15
f 735/1/8 740/1/8 742/1/8 737/1/8
f 717/1/6 733/1/6 749/1/6 745/1/6
f 727/1/2 717/1/2 745/1/2 750/1/2
f 741/1/2 743/1/2 750/1/2 745/1/2
f 754/1/1 742/1/1 740/1/1 753/1/1
f 751/1/2 1146/1/2 1180/1/2 752/1/2
f 744/1/1 746/1/1 743/1/1 741/1/1
f 747/1/4 746/1/4 744/1/4 749/1/4
f 748/1/4 747/1/4 749/1/4 733/1/4
f 727/1/2 751/1/2 752/1/2 728/1/2
f 746/1/1 754/1/1 753/1/1 743/1/1
f 737/1/4 742/1/4 754/1/4 755/1/4
f 743/1/2 753/1/2 756/1/2 750/1/2
f 1146/1/2 751/1/2 756/1/2 735/1/2
f 725/1/8 723/1/8 757/1/8 758/1/8
f 758/1/1 757/1/1 759/1/1 760/1/1
f 733/1/6 734/1/6 763/1/6 761/1/6
f 761/1/6 763/1/6 764/1/6 762/1/6
f 764/1/6 732/1/6 731/1/6 762/1/6
f 761/1/6 762/1/6 766/1/6 765/1/6
f 765/1/1 766/1/1 768/1/1 767/1/1
f 769/1/4 768/1/4 766/1/4 762/1/4
f 761/1/2 765/1/2 767/1/2 770/1/2
f 725/1/4 758/1/4 760/1/4 771/1/4
f 772/1/2 759/1/2 757/1/2 723/1/2
f 755/1/1 736/1/1 738/1/1 774/1/1 773/1/1 737/1/1
f 736/1/1 755/1/1 747/1/1 739/1/1
f 739/1/16 747/1/16 748/1/16 731/1/16
f 716/1/1 715/1/1 724/1/1 733/1/1
f 726/1/3 721/1/3 722/1/3 718/1/3 730/1/3 719/1/3 732/1/3 764/1/3 763/1/3 734/1/3 720/1/3 728/1/3 752/1/3 1180/1/3
f 784/1/1 782/1/1 787/1/1 785/1/1
f 811/1/2 788/1/2 810/1/2 816/1/2
f 794/1/3 778/1/3 781/1/3 795/1/3
f 786/1/1 783/1/1 782/1/1 784/1/1
f 775/1/1 785/1/1 787/1/1 779/1/1
f 776/1/1 780/1/1 783/1/1 786/1/1
f 777/1/4 120/1/4 791/1/4 790/1/4
f 777/1/3 792/1/3 793/1/3 120/1/3
f 778/1/2 788/1/2 789/1/2 781/1/2
f 791/1/4 780/1/4 776/1/4 790/1/4
f 785/1/1 775/1/1 796/1/1 797/1/1
f 832/1/5 833/1/5 834/1/5 831/1/5
f 777/1/4 790/1/4 798/1/4 121/1/4
f 805/1/3 809/1/3 804/1/3 801/1/3
f 813/1/2 800/1/2 796/1/2 816/1/2
f 792/1/3 777/1/3 121/1/3 799/1/3
f 790/1/5 831/1/5 834/1/5 798/1/5
f 814/1/4 806/1/4 807/1/4 815/1/4
f 833/1/5 832/1/5 785/1/5 797/1/5
f 796/1/1 800/1/1 802/1/1 797/1/1
f 778/1/3 794/1/3 809/1/3 805/1/3
f 788/1/2 778/1/2 805/1/2 810/1/2
f 801/1/2 803/1/2 810/1/2 805/1/2
f 814/1/6 802/1/6 800/1/6 813/1/6
f 811/1/2 775/1/2 779/1/2 812/1/2
f 804/1/6 806/1/6 803/1/6 801/1/6
f 807/1/4 806/1/4 804/1/4 809/1/4
f 808/1/4 807/1/4 809/1/4 794/1/4
f 788/1/2 811/1/2 812/1/2 789/1/2
f 806/1/6 814/1/6 813/1/6 803/1/6
f 797/1/4 802/1/4 814/1/4 815/1/4
f 803/1/2 813/1/2 816/1/2 810/1/2
f 775/1/2 811/1/2 816/1/2 796/1/2
f 786/1/1 784/1/1 817/1/1 818/1/1
f 818/1/6 817/1/6 819/1/6 820/1/6
f 794/1/3 795/1/3 823/1/3 821/1/3
f 821/1/3 823/1/3 824/1/3 822/1/3
f 824/1/3 793/1/3 792/1/3 822/1/3
f 821/1/3 822/1/3 826/1/3 825/1/3
f 825/1/6 826/1/6 828/1/6 827/1/6
f 829/1/4 828/1/4 826/1/4 822/1/4
f 821/1/2 825/1/2 827/1/2 830/1/2
f 786/1/4 818/1/4 820/1/4 831/1/4
f 832/1/2 819/1/2 817/1/2 784/1/2
f 815/1/6 121/1/6 798/1/6 834/1/6 833/1/6 797/1/6
f 121/1/6 815/1/6 807/1/6 799/1/6
f 799/1/7 807/1/7 808/1/7 792/1/7
f 777/1/6 776/1/6 785/1/6 794/1/6
f 787/1/8 782/1/8 783/1/8 780/1/8 791/1/8 120/1/8 793/1/8 824/1/8 823/1/8 795/1/8 781/1/8 789/1/8 812/1/8 779/1/8
f 842/1/1 840/1/1 845/1/1 843/1/1
f 868/1/2 846/1/2 867/1/2 873/1/2
f 852/1/3 835/1/3 839/1/3 853/1/3
f 844/1/1 841/1/1 840/1/1 842/1/1
f 153/1/1 843/1/1 845/1/1 836/1/1
f 136/1/1 837/1/1 841/1/1 844/1/1
f 1184/1/4 838/1/4 849/1/4 848/1/4
f 1184/1/3 850/1/3 851/1/3 838/1/3
f 835/1/2 846/1/2 847/1/2 839/1/2
f 849/1/4 837/1/4 136/1/4 848/1/4
f 843/1/1 153/1/1 140/1/1 854/1/1
f 889/1/5 890/1/5 891/1/5 888/1/5
f 1184/1/4 848/1/4 855/1/4 2046/1/4
f 862/1/3 866/1/3 861/1/3 858/1/3
f 870/1/2 857/1/2 140/1/2 873/1/2
f 850/1/3 1184/1/3 2046/1/3 856/1/3
f 848/1/5 888/1/5 891/1/5 855/1/5
f 871/1/4 863/1/4 864/1/4 872/1/4
f 890/1/5 889/1/5 843/1/5 854/1/5
f 140/1/1 857/1/1 859/1/1 854/1/1
f 835/1/3 852/1/3 866/1/3 862/1/3
f 846/1/2 835/1/2 862/1/2 867/1/2
f 858/1/2 860/1/2 867/1/2 862/1/2
f 871/1/6 859/1/6 857/1/6 870/1/6
f 868/1/2 153/1/2 836/1/2 869/1/2
f 861/1/6 863/1/6 860/1/6 858/1/6
f 864/1/4 863/1/4 861/1/4 866/1/4
f 865/1/4 864/1/4 866/1/4 852/1/4
f 846/1/2 868/1/2 869/1/2 847/1/2
f 863/1/6 871/1/6 870/1/6 860/1/6
f 854/1/4 859/1/4 871/1/4 872/1/4
f 860/1/2 870/1/2 873/1/2 867/1/2
f 153/1/2 868/1/2 873/1/2 140/1/2
f 844/1/1 842/1/1 874/1/1 875/1/1
f 875/1/6 874/1/6 876/1/6 877/1/6
f 852/1/3 853/1/3 880/1/3 878/1/3
f 878/1/3 880/1/3 881/1/3 879/1/3
f 881/1/3 851/1/3 850/1/3 879/1/3
f 878/1/3 879/1/3 883/1/3 882/1/3
f 882/1/6 883/1/6 885/1/6 884/1/6
f 886/1/4 885/1/4 883/1/4 879/1/4
f 878/1/2 882/1/2 884/1/2 887/1/2
f 844/1/4 875/1/4 877/1/4 888/1/4
f 889/1/2 876/1/2 874/1/2 842/1/2
f 872/1/6 2046/1/6 855/1/6 891/1/6 890/1/6 854/1/6
f 2046/1/6 872/1/6 864/1/6 856/1/6
f 856/1/7 864/1/7 865/1/7 850/1/7
f 1184/1/6 136/1/6 843/1/6 852/1/6
f 845/1/8 840/1/8 841/1/8 837/1/8 849/1/8 838/1/8 851/1/8 881/1/8 880/1/8 853/1/8 839/1/8 847/1/8 869/1/8 836/1/8
f 898/1/6 896/1/6 901/1/6 899/1/6
f 922/1/2 902/1/2 921/1/2 927/1/2
f 900/1/6 897/1/6 896/1/6 898/1/6
f 892/1/6 899/1/6 901/1/6 894/1/6
f 893/1/6 895/1/6 897/1/6 900/1/6
f 328/1/4 330/1/4 905/1/4 904/1/4
f 328/1/8 906/1/8 907/1/8 330/1/8
f 217/1/2 902/1/2 903/1/2 220/1/2
f 905/1/4 895/1/4 893/1/4 904/1/4
f 899/1/6 892/1/6 909/1/6 910/1/6
f 943/1/17 944/1/17 945/1/17 942/1/17
f 328/1/4 904/1/4 911/1/4 2062/1/4
f 924/1/2 913/1/2 909/1/2 927/1/2
f 906/1/8 328/1/8 2062/1/8 912/1/8
f 904/1/17 942/1/17 945/1/17 911/1/17
f 925/1/4 917/1/4 918/1/4 926/1/4
f 944/1/17 943/1/17 899/1/17 910/1/17
f 909/1/6 913/1/6 915/1/6 910/1/6
f 902/1/2 217/1/2 344/1/2 921/1/2
f 914/1/2 916/1/2 921/1/2 344/1/2
f 925/1/3 915/1/3 913/1/3 924/1/3
f 922/1/2 892/1/2 894/1/2 923/1/2
f 348/1/3 917/1/3 916/1/3 914/1/3
f 918/1/4 917/1/4 348/1/4 920/1/4
f 919/1/4 918/1/4 920/1/4 908/1/4
f 902/1/2 922/1/2 923/1/2 903/1/2
f 917/1/3 925/1/3 924/1/3 916/1/3
f 910/1/4 915/1/4 925/1/4 926/1/4
f 916/1/2 924/1/2 927/1/2 921/1/2
f 892/1/2 922/1/2 927/1/2 909/1/2
f 900/1/6 898/1/6 928/1/6 929/1/6
f 929/1/3 928/1/3 930/1/3 931/1/3
f 908/1/8 336/1/8 934/1/8 932/1/8
f 932/1/8 934/1/8 935/1/8 933/1/8
f 935/1/8 907/1/8 906/1/8 933/1/8
f 932/1/8 933/1/8 937/1/8 936/1/8
f 936/1/3 937/1/3 939/1/3 938/1/3
f 940/1/4 939/1/4 937/1/4 933/1/4
f 932/1/2 936/1/2 938/1/2 941/1/2
f 900/1/4 929/1/4 931/1/4 942/1/4
f 943/1/2 930/1/2 928/1/2 898/1/2
f 926/1/3 2062/1/3 911/1/3 945/1/3 944/1/3 910/1/3
f 2062/1/3 926/1/3 918/1/3 912/1/3
f 912/1/18 918/1/18 919/1/18 906/1/18
f 328/1/3 893/1/3 899/1/3 908/1/3
f 901/1/1 896/1/1 897/1/1 895/1/1 905/1/1 330/1/1 907/1/1 935/1/1 934/1/1 336/1/1 220/1/1 903/1/1 923/1/1 894/1/1
f 954/1/6 952/1/6 343/1/6 955/1/6
f 977/1/2 957/1/2 976/1/2 982/1/2
f 963/1/8 948/1/8 951/1/8 964/1/8
f 956/1/6 953/1/6 952/1/6 954/1/6
f 946/1/6 949/1/6 953/1/6 956/1/6
f 947/1/4 950/1/4 960/1/4 959/1/4
f 947/1/8 961/1/8 962/1/8 950/1/8
f 948/1/2 957/1/2 958/1/2 951/1/2
f 960/1/4 949/1/4 946/1/4 959/1/4
f 998/1/17 999/1/17 1000/1/17 997/1/17
f 947/1/4 959/1/4 966/1/4 965/1/4
f 971/1/8 975/1/8 970/1/8 968/1/8
f 979/1/2 347/1/2 237/1/2 982/1/2
f 961/1/8 947/1/8 965/1/8 967/1/8
f 959/1/17 997/1/17 1000/1/17 966/1/17
f 980/1/4 972/1/4 973/1/4 981/1/4
f 999/1/17 998/1/17 955/1/17 354/1/17
f 948/1/8 963/1/8 975/1/8 971/1/8
f 957/1/2 948/1/2 971/1/2 976/1/2
f 968/1/2 969/1/2 976/1/2 971/1/2
f 980/1/3 350/1/3 347/1/3 979/1/3
f 977/1/2 329/1/2 331/1/2 978/1/2
f 970/1/3 972/1/3 969/1/3 968/1/3
f 973/1/4 972/1/4 970/1/4 975/1/4
f 974/1/4 973/1/4 975/1/4 963/1/4
f 957/1/2 977/1/2 978/1/2 958/1/2
f 972/1/3 980/1/3 979/1/3 969/1/3
f 354/1/4 350/1/4 980/1/4 981/1/4
f 969/1/2 979/1/2 982/1/2 976/1/2
f 329/1/2 977/1/2 982/1/2 237/1/2
f 956/1/6 954/1/6 983/1/6 984/1/6
f 984/1/3 983/1/3 985/1/3 986/1/3
f 963/1/8 964/1/8 989/1/8 987/1/8
f 987/1/8 989/1/8 990/1/8 988/1/8
f 990/1/8 962/1/8 961/1/8 988/1/8
f 987/1/8 988/1/8 992/1/8 991/1/8
f 991/1/3 992/1/3 994/1/3 993/1/3
f 995/1/4 994/1/4 992/1/4 988/1/4
f 987/1/2 991/1/2 993/1/2 996/1/2
f 956/1/4 984/1/4 986/1/4 997/1/4
f 998/1/2 985/1/2 983/1/2 954/1/2
f 981/1/3 965/1/3 966/1/3 1000/1/3 999/1/3 354/1/3
f 965/1/3 981/1/3 973/1/3 967/1/3
f 967/1/18 973/1/18 974/1/18 961/1/18
f 947/1/3 946/1/3 955/1/3 963/1/3
f 343/1/1 952/1/1 953/1/1 949/1/1 960/1/1 950/1/1 962/1/1 990/1/1 989/1/1 964/1/1 951/1/1 958/1/1 978/1/1 331/1/1
f 1028/1/6 1036/1/6 1037/1/6 1029/1/6
f 1031/1/21 1029/1/21 1037/1/21 1039/1/21
f 1025/1/8 1026/1/8 1034/1/8 1033/1/8
f 1030/1/22 1038/1/22 1035/1/22 1027/1/22
f 1014/1/23 1007/1/23 1020/1/23 1022/1/23
f 1002/1/6 1017/1/6 1019/1/6 1006/1/6
f 1015/1/24 1023/1/24 1021/1/24 1013/1/24
f 1016/1/8 1013/1/8 1021/1/8 1024/1/8
f 1002/12/2 1005/13/2 1018/13/2 1017/12/2
f 1005/13/2 1016/12/2 1024/12/2 1018/13/2
f 1014/1/25 1022/1/25 1023/1/25 1015/1/25
f 1007/1/26 1006/1/26 1019/1/26 1020/1/26
f 1025/12/4 1033/12/4 1040/13/4 1032/13/4
f 1032/13/4 1040/13/4 1036/12/4 1028/12/4
f 1030/1/27 1031/1/27 1039/1/27 1038/1/27
f 1027/1/28 1035/1/28 1034/1/28 1026/1/28
f 1022/1/1 1020/1/1 1035/1/1 1038/1/1
f 1017/12/1 1018/13/1 1040/13/1 1033/12/1
f 1018/13/1 1024/12/1 1036/12/1 1040/13/1
f 1019/1/1 1017/1/1 1033/1/1 1034/1/1
f 1020/1/1 1019/1/1 1034/1/1 1035/1/1
f 1024/1/1 1021/1/1 1037/1/1 1036/1/1
f 1023/1/1 1022/1/1 1038/1/1 1039/1/1
f 1025/1/1 1032/1/1 1010/1/1 1003/1/1
f 1021/1/1 1023/1/1 1039/1/1 1037/1/1
f 1008/1/1 1010/1/1 1032/1/1 1028/1/1
f 1004/1/1 1012/1/1 1030/1/1 1027/1/1
f 1031/1/1 1030/1/1 1012/1/1 1011/1/1
f 1001/1/1 1004/1/1 1027/1/1 1026/1/1
f 1029/1/1 1031/1/1 1011/1/1 1009/1/1
f 1028/1/1 1029/1/1 1009/1/1 1008/1/1
f 1003/1/1 1001/1/1 1026/1/1 1025/1/1
f 1004/1/2 1001/1/2 443/1/2 1043/1/2
f 1009/1/2 1011/1/2 1041/1/2 1045/1/2
f 1008/1/6 1009/1/6 1045/1/6 1044/1/6
f 1003/1/4 1010/1/4 1046/1/4 1042/1/4
f 1011/1/2 1012/1/2 1047/1/2 1041/1/2
f 1010/1/4 1008/1/4 1044/1/4 1046/1/4
f 1001/1/8 1003/1/8 1042/1/8 443/1/8
f 1012/1/2 1004/1/2 1043/1/2 1047/1/2
f 1016/1/3 1005/1/3 1046/1/3 1044/1/3
f 1005/1/3 1002/1/3 1042/1/3 1046/1/3
f 1013/1/3 1016/1/3 1044/1/3 1045/1/3
f 1002/1/3 1006/1/3 443/1/3 1042/1/3
f 1014/1/3 1015/1/3 1041/1/3 1047/1/3
f 1006/1/3 1007/1/3 1043/1/3 443/1/3
f 1007/1/3 1014/1/3 1047/1/3 1043/1/3
f 1015/1/3 1013/1/3 1045/1/3 1041/1/3
f 1073/1/1 1081/1/1 1082/1/1 1074/1/1
f 1076/1/29 1074/1/29 1082/1/29 1084/1/29
f 1070/1/3 1071/1/3 1079/1/3 1078/1/3
f 1075/1/30 1083/1/30 1080/1/30 1072/1/30
f 1059/1/31 1052/1/31 1065/1/31 1067/1/31
f 1048/1/1 1062/1/1 1064/1/1 1051/1/1
f 1060/1/32 1068/1/32 1066/1/32 1058/1/32
f 1061/1/3 1058/1/3 1066/1/3 1069/1/3
f 1048/12/2 1050/13/2 1063/13/2 1062/12/2
f 1050/13/2 1061/12/2 1069/12/2 1063/13/2
f 1059/1/33 1067/1/33 1068/1/33 1060/1/33
f 1052/1/34 1051/1/34 1064/1/34 1065/1/34
f 1070/12/4 1078/12/4 1085/13/4 1077/13/4
f 1077/13/4 1085/13/4 1081/12/4 1073/12/4
f 1075/1/35 1076/1/35 1084/1/35 1083/1/35
f 1072/1/36 1080/1/36 1079/1/36 1071/1/36
f 1067/1/8 1065/1/8 1080/1/8 1083/1/8
f 1062/12/8 1063/13/8 1085/13/8 1078/12/8
f 1063/13/8 1069/12/8 1081/12/8 1085/13/8
f 1064/1/8 1062/1/8 1078/1/8 1079/1/8
f 1065/1/8 1064/1/8 1079/1/8 1080/1/8
f 1069/1/8 1066/1/8 1082/1/8 1081/1/8
f 1068/1/8 1067/1/8 1083/1/8 1084/1/8
f 1070/1/8 1077/1/8 1055/1/8 103/1/8
f 1066/1/8 1068/1/8 1084/1/8 1082/1/8
f 1053/1/8 1055/1/8 1077/1/8 1073/1/8
f 1049/1/8 1057/1/8 1075/1/8 1072/1/8
f 1076/1/8 1075/1/8 1057/1/8 1056/1/8
f 104/1/8 1049/1/8 1072/1/8 1071/1/8
f 1074/1/8 1076/1/8 1056/1/8 1054/1/8
f 1073/1/8 1074/1/8 1054/1/8 1053/1/8
f 103/1/8 104/1/8 1071/1/8 1070/1/8
f 1049/1/2 104/1/2 1087/1/2 1088/1/2
f 1054/1/2 1056/1/2 1086/1/2 1090/1/2
f 1053/1/1 1054/1/1 1090/1/1 1089/1/1
f 103/1/4 1055/1/4 1091/1/4 106/1/4
f 1056/1/2 1057/1/2 1092/1/2 1086/1/2
f 1055/1/4 1053/1/4 1089/1/4 1091/1/4
f 104/1/3 103/1/3 106/1/3 1087/1/3
f 1057/1/2 1049/1/2 1088/1/2 1092/1/2
f 1061/1/6 1050/1/6 1091/1/6 1089/1/6
f 1050/1/6 1048/1/6 106/1/6 1091/1/6
f 1058/1/6 1061/1/6 1089/1/6 1090/1/6
f 1048/1/6 1051/1/6 1087/1/6 106/1/6
f 1059/1/6 1060/1/6 1086/1/6 1092/1/6
f 1051/1/6 1052/1/6 1088/1/6 1087/1/6
f 1052/1/6 1059/1/6 1092/1/6 1088/1/6
f 1060/1/6 1058/1/6 1090/1/6 1086/1/6
f 1119/1/6 1127/1/6 1128/1/6 1120/1/6
f 1122/1/21 1120/1/21 1128/1/21 1130/1/21
f 1116/1/8 1117/1/8 1125/1/8 1124/1/8
f 1121/1/22 1129/1/22 1126/1/22 1118/1/22
f 1105/1/23 1099/1/23 1111/1/23 1113/1/23
f 1094/1/6 1108/1/6 1110/1/6 1098/1/6
f 1106/1/24 1114/1/24 1112/1/24 1104/1/24
f 1107/1/8 1104/1/8 1112/1/8 1115/1/8
f 1094/12/2 1097/13/2 1109/13/2 1108/12/2
f 1097/13/2 1107/12/2 1115/12/2 1109/13/2
f 1105/1/25 1113/1/25 1114/1/25 1106/1/25
f 1099/1/26 1098/1/26 1110/1/26 1111/1/26
f 1116/12/4 1124/12/4 1131/13/4 1123/13/4
f 1123/13/4 1131/13/4 1127/12/4 1119/12/4
f 1121/1/27 1122/1/27 1130/1/27 1129/1/27
f 1118/1/28 1126/1/28 1125/1/28 1117/1/28
f 1113/1/1 1111/1/1 1126/1/1 1129/1/1
f 1108/12/1 1109/13/1 1131/13/1 1124/12/1
f 1109/13/1 1115/12/1 1127/12/1 1131/13/1
f 1110/1/1 1108/1/1 1124/1/1 1125/1/1
f 1111/1/1 1110/1/1 1125/1/1 1126/1/1
f 1115/1/1 1112/1/1 1128/1/1 1127/1/1
f 1114/1/1 1113/1/1 1129/1/1 1130/1/1
f 1116/1/1 1123/1/1 1101/1/1 1095/1/1
f 1112/1/1 1114/1/1 1130/1/1 1128/1/1
f 1141/1/1 1101/1/1 1123/1/1 1119/1/1
f 1096/1/1 1103/1/1 1121/1/1 1118/1/1
f 1122/1/1 1121/1/1 1103/1/1 1102/1/1
f 1093/1/1 1096/1/1 1118/1/1 1117/1/1
f 1120/1/1 1122/1/1 1102/1/1 1100/1/1
f 1119/1/1 1120/1/1 1100/1/1 1141/1/1
f 1095/1/1 1093/1/1 1117/1/1 1116/1/1
f 1096/1/2 1093/1/2 1133/1/2 1135/1/2
f 1100/1/2 1102/1/2 1132/1/2 1137/1/2
f 1141/1/6 1100/1/6 1137/1/6 1136/1/6
f 1095/1/4 1101/1/4 1138/1/4 1134/1/4
f 1102/1/2 1103/1/2 1139/1/2 1132/1/2
f 1101/1/4 1141/1/4 1136/1/4 1138/1/4
f 1093/1/8 1095/1/8 1134/1/8 1133/1/8
f 1103/1/2 1096/1/2 1135/1/2 1139/1/2
f 1107/1/3 1097/1/3 1138/1/3 1136/1/3
f 1097/1/3 1094/1/3 1134/1/3 1138/1/3
f 1104/1/3 1107/1/3 1136/1/3 1137/1/3
f 1094/1/3 1098/1/3 1133/1/3 1134/1/3
f 1105/1/3 1106/1/3 1132/1/3 1139/1/3
f 1098/1/3 1099/1/3 1135/1/3 1133/1/3
f 1099/1/3 1105/1/3 1139/1/3 1135/1/3
f 1106/1/3 1104/1/3 1137/1/3 1132/1/3
f 1165/1/6 1173/1/6 1174/1/6 1166/1/6
f 1168/1/21 1166/1/21 1174/1/21 1176/1/21
f 1162/1/8 1163/1/8 1171/1/8 1170/1/8
f 1167/1/22 1175/1/22 1172/1/22 1164/1/22
f 1151/1/23 1145/1/23 1157/1/23 1159/1/23
f 1140/1/6 1154/1/6 1156/1/6 1144/1/6
f 1152/1/24 1160/1/24 1158/1/24 1150/1/24
f 1153/1/8 1150/1/8 1158/1/8 1161/1/8
f 1140/12/2 1143/13/2 1155/13/2 1154/12/2
f 1143/13/2 1153/12/2 1161/12/2 1155/13/2
f 1151/1/25 1159/1/25 1160/1/25 1152/1/25
f 1145/1/26 1144/1/26 1156/1/26 1157/1/26
f 1162/12/4 1170/12/4 1177/13/4 1169/13/4
f 1169/13/4 1177/13/4 1173/12/4 1165/12/4
f 1167/1/27 1168/1/27 1176/1/27 1175/1/27
f 1164/1/28 1172/1/28 1171/1/28 1163/1/28
f 1159/1/1 1157/1/1 1172/1/1 1175/1/1
f 1154/12/1 1155/13/1 1177/13/1 1170/12/1
f 1155/13/1 1161/12/1 1173/12/1 1177/13/1
f 1156/1/1 1154/1/1 1170/1/1 1171/1/1
f 1157/1/1 1156/1/1 1171/1/1 1172/1/1
f 1161/1/1 1158/1/1 1174/1/1 1173/1/1
f 1160/1/1 1159/1/1 1175/1/1 1176/1/1
f 1162/1/1 1169/1/1 1147/1/1 1141/1/1
f 1158/1/1 1160/1/1 1176/1/1 1174/1/1
f 715/1/1 1147/1/1 1169/1/1 1165/1/1
f 1142/1/1 1149/1/1 1167/1/1 1164/1/1
f 1168/1/1 1167/1/1 1149/1/1 1148/1/1
f 1100/1/1 1142/1/1 1164/1/1 1163/1/1
f 1166/1/1 1168/1/1 1148/1/1 1146/1/1
f 1165/1/1 1166/1/1 1146/1/1 715/1/1
f 1141/1/1 1100/1/1 1163/1/1 1162/1/1
f 1142/1/2 1100/1/2 1137/1/2 1179/1/2
f 1146/1/2 1148/1/2 1178/1/2 1180/1/2
f 715/1/6 1146/1/6 1180/1/6 718/1/6
f 1141/1/4 1147/1/4 1181/1/4 1136/1/4
f 1148/1/2 1149/1/2 1182/1/2 1178/1/2
f 1147/1/4 715/1/4 718/1/4 1181/1/4
f 1149/1/2 1142/1/2 1179/1/2 1182/1/2
f 1153/1/3 1143/1/3 1181/1/3 718/1/3
f 1143/1/3 1140/1/3 1136/1/3 1181/1/3
f 1150/1/3 1153/1/3 718/1/3 1180/1/3
f 1140/1/3 1144/1/3 1137/1/3 1136/1/3
f 1151/1/3 1152/1/3 1178/1/3 1182/1/3
f 1144/1/3 1145/1/3 1179/1/3 1137/1/3
f 1145/1/3 1151/1/3 1182/1/3 1179/1/3
f 1152/1/3 1150/1/3 1180/1/3 1178/1/3
f 1209/1/3 1217/1/3 1218/1/3 1210/1/3
f 1212/1/36 1210/1/36 1218/1/36 1220/1/36
f 1206/1/1 1207/1/1 1215/1/1 1214/1/1
f 1211/1/35 1219/1/35 1216/1/35 1208/1/35
f 1195/1/33 1188/1/33 1201/1/33 1203/1/33
f 1183/1/3 1198/1/3 1200/1/3 1187/1/3
f 1196/1/34 1204/1/34 1202/1/34 1194/1/34
f 1197/1/1 1194/1/1 1202/1/1 1205/1/1
f 1183/12/2 1186/13/2 1199/13/2 1198/12/2
f 1186/13/2 1197/12/2 1205/12/2 1199/13/2
f 1195/1/31 1203/1/31 1204/1/31 1196/1/31
f 1188/1/32 1187/1/32 1200/1/32 1201/1/32
f 1206/12/4 1214/12/4 1221/13/4 1213/13/4
f 1213/13/4 1221/13/4 1217/12/4 1209/12/4
f 1211/1/30 1212/1/30 1220/1/30 1219/1/30
f 1208/1/29 1216/1/29 1215/1/29 1207/1/29
f 1203/1/6 1201/1/6 1216/1/6 1219/1/6
f 1198/12/6 1199/13/6 1221/13/6 1214/12/6
f 1199/13/6 1205/12/6 1217/12/6 1221/13/6
f 1200/1/6 1198/1/6 1214/1/6 1215/1/6
f 1201/1/6 1200/1/6 1215/1/6 1216/1/6
f 1205/1/6 1202/1/6 1218/1/6 1217/1/6
f 1204/1/6 1203/1/6 1219/1/6 1220/1/6
f 1206/1/6 1213/1/6 1191/1/6 1184/1/6
f 1202/1/6 1204/1/6 1220/1/6 1218/1/6
f 1189/1/6 1191/1/6 1213/1/6 1209/1/6
f 1185/1/6 1193/1/6 1211/1/6 1208/1/6
f 1212/1/6 1211/1/6 1193/1/6 1192/1/6
f 835/1/6 1185/1/6 1208/1/6 1207/1/6
f 1210/1/6 1212/1/6 1192/1/6 1190/1/6
f 1209/1/6 1210/1/6 1190/1/6 1189/1/6
f 1184/1/6 835/1/6 1207/1/6 1206/1/6
f 1185/1/2 835/1/2 839/1/2 1223/1/2
f 1190/1/2 1192/1/2 1222/1/2 1225/1/2
f 1189/1/3 1190/1/3 1225/1/3 1224/1/3
f 1184/1/4 1191/1/4 1226/1/4 838/1/4
f 1192/1/2 1193/1/2 1227/1/2 1222/1/2
f 1191/1/4 1189/1/4 1224/1/4 1226/1/4
f 835/1/1 1184/1/1 838/1/1 839/1/1
f 1193/1/2 1185/1/2 1223/1/2 1227/1/2
f 1197/1/8 1186/1/8 1226/1/8 1224/1/8
f 1186/1/8 1183/1/8 838/1/8 1226/1/8
f 1194/1/8 1197/1/8 1224/1/8 1225/1/8
f 1183/1/8 1187/1/8 839/1/8 838/1/8
f 1195/1/8 1196/1/8 1222/1/8 1227/1/8
f 1187/1/8 1188/1/8 1223/1/8 839/1/8
f 1188/1/8 1195/1/8 1227/1/8 1223/1/8
f 1196/1/8 1194/1/8 1225/1/8 1222/1/8
f 1228/14/37 1229/15/37 1231/16/37 1230/17/37
f 1230/17/38 1231/16/38 1235/18/38 1234/19/38
f 1234/19/39 1235/18/39 1233/20/39 1232/21/39
f 1232/21/40 1233/20/40 1229/22/40 1228/23/40
f 1230/24/4 1234/19/4 1232/21/4 1228/25/4
f 1235/18/2 1231/26/2 1229/27/2 1233/20/2
f 1236/14/41 1237/15/41 1239/16/41 1238/17/41
f 1238/17/42 1239/16/42 1243/18/42 1242/19/42
f 1242/19/43 1243/18/43 1241/20/43 1240/21/43
f 1240/21/44 1241/20/44 1237/22/44 1236/23/44
f 1238/24/4 1242/19/4 1240/21/4 1236/25/4
f 1243/18/2 1239/26/2 1237/27/2 1241/20/2
f 1244/14/45 1245/15/45 1247/16/45 1246/17/45
f 1246/17/46 1247/16/46 1251/18/46 1250/19/46
f 1250/19/47 1251/18/47 1249/20/47 1248/21/47
f 1248/21/48 1249/20/48 1245/22/48 1244/23/48
f 1246/24/4 1250/19/4 1248/21/4 1244/25/4
f 1251/18/2 1247/26/2 1245/27/2 1249/20/2
f 1252/14/49 1253/15/49 1255/16/49 1254/17/49
f 1254/17/50 1255/16/50 1259/18/50 1258/19/50
f 1258/19/51 1259/18/51 1257/20/51 1256/21/51
f 1256/21/52 1257/20/52 1253/22/52 1252/23/52
f 1254/24/4 1258/19/4 1256/21/4 1252/25/4
f 1259/18/2 1255/26/2 1253/27/2 1257/20/2
f 1260/14/53 1261/15/53 1263/16/53 1262/17/53
f 1262/17/54 1263/16/54 1267/18/54 1266/19/54
f 1266/19/55 1267/18/55 1265/20/55 1264/21/55
f 1264/21/56 1265/20/56 1261/22/56 1260/23/56
f 1262/24/4 1266/19/4 1264/21/4 1260/25/4
f 1267/18/2 1263/26/2 1261/27/2 1265/20/2
f 1268/14/57 1269/15/57 1271/16/57 1270/17/57
f 1270/17/58 1271/16/58 1275/18/58 1274/19/58
f 1274/19/59 1275/18/59 1273/20/59 1272/21/59
f 1272/21/60 1273/20/60 1269/22/60 1268/23/60
f 1270/24/4 1274/19/4 1272/21/4 1268/25/4
f 1275/18/2 1271/26/2 1269/27/2 1273/20/2
f 1276/14/38 1277/15/38 1279/16/38 1278/17/38
f 1278/17/39 1279/16/39 1283/18/39 1282/19/39
f 1282/19/40 1283/18/40 1281/20/40 1280/21/40
f 1280/21/37 1281/20/37 1277/22/37 1276/23/37
f 1278/24/4 1282/19/4 1280/21/4 1276/25/4
f 1283/18/2 1279/26/2 1277/27/2 1281/20/2
f 1284/14/61 1285/15/61 1287/16/61 1286/17/61
f 1286/17/62 1287/16/62 1291/18/62 1290/19/62
f 1290/19/63 1291/18/63 1289/20/63 1288/21/63
f 1288/21/64 1289/20/64 1285/22/64 1284/23/64
f 1286/24/4 1290/19/4 1288/21/4 1284/25/4
f 1291/18/2 1287/26/2 1285/27/2 1289/20/2
f 1292/14/65 1293/15/65 1295/16/65 1294/17/65
f 1294/17/66 1295/16/66 1299/18/66 1298/19/66
f 1298/19/67 1299/18/67 1297/20/67 1296/21/67
f 1296/21/68 1297/20/68 1293/22/68 1292/23/68
f 1294/24/4 1298/19/4 1296/21/4 1292/25/4
f 1299/18/2 1295/26/2 1293/27/2 1297/20/2
f 1300/14/69 1301/15/69 1303/16/69 1302/17/69
f 1302/17/70 1303/16/70 1307/18/70 1306/19/70
f 1306/19/71 1307/18/71 1305/20/71 1304/21/71
f 1304/21/72 1305/20/72 1301/22/72 1300/23/72
f 1302/24/4 1306/19/4 1304/21/4 1300/25/4
f 1307/18/2 1303/26/2 1301/27/2 1305/20/2
f 1308/14/73 1309/15/73 1311/16/73 1310/17/73
f 1310/17/74 1311/16/74 1315/18/74 1314/19/74
f 1314/19/75 1315/18/75 1313/20/75 1312/21/75
f 1312/21/76 1313/20/76 1309/22/76 1308/23/76
f 1310/24/4 1314/19/4 1312/21/4 1308/25/4
f 1315/18/2 1311/26/2 1309/27/2 1313/20/2
f 1316/14/77 1317/15/77 1319/16/77 1318/17/77
f 1318/17/78 1319/16/78 1323/18/78 1322/19/78
f 1322/19/79 1323/18/79 1321/20/79 1320/21/79
f 1320/21/80 1321/20/80 1317/22/80 1316/23/80
f 1318/24/4 1322/19/4 1320/21/4 1316/25/4
f 1323/18/2 1319/26/2 1317/27/2 1321/20/2
f 1324/14/81 1325/15/81 1327/16/81 1326/17/81
f 1326/17/82 1327/16/82 1331/18/82 1330/19/82
f 1330/19/83 1331/18/83 1329/20/83 1328/21/83
f 1328/21/84 1329/20/84 1325/22/84 1324/23/84
f 1326/24/4 1330/19/4 1328/21/4 1324/25/4
f 1331/18/2 1327/26/2 1325/27/2 1329/20/2
f 1332/14/85 1333/15/85 1335/16/85 1334/17/85
f 1334/17/86 1335/16/86 1339/18/86 1338/19/86
f 1338/19/87 1339/18/87 1337/20/87 1336/21/87
f 1336/21/88 1337/20/88 1333/22/88 1332/23/88
f 1334/24/4 1338/19/4 1336/21/4 1332/25/4
f 1339/18/2 1335/26/2 1333/27/2 1337/20/2
f 1340/14/89 1341/15/89 1343/16/89 1342/17/89
f 1342/17/90 1343/16/90 1347/18/90 1346/19/90
f 1346/19/91 1347/18/91 1345/20/91 1344/21/91
f 1344/21/92 1345/20/92 1341/22/92 1340/23/92
f 1342/24/4 1346/19/4 1344/21/4 1340/25/4
f 1347/18/2 1343/26/2 1341/27/2 1345/20/2
f 1348/14/93 1349/15/93 1351/16/93 1350/17/93
f 1350/17/94 1351/16/94 1355/18/94 1354/19/94
f 1354/19/95 1355/18/95 1353/20/95 1352/21/95
f 1352/21/96 1353/20/96 1349/22/96 1348/23/96
f 1350/24/4 1354/19/4 1352/21/4 1348/25/4
f 1355/18/2 1351/26/2 1349/27/2 1353/20/2
f 1356/14/97 1357/15/97 1359/16/97 1358/17/97
f 1358/17/98 1359/16/98 1363/18/98 1362/19/98
f 1362/19/99 1363/18/99 1361/20/99 1360/21/99
f 1360/21/100 1361/20/100 1357/22/100 1356/23/100
f 1358/24/4 1362/19/4 1360/21/4 1356/25/4
f 1363/18/2 1359/26/2 1357/27/2 1361/20/2
f 1364/14/42 1365/15/42 1367/16/42 1366/17/42
f 1366/17/43 1367/16/43 1371/18/43 1370/19/43
f 1370/19/44 1371/18/44 1369/20/44 1368/21/44
f 1368/21/41 1369/20/41 1365/22/41 1364/23/41
f 1366/24/4 1370/19/4 1368/21/4 1364/25/4
f 1371/18/2 1367/26/2 1365/27/2 1369/20/2
f 1372/14/101 1373/15/101 1375/16/101 1374/17/101
f 1374/17/102 1375/16/102 1379/18/102 1378/19/102
f 1378/19/103 1379/18/103 1377/20/103 1376/21/103
f 1376/21/45 1377/20/45 1373/22/45 1372/23/45
f 1374/24/4 1378/19/4 1376/21/4 1372/25/4
f 1379/18/2 1375/26/2 1373/27/2 1377/20/2
f 1380/14/50 1381/15/50 1383/16/50 1382/17/50
f 1382/17/51 1383/16/51 1387/18/51 1386/19/51
f 1386/19/52 1387/18/52 1385/20/52 1384/21/52
f 1384/21/49 1385/20/49 1381/22/49 1380/23/49
f 1382/24/4 1386/19/4 1384/21/4 1380/25/4
f 1387/18/2 1383/26/2 1381/27/2 1385/20/2
f 1388/14/54 1389/15/54 1391/16/54 1390/17/54
f 1390/17/55 1391/16/55 1395/18/55 1394/19/55
f 1394/19/56 1395/18/56 1393/20/56 1392/21/56
f 1392/21/53 1393/20/53 1389/22/53 1388/23/53
f 1390/24/4 1394/19/4 1392/21/4 1388/25/4
f 1395/18/2 1391/26/2 1389/27/2 1393/20/2
f 1396/14/58 1397/15/58 1399/16/58 1398/17/58
f 1398/17/59 1399/16/59 1403/18/59 1402/19/59
f 1402/19/60 1403/18/60 1401/20/60 1400/21/60
f 1400/21/57 1401/20/57 1397/22/57 1396/23/57
f 1398/24/4 1402/19/4 1400/21/4 1396/25/4
f 1403/18/2 1399/26/2 1397/27/2 1401/20/2
f 1419/28/3 1420/28/3 1418/29/3
f 1410/1/3 1566/1/3 1565/1/3 1564/1/3
f 1563/1/3 1411/1/3 1566/1/3 1410/1/3
f 1412/1/3 1414/1/3 1411/1/3 1563/1/3
f 1416/28/1 1415/29/1 1417/28/1
f 1568/1/3 1413/1/3 1414/1/3 1412/1/3
f 1427/1/1 1404/1/1 1405/1/1 1406/1/1
f 1424/1/1 1427/1/1 1406/1/1 1428/1/1
f 1407/1/1 1424/1/1 1428/1/1 1409/1/1
f 1408/1/1 1407/1/1 1409/1/1 1429/1/1
f 1413/1/104 1429/1/104 1409/1/104 1414/1/104
f 1414/1/105 1409/1/105 1428/1/105 1411/1/105
f 1411/1/106 1428/1/106 1406/1/106 1566/1/106
f 1566/1/107 1406/1/107 1405/1/107 1565/1/107
f 1564/1/8 1565/1/8 1405/1/8 1404/1/8
f 1563/29/108 1424/29/108 1407/28/108 1412/28/108
f 1410/28/109 1427/28/109 1424/29/109 1563/29/109
f 1412/1/110 1407/1/110 1408/1/110 1568/1/110
f 1568/1/6 1408/1/6 1429/1/6 1413/1/6
f 1419/28/4 1416/28/4 1417/28/4 1420/28/4
f 1564/1/111 1404/1/111 1427/1/111 1410/1/111
f 1434/28/3 1435/28/3 1433/29/3
f 1431/28/1 1430/29/1 1432/28/1
f 1422/1/1 1441/1/1 1423/1/1 1442/1/1
f 1421/1/1 1422/1/1 1442/1/1 1443/1/1
f 1425/1/1 1421/1/1 1443/1/1 1445/1/1
f 1444/1/1 1425/1/1 1445/1/1 1426/1/1
f 1429/1/104 1426/1/104 1445/1/104 1409/1/104
f 1409/1/105 1445/1/105 1443/1/105 1428/1/105
f 1428/1/106 1443/1/106 1442/1/106 1406/1/106
f 1406/1/107 1442/1/107 1423/1/107 1405/1/107
f 1404/1/8 1405/1/8 1423/1/8 1441/1/8
f 1424/29/108 1421/29/108 1425/28/108 1407/28/108
f 1427/28/109 1422/28/109 1421/29/109 1424/29/109
f 1407/1/110 1425/1/110 1444/1/110 1408/1/110
f 1408/1/6 1444/1/6 1426/1/6 1429/1/6
f 1434/28/4 1431/28/4 1432/28/4 1435/28/4
f 1404/1/111 1441/1/111 1422/1/111 1427/1/111
f 1450/28/3 1451/28/3 1449/29/3
f 1447/28/1 1446/29/1 1448/28/1
f 1460/1/1 1437/1/1 1461/1/1 1462/1/1
f 1436/1/1 1460/1/1 1462/1/1 1463/1/1
f 1438/1/1 1436/1/1 1463/1/1 1440/1/1
f 1464/1/1 1438/1/1 1440/1/1 1439/1/1
f 1426/1/104 1439/1/104 1440/1/104 1445/1/104
f 1445/1/105 1440/1/105 1463/1/105 1443/1/105
f 1443/1/106 1463/1/106 1462/1/106 1442/1/106
f 1442/1/107 1462/1/107 1461/1/107 1423/1/107
f 1441/1/8 1423/1/8 1461/1/8 1437/1/8
f 1421/29/108 1436/29/108 1438/28/108 1425/28/108
f 1422/28/109 1460/28/109 1436/29/109 1421/29/109
f 1425/1/110 1438/1/110 1464/1/110 1444/1/110
f 1444/1/6 1464/1/6 1439/1/6 1426/1/6
f 1450/28/4 1447/28/4 1448/28/4 1451/28/4
f 1441/1/111 1437/1/111 1460/1/111 1422/1/111
f 1469/28/3 1470/28/3 1468/29/3
f 1466/28/1 1465/29/1 1467/28/1
f 1453/1/1 1454/1/1 1455/1/1 1456/1/1
f 1452/1/1 1453/1/1 1456/1/1 1555/1/1
f 1457/1/1 1452/1/1 1555/1/1 1556/1/1
f 1458/1/1 1457/1/1 1556/1/1 1459/1/1
f 1439/1/104 1459/1/104 1556/1/104 1440/1/104
f 1440/1/105 1556/1/105 1555/1/105 1463/1/105
f 1463/1/106 1555/1/106 1456/1/106 1462/1/106
f 1462/1/107 1456/1/107 1455/1/107 1461/1/107
f 1437/1/8 1461/1/8 1455/1/8 1454/1/8
f 1436/29/108 1452/29/108 1457/28/108 1438/28/108
f 1460/28/109 1453/28/109 1452/29/109 1436/29/109
f 1438/1/110 1457/1/110 1458/1/110 1464/1/110
f 1464/1/6 1458/1/6 1459/1/6 1439/1/6
f 1469/28/4 1466/28/4 1467/28/4 1470/28/4
f 1437/1/111 1454/1/111 1453/1/111 1460/1/111
f 1489/28/6 1490/28/6 1488/29/6
f 1492/1/6 1482/1/6 1481/1/6 1493/1/6
f 1491/1/6 1494/1/6 1482/1/6 1492/1/6
f 1495/1/6 1484/1/6 1494/1/6 1491/1/6
f 1486/28/8 1485/29/8 1487/28/8
f 1483/1/6 1496/1/6 1484/1/6 1495/1/6
f 1472/1/8 1473/1/8 1474/1/8 1475/1/8
f 1471/1/8 1472/1/8 1475/1/8 1476/1/8
f 1477/1/8 1471/1/8 1476/1/8 1480/1/8
f 1478/1/8 1477/1/8 1480/1/8 1479/1/8
f 1496/1/112 1479/1/112 1480/1/112 1484/1/112
f 1484/1/113 1480/1/113 1476/1/113 1494/1/113
f 1494/1/114 1476/1/114 1475/1/114 1482/1/114
f 1482/1/115 1475/1/115 1474/1/115 1481/1/115
f 1493/1/3 1481/1/3 1474/1/3 1473/1/3
f 1491/29/116 1471/29/116 1477/28/116 1495/28/116
f 1492/28/117 1472/28/117 1471/29/117 1491/29/117
f 1495/1/118 1477/1/118 1478/1/118 1483/1/118
f 1483/1/1 1478/1/1 1479/1/1 1496/1/1
f 1489/28/4 1486/28/4 1487/28/4 1490/28/4
f 1493/1/119 1473/1/119 1472/1/119 1492/1/119
f 1505/28/6 1506/28/6 1504/29/6
f 1508/1/6 1498/1/6 1509/1/6 1497/1/6
f 1507/1/6 1499/1/6 1498/1/6 1508/1/6
f 1510/1/6 1500/1/6 1499/1/6 1507/1/6
f 1502/28/8 1501/29/8 1503/28/8
f 1511/1/6 1512/1/6 1500/1/6 1510/1/6
f 1512/1/112 1496/1/112 1484/1/112 1500/1/112
f 1500/1/113 1484/1/113 1494/1/113 1499/1/113
f 1499/1/114 1494/1/114 1482/1/114 1498/1/114
f 1498/1/115 1482/1/115 1481/1/115 1509/1/115
f 1497/1/3 1509/1/3 1481/1/3 1493/1/3
f 1507/29/116 1491/29/116 1495/28/116 1510/28/116
f 1508/28/117 1492/28/117 1491/29/117 1507/29/117
f 1510/1/118 1495/1/118 1483/1/118 1511/1/118
f 1511/1/1 1483/1/1 1496/1/1 1512/1/1
f 1505/28/4 1502/28/4 1503/28/4 1506/28/4
f 1497/1/119 1493/1/119 1492/1/119 1508/1/119
f 1522/28/6 1523/28/6 1521/29/6
f 1525/1/6 1515/1/6 1514/1/6 1513/1/6
f 1524/1/6 1526/1/6 1515/1/6 1525/1/6
f 1519/28/8 1518/29/8 1520/28/8
f 1516/1/6 1517/1/6 1529/1/6 1528/1/6
f 1517/1/112 1512/1/112 1500/1/112 1529/1/112
f 1529/1/113 1500/1/113 1499/1/113 1526/1/113
f 1526/1/114 1499/1/114 1498/1/114 1515/1/114
f 1515/1/115 1498/1/115 1509/1/115 1514/1/115
f 1513/1/3 1514/1/3 1509/1/3 1497/1/3
f 1524/29/116 1507/29/116 1510/28/116 1528/28/116
f 1525/28/117 1508/28/117 1507/29/117 1524/29/117
f 1528/1/118 1510/1/118 1511/1/118 1516/1/118
f 1516/1/1 1511/1/1 1512/1/1 1517/1/1
f 1522/28/4 1519/28/4 1520/28/4 1523/28/4
f 1513/1/119 1497/1/119 1508/1/119 1525/1/119
f 1543/28/6 1544/28/6 1542/29/6
f 1530/1/6 1533/1/6 1532/1/6 1531/1/6
f 1527/1/6 1534/1/6 1533/1/6 1530/1/6
f 1535/1/6 1538/1/6 1534/1/6 1527/1/6
f 1540/28/8 1539/29/8 1541/28/8
f 1536/1/6 1537/1/6 1538/1/6 1535/1/6
f 1528/1/8 1524/1/8 1526/1/8 1529/1/8
f 1537/1/112 1517/1/112 1529/1/112 1538/1/112
f 1538/1/113 1529/1/113 1526/1/113 1534/1/113
f 1534/1/114 1526/1/114 1515/1/114 1533/1/114
f 1533/1/115 1515/1/115 1514/1/115 1532/1/115
f 1531/1/3 1532/1/3 1514/1/3 1513/1/3
f 1527/29/116 1524/29/116 1528/28/116 1535/28/116
f 1530/28/117 1525/28/117 1524/29/117 1527/29/117
f 1535/1/118 1528/1/118 1516/1/118 1536/1/118
f 1536/1/1 1516/1/1 1517/1/1 1537/1/1
f 1543/28/4 1540/28/4 1541/28/4 1544/28/4
f 1531/1/119 1513/1/119 1525/1/119 1530/1/119
f 1561/28/3 1562/28/3 1560/29/3
f 1558/28/1 1557/29/1 1559/28/1
f 1546/1/1 1547/1/1 1548/1/1 1549/1/1
f 1545/1/1 1546/1/1 1549/1/1 1550/1/1
f 1551/1/1 1545/1/1 1550/1/1 1554/1/1
f 1552/1/1 1551/1/1 1554/1/1 1553/1/1
f 1459/1/104 1553/1/104 1554/1/104 1556/1/104
f 1556/1/105 1554/1/105 1550/1/105 1555/1/105
f 1555/1/106 1550/1/106 1549/1/106 1456/1/106
f 1456/1/107 1549/1/107 1548/1/107 1455/1/107
f 1454/1/8 1455/1/8 1548/1/8 1547/1/8
f 1452/29/108 1545/29/108 1551/28/108 1457/28/108
f 1453/28/109 1546/28/109 1545/29/109 1452/29/109
f 1457/1/110 1551/1/110 1552/1/110 1458/1/110
f 1458/1/6 1552/1/6 1553/1/6 1459/1/6
f 1561/28/4 1558/28/4 1559/28/4 1562/28/4
f 1454/1/111 1547/1/111 1546/1/111 1453/1/111
f 1582/28/3 1583/28/3 1581/29/3
f 1569/1/3 1572/1/3 1571/1/3 1570/1/3
f 1567/1/3 1573/1/3 1572/1/3 1569/1/3
f 1574/1/3 1577/1/3 1573/1/3 1567/1/3
f 1579/28/1 1578/29/1 1580/28/1
f 1575/1/3 1576/1/3 1577/1/3 1574/1/3
f 1576/1/104 1413/1/104 1414/1/104 1577/1/104
f 1577/1/105 1414/1/105 1411/1/105 1573/1/105
f 1573/1/106 1411/1/106 1566/1/106 1572/1/106
f 1572/1/107 1566/1/107 1565/1/107 1571/1/107
f 1570/1/8 1571/1/8 1565/1/8 1564/1/8
f 1567/29/108 1563/29/108 1412/28/108 1574/28/108
f 1569/28/109 1410/28/109 1563/29/109 1567/29/109
f 1574/1/110 1412/1/110 1568/1/110 1575/1/110
f 1575/1/6 1568/1/6 1413/1/6 1576/1/6
f 1582/28/4 1579/28/4 1580/28/4 1583/28/4
f 1570/1/111 1564/1/111 1410/1/111 1569/1/111
f 1588/1/3 1586/1/3 1584/30/3 1585/30/3
f 1585/1/6 1589/1/6 1590/1/6 1591/1/6 1610/1/6 1588/1/6
f 1591/1/20 1610/1/20 1592/1/20 1593/1/20
f 1590/1/5 1594/1/5 1599/1/5 1596/1/5
f 1585/31/4 1596/32/4 1599/32/4 1598/31/4
f 1595/33/3 1585/31/3 1598/31/3 1597/34/3
f 1594/1/6 1593/1/6 1598/1/6 1599/1/6
f 1592/1/7 1610/1/7 1595/1/7 1597/1/7
f 1593/1/6 1592/1/6 1597/1/6 1598/1/6
f 1590/1/20 1591/1/20 1593/1/20 1594/1/20
f 1585/30/4 1584/30/4 1587/35/4 1589/35/4
f 1591/31/20 1590/36/20 1612/37/20 1601/31/20
f 1601/1/20 1603/1/20 1602/1/20 1611/1/20
f 1600/1/5 1606/1/5 1609/1/5 1604/1/5
f 1584/31/4 1608/31/4 1609/32/4 1606/32/4
f 1605/33/3 1607/34/3 1608/31/3 1584/31/3
f 1604/1/8 1609/1/8 1608/1/8 1603/1/8
f 1602/1/7 1607/1/7 1605/1/7 1611/1/7
f 1603/1/8 1608/1/8 1607/1/8 1602/1/8
f 1600/1/20 1604/1/20 1603/1/20 1601/1/20
f 1586/1/8 1611/1/8 1601/1/8 1612/1/8 1587/1/8 1584/1/8
f 1588/1/20 1610/38/20 1611/39/20 1586/1/20
f 1611/39/20 1610/38/20 1591/31/20 1601/31/20
f 1612/37/20 1590/36/20 1589/35/20 1587/35/20
f 1617/1/1 1615/1/1 1613/30/1 1614/30/1
f 1614/1/8 1618/1/8 1619/1/8 1620/1/8 1639/1/8 1617/1/8
f 1620/1/7 1639/1/7 1621/1/7 1622/1/7
f 1619/1/19 1623/1/19 1628/1/19 1625/1/19
f 1614/31/4 1625/32/4 1628/32/4 1627/31/4
f 1624/33/1 1614/31/1 1627/31/1 1626/34/1
f 1623/1/8 1622/1/8 1627/1/8 1628/1/8
f 1621/1/20 1639/1/20 1624/1/20 1626/1/20
f 1622/1/8 1621/1/8 1626/1/8 1627/1/8
f 1619/1/7 1620/1/7 1622/1/7 1623/1/7
f 1614/30/4 1613/30/4 1616/35/4 1618/35/4
f 1620/31/7 1619/36/7 1641/37/7 1630/31/7
f 1630/1/7 1632/1/7 1631/1/7 1640/1/7
f 1629/1/19 1635/1/19 1638/1/19 1633/1/19
f 1613/31/4 1637/31/4 1638/32/4 1635/32/4
f 1634/33/1 1636/34/1 1637/31/1 1613/31/1
f 1633/1/6 1638/1/6 1637/1/6 1632/1/6
f 1631/1/20 1636/1/20 1634/1/20 1640/1/20
f 1632/1/6 1637/1/6 1636/1/6 1631/1/6
f 1629/1/7 1633/1/7 1632/1/7 1630/1/7
f 1615/1/6 1640/1/6 1630/1/6 1641/1/6 1616/1/6 1613/1/6
f 1617/1/7 1639/38/7 1640/39/7 1615/1/7
f 1640/39/7 1639/38/7 1620/31/7 1630/31/7
f 1641/37/7 1619/36/7 1618/35/7 1616/35/7
f 1646/1/8 1644/1/8 1642/30/8 1643/30/8
f 1643/1/3 1647/1/3 1648/1/3 1649/1/3 1668/1/3 1646/1/3
f 1649/1/16 1668/1/16 1650/1/16 1651/1/16
f 1648/1/17 1652/1/17 1657/1/17 1654/1/17
f 1643/31/4 1654/32/4 1657/32/4 1656/31/4
f 1653/33/8 1643/31/8 1656/31/8 1655/34/8
f 1652/1/3 1651/1/3 1656/1/3 1657/1/3
f 1650/1/18 1668/1/18 1653/1/18 1655/1/18
f 1651/1/3 1650/1/3 1655/1/3 1656/1/3
f 1648/1/16 1649/1/16 1651/1/16 1652/1/16
f 1643/30/4 1642/30/4 1645/35/4 1647/35/4
f 1649/31/16 1648/36/16 1670/37/16 1659/31/16
f 1659/1/16 1661/1/16 1660/1/16 1669/1/16
f 1658/1/17 1664/1/17 1667/1/17 1662/1/17
f 1642/31/4 1666/31/4 1667/32/4 1664/32/4
f 1663/33/8 1665/34/8 1666/31/8 1642/31/8
f 1662/1/1 1667/1/1 1666/1/1 1661/1/1
f 1660/1/18 1665/1/18 1663/1/18 1669/1/18
f 1661/1/1 1666/1/1 1665/1/1 1660/1/1
f 1658/1/16 1662/1/16 1661/1/16 1659/1/16
f 1644/1/1 1669/1/1 1659/1/1 1670/1/1 1645/1/1 1642/1/1
f 1646/1/16 1668/38/16 1669/39/16 1644/1/16
f 1669/39/16 1668/38/16 1649/31/16 1659/31/16
f 1670/37/16 1648/36/16 1647/35/16 1645/35/16
f 1675/1/6 1673/1/6 1671/30/6 1672/30/6
f 1672/1/1 1676/1/1 1677/1/1 1678/1/1 1697/1/1 1675/1/1
f 1678/1/18 1697/1/18 1679/1/18 1680/1/18
f 1677/1/15 1681/1/15 1686/1/15 1683/1/15
f 1672/31/4 1683/32/4 1686/32/4 1685/31/4
f 1682/33/6 1672/31/6 1685/31/6 1684/34/6
f 1681/1/1 1680/1/1 1685/1/1 1686/1/1
f 1679/1/16 1697/1/16 1682/1/16 1684/1/16
f 1680/1/1 1679/1/1 1684/1/1 1685/1/1
f 1677/1/18 1678/1/18 1680/1/18 1681/1/18
f 1672/30/4 1671/30/4 1674/35/4 1676/35/4
f 1678/31/18 1677/36/18 1699/37/18 1688/31/18
f 1688/1/18 1690/1/18 1689/1/18 1698/1/18
f 1687/1/15 1693/1/15 1696/1/15 1691/1/15
f 1671/31/4 1695/31/4 1696/32/4 1693/32/4
f 1692/33/6 1694/34/6 1695/31/6 1671/31/6
f 1691/1/3 1696/1/3 1695/1/3 1690/1/3
f 1689/1/16 1694/1/16 1692/1/16 1698/1/16
f 1690/1/3 1695/1/3 1694/1/3 1689/1/3
f 1687/1/18 1691/1/18 1690/1/18 1688/1/18
f 1673/1/3 1698/1/3 1688/1/3 1699/1/3 1674/1/3 1671/1/3
f 1675/1/18 1697/38/18 1698/39/18 1673/1/18
f 1698/39/18 1697/38/18 1678/31/18 1688/31/18
f 1699/37/18 1677/36/18 1676/35/18 1674/35/18
f 1704/1/8 1702/1/8 1700/30/8 1701/30/8
f 1701/1/3 1705/1/3 1706/1/3 1707/1/3 1726/1/3 1704/1/3
f 1707/1/16 1726/1/16 1708/1/16 1709/1/16
f 1706/1/17 1710/1/17 1715/1/17 1712/1/17
f 1701/31/4 1712/32/4 1715/32/4 1714/31/4
f 1711/33/8 1701/31/8 1714/31/8 1713/34/8
f 1710/1/3 1709/1/3 1714/1/3 1715/1/3
f 1708/1/18 1726/1/18 1711/1/18 1713/1/18
f 1709/1/3 1708/1/3 1713/1/3 1714/1/3
f 1706/1/16 1707/1/16 1709/1/16 1710/1/16
f 1701/30/4 1700/30/4 1703/35/4 1705/35/4
f 1707/31/16 1706/36/16 1728/37/16 1717/31/16
f 1717/1/16 1719/1/16 1718/1/16 1727/1/16
f 1716/1/17 1722/1/17 1725/1/17 1720/1/17
f 1700/31/4 1724/31/4 1725/32/4 1722/32/4
f 1721/33/8 1723/34/8 1724/31/8 1700/31/8
f 1720/1/1 1725/1/1 1724/1/1 1719/1/1
f 1718/1/18 1723/1/18 1721/1/18 1727/1/18
f 1719/1/1 1724/1/1 1723/1/1 1718/1/1
f 1716/1/16 1720/1/16 1719/1/16 1717/1/16
f 1702/1/1 1727/1/1 1717/1/1 1728/1/1 1703/1/1 1700/1/1
f 1704/1/16 1726/38/16 1727/39/16 1702/1/16
f 1727/39/16 1726/38/16 1707/31/16 1717/31/16
f 1728/37/16 1706/36/16 1705/35/16 1703/35/16
f 1733/1/6 1731/1/6 1729/30/6 1730/30/6
f 1730/1/1 1734/1/1 1735/1/1 1736/1/1 1755/1/1 1733/1/1
f 1736/1/18 1755/1/18 1737/1/18 1738/1/18
f 1735/1/15 1739/1/15 1744/1/15 1741/1/15
f 1730/31/4 1741/32/4 1744/32/4 1743/31/4
f 1740/33/6 1730/31/6 1743/31/6 1742/34/6
f 1739/1/1 1738/1/1 1743/1/1 1744/1/1
f 1737/1/16 1755/1/16 1740/1/16 1742/1/16
f 1738/1/1 1737/1/1 1742/1/1 1743/1/1
f 1735/1/18 1736/1/18 1738/1/18 1739/1/18
f 1730/30/4 1729/30/4 1732/35/4 1734/35/4
f 1736/31/18 1735/36/18 1757/37/18 1746/31/18
f 1746/1/18 1748/1/18 1747/1/18 1756/1/18
f 1745/1/15 1751/1/15 1754/1/15 1749/1/15
f 1729/31/4 1753/31/4 1754/32/4 1751/32/4
f 1750/33/6 1752/34/6 1753/31/6 1729/31/6
f 1749/1/3 1754/1/3 1753/1/3 1748/1/3
f 1747/1/16 1752/1/16 1750/1/16 1756/1/16
f 1748/1/3 1753/1/3 1752/1/3 1747/1/3
f 1745/1/18 1749/1/18 1748/1/18 1746/1/18
f 1731/1/3 1756/1/3 1746/1/3 1757/1/3 1732/1/3 1729/1/3
f 1733/1/18 1755/38/18 1756/39/18 1731/1/18
f 1756/39/18 1755/38/18 1736/31/18 1746/31/18
f 1757/37/18 1735/36/18 1734/35/18 1732/35/18
f 1758/40/120 1759/41/120 1761/35/120 1760/42/120
f 1762/1/121 1764/43/121 1765/44/121 1763/45/121
f 1760/42/6 1764/43/6 1762/1/6 1758/40/6
f 1761/35/3 1765/44/3 1764/43/3 1760/42/3
f 1759/41/8 1763/45/8 1765/44/8 1761/35/8
f 1766/1/1 1768/1/1 1769/45/1 1767/45/1
f 1763/45/118 1769/45/118 1768/1/118 1762/1/118
f 1759/41/112 1758/40/112 1766/1/112 1767/45/112
f 1767/1/8 1769/1/8 1763/1/8 1759/1/8
f 1758/1/6 1762/1/6 1768/1/6 1766/1/6
f 1770/40/122 1771/41/122 1773/35/122 1772/42/122
f 1774/1/123 1776/43/123 1777/44/123 1775/45/123
f 1772/42/8 1776/43/8 1774/1/8 1770/40/8
f 1773/35/1 1777/44/1 1776/43/1 1772/42/1
f 1771/41/6 1775/45/6 1777/44/6 1773/35/6
f 1778/1/3 1780/1/3 1781/45/3 1779/45/3
f 1775/45/119 1781/45/119 1780/1/119 1774/1/119
f 1771/41/115 1770/40/115 1778/1/115 1779/45/115
f 1779/1/6 1781/1/6 1775/1/6 1771/1/6
f 1770/1/8 1774/1/8 1780/1/8 1778/1/8
f 1782/40/120 1783/41/120 1791/35/120 1784/42/120
f 1785/1/121 1786/43/121 1787/44/121 1792/45/121
f 1784/42/6 1786/43/6 1785/1/6 1782/40/6
f 1791/35/3 1787/44/3 1786/43/3 1784/42/3
f 1783/41/8 1792/45/8 1787/44/8 1791/35/8
f 1788/1/1 1789/1/1 1790/45/1 1794/45/1
f 1792/45/118 1790/45/118 1789/1/118 1785/1/118
f 1783/41/112 1782/40/112 1788/1/112 1794/45/112
f 1794/1/8 1790/1/8 1792/1/8 1783/1/8
f 1782/1/6 1785/1/6 1789/1/6 1788/1/6
f 1783/40/120 1795/41/120 1797/35/120 1791/42/120
f 1792/1/121 1787/43/121 1793/44/121 1799/45/121
f 1797/35/3 1793/44/3 1787/43/3 1791/42/3
f 1795/41/8 1799/45/8 1793/44/8 1797/35/8
f 1794/1/1 1790/1/1 1804/45/1 1802/45/1
f 1799/45/118 1804/45/118 1790/1/118 1792/1/118
f 1795/41/112 1783/40/112 1794/1/112 1802/45/112
f 1795/40/120 1796/41/120 1798/35/120 1797/42/120
f 1799/1/121 1793/43/121 1801/44/121 1800/45/121
f 1798/35/3 1801/44/3 1793/43/3 1797/42/3
f 1796/41/8 1800/45/8 1801/44/8 1798/35/8
f 1802/1/1 1804/1/1 1805/45/1 1803/45/1
f 1800/45/118 1805/45/118 1804/1/118 1799/1/118
f 1796/41/112 1795/40/112 1802/1/112 1803/45/112
f 1803/1/8 1805/1/8 1800/1/8 1796/1/8
f 1795/1/6 1799/1/6 1804/1/6 1802/1/6
f 1806/40/122 1807/41/122 1809/35/122 1808/42/122
f 1810/1/123 1812/43/123 1813/44/123 1811/45/123
f 1808/42/8 1812/43/8 1810/1/8 1806/40/8
f 1809/35/1 1813/44/1 1812/43/1 1808/42/1
f 1807/41/6 1811/45/6 1813/44/6 1809/35/6
f 1814/1/3 1816/1/3 1817/45/3 1815/45/3
f 1811/45/119 1817/45/119 1816/1/119 1810/1/119
f 1807/41/115 1806/40/115 1814/1/115 1815/45/115
f 1815/1/6 1817/1/6 1811/1/6 1807/1/6
f 1806/1/8 1810/1/8 1816/1/8 1814/1/8
f 1822/40/122 1806/41/122 1808/35/122 1818/42/122
f 1825/1/123 1819/43/123 1812/44/123 1810/45/123
f 1818/42/8 1819/43/8 1825/1/8 1822/40/8
f 1808/35/1 1812/44/1 1819/43/1 1818/42/1
f 1820/1/3 1829/1/3 1816/45/3 1814/45/3
f 1810/45/119 1816/45/119 1829/1/119 1825/1/119
f 1806/41/115 1822/40/115 1820/1/115 1814/45/115
f 1822/1/8 1825/1/8 1829/1/8 1820/1/8
f 1821/40/122 1822/41/122 1818/35/122 1823/42/122
f 1824/1/123 1826/43/123 1819/44/123 1825/45/123
f 1823/42/8 1826/43/8 1824/1/8 1821/40/8
f 1818/35/1 1819/44/1 1826/43/1 1823/42/1
f 1827/1/3 1828/1/3 1829/45/3 1820/45/3
f 1825/45/119 1829/45/119 1828/1/119 1824/1/119
f 1822/41/115 1821/40/115 1827/1/115 1820/45/115
f 1821/1/8 1824/1/8 1828/1/8 1827/1/8
f 1830/40/124 1837/41/124 1838/35/124 1831/42/124
f 1832/1/125 1834/43/125 1839/44/125 1833/45/125
f 1831/42/3 1834/43/3 1832/1/3 1830/40/3
f 1838/35/8 1839/44/8 1834/43/8 1831/42/8
f 1837/41/1 1833/45/1 1839/44/1 1838/35/1
f 1835/1/6 1836/1/6 1842/45/6 1840/45/6
f 1833/45/110 1842/45/110 1836/1/110 1832/1/110
f 1837/41/104 1830/40/104 1835/1/104 1840/45/104
f 1840/1/1 1842/1/1 1833/1/1 1837/1/1
f 1830/1/3 1832/1/3 1836/1/3 1835/1/3
f 1837/40/124 1844/41/124 1846/35/124 1838/42/124
f 1833/1/125 1839/43/125 1848/44/125 1847/45/125
f 1846/35/8 1848/44/8 1839/43/8 1838/42/8
f 1840/1/6 1842/1/6 1843/45/6 1841/45/6
f 1847/45/110 1843/45/110 1842/1/110 1833/1/110
f 1844/41/104 1837/40/104 1840/1/104 1841/45/104
f 1841/1/1 1843/1/1 1847/1/1 1844/1/1
f 1844/40/124 1845/41/124 1853/35/124 1846/42/124
f 1847/1/125 1848/43/125 1849/44/125 1855/45/125
f 1846/42/3 1848/43/3 1847/1/3 1844/40/3
f 1853/35/8 1849/44/8 1848/43/8 1846/42/8
f 1845/41/1 1855/45/1 1849/44/1 1853/35/1
f 1841/1/6 1843/1/6 1851/45/6 1850/45/6
f 1855/45/110 1851/45/110 1843/1/110 1847/1/110
f 1845/41/104 1844/40/104 1841/1/104 1850/45/104
f 1850/1/1 1851/1/1 1855/1/1 1845/1/1
f 1845/40/124 1852/41/124 1854/35/124 1853/42/124
f 1855/1/125 1849/43/125 1860/44/125 1856/45/125
f 1854/35/8 1860/44/8 1849/43/8 1853/42/8
f 1852/41/1 1856/45/1 1860/44/1 1854/35/1
f 1850/1/6 1851/1/6 1857/45/6 1862/45/6
f 1856/45/110 1857/45/110 1851/1/110 1855/1/110
f 1852/41/104 1845/40/104 1850/1/104 1862/45/104
f 1862/1/1 1857/1/1 1856/1/1 1852/1/1
f 1852/40/124 1858/41/124 1859/35/124 1854/42/124
f 1856/1/125 1860/43/125 1861/44/125 1866/45/125
f 1859/35/8 1861/44/8 1860/43/8 1854/42/8
f 1858/41/1 1866/45/1 1861/44/1 1859/35/1
f 1862/1/6 1857/1/6 1863/45/6 1869/45/6
f 1866/45/110 1863/45/110 1857/1/110 1856/1/110
f 1858/41/104 1852/40/104 1862/1/104 1869/45/104
f 1869/1/1 1863/1/1 1866/1/1 1858/1/1
f 1858/40/124 1864/41/124 1865/35/124 1859/42/124
f 1866/1/125 1861/43/125 1868/44/125 1867/45/125
f 1865/35/8 1868/44/8 1861/43/8 1859/42/8
f 1864/41/1 1867/45/1 1868/44/1 1865/35/1
f 1869/1/6 1863/1/6 1871/45/6 1870/45/6
f 1867/45/110 1871/45/110 1863/1/110 1866/1/110
f 1864/41/104 1858/40/104 1869/1/104 1870/45/104
f 1870/1/1 1871/1/1 1867/1/1 1864/1/1
f 1872/40/126 1873/41/126 1875/35/126 1874/42/126
f 1876/1/127 1878/43/127 1879/44/127 1877/45/127
f 1874/42/1 1878/43/1 1876/1/1 1872/40/1
f 1875/35/6 1879/44/6 1878/43/6 1874/42/6
f 1873/41/3 1877/45/3 1879/44/3 1875/35/3
f 1880/1/8 1885/1/8 1882/45/8 1881/45/8
f 1877/45/111 1882/45/111 1885/1/111 1876/1/111
f 1873/41/107 1872/40/107 1880/1/107 1881/45/107
f 1881/1/3 1882/1/3 1877/1/3 1873/1/3
f 1872/1/1 1876/1/1 1885/1/1 1880/1/1
f 1887/40/126 1872/41/126 1874/35/126 1883/42/126
f 1889/1/127 1891/43/127 1878/44/127 1876/45/127
f 1883/42/1 1891/43/1 1889/1/1 1887/40/1
f 1874/35/6 1878/44/6 1891/43/6 1883/42/6
f 1892/1/8 1884/1/8 1885/45/8 1880/45/8
f 1876/45/111 1885/45/111 1884/1/111 1889/1/111
f 1872/41/107 1887/40/107 1892/1/107 1880/45/107
f 1887/1/1 1889/1/1 1884/1/1 1892/1/1
f 1886/40/126 1887/41/126 1883/35/126 1894/42/126
f 1888/1/127 1890/43/127 1891/44/127 1889/45/127
f 1894/42/1 1890/43/1 1888/1/1 1886/40/1
f 1883/35/6 1891/44/6 1890/43/6 1894/42/6
f 1897/1/8 1899/1/8 1884/45/8 1892/45/8
f 1889/45/111 1884/45/111 1899/1/111 1888/1/111
f 1887/41/107 1886/40/107 1897/1/107 1892/45/107
f 1886/1/1 1888/1/1 1899/1/1 1897/1/1
f 1901/40/126 1886/41/126 1894/35/126 1893/42/126
f 1895/1/127 1903/43/127 1890/44/127 1888/45/127
f 1893/42/1 1903/43/1 1895/1/1 1901/40/1
f 1894/35/6 1890/44/6 1903/43/6 1893/42/6
f 1896/1/8 1898/1/8 1899/45/8 1897/45/8
f 1888/45/111 1899/45/111 1898/1/111 1895/1/111
f 1886/41/107 1901/40/107 1896/1/107 1897/45/107
f 1901/1/1 1895/1/1 1898/1/1 1896/1/1
f 1900/40/126 1901/41/126 1893/35/126 1908/42/126
f 1902/1/127 1911/43/127 1903/44/127 1895/45/127
f 1908/42/1 1911/43/1 1902/1/1 1900/40/1
f 1893/35/6 1903/44/6 1911/43/6 1908/42/6
f 1904/1/8 1905/1/8 1898/45/8 1896/45/8
f 1895/45/111 1898/45/111 1905/1/111 1902/1/111
f 1901/41/107 1900/40/107 1904/1/107 1896/45/107
f 1900/1/1 1902/1/1 1905/1/1 1904/1/1
f 1906/40/126 1900/41/126 1908/35/126 1907/42/126
f 1909/1/127 1910/43/127 1911/44/127 1902/45/127
f 1907/42/1 1910/43/1 1909/1/1 1906/40/1
f 1908/35/6 1911/44/6 1910/43/6 1907/42/6
f 1912/1/8 1913/1/8 1905/45/8 1904/45/8
f 1902/45/111 1905/45/111 1913/1/111 1909/1/111
f 1900/41/107 1906/40/107 1912/1/107 1904/45/107
f 1906/1/1 1909/1/1 1913/1/1 1912/1/1
f 1927/30/2 1921/30/2 68/35/2 1918/35/2
f 1921/30/3 1923/30/3 1915/35/3 68/35/3
f 1923/30/4 1916/30/4 1962/35/4 1915/35/4
f 1914/1/3 1959/45/3 1962/46/3 1916/47/3
f 1914/1/4 1926/30/4 1917/35/4 1959/45/4
f 1918/1/6 68/1/6 1915/1/6 1962/1/6
f 1918/1/6 1962/1/6 1959/1/6 1917/1/6
f 1916/1/8 1923/1/8 1921/1/8 1927/1/8
f 1926/1/8 1914/1/8 1916/1/8 1927/1/8
f 1917/1/1 1926/1/1 1927/1/1 1918/1/1
f 1920/30/2 400/30/2 1921/35/2 1927/35/2
f 400/30/3 1922/30/3 1923/35/3 1921/35/3
f 1922/30/4 1924/30/4 1916/35/4 1923/35/4
f 1919/1/3 1914/45/3 1916/46/3 1924/47/3
f 1919/1/4 1925/30/4 1926/35/4 1914/45/4
f 1924/1/8 1922/1/8 400/1/8 1920/1/8
f 1925/1/8 1919/1/8 1924/1/8 1920/1/8
f 1926/1/1 1925/1/1 1920/1/1 1927/1/1
f 1929/30/2 459/30/2 1930/35/2 1934/35/2
f 459/30/1 1939/30/1 1931/35/1 1930/35/1
f 1939/30/4 1941/30/4 1932/35/4 1931/35/4
f 1935/1/1 1928/45/1 1932/46/1 1941/47/1
f 1935/1/4 1943/30/4 1933/35/4 1928/45/4
f 1934/1/8 1930/1/8 1931/1/8 1932/1/8
f 1934/1/8 1932/1/8 1928/1/8 1933/1/8
f 1941/1/6 1939/1/6 459/1/6 1929/1/6
f 1943/1/6 1935/1/6 1941/1/6 1929/1/6
f 1933/1/3 1943/1/3 1929/1/3 1934/1/3
f 1936/30/2 1937/30/2 459/35/2 1929/35/2
f 1937/30/1 1938/30/1 1939/35/1 459/35/1
f 1938/30/4 1940/30/4 1941/35/4 1939/35/4
f 1945/1/1 1935/45/1 1941/46/1 1940/47/1
f 1945/1/4 1942/30/4 1943/35/4 1935/45/4
f 1940/1/6 1938/1/6 1937/1/6 1936/1/6
f 1942/1/6 1945/1/6 1940/1/6 1936/1/6
f 1943/1/3 1942/1/3 1936/1/3 1929/1/3
f 1958/30/2 1952/30/2 1946/35/2 1950/35/2
f 1952/30/6 1954/30/6 1947/35/6 1946/35/6
f 1954/30/4 1948/30/4 1940/35/4 1947/35/4
f 1944/1/6 1945/45/6 1940/46/6 1948/47/6
f 1944/1/4 1957/30/4 1949/35/4 1945/45/4
f 1950/1/1 1946/1/1 1947/1/1 1940/1/1
f 1950/1/1 1940/1/1 1945/1/1 1949/1/1
f 1948/1/3 1954/1/3 1952/1/3 1958/1/3
f 1957/1/3 1944/1/3 1948/1/3 1958/1/3
f 1949/1/8 1957/1/8 1958/1/8 1950/1/8
f 1964/30/2 292/30/2 1952/35/2 1958/35/2
f 292/30/6 1953/30/6 1954/35/6 1952/35/6
f 1953/30/4 1955/30/4 1948/35/4 1954/35/4
f 1951/1/6 1944/45/6 1948/46/6 1955/47/6
f 1951/1/4 1956/30/4 1957/35/4 1944/45/4
f 1955/1/3 1953/1/3 292/1/3 1964/1/3
f 1956/1/3 1951/1/3 1955/1/3 1964/1/3
f 1957/1/8 1956/1/8 1964/1/8 1958/1/8
f 1960/30/2 571/30/2 292/35/2 1964/35/2
f 571/30/6 1961/30/6 1953/35/6 292/35/6
f 1961/30/4 1962/30/4 1955/35/4 1953/35/4
f 1959/1/6 1951/45/6 1955/46/6 1962/47/6
f 1959/1/4 1963/30/4 1956/35/4 1951/45/4
f 1962/1/3 1961/1/3 571/1/3 1960/1/3
f 1963/1/3 1959/1/3 1962/1/3 1960/1/3
f 1956/1/8 1963/1/8 1960/1/8 1964/1/8
f 1978/30/2 1967/30/2 88/35/2 1972/35/2
f 1967/30/8 1968/30/8 1969/35/8 88/35/8
f 1968/30/4 1975/30/4 1970/35/4 1969/35/4
f 1965/1/8 1966/45/8 1970/46/8 1975/47/8
f 1965/1/4 1977/30/4 1971/35/4 1966/45/4
f 1972/1/3 88/1/3 1969/1/3 1970/1/3
f 1972/1/3 1970/1/3 1966/1/3 1971/1/3
f 1975/1/1 1968/1/1 1967/1/1 1978/1/1
f 1977/1/1 1965/1/1 1975/1/1 1978/1/1
f 1971/1/6 1977/1/6 1978/1/6 1972/1/6
f 1974/30/2 627/30/2 1967/35/2 1978/35/2
f 627/30/8 1981/30/8 1968/35/8 1967/35/8
f 1981/30/4 1982/30/4 1975/35/4 1968/35/4
f 1973/1/8 1965/45/8 1975/46/8 1982/47/8
f 1973/1/4 1976/30/4 1977/35/4 1965/45/4
f 1982/1/1 1981/1/1 627/1/1 1974/1/1
f 1976/1/1 1973/1/1 1982/1/1 1974/1/1
f 1977/1/6 1976/1/6 1974/1/6 1978/1/6
f 1989/30/2 1979/30/2 627/35/2 1974/35/2
f 1979/30/8 1980/30/8 1981/35/8 627/35/8
f 1980/30/4 1986/30/4 1982/35/4 1981/35/4
f 1983/1/8 1973/45/8 1982/46/8 1986/47/8
f 1983/1/4 1988/30/4 1976/35/4 1973/45/4
f 1986/1/1 1980/1/1 1979/1/1 1989/1/1
f 1976/1/6 1988/1/6 1989/1/6 1974/1/6
f 1984/30/2 1993/30/2 1979/35/2 1989/35/2
f 1993/30/8 1985/30/8 1980/35/8 1979/35/8
f 1985/30/4 1996/30/4 1986/35/4 1980/35/4
f 1990/1/8 1983/45/8 1986/46/8 1996/47/8
f 1990/1/4 1987/30/4 1988/35/4 1983/45/4
f 1989/1/3 1986/1/3 1983/1/3 1988/1/3
f 1996/1/1 1985/1/1 1993/1/1 1984/1/1
f 1987/1/1 1990/1/1 1996/1/1 1984/1/1
f 1988/1/6 1987/1/6 1984/1/6 1989/1/6
f 1991/30/2 1992/30/2 1993/35/2 1984/35/2
f 1992/30/8 1994/30/8 1985/35/8 1993/35/8
f 1994/30/4 1995/30/4 1996/35/4 1985/35/4
f 1999/1/8 1990/45/8 1996/46/8 1995/47/8
f 1999/1/4 1997/30/4 1987/35/4 1990/45/4
f 1995/1/1 1994/1/1 1992/1/1 1991/1/1
f 1997/1/1 1999/1/1 1995/1/1 1991/1/1
f 1987/1/6 1997/1/6 1991/1/6 1984/1/6
f 2000/30/2 2008/30/2 2001/35/2 2006/35/2
f 2008/30/1 2002/30/1 2003/35/1 2001/35/1
f 2002/30/4 2009/30/4 1995/35/4 2003/35/4
f 1998/1/1 1999/45/1 1995/46/1 2009/47/1
f 1998/1/4 2004/30/4 2005/35/4 1999/45/4
f 2006/1/8 2001/1/8 2003/1/8 1995/1/8
f 2006/1/8 1995/1/8 1999/1/8 2005/1/8
f 2009/1/6 2002/1/6 2008/1/6 2000/1/6
f 2004/1/6 1998/1/6 2009/1/6 2000/1/6
f 2005/1/3 2004/1/3 2000/1/3 2006/1/3
f 2018/30/2 2012/30/2 2008/35/2 2000/35/2
f 2012/30/1 2014/30/1 2002/35/1 2008/35/1
f 2014/30/4 2015/30/4 2009/35/4 2002/35/4
f 2007/1/1 1998/45/1 2009/46/1 2015/47/1
f 2007/1/4 2017/30/4 2004/35/4 1998/45/4
f 2017/1/6 2007/1/6 2015/1/6 2018/1/6
f 2004/1/3 2017/1/3 2018/1/3 2000/1/3
f 2011/30/2 736/30/2 2012/35/2 2018/35/2
f 736/30/1 2013/30/1 2014/35/1 2012/35/1
f 2013/30/4 2024/30/4 2015/35/4 2014/35/4
f 2010/1/1 2007/45/1 2015/46/1 2024/47/1
f 2010/1/4 2016/30/4 2017/35/4 2007/45/4
f 2018/1/8 2012/1/8 2014/1/8 2015/1/8
f 2024/1/6 2013/1/6 736/1/6 2011/1/6
f 2016/1/6 2010/1/6 2024/1/6 2011/1/6
f 2017/1/3 2016/1/3 2011/1/3 2018/1/3
f 2020/30/2 121/30/2 2021/35/2 2027/35/2
f 121/30/6 2022/30/6 2023/35/6 2021/35/6
f 2022/30/4 2030/30/4 2024/35/4 2023/35/4
f 2019/1/6 2010/45/6 2024/46/6 2030/47/6
f 2019/1/4 2025/30/4 2026/35/4 2010/45/4
f 2027/1/1 2021/1/1 2023/1/1 2024/1/1
f 2027/1/1 2024/1/1 2010/1/1 2026/1/1
f 2030/1/3 2022/1/3 121/1/3 2020/1/3
f 2025/1/3 2019/1/3 2030/1/3 2020/1/3
f 2026/1/8 2025/1/8 2020/1/8 2027/1/8
f 2037/30/2 2033/30/2 121/35/2 2020/35/2
f 2033/30/6 2029/30/6 2022/35/6 121/35/6
f 2029/30/4 2035/30/4 2030/35/4 2022/35/4
f 2028/1/6 2019/45/6 2030/46/6 2035/47/6
f 2028/1/4 2036/30/4 2025/35/4 2019/45/4
f 2035/1/3 2029/1/3 2033/1/3 2037/1/3
f 2036/1/3 2028/1/3 2035/1/3 2037/1/3
f 2025/1/8 2036/1/8 2037/1/8 2020/1/8
f 2031/30/2 2032/30/2 2033/35/2 2037/35/2
f 2032/30/6 2041/30/6 2029/35/6 2033/35/6
f 2041/30/4 2034/30/4 2035/35/4 2029/35/4
f 2039/1/6 2028/45/6 2035/46/6 2034/47/6
f 2039/1/4 2043/30/4 2036/35/4 2028/45/4
f 2034/1/3 2041/1/3 2032/1/3 2031/1/3
f 2043/1/3 2039/1/3 2034/1/3 2031/1/3
f 2036/1/8 2043/1/8 2031/1/8 2037/1/8
f 2051/30/2 2046/30/2 2032/35/2 2031/35/2
f 2046/30/6 2040/30/6 2041/35/6 2032/35/6
f 2040/30/4 2042/30/4 2034/35/4 2041/35/4
f 2038/1/6 2039/45/6 2034/46/6 2042/47/6
f 2038/1/4 2050/30/4 2043/35/4 2039/45/4
f 2042/1/3 2040/1/3 2046/1/3 2051/1/3
f 2050/1/3 2038/1/3 2042/1/3 2051/1/3
f 2043/1/8 2050/1/8 2051/1/8 2031/1/8
f 2044/30/2 2045/30/2 2046/35/2 2051/35/2
f 2045/30/6 2047/30/6 2040/35/6 2046/35/6
f 2047/30/4 2048/30/4 2042/35/4 2040/35/4
f 2052/1/6 2038/45/6 2042/46/6 2048/47/6
f 2052/1/4 2049/30/4 2050/35/4 2038/45/4
f 2048/1/3 2047/1/3 2045/1/3 2044/1/3
f 2049/1/3 2052/1/3 2048/1/3 2044/1/3
f 2050/1/8 2049/1/8 2044/1/8 2051/1/8
f 2053/30/2 2062/30/2 2054/35/2 2057/35/2
f 2062/30/3 2064/30/3 2055/35/3 2054/35/3
f 2064/30/4 2065/30/4 2048/35/4 2055/35/4
f 2059/1/3 2052/45/3 2048/46/3 2065/47/3
f 2059/1/4 2067/30/4 2056/35/4 2052/45/4
f 2057/1/6 2054/1/6 2055/1/6 2048/1/6
f 2057/1/6 2048/1/6 2052/1/6 2056/1/6
f 2065/1/8 2064/1/8 2062/1/8 2053/1/8
f 2067/1/8 2059/1/8 2065/1/8 2053/1/8
f 2056/1/1 2067/1/1 2053/1/1 2057/1/1
f 2060/30/2 2061/30/2 2062/35/2 2053/35/2
f 2061/30/3 2063/30/3 2064/35/3 2062/35/3
f 2063/30/4 2070/30/4 2065/35/4 2064/35/4
f 2058/1/3 2059/45/3 2065/46/3 2070/47/3
f 2058/1/4 2066/30/4 2067/35/4 2059/45/4
f 2070/1/8 2063/1/8 2061/1/8 2060/1/8
f 2066/1/8 2058/1/8 2070/1/8 2060/1/8
f 2067/1/1 2066/1/1 2060/1/1 2053/1/1
f 2068/30/2 965/30/2 2061/35/2 2060/35/2
f 965/30/3 2069/30/3 2063/35/3 2061/35/3
f 2069/30/4 1970/30/4 2070/35/4 2063/35/4
f 1966/1/3 2058/45/3 2070/46/3 1970/47/3
f 1966/1/4 2071/30/4 2066/35/4 2058/45/4
f 1970/1/8 2069/1/8 965/1/8 2068/1/8
f 2071/1/8 1966/1/8 1970/1/8 2068/1/8
f 2066/1/1 2071/1/1 2068/1/1 2060/1/1
f 2072/14/128 2073/15/128 2075/16/128 2074/17/128
f 2074/17/129 2075/16/129 2079/18/129 2078/19/129
f 2078/19/130 2079/18/130 2077/20/130 2076/21/130
f 2076/21/131 2077/20/131 2073/22/131 2072/23/131
f 2074/24/4 2078/19/4 2076/21/4 2072/25/4
f 2079/18/2 2075/26/2 2073/27/2 2077/20/2
f 2080/14/132 2081/15/132 2083/16/132 2082/17/132
f 2082/17/133 2083/16/133 2087/18/133 2086/19/133
f 2086/19/134 2087/18/134 2085/20/134 2084/21/134
f 2084/21/135 2085/20/135 2081/22/135 2080/23/135
f 2082/24/4 2086/19/4 2084/21/4 2080/25/4
f 2087/18/2 2083/26/2 2081/27/2 2085/20/2
f 2088/14/136 2089/15/136 2091/16/136 2090/17/136
f 2090/17/137 2091/16/137 2095/18/137 2094/19/137
f 2094/19/138 2095/18/138 2093/20/138 2092/21/138
f 2092/21/139 2093/20/139 2089/22/139 2088/23/139
f 2090/24/4 2094/19/4 2092/21/4 2088/25/4
f 2095/18/2 2091/26/2 2089/27/2 2093/20/2
f 2096/14/140 2097/15/140 2099/16/140 2098/17/140
f 2098/17/141 2099/16/141 2103/18/141 2102/19/141
f 2102/19/142 2103/18/142 2101/20/142 2100/21/142
f 2100/21/143 2101/20/143 2097/22/143 2096/23/143
f 2098/24/4 2102/19/4 2100/21/4 2096/25/4
f 2103/18/2 2099/26/2 2097/27/2 2101/20/2
f 2104/14/144 2105/15/144 2107/16/144 2106/17/144
f 2106/17/145 2107/16/145 2111/18/145 2110/19/145
f 2110/19/146 2111/18/146 2109/20/146 2108/21/146
f 2108/21/147 2109/20/147 2105/22/147 2104/23/147
f 2106/24/4 2110/19/4 2108/21/4 2104/25/4
f 2111/18/2 2107/26/2 2105/27/2 2109/20/2
f 2112/14/148 2113/15/148 2115/16/148 2114/17/148
f 2114/17/149 2115/16/149 2119/18/149 2118/19/149
f 2118/19/150 2119/18/150 2117/20/150 2116/21/150
f 2116/21/151 2117/20/151 2113/22/151 2112/23/151
f 2114/24/4 2118/19/4 2116/21/4 2112/25/4
f 2119/18/2 2115/26/2 2113/27/2 2117/20/2
f 2120/14/129 2121/15/129 2123/16/129 2122/17/129
f 2122/17/130 2123/16/130 2127/18/130 2126/19/130
f 2126/19/131 2127/18/131 2125/20/131 2124/21/131
f 2124/21/128 2125/20/128 2121/22/128 2120/23/128
f 2122/24/4 2126/19/4 2124/21/4 2120/25/4
f 2127/18/2 2123/26/2 2121/27/2 2125/20/2
f 2128/14/152 2129/15/152 2131/16/152 2130/17/152
f 2130/17/153 2131/16/153 2135/18/153 2134/19/153
f 2134/19/154 2135/18/154 2133/20/154 2132/21/154
f 2132/21/155 2133/20/155 2129/22/155 2128/23/155
f 2130/24/4 2134/19/4 2132/21/4 2128/25/4
f 2135/18/2 2131/26/2 2129/27/2 2133/20/2
f 2136/14/156 2137/15/156 2139/16/156 2138/17/156
f 2138/17/157 2139/16/157 2143/18/157 2142/19/157
f 2142/19/158 2143/18/158 2141/20/158 2140/21/158
f 2140/21/159 2141/20/159 2137/22/159 2136/23/159
f 2138/24/4 2142/19/4 2140/21/4 2136/25/4
f 2143/18/2 2139/26/2 2137/27/2 2141/20/2
f 2144/14/160 2145/15/160 2147/16/160 2146/17/160
f 2146/17/161 2147/16/161 2151/18/161 2150/19/161
f 2150/19/162 2151/18/162 2149/20/162 2148/21/162
f 2148/21/163 2149/20/163 2145/22/163 2144/23/163
f 2146/24/4 2150/19/4 2148/21/4 2144/25/4
f 2151/18/2 2147/26/2 2145/27/2 2149/20/2
f 2152/14/164 2153/15/164 2155/16/164 2154/17/164
f 2154/17/165 2155/16/165 2159/18/165 2158/19/165
f 2158/19/166 2159/18/166 2157/20/166 2156/21/166
f 2156/21/167 2157/20/167 2153/22/167 2152/23/167
f 2154/24/4 2158/19/4 2156/21/4 2152/25/4
f 2159/18/2 2155/26/2 2153/27/2 2157/20/2
f 2160/14/168 2161/15/168 2163/16/168 2162/17/168
f 2162/17/169 2163/16/169 2167/18/169 2166/19/169
f 2166/19/170 2167/18/170 2165/20/170 2164/21/170
f 2164/21/171 2165/20/171 2161/22/171 2160/23/171
f 2162/24/4 2166/19/4 2164/21/4 2160/25/4
f 2167/18/2 2163/26/2 2161/27/2 2165/20/2
f 2168/14/172 2169/15/172 2171/16/172 2170/17/172
f 2170/17/173 2171/16/173 2175/18/173 2174/19/173
f 2174/19/174 2175/18/174 2173/20/174 2172/21/174
f 2172/21/175 2173/20/175 2169/22/175 2168/23/175
f 2170/24/4 2174/19/4 2172/21/4 2168/25/4
f 2175/18/2 2171/26/2 2169/27/2 2173/20/2
f 2176/14/176 2177/15/176 2179/16/176 2178/17/176
f 2178/17/177 2179/16/177 2183/18/177 2182/19/177
f 2182/19/178 2183/18/178 2181/20/178 2180/21/178
f 2180/21/179 2181/20/179 2177/22/179 2176/23/179
f 2178/24/4 2182/19/4 2180/21/4 2176/25/4
f 2183/18/2 2179/26/2 2177/27/2 2181/20/2
f 2184/14/180 2185/15/180 2187/16/180 2186/17/180
f 2186/17/181 2187/16/181 2191/18/181 2190/19/181
f 2190/19/182 2191/18/182 2189/20/182 2188/21/182
f 2188/21/183 2189/20/183 2185/22/183 2184/23/183
f 2186/24/4 2190/19/4 2188/21/4 2184/25/4
f 2191/18/2 2187/26/2 2185/27/2 2189/20/2
f 2192/14/184 2193/15/184 2195/16/184 2194/17/184
f 2194/17/185 2195/16/185 2199/18/185 2198/19/185
f 2198/19/186 2199/18/186 2197/20/186 2196/21/186
f 2196/21/187 2197/20/187 2193/22/187 2192/23/187
f 2194/24/4 2198/19/4 2196/21/4 2192/25/4
f 2199/18/2 2195/26/2 2193/27/2 2197/20/2
f 2200/14/188 2201/15/188 2203/16/188 2202/17/188
f 2202/17/189 2203/16/189 2207/18/189 2206/19/189
f 2206/19/190 2207/18/190 2205/20/190 2204/21/190
f 2204/21/191 2205/20/191 2201/22/191 2200/23/191
f 2202/24/4 2206/19/4 2204/21/4 2200/25/4
f 2207/18/2 2203/26/2 2201/27/2 2205/20/2
f 2208/14/133 2209/15/133 2211/16/133 2210/17/133
f 2210/17/134 2211/16/134 2215/18/134 2214/19/134
f 2214/19/135 2215/18/135 2213/20/135 2212/21/135
f 2212/21/132 2213/20/132 2209/22/132 2208/23/132
f 2210/24/4 2214/19/4 2212/21/4 2208/25/4
f 2215/18/2 2211/26/2 2209/27/2 2213/20/2
f 2216/14/137 2217/15/137 2219/16/137 2218/17/137
f 2218/17/138 2219/16/138 2223/18/138 2222/19/138
f 2222/19/139 2223/18/139 2221/20/139 2220/21/139
f 2220/21/136 2221/20/136 2217/22/136 2216/23/136
f 2218/24/4 2222/19/4 2220/21/4 2216/25/4
f 2223/18/2 2219/26/2 2217/27/2 2221/20/2
f 2224/14/141 2225/15/141 2227/16/141 2226/17/141
f 2226/17/142 2227/16/142 2231/18/142 2230/19/142
f 2230/19/143 2231/18/143 2229/20/143 2228/21/143
f 2228/21/140 2229/20/140 2225/22/140 2224/23/140
f 2226/24/4 2230/19/4 2228/21/4 2224/25/4
f 2231/18/2 2227/26/2 2225/27/2 2229/20/2
f 2232/14/145 2233/15/145 2235/16/145 2234/17/145
f 2234/17/146 2235/16/146 2239/18/146 2238/19/146
f 2238/19/147 2239/18/147 2237/20/147 2236/21/147
f 2236/21/144 2237/20/144 2233/22/144 2232/23/144
f 2234/24/4 2238/19/4 2236/21/4 2232/25/4
f 2239/18/2 2235/26/2 2233/27/2 2237/20/2
f 2240/14/149 2241/15/149 2243/16/149 2242/17/149
f 2242/17/192 2243/16/192 2247/18/192 2246/19/192
f 2246/19/151 2247/18/151 2245/20/151 2244/21/151
f 2244/21/148 2245/20/148 2241/22/148 2240/23/148
f 2242/24/4 2246/19/4 2244/21/4 2240/25/4
f 2247/18/2 2243/26/2 2241/27/2 2245/20/2
