# Blender 4.1.1
# www.blender.org
o hexagon.014
v 0.000000 0.466667 0.000000
v 0.000000 0.466667 0.033300
v 0.028800 0.466667 0.016600
v 0.028800 0.466667 -0.016600
v 0.000000 0.466667 -0.033300
v -0.028800 0.466667 -0.016600
v -0.028800 0.466667 0.016600
v 0.000000 0.400000 0.066600
v 0.028800 0.400000 0.050000
v 0.057700 0.400000 0.033300
v 0.057700 0.400000 0.000000
v 0.057700 0.400000 -0.033300
v 0.028800 0.400000 -0.050000
v 0.000000 0.400000 -0.066600
v -0.028800 0.400000 -0.050000
v -0.057700 0.400000 -0.033300
v -0.057700 0.400000 0.000000
v -0.057700 0.400000 0.033300
v -0.028800 0.400000 0.050000
v 0.000000 0.333333 0.100000
v 0.028800 0.366667 0.083300
v 0.057700 0.366667 0.066600
v 0.086600 0.333333 0.050000
v 0.086600 0.366667 0.016600
v 0.086600 0.333333 -0.016600
v 0.086600 0.333333 -0.050000
v 0.057700 0.333333 -0.066600
v 0.028800 0.333333 -0.083300
v 0.000000 0.333333 -0.100000
v -0.028800 0.333333 -0.083300
v -0.057700 0.366667 -0.066600
v -0.086600 0.333333 -0.050000
v -0.086600 0.366667 -0.016600
v -0.086600 0.400000 0.016600
v -0.086600 0.333333 0.050000
v -0.057700 0.400000 0.066600
v -0.028800 0.366667 0.083300
v 0.000000 0.300000 0.133300
v 0.028800 0.333333 0.116600
v 0.057700 0.333333 0.100000
v 0.086600 0.300000 0.083300
v 0.115400 0.300000 0.066600
v 0.115400 0.300000 0.033300
v 0.115400 0.300000 0.000000
v 0.115400 0.300000 -0.033300
v 0.115400 0.266667 -0.066600
v 0.086600 0.300000 -0.083300
v 0.057700 0.333333 -0.100000
v 0.028800 0.300000 -0.116600
v 0.000000 0.266667 -0.133300
v -0.028800 0.333333 -0.116600
v -0.057700 0.333333 -0.100000
v -0.086600 0.333333 -0.083300
v -0.115400 0.300000 -0.066600
v -0.115400 0.333333 -0.033300
v -0.115400 0.333333 0.000000
v -0.115400 0.333333 0.033300
v -0.115400 0.300000 0.066600
v -0.086600 0.333333 0.083300
v -0.057700 0.333333 0.100000
v -0.028800 0.333333 0.116600
v 0.000000 0.233333 0.166600
v 0.028800 0.266667 0.150000
v 0.057700 0.266667 0.133300
v 0.086600 0.266667 0.116600
v 0.115400 0.266667 0.100000
v 0.144300 0.266667 0.083300
v 0.144300 0.266667 0.050000
v 0.144300 0.266667 0.016600
v 0.144300 0.266667 -0.016600
v 0.144300 0.266667 -0.050000
v 0.144300 0.266667 -0.083300
v 0.115400 0.266667 -0.100000
v 0.086600 0.266667 -0.116600
v 0.057700 0.266667 -0.133300
v 0.028800 0.266667 -0.150000
v 0.000000 0.266667 -0.166600
v -0.028800 0.266667 -0.150000
v -0.057700 0.266667 -0.133300
v -0.086600 0.266667 -0.116600
v -0.115400 0.266667 -0.100000
v -0.144300 0.233333 -0.083300
v -0.144300 0.266667 -0.050000
v -0.144300 0.266667 -0.016600
v -0.144300 0.266667 0.016600
v -0.144300 0.266667 0.050000
v -0.144300 0.233333 0.083300
v -0.115400 0.266667 0.100000
v -0.086600 0.266667 0.116600
v -0.057700 0.266667 0.133300
v -0.028800 0.266667 0.150000
v 0.000000 0.166667 0.200000
v 0.028800 0.233333 0.183300
v 0.057700 0.233333 0.166600
v 0.086600 0.266667 0.150000
v 0.115400 0.266667 0.133300
v 0.144300 0.233333 0.116600
v 0.173200 0.166667 0.100000
v 0.173200 0.266667 0.066600
v 0.173200 0.266667 0.033300
v 0.173200 0.266667 0.000000
v 0.173200 0.266667 -0.033300
v 0.173200 0.266667 -0.066600
v 0.173200 0.166667 -0.100000
v 0.144300 0.266667 -0.116600
v 0.115400 0.266667 -0.133300
v 0.086600 0.266667 -0.150000
v 0.057700 0.266667 -0.166600
v 0.028800 0.233333 -0.183300
v 0.000000 0.166667 -0.200000
v -0.028800 0.233333 -0.183300
v -0.057700 0.233333 -0.166600
v -0.086600 0.233333 -0.150000
v -0.115400 0.233333 -0.133300
v -0.144300 0.233333 -0.116600
v -0.173200 0.166667 -0.100000
v -0.173200 0.233333 -0.066600
v -0.173200 0.233333 -0.033300
v -0.173200 0.233333 0.000000
v -0.173200 0.233333 0.033300
v -0.173200 0.233333 0.066600
v -0.173200 0.166667 0.100000
v -0.144300 0.233333 0.116600
v -0.115400 0.233333 0.133300
v -0.086600 0.233333 0.150000
v -0.057700 0.233333 0.166600
v -0.028800 0.233333 0.183300
v 0.000000 0.133333 0.233300
v 0.028800 0.166667 0.216600
v 0.057700 0.166667 0.200000
v 0.086600 0.166667 0.183300
v 0.115400 0.166667 0.166600
v 0.144300 0.133333 0.150000
v 0.173200 0.133333 0.133300
v 0.202000 0.100000 0.116600
v 0.202000 0.133333 0.083300
v 0.202000 0.133333 0.050000
v 0.202000 0.166667 0.016600
v 0.202000 0.166667 -0.016600
v 0.202000 0.133333 -0.050000
v 0.202000 0.133333 -0.083300
v 0.202000 0.133333 -0.116600
v 0.173200 0.133333 -0.133300
v 0.144300 0.166667 -0.150000
v 0.115400 0.166667 -0.166600
v 0.086600 0.166667 -0.183300
v 0.057700 0.166667 -0.200000
v 0.028800 0.166667 -0.216600
v 0.000000 0.133333 -0.233300
v -0.028800 0.166667 -0.216600
v -0.057700 0.166667 -0.200000
v -0.086600 0.166667 -0.183300
v -0.115400 0.166667 -0.166600
v -0.144300 0.166667 -0.150000
v -0.173200 0.166667 -0.133300
v -0.202000 0.166667 -0.116600
v -0.202000 0.166667 -0.083300
v -0.202000 0.166667 -0.050000
v -0.202000 0.166667 -0.016600
v -0.202000 0.166667 0.016600
v -0.202000 0.166667 0.050000
v -0.202000 0.166667 0.083300
v -0.202000 0.166667 0.116600
v -0.173200 0.166667 0.133300
v -0.144300 0.166667 0.150000
v -0.115400 0.166667 0.166600
v -0.086600 0.166667 0.183300
v -0.057700 0.166667 0.200000
v -0.028800 0.166667 0.216600
v 0.000000 0.066667 0.266600
v 0.028800 0.066667 0.250000
v 0.057700 0.100000 0.233300
v 0.086600 0.100000 0.216600
v 0.115400 0.100000 0.200000
v 0.144300 0.100000 0.183300
v 0.173200 0.100000 0.166600
v 0.202000 0.066667 0.150000
v 0.230900 0.066667 0.133300
v 0.230900 0.066667 0.100000
v 0.230900 0.100000 0.066600
v 0.230900 0.133333 0.033300
v 0.230900 0.133333 0.000000
v 0.230900 0.133333 -0.033300
v 0.230900 0.133333 -0.066600
v 0.230900 0.066667 -0.100000
v 0.230900 0.066667 -0.133300
v 0.202000 0.100000 -0.150000
v 0.173200 0.133333 -0.166600
v 0.144300 0.133333 -0.183300
v 0.115400 0.133333 -0.200000
v 0.086600 0.133333 -0.216600
v 0.057700 0.133333 -0.233300
v 0.028800 0.100000 -0.250000
v 0.000000 0.100000 -0.266600
v -0.028800 0.100000 -0.250000
v -0.057700 0.133333 -0.233300
v -0.086600 0.166667 -0.216600
v -0.115400 0.166667 -0.200000
v -0.144300 0.166667 -0.183300
v -0.173200 0.166667 -0.166600
v -0.202000 0.100000 -0.150000
v -0.230900 0.133333 -0.133300
v -0.230900 0.100000 -0.100000
v -0.230900 0.166667 -0.066600
v -0.230900 0.166667 -0.033300
v -0.230900 0.166667 0.000000
v -0.230900 0.166667 0.033300
v -0.230900 0.166667 0.066600
v -0.230900 0.100000 0.100000
v -0.230900 0.066667 0.133300
v -0.202000 0.100000 0.150000
v -0.173200 0.133333 0.166600
v -0.144300 0.166667 0.183300
v -0.115400 0.166667 0.200000
v -0.086600 0.133333 0.216600
v -0.057700 0.133333 0.233300
v -0.028800 0.066667 0.250000
v 0.000000 0.066667 0.300000
v 0.028800 0.066667 0.283300
v 0.057700 0.066667 0.266600
v 0.086600 0.100000 0.250000
v 0.115400 0.100000 0.233300
v 0.144300 0.100000 0.216600
v 0.173200 0.100000 0.200000
v 0.202000 0.100000 0.183300
v 0.230900 0.066667 0.166600
v 0.259800 0.066667 0.150000
v 0.259800 0.066667 0.116600
v 0.259800 0.066667 0.083300
v 0.259800 0.066667 0.050000
v 0.259800 0.066667 0.016600
v 0.259800 0.066667 -0.016600
v 0.259800 0.066667 -0.050000
v 0.259800 0.066667 -0.083300
v 0.259800 0.066667 -0.116600
v 0.259800 0.066667 -0.150000
v 0.230900 0.066667 -0.166600
v 0.202000 0.066667 -0.183300
v 0.173200 0.066667 -0.200000
v 0.144300 0.100000 -0.216600
v 0.115400 0.100000 -0.233300
v 0.086600 0.100000 -0.250000
v 0.057700 0.100000 -0.266600
v 0.028800 0.066667 -0.283300
v 0.000000 0.066667 -0.300000
v -0.028800 0.066667 -0.283300
v -0.057700 0.100000 -0.266600
v -0.086600 0.100000 -0.250000
v -0.115400 0.100000 -0.233300
v -0.144300 0.100000 -0.216600
v -0.173200 0.100000 -0.200000
v -0.202000 0.100000 -0.183300
v -0.230900 0.133333 -0.166600
v -0.259800 0.100000 -0.150000
v -0.259800 0.133333 -0.116600
v -0.259800 0.100000 -0.083300
v -0.259800 0.100000 -0.050000
v -0.259800 0.100000 -0.016600
v -0.259800 0.100000 0.016600
v -0.259800 0.100000 0.050000
v -0.259800 0.066667 0.083300
v -0.259800 0.066667 0.116600
v -0.259800 0.066667 0.150000
v -0.230900 0.066667 0.166600
v -0.202000 0.066667 0.183300
v -0.173200 0.066667 0.200000
v -0.144300 0.066667 0.216600
v -0.115400 0.066667 0.233300
v -0.086600 0.066667 0.250000
v -0.057700 0.066667 0.266600
v -0.028800 0.066667 0.283300
v 0.000000 0.066667 0.333300
v 0.028800 0.066667 0.316600
v 0.057700 0.066667 0.300000
v 0.086600 0.100000 0.283300
v 0.115400 0.100000 0.266600
v 0.144300 0.100000 0.250000
v 0.173200 0.100000 0.233300
v 0.202000 0.100000 0.216600
v 0.230900 0.100000 0.200000
v 0.259800 0.100000 0.183300
v 0.288600 0.066667 0.166600
v 0.288600 0.066667 0.133300
v 0.288600 0.066667 0.100000
v 0.288600 0.066667 0.066600
v 0.288600 0.066667 0.033300
v 0.288600 0.066667 0.000000
v 0.288600 0.066667 -0.033300
v 0.288600 0.066667 -0.066600
v 0.288600 0.066667 -0.100000
v 0.288600 0.066667 -0.133300
v 0.288600 0.066667 -0.166600
v 0.259800 0.066667 -0.183300
v 0.230900 0.066667 -0.200000
v 0.202000 0.066667 -0.216600
v 0.173200 0.066667 -0.233300
v 0.144300 0.066667 -0.250000
v 0.115400 0.066667 -0.266600
v 0.086600 0.066667 -0.283300
v 0.057700 0.066667 -0.300000
v 0.028800 0.066667 -0.316600
v 0.000000 0.100000 -0.333300
v -0.028800 0.066667 -0.316600
v -0.057700 0.066667 -0.300000
v -0.086600 0.066667 -0.283300
v -0.115400 0.066667 -0.266600
v -0.144300 0.100000 -0.250000
v -0.173200 0.066667 -0.233300
v -0.202000 0.066667 -0.216600
v -0.230900 0.100000 -0.200000
v -0.259800 0.100000 -0.183300
v -0.288600 0.100000 -0.166600
v -0.288600 0.100000 -0.133300
v -0.288600 0.100000 -0.100000
v -0.288600 0.066667 -0.066600
v -0.288600 0.066667 -0.033300
v -0.288600 0.066667 0.000000
v -0.288600 0.066667 0.033300
v -0.288600 0.066667 0.066600
v -0.288600 0.066667 0.100000
v -0.288600 0.066667 0.133300
v -0.288600 0.066667 0.166600
v -0.259800 0.066667 0.183300
v -0.230900 0.066667 0.200000
v -0.202000 0.100000 0.216600
v -0.173200 0.100000 0.233300
v -0.144300 0.066667 0.250000
v -0.115400 0.066667 0.266600
v -0.086600 0.066667 0.283300
v -0.057700 0.066667 0.300000
v -0.028800 0.066667 0.316600
v 0.000000 0.033333 0.366600
v 0.028800 0.066667 0.350000
v 0.057700 0.066667 0.333300
v 0.086600 0.100000 0.316600
v 0.115400 0.100000 0.300000
v 0.144300 0.100000 0.283300
v 0.173200 0.100000 0.266600
v 0.202000 0.100000 0.250000
v 0.230900 0.100000 0.233300
v 0.259800 0.133333 0.216600
v 0.288600 0.066667 0.200000
v 0.317500 0.066667 0.183300
v 0.317500 0.033333 0.150000
v 0.317500 0.066667 0.116600
v 0.317500 0.066667 0.083300
v 0.317500 0.066667 0.050000
v 0.317500 0.066667 0.016600
v 0.317500 0.066667 -0.016600
v 0.317500 0.066667 -0.050000
v 0.317500 0.066667 -0.083300
v 0.317500 0.066667 -0.116600
v 0.317500 0.066667 -0.150000
v 0.317500 0.033333 -0.183300
v 0.288600 0.066667 -0.200000
v 0.259800 0.066667 -0.216600
v 0.230900 0.066667 -0.233300
v 0.202000 0.066667 -0.250000
v 0.173200 0.066667 -0.266600
v 0.144300 0.066667 -0.283300
v 0.115400 0.066667 -0.300000
v 0.086600 0.133333 -0.316600
v 0.057700 0.100000 -0.333300
v 0.028800 0.133333 -0.350000
v 0.000000 0.066667 -0.366600
v -0.028800 0.100000 -0.350000
v -0.057700 0.100000 -0.333300
v -0.086600 0.066667 -0.316600
v -0.115400 0.066667 -0.300000
v -0.144300 0.066667 -0.283300
v -0.173200 0.066667 -0.266600
v -0.202000 0.066667 -0.250000
v -0.230900 0.100000 -0.233300
v -0.259800 0.100000 -0.216600
v -0.288600 0.100000 -0.200000
v -0.317500 0.100000 -0.183300
v -0.317500 0.133333 -0.150000
v -0.317500 0.100000 -0.116600
v -0.317500 0.100000 -0.083300
v -0.317500 0.100000 -0.050000
v -0.317500 0.066667 -0.016600
v -0.317500 0.066667 0.016600
v -0.317500 0.066667 0.050000
v -0.317500 0.066667 0.083300
v -0.317500 0.066667 0.116600
v -0.317500 0.066667 0.150000
v -0.317500 0.066667 0.183300
v -0.288600 0.066667 0.200000
v -0.259800 0.100000 0.216600
v -0.230900 0.100000 0.233300
v -0.202000 0.100000 0.250000
v -0.173200 0.100000 0.266600
v -0.144300 0.100000 0.283300
v -0.115400 0.066667 0.300000
v -0.086600 0.066667 0.316600
v -0.057700 0.066667 0.333300
v -0.028800 0.066667 0.350000
v 0.000000 0.000000 0.400000
v 0.028800 0.066667 0.383300
v 0.057700 0.066667 0.366600
v 0.086600 0.066667 0.350000
v 0.115400 0.100000 0.333300
v 0.144300 0.133333 0.316600
v 0.173200 0.133333 0.300000
v 0.202000 0.100000 0.283300
v 0.230900 0.100000 0.266600
v 0.259800 0.100000 0.250000
v 0.288600 0.100000 0.233300
v 0.317500 0.066667 0.216600
v 0.346400 0.033333 0.200000
v 0.346400 0.033333 0.166600
v 0.346400 0.033333 0.133300
v 0.346400 0.033333 0.100000
v 0.346400 0.033333 0.066600
v 0.346400 0.066667 0.033300
v 0.346400 0.066667 0.000000
v 0.346400 0.066667 -0.033300
v 0.346400 0.033333 -0.066600
v 0.346400 0.033333 -0.100000
v 0.346400 0.033333 -0.133300
v 0.346400 0.033333 -0.166600
v 0.346400 0.033333 -0.200000
v 0.317500 0.033333 -0.216600
v 0.288600 0.033333 -0.233300
v 0.259800 0.033333 -0.250000
v 0.230900 0.066667 -0.266600
v 0.202000 0.066667 -0.283300
v 0.173200 0.066667 -0.300000
v 0.144300 0.100000 -0.316600
v 0.115400 0.133333 -0.333300
v 0.086600 0.133333 -0.350000
v 0.057700 0.033333 -0.366600
v 0.028800 0.033333 -0.383300
v 0.000000 0.066667 -0.400000
v -0.028800 0.033333 -0.383300
v -0.057700 0.066667 -0.366600
v -0.086600 0.066667 -0.350000
v -0.115400 0.066667 -0.333300
v -0.144300 0.066667 -0.316600
v -0.173200 0.066667 -0.300000
v -0.202000 0.066667 -0.283300
v -0.230900 0.100000 -0.266600
v -0.259800 0.066667 -0.250000
v -0.288600 0.066667 -0.233300
v -0.317500 0.066667 -0.216600
v -0.346400 0.066667 -0.200000
v -0.346400 0.066667 -0.166600
v -0.346400 0.100000 -0.133300
v -0.346400 0.100000 -0.100000
v -0.346400 0.100000 -0.066600
v -0.346400 0.066667 -0.033300
v -0.346400 0.066667 0.000000
v -0.346400 0.066667 0.033300
v -0.346400 0.066667 0.066600
v -0.346400 0.066667 0.100000
v -0.346400 0.066667 0.133300
v -0.346400 0.000000 0.166600
v -0.346400 0.000000 0.200000
v -0.317500 0.000000 0.216600
v -0.288600 0.066667 0.233300
v -0.259800 0.133333 0.250000
v -0.230900 0.133333 0.266600
v -0.202000 0.100000 0.283300
v -0.173200 0.133333 0.300000
v -0.144300 0.133333 0.316600
v -0.115400 0.133333 0.333300
v -0.086600 0.033333 0.350000
v -0.057700 0.033333 0.366600
v -0.028800 0.033333 0.383300
v 0.000000 0.033333 0.433300
v 0.028800 0.033333 0.416600
v 0.057700 0.033333 0.400000
v 0.086600 0.066667 0.383300
v 0.115400 0.100000 0.366600
v 0.144300 0.100000 0.350000
v 0.173200 0.100000 0.333300
v 0.202000 0.100000 0.316600
v 0.230900 0.100000 0.300000
v 0.259800 0.100000 0.283300
v 0.288600 0.100000 0.266600
v 0.317500 0.066667 0.250000
v 0.346400 0.033333 0.233300
v 0.375200 0.033333 0.216600
v 0.375200 0.033333 0.183300
v 0.375200 0.000000 0.150000
v 0.375200 0.033333 0.116600
v 0.375200 0.033333 0.083300
v 0.375200 0.033333 0.050000
v 0.375200 0.033333 0.016600
v 0.375200 0.033333 -0.016600
v 0.375200 0.033333 -0.050000
v 0.375200 0.000000 -0.083300
v 0.375200 0.000000 -0.116600
v 0.375200 0.033333 -0.150000
v 0.375200 0.066667 -0.183300
v 0.375200 0.066667 -0.216600
v 0.346400 0.066667 -0.233300
v 0.317500 0.033333 -0.250000
v 0.288600 0.000000 -0.266600
v 0.259800 0.000000 -0.283300
v 0.230900 0.000000 -0.300000
v 0.202000 0.000000 -0.316600
v 0.173200 0.066667 -0.333300
v 0.144300 0.066667 -0.350000
v 0.115400 0.066667 -0.366600
v 0.086600 0.066667 -0.383300
v 0.057700 0.033333 -0.400000
v 0.028800 0.066667 -0.416600
v 0.000000 0.033333 -0.433300
v -0.028800 0.033333 -0.416600
v -0.057700 0.033333 -0.400000
v -0.086600 0.033333 -0.383300
v -0.115400 0.000000 -0.366600
v -0.144300 0.000000 -0.350000
v -0.173200 0.033333 -0.333300
v -0.202000 0.033333 -0.316600
v -0.230900 0.033333 -0.300000
v -0.259800 0.033333 -0.283300
v -0.288600 0.033333 -0.266600
v -0.317500 0.066667 -0.250000
v -0.346400 0.066667 -0.233300
v -0.375200 0.066667 -0.216600
v -0.375200 0.066667 -0.183300
v -0.375200 0.066667 -0.150000
v -0.375200 0.066667 -0.116600
v -0.375200 0.033333 -0.083300
v -0.375200 0.033333 -0.050000
v -0.375200 0.033333 -0.016600
v -0.375200 0.000000 0.016600
v -0.375200 0.000000 0.050000
v -0.375200 0.000000 0.083300
v -0.375200 0.000000 0.116600
v -0.375200 0.000000 0.150000
v -0.375200 0.000000 0.183300
v -0.375200 0.000000 0.216600
v -0.346400 0.000000 0.233300
v -0.317500 0.033333 0.250000
v -0.288600 0.066667 0.266600
v -0.259800 0.066667 0.283300
v -0.230900 0.100000 0.300000
v -0.202000 0.100000 0.316600
v -0.173200 0.100000 0.333300
v -0.144300 0.100000 0.350000
v -0.115400 0.100000 0.366600
v -0.086600 0.066667 0.383300
v -0.057700 0.000000 0.400000
v -0.028800 0.000000 0.416600
v 0.000000 0.033333 0.466600
v 0.028800 0.033333 0.450000
v 0.057700 0.033333 0.433300
v 0.086600 0.033333 0.416600
v 0.115400 0.066667 0.400000
v 0.144300 0.066667 0.383300
v 0.173200 0.066667 0.366600
v 0.202000 0.033333 0.350000
v 0.230900 0.033333 0.333300
v 0.259800 0.066667 0.316600
v 0.288600 0.066667 0.300000
v 0.317500 0.066667 0.283300
v 0.346400 0.066667 0.266600
v 0.375200 0.033333 0.250000
v 0.404100 0.033333 0.233300
v 0.404100 0.033333 0.200000
v 0.404100 0.000000 0.166600
v 0.404100 0.000000 0.133300
v 0.404100 0.000000 0.100000
v 0.404100 0.000000 0.066600
v 0.404100 0.000000 0.033300
v 0.404100 0.000000 0.000000
v 0.404100 0.000000 -0.033300
v 0.404100 0.000000 -0.066600
v 0.404100 0.033333 -0.100000
v 0.404100 0.066667 -0.133300
v 0.404100 0.066667 -0.166600
v 0.404100 0.066667 -0.200000
v 0.404100 0.066667 -0.233300
v 0.375200 0.066667 -0.250000
v 0.346400 0.066667 -0.266600
v 0.317500 0.033333 -0.283300
v 0.288600 0.000000 -0.300000
v 0.259800 0.000000 -0.316600
v 0.230900 0.000000 -0.333300
v 0.202000 0.066667 -0.350000
v 0.173200 0.066667 -0.366600
v 0.144300 0.066667 -0.383300
v 0.115400 0.066667 -0.400000
v 0.086600 0.066667 -0.416600
v 0.057700 0.033333 -0.433300
v 0.028800 0.033333 -0.450000
v 0.000000 0.033333 -0.466600
v -0.028800 0.033333 -0.450000
v -0.057700 0.033333 -0.433300
v -0.086600 0.033333 -0.416600
v -0.115400 0.000000 -0.400000
v -0.144300 0.000000 -0.383300
v -0.173200 0.000000 -0.366600
v -0.202000 0.000000 -0.350000
v -0.230900 0.000000 -0.333300
v -0.259800 0.033333 -0.316600
v -0.288600 0.033333 -0.300000
v -0.317500 0.066667 -0.283300
v -0.346400 0.066667 -0.266600
v -0.375200 0.066667 -0.250000
v -0.404100 0.066667 -0.233300
v -0.404100 0.066667 -0.200000
v -0.404100 0.066667 -0.166600
v -0.404100 0.033333 -0.133300
v -0.404100 0.066667 -0.100000
v -0.404100 0.033333 -0.066600
v -0.404100 0.033333 -0.033300
v -0.404100 0.000000 0.000000
v -0.404100 0.000000 0.033300
v -0.404100 0.000000 0.066600
v -0.404100 0.000000 0.100000
v -0.404100 0.000000 0.133300
v -0.404100 0.000000 0.166600
v -0.404100 0.000000 0.200000
v -0.404100 0.000000 0.233300
v -0.375200 0.000000 0.250000
v -0.346400 0.066667 0.266600
v -0.317500 0.066667 0.283300
v -0.288600 0.066667 0.300000
v -0.259800 0.066667 0.316600
v -0.230900 0.066667 0.333300
v -0.202000 0.066667 0.350000
v -0.173200 0.066667 0.366600
v -0.144300 0.066667 0.383300
v -0.115400 0.066667 0.400000
v -0.086600 0.033333 0.416600
v -0.057700 0.033333 0.433300
v -0.028800 0.000000 0.450000
v 0.000000 0.000000 0.500000
v 0.028800 0.033333 0.483300
v 0.057700 0.033333 0.466600
v 0.086600 0.033333 0.450000
v 0.115400 0.033333 0.433300
v 0.144300 0.066667 0.416600
v 0.173200 0.066667 0.400000
v 0.202000 0.033333 0.383300
v 0.230900 0.033333 0.366600
v 0.259800 0.033333 0.350000
v 0.288600 0.066667 0.333300
v 0.317500 0.066667 0.316600
v 0.346400 0.066667 0.300000
v 0.375200 0.066667 0.283300
v 0.404100 0.033333 0.266600
v 0.433000 0.033333 0.250000
v 0.433000 0.033333 0.216600
v 0.433000 0.033333 0.183300
v 0.433000 0.000000 0.150000
v 0.433000 0.000000 0.116600
v 0.433000 0.000000 0.083300
v 0.433000 0.000000 0.050000
v 0.433000 0.000000 0.016600
v 0.433000 0.000000 -0.016600
v 0.433000 0.000000 -0.050000
v 0.433000 0.000000 -0.083300
v 0.433000 0.066667 -0.116600
v 0.433000 0.066667 -0.150000
v 0.433000 0.066667 -0.183300
v 0.433000 0.066667 -0.216600
v 0.433000 0.066667 -0.250000
v 0.404100 0.066667 -0.266600
v 0.375200 0.066667 -0.283300
v 0.346400 0.066667 -0.300000
v 0.317500 0.033333 -0.316600
v 0.288600 0.000000 -0.333300
v 0.259800 0.000000 -0.350000
v 0.230900 0.066667 -0.366600
v 0.202000 0.066667 -0.383300
v 0.173200 0.066667 -0.400000
v 0.144300 0.066667 -0.416600
v 0.115400 0.066667 -0.433300
v 0.086600 0.066667 -0.450000
v 0.057700 0.033333 -0.466600
v 0.028800 0.033333 -0.483300
v 0.000000 0.066667 -0.500000
v -0.028800 0.033333 -0.483300
v -0.057700 0.033333 -0.466600
v -0.086600 0.033333 -0.450000
v -0.115400 0.000000 -0.433300
v -0.144300 0.000000 -0.416600
v -0.173200 0.000000 -0.400000
v -0.202000 0.000000 -0.383300
v -0.230900 0.000000 -0.366600
v -0.259800 0.033333 -0.350000
v -0.288600 0.033333 -0.333300
v -0.317500 0.066667 -0.316600
v -0.346400 0.066667 -0.300000
v -0.375200 0.066667 -0.283300
v -0.404100 0.066667 -0.266600
v -0.433000 0.066667 -0.250000
v -0.433000 0.066667 -0.216600
v -0.433000 0.066667 -0.183300
v -0.433000 0.066667 -0.150000
v -0.433000 0.033333 -0.116600
v -0.433000 0.033333 -0.083300
v -0.433000 0.033333 -0.050000
v -0.433000 0.033333 -0.016600
v -0.433000 0.000000 0.016600
v -0.433000 0.000000 0.050000
v -0.433000 0.000000 0.083300
v -0.433000 0.000000 0.116600
v -0.433000 0.000000 0.150000
v -0.433000 0.000000 0.183300
v -0.433000 0.000000 0.216600
v -0.433000 0.000000 0.250000
v -0.404100 0.000000 0.266600
v -0.375200 0.033333 0.283300
v -0.346400 0.066667 0.300000
v -0.317500 0.066667 0.316600
v -0.288600 0.066667 0.333300
v -0.259800 0.066667 0.350000
v -0.230900 0.066667 0.366600
v -0.202000 0.066667 0.383300
v -0.173200 0.066667 0.400000
v -0.144300 0.066667 0.416600
v -0.115400 0.033333 0.433300
v -0.086600 0.033333 0.450000
v -0.057700 0.033333 0.466600
v -0.028800 0.033333 0.483300
v 0.000000 0.000000 0.533300
v 0.028800 0.033333 0.516600
v 0.057700 0.033333 0.500000
v 0.086600 0.033333 0.483300
v 0.115400 0.033333 0.466600
v 0.144300 0.066667 0.450000
v 0.173200 0.066667 0.433300
v 0.202000 0.066667 0.416600
v 0.230900 0.066667 0.400000
v 0.259800 0.033333 0.383300
v 0.288600 0.066667 0.366600
v 0.317500 0.066667 0.350000
v 0.346400 0.066667 0.333300
v 0.375200 0.066667 0.316600
v 0.404100 0.066667 0.300000
v 0.433000 0.033333 0.283300
v 0.461800 0.033333 0.266600
v 0.461800 0.033333 0.233300
v 0.461800 0.033333 0.200000
v 0.461800 0.000000 0.166600
v 0.461800 0.000000 0.133300
v 0.461800 0.000000 0.100000
v 0.461800 0.000000 0.066600
v 0.461800 0.000000 0.033300
v 0.461800 0.000000 0.000000
v 0.461800 0.000000 -0.033300
v 0.461800 0.000000 -0.066600
v 0.461800 0.033333 -0.100000
v 0.461800 0.033333 -0.133300
v 0.461800 0.066667 -0.166600
v 0.461800 0.066667 -0.200000
v 0.461800 0.066667 -0.233300
v 0.461800 0.066667 -0.266600
v 0.433000 0.066667 -0.283300
v 0.404100 0.066667 -0.300000
v 0.375200 0.066667 -0.316600
v 0.346400 0.033333 -0.333300
v 0.317500 0.033333 -0.350000
v 0.288600 0.000000 -0.366600
v 0.259800 0.033333 -0.383300
v 0.230900 0.066667 -0.400000
v 0.202000 0.066667 -0.416600
v 0.173200 0.066667 -0.433300
v 0.144300 0.066667 -0.450000
v 0.115400 0.066667 -0.466600
v 0.086600 0.066667 -0.483300
v 0.057700 0.066667 -0.500000
v 0.028800 0.033333 -0.516600
v 0.000000 0.033333 -0.533300
v -0.028800 0.033333 -0.516600
v -0.057700 0.033333 -0.500000
v -0.086600 0.033333 -0.483300
v -0.115400 0.033333 -0.466600
v -0.144300 0.000000 -0.450000
v -0.173200 0.000000 -0.433300
v -0.202000 0.000000 -0.416600
v -0.230900 0.000000 -0.400000
v -0.259800 0.000000 -0.383300
v -0.288600 0.033333 -0.366600
v -0.317500 0.066667 -0.350000
v -0.346400 0.066667 -0.333300
v -0.375200 0.066667 -0.316600
v -0.404100 0.066667 -0.300000
v -0.433000 0.066667 -0.283300
v -0.461800 0.066667 -0.266600
v -0.461800 0.066667 -0.233300
v -0.461800 0.066667 -0.200000
v -0.461800 0.066667 -0.166600
v -0.461800 0.033333 -0.133300
v -0.461800 0.033333 -0.100000
v -0.461800 0.033333 -0.066600
v -0.461800 0.033333 -0.033300
v -0.461800 0.033333 0.000000
v -0.461800 0.000000 0.033300
v -0.461800 0.000000 0.066600
v -0.461800 0.000000 0.100000
v -0.461800 0.000000 0.133300
v -0.461800 0.000000 0.166600
v -0.461800 0.000000 0.200000
v -0.461800 0.000000 0.233300
v -0.461800 0.000000 0.266600
v -0.433000 0.033333 0.283300
v -0.404100 0.033333 0.300000
v -0.375200 0.066667 0.316600
v -0.346400 0.066667 0.333300
v -0.317500 0.066667 0.350000
v -0.288600 0.066667 0.366600
v -0.259800 0.066667 0.383300
v -0.230900 0.066667 0.400000
v -0.202000 0.066667 0.416600
v -0.173200 0.066667 0.433300
v -0.144300 0.066667 0.450000
v -0.115400 0.033333 0.466600
v -0.086600 0.033333 0.483300
v -0.057700 0.033333 0.500000
v -0.028800 0.033333 0.516600
v 0.000000 0.000000 0.566600
v 0.028800 0.033333 0.550000
v 0.057700 0.033333 0.533300
v 0.086600 0.033333 0.516600
v 0.115400 0.033333 0.500000
v 0.144300 0.066667 0.483300
v 0.173200 0.066667 0.466600
v 0.202000 0.066667 0.450000
v 0.230900 0.066667 0.433300
v 0.259800 0.033333 0.416600
v 0.288600 0.033333 0.400000
v 0.317500 0.066667 0.383300
v 0.346400 0.066667 0.366600
v 0.375200 0.066667 0.350000
v 0.404100 0.066667 0.333300
v 0.433000 0.033333 0.316600
v 0.461800 0.033333 0.300000
v 0.490700 0.033333 0.283300
v 0.490700 0.033333 0.250000
v 0.490700 0.033333 0.216600
v 0.490700 0.000000 0.183300
v 0.490700 0.000000 0.150000
v 0.490700 0.000000 0.116600
v 0.490700 0.000000 0.083300
v 0.490700 0.000000 0.050000
v 0.490700 0.000000 0.016600
v 0.490700 0.000000 -0.016600
v 0.490700 0.000000 -0.050000
v 0.490700 0.000000 -0.083300
v 0.490700 0.033333 -0.116600
v 0.490700 0.066667 -0.150000
v 0.490700 0.066667 -0.183300
v 0.490700 0.066667 -0.216600
v 0.490700 0.066667 -0.250000
v 0.490700 0.066667 -0.283300
v 0.461800 0.066667 -0.300000
v 0.433000 0.066667 -0.316600
v 0.404100 0.066667 -0.333300
v 0.375200 0.066667 -0.350000
v 0.346400 0.033333 -0.366600
v 0.317500 0.000000 -0.383300
v 0.288600 0.033333 -0.400000
v 0.259800 0.066667 -0.416600
v 0.230900 0.066667 -0.433300
v 0.202000 0.066667 -0.450000
v 0.173200 0.066667 -0.466600
v 0.144300 0.066667 -0.483300
v 0.115400 0.066667 -0.500000
v 0.086600 0.066667 -0.516600
v 0.057700 0.066667 -0.533300
v 0.028800 0.033333 -0.550000
v 0.000000 0.033333 -0.566600
v -0.028800 0.033333 -0.550000
v -0.057700 0.033333 -0.533300
v -0.086600 0.033333 -0.516600
v -0.115400 0.033333 -0.500000
v -0.144300 0.000000 -0.483300
v -0.173200 0.000000 -0.466600
v -0.202000 0.000000 -0.450000
v -0.230900 0.000000 -0.433300
v -0.259800 0.000000 -0.416600
v -0.288600 0.033333 -0.400000
v -0.317500 0.033333 -0.383300
v -0.346400 0.066667 -0.366600
v -0.375200 0.066667 -0.350000
v -0.404100 0.066667 -0.333300
v -0.433000 0.066667 -0.316600
v -0.461800 0.066667 -0.300000
v -0.490700 0.066667 -0.283300
v -0.490700 0.066667 -0.250000
v -0.490700 0.066667 -0.216600
v -0.490700 0.066667 -0.183300
v -0.490700 0.066667 -0.150000
v -0.490700 0.033333 -0.116600
v -0.490700 0.033333 -0.083300
v -0.490700 0.033333 -0.050000
v -0.490700 0.033333 -0.016600
v -0.490700 0.033333 0.016600
v -0.490700 0.033333 0.050000
v -0.490700 0.000000 0.083300
v -0.490700 0.000000 0.116600
v -0.490700 0.000000 0.150000
v -0.490700 0.000000 0.183300
v -0.490700 0.000000 0.216600
v -0.490700 0.000000 0.250000
v -0.490700 0.000000 0.283300
v -0.461800 0.033333 0.300000
v -0.433000 0.033333 0.316600
v -0.404100 0.033333 0.333300
v -0.375200 0.066667 0.350000
v -0.346400 0.066667 0.366600
v -0.317500 0.066667 0.383300
v -0.288600 0.066667 0.400000
v -0.259800 0.066667 0.416600
v -0.230900 0.066667 0.433300
v -0.202000 0.066667 0.450000
v -0.173200 0.066667 0.466600
v -0.144300 0.033333 0.483300
v -0.115400 0.033333 0.500000
v -0.086600 0.033333 0.516600
v -0.057700 0.033333 0.533300
v -0.028800 0.000000 0.550000
v 0.000000 0.000000 0.600000
v 0.028800 0.033333 0.583300
v 0.057700 0.033333 0.566600
v 0.086600 0.033333 0.550000
v 0.115400 0.033333 0.533300
v 0.144300 0.033333 0.516600
v 0.173200 0.066667 0.500000
v 0.202000 0.066667 0.483300
v 0.230900 0.066667 0.466600
v 0.259800 0.033333 0.450000
v 0.288600 0.033333 0.433300
v 0.317500 0.066667 0.416600
v 0.346400 0.066667 0.400000
v 0.375200 0.066667 0.383300
v 0.404100 0.066667 0.366600
v 0.433000 0.066667 0.350000
v 0.461800 0.033333 0.333300
v 0.490700 0.033333 0.316600
v 0.519600 0.033333 0.300000
v 0.519600 0.033333 0.266600
v 0.519600 0.033333 0.233300
v 0.519600 0.000000 0.200000
v 0.519600 0.000000 0.166600
v 0.519600 0.000000 0.133300
v 0.519600 0.000000 0.100000
v 0.519600 0.000000 0.066600
v 0.519600 0.000000 0.033300
v 0.519600 0.000000 0.000000
v 0.519600 0.000000 -0.033300
v 0.519600 0.000000 -0.066600
v 0.519600 0.033333 -0.100000
v 0.519600 0.066667 -0.133300
v 0.519600 0.066667 -0.166600
v 0.519600 0.066667 -0.200000
v 0.519600 0.066667 -0.233300
v 0.519600 0.066667 -0.266600
v 0.519600 0.066667 -0.300000
v 0.490700 0.066667 -0.316600
v 0.461800 0.066667 -0.333300
v 0.433000 0.066667 -0.350000
v 0.404100 0.066667 -0.366600
v 0.375200 0.066667 -0.383300
v 0.346400 0.000000 -0.400000
v 0.317500 0.033333 -0.416600
v 0.288600 0.033333 -0.433300
v 0.259800 0.066667 -0.450000
v 0.230900 0.066667 -0.466600
v 0.202000 0.066667 -0.483300
v 0.173200 0.066667 -0.500000
v 0.144300 0.066667 -0.516600
v 0.115400 0.066667 -0.533300
v 0.086600 0.066667 -0.550000
v 0.057700 0.066667 -0.566600
v 0.028800 0.033333 -0.583300
v 0.000000 0.033333 -0.600000
v -0.028800 0.033333 -0.583300
v -0.057700 0.033333 -0.566600
v -0.086600 0.033333 -0.550000
v -0.115400 0.033333 -0.533300
v -0.144300 0.000000 -0.516600
v -0.173200 0.000000 -0.500000
v -0.202000 0.000000 -0.483300
v -0.230900 0.000000 -0.466600
v -0.259800 0.000000 -0.450000
v -0.288600 0.000000 -0.433300
v -0.317500 0.033333 -0.416600
v -0.346400 0.033333 -0.400000
v -0.375200 0.066667 -0.383300
v -0.404100 0.066667 -0.366600
v -0.433000 0.066667 -0.350000
v -0.461800 0.066667 -0.333300
v -0.490700 0.066667 -0.316600
v -0.519600 0.066667 -0.300000
v -0.519600 0.066667 -0.266600
v -0.519600 0.066667 -0.233300
v -0.519600 0.066667 -0.200000
v -0.519600 0.066667 -0.166600
v -0.519600 0.033333 -0.133300
v -0.519600 0.033333 -0.100000
v -0.519600 0.033333 -0.066600
v -0.519600 0.033333 -0.033300
v -0.519600 0.033333 0.000000
v -0.519600 0.033333 0.033300
v -0.519600 0.033333 0.066600
v -0.519600 0.000000 0.100000
v -0.519600 0.000000 0.133300
v -0.519600 0.000000 0.166600
v -0.519600 0.000000 0.200000
v -0.519600 0.000000 0.233300
v -0.519600 0.000000 0.266600
v -0.519600 0.000000 0.300000
v -0.490700 0.033333 0.316600
v -0.461800 0.033333 0.333300
v -0.433000 0.033333 0.350000
v -0.404100 0.033333 0.366600
v -0.375200 0.066667 0.383300
v -0.346400 0.066667 0.400000
v -0.317500 0.066667 0.416600
v -0.288600 0.066667 0.433300
v -0.259800 0.066667 0.450000
v -0.230900 0.066667 0.466600
v -0.202000 0.066667 0.483300
v -0.173200 0.033333 0.500000
v -0.144300 0.033333 0.516600
v -0.115400 0.033333 0.533300
v -0.086600 0.033333 0.550000
v -0.057700 0.033333 0.566600
v -0.028800 0.000000 0.583300
v 0.000000 0.000000 0.633300
v 0.028800 0.033333 0.616600
v 0.057700 0.033333 0.600000
v 0.086600 0.033333 0.583300
v 0.115400 0.033333 0.566600
v 0.144300 0.033333 0.550000
v 0.173200 0.033333 0.533300
v 0.202000 0.066667 0.516600
v 0.230900 0.033333 0.500000
v 0.259800 0.033333 0.483300
v 0.288600 0.033333 0.466600
v 0.317500 0.033333 0.450000
v 0.346400 0.066667 0.433300
v 0.375200 0.066667 0.416600
v 0.404100 0.066667 0.400000
v 0.433000 0.066667 0.383300
v 0.461800 0.033333 0.366600
v 0.490700 0.033333 0.350000
v 0.519600 0.033333 0.333300
v 0.548400 0.033333 0.316600
v 0.548400 0.033333 0.283300
v 0.548400 0.000000 0.250000
v 0.548400 0.000000 0.216600
v 0.548400 0.000000 0.183300
v 0.548400 0.000000 0.150000
v 0.548400 0.000000 0.116600
v 0.548400 0.000000 0.083300
v 0.548400 0.000000 0.050000
v 0.548400 0.000000 0.016600
v 0.548400 0.000000 -0.016600
v 0.548400 0.000000 -0.050000
v 0.548400 0.000000 -0.083300
v 0.548400 0.033333 -0.116600
v 0.548400 0.066667 -0.150000
v 0.548400 0.066667 -0.183300
v 0.548400 0.066667 -0.216600
v 0.548400 0.066667 -0.250000
v 0.548400 0.066667 -0.283300
v 0.548400 0.066667 -0.316600
v 0.519600 0.066667 -0.333300
v 0.490700 0.066667 -0.350000
v 0.461800 0.066667 -0.366600
v 0.433000 0.066667 -0.383300
v 0.404100 0.066667 -0.400000
v 0.375200 0.033333 -0.416600
v 0.346400 0.033333 -0.433300
v 0.317500 0.033333 -0.450000
v 0.288600 0.066667 -0.466600
v 0.259800 0.066667 -0.483300
v 0.230900 0.066667 -0.500000
v 0.202000 0.066667 -0.516600
v 0.173200 0.066667 -0.533300
v 0.144300 0.066667 -0.550000
v 0.115400 0.066667 -0.566600
v 0.086600 0.066667 -0.583300
v 0.057700 0.066667 -0.600000
v 0.028800 0.033333 -0.616600
v 0.000000 0.033333 -0.633300
v -0.028800 0.033333 -0.616600
v -0.057700 0.033333 -0.600000
v -0.086600 0.033333 -0.583300
v -0.115400 0.033333 -0.566600
v -0.144300 0.000000 -0.550000
v -0.173200 0.000000 -0.533300
v -0.202000 0.000000 -0.516600
v -0.230900 0.000000 -0.500000
v -0.259800 0.000000 -0.483300
v -0.288600 0.000000 -0.466600
v -0.317500 0.033333 -0.450000
v -0.346400 0.033333 -0.433300
v -0.375200 0.033333 -0.416600
v -0.404100 0.033333 -0.400000
v -0.433000 0.066667 -0.383300
v -0.461800 0.066667 -0.366600
v -0.490700 0.066667 -0.350000
v -0.519600 0.066667 -0.333300
v -0.548400 0.066667 -0.316600
v -0.548400 0.066667 -0.283300
v -0.548400 0.066667 -0.250000
v -0.548400 0.066667 -0.216600
v -0.548400 0.066667 -0.183300
v -0.548400 0.066667 -0.150000
v -0.548400 0.033333 -0.116600
v -0.548400 0.033333 -0.083300
v -0.548400 0.033333 -0.050000
v -0.548400 0.033333 -0.016600
v -0.548400 0.033333 0.016600
v -0.548400 0.033333 0.050000
v -0.548400 0.033333 0.083300
v -0.548400 0.000000 0.116600
v -0.548400 0.000000 0.150000
v -0.548400 0.000000 0.183300
v -0.548400 0.000000 0.216600
v -0.548400 0.000000 0.250000
v -0.548400 0.000000 0.283300
v -0.548400 0.000000 0.316600
v -0.519600 0.033333 0.333300
v -0.490700 0.033333 0.350000
v -0.461800 0.033333 0.366600
v -0.433000 0.033333 0.383300
v -0.404100 0.033333 0.400000
v -0.375200 0.066667 0.416600
v -0.346400 0.066667 0.433300
v -0.317500 0.066667 0.450000
v -0.288600 0.066667 0.466600
v -0.259800 0.066667 0.483300
v -0.230900 0.066667 0.500000
v -0.202000 0.033333 0.516600
v -0.173200 0.033333 0.533300
v -0.144300 0.033333 0.550000
v -0.115400 0.033333 0.566600
v -0.086600 0.033333 0.583300
v -0.057700 0.000000 0.600000
v -0.028800 0.000000 0.616600
v 0.000000 0.000000 0.666600
v 0.028800 0.033333 0.650000
v 0.057700 0.033333 0.633300
v 0.086600 0.033333 0.616600
v 0.115400 0.033333 0.600000
v 0.144300 0.033333 0.583300
v 0.173200 0.033333 0.566600
v 0.202000 0.033333 0.550000
v 0.230900 0.033333 0.533300
v 0.259800 0.066667 0.516600
v 0.288600 0.033333 0.500000
v 0.317500 0.033333 0.483300
v 0.346400 0.066667 0.466600
v 0.375200 0.066667 0.450000
v 0.404100 0.066667 0.433300
v 0.433000 0.066667 0.416600
v 0.461800 0.033333 0.400000
v 0.490700 0.033333 0.383300
v 0.519600 0.033333 0.366600
v 0.548400 0.033333 0.350000
v 0.577300 0.033333 0.333300
v 0.577300 0.000000 0.300000
v 0.577300 0.000000 0.266600
v 0.577300 0.000000 0.233300
v 0.577300 0.000000 0.200000
v 0.577300 0.000000 0.166600
v 0.577300 0.000000 0.133300
v 0.577300 0.000000 0.100000
v 0.577300 0.000000 0.066600
v 0.577300 0.000000 0.033300
v 0.577300 0.000000 0.000000
v 0.577300 0.000000 -0.033300
v 0.577300 0.000000 -0.066600
v 0.577300 0.033333 -0.100000
v 0.577300 0.033333 -0.133300
v 0.577300 0.066667 -0.166600
v 0.577300 0.066667 -0.200000
v 0.577300 0.066667 -0.233300
v 0.577300 0.066667 -0.266600
v 0.577300 0.066667 -0.300000
v 0.577300 0.066667 -0.333300
v 0.548400 0.066667 -0.350000
v 0.519600 0.066667 -0.366600
v 0.490700 0.066667 -0.383300
v 0.461800 0.066667 -0.400000
v 0.433000 0.066667 -0.416600
v 0.404100 0.066667 -0.433300
v 0.375200 0.033333 -0.450000
v 0.346400 0.033333 -0.466600
v 0.317500 0.033333 -0.483300
v 0.288600 0.033333 -0.500000
v 0.259800 0.066667 -0.516600
v 0.230900 0.066667 -0.533300
v 0.202000 0.066667 -0.550000
v 0.173200 0.066667 -0.566600
v 0.144300 0.066667 -0.583300
v 0.115400 0.066667 -0.600000
v 0.086600 0.066667 -0.616600
v 0.057700 0.033333 -0.633300
v 0.028800 0.033333 -0.650000
v 0.000000 0.033333 -0.666600
v -0.028800 0.033333 -0.650000
v -0.057700 0.033333 -0.633300
v -0.086600 0.033333 -0.616600
v -0.115400 0.033333 -0.600000
v -0.144300 0.033333 -0.583300
v -0.173200 0.000000 -0.566600
v -0.202000 0.000000 -0.550000
v -0.230900 0.000000 -0.533300
v -0.259800 0.000000 -0.516600
v -0.288600 0.000000 -0.500000
v -0.317500 0.000000 -0.483300
v -0.346400 0.033333 -0.466600
v -0.375200 0.033333 -0.450000
v -0.404100 0.033333 -0.433300
v -0.433000 0.033333 -0.416600
v -0.461800 0.066667 -0.400000
v -0.490700 0.066667 -0.383300
v -0.519600 0.066667 -0.366600
v -0.548400 0.033333 -0.350000
v -0.577300 0.033333 -0.333300
v -0.577300 0.033333 -0.300000
v -0.577300 0.066667 -0.266600
v -0.577300 0.066667 -0.233300
v -0.577300 0.066667 -0.200000
v -0.577300 0.066667 -0.166600
v -0.577300 0.033333 -0.133300
v -0.577300 0.033333 -0.100000
v -0.577300 0.033333 -0.066600
v -0.577300 0.033333 -0.033300
v -0.577300 0.033333 0.000000
v -0.577300 0.033333 0.033300
v -0.577300 0.033333 0.066600
v -0.577300 0.033333 0.100000
v -0.577300 0.000000 0.133300
v -0.577300 0.000000 0.166600
v -0.577300 0.000000 0.200000
v -0.577300 0.000000 0.233300
v -0.577300 0.000000 0.266600
v -0.577300 0.000000 0.300000
v -0.577300 0.000000 0.333300
v -0.548400 0.033333 0.350000
v -0.519600 0.033333 0.366600
v -0.490700 0.033333 0.383300
v -0.461800 0.033333 0.400000
v -0.433000 0.033333 0.416600
v -0.404100 0.033333 0.433300
v -0.375200 0.066667 0.450000
v -0.346400 0.066667 0.466600
v -0.317500 0.066667 0.483300
v -0.288600 0.066667 0.500000
v -0.259800 0.033333 0.516600
v -0.230900 0.033333 0.533300
v -0.202000 0.033333 0.550000
v -0.173200 0.033333 0.566600
v -0.144300 0.033333 0.583300
v -0.115400 0.033333 0.600000
v -0.086600 0.033333 0.616600
v -0.057700 0.000000 0.633300
v -0.028800 0.000000 0.650000
v 0.000000 0.000000 0.700000
v 0.028800 0.000000 0.683300
v 0.057700 0.033333 0.666600
v 0.086600 0.033333 0.650000
v 0.115400 0.033333 0.633300
v 0.144300 0.033333 0.616600
v 0.173200 0.033333 0.600000
v 0.202000 0.033333 0.583300
v 0.230900 0.033333 0.566600
v 0.259800 0.066667 0.550000
v 0.288600 0.033333 0.533300
v 0.317500 0.033333 0.516600
v 0.346400 0.033333 0.500000
v 0.375200 0.066667 0.483300
v 0.404100 0.066667 0.466600
v 0.433000 0.066667 0.450000
v 0.461800 0.033333 0.433300
v 0.490700 0.033333 0.416600
v 0.519600 0.033333 0.400000
v 0.548400 0.033333 0.383300
v 0.577300 0.033333 0.366600
v 0.606200 0.000000 0.350000
v 0.606200 0.000000 0.316600
v 0.606200 0.000000 0.283300
v 0.606200 0.000000 0.250000
v 0.606200 0.000000 0.216600
v 0.606200 0.000000 0.183300
v 0.606200 0.000000 0.150000
v 0.606200 0.000000 0.116600
v 0.606200 0.000000 0.083300
v 0.606200 0.000000 0.050000
v 0.606200 0.000000 0.016600
v 0.606200 0.000000 -0.016600
v 0.606200 0.000000 -0.050000
v 0.606200 0.000000 -0.083300
v 0.606200 0.033333 -0.116600
v 0.606200 0.033333 -0.150000
v 0.606200 0.066667 -0.183300
v 0.606200 0.066667 -0.216600
v 0.606200 0.066667 -0.250000
v 0.606200 0.066667 -0.283300
v 0.606200 0.066667 -0.316600
v 0.606200 0.066667 -0.350000
v 0.577300 0.066667 -0.366600
v 0.548400 0.066667 -0.383300
v 0.519600 0.066667 -0.400000
v 0.490700 0.066667 -0.416600
v 0.461800 0.066667 -0.433300
v 0.433000 0.066667 -0.450000
v 0.404100 0.066667 -0.466600
v 0.375200 0.033333 -0.483300
v 0.346400 0.033333 -0.500000
v 0.317500 0.033333 -0.516600
v 0.288600 0.033333 -0.533300
v 0.259800 0.066667 -0.550000
v 0.230900 0.066667 -0.566600
v 0.202000 0.066667 -0.583300
v 0.173200 0.066667 -0.600000
v 0.144300 0.066667 -0.616600
v 0.115400 0.033333 -0.633300
v 0.086600 0.033333 -0.650000
v 0.057700 0.033333 -0.666600
v 0.028800 0.033333 -0.683300
v 0.000000 0.033333 -0.700000
v -0.028800 0.033333 -0.683300
v -0.057700 0.033333 -0.666600
v -0.086600 0.033333 -0.650000
v -0.115400 0.033333 -0.633300
v -0.144300 0.033333 -0.616600
v -0.173200 0.000000 -0.600000
v -0.202000 0.000000 -0.583300
v -0.230900 0.000000 -0.566600
v -0.259800 0.000000 -0.550000
v -0.288600 0.000000 -0.533300
v -0.317500 0.000000 -0.516600
v -0.346400 0.033333 -0.500000
v -0.375200 0.033333 -0.483300
v -0.404100 0.033333 -0.466600
v -0.433000 0.033333 -0.450000
v -0.461800 0.033333 -0.433300
v -0.490700 0.033333 -0.416600
v -0.519600 0.033333 -0.400000
v -0.548400 0.033333 -0.383300
v -0.577300 0.033333 -0.366600
v -0.606200 0.033333 -0.350000
v -0.606200 0.033333 -0.316600
v -0.606200 0.033333 -0.283300
v -0.606200 0.033333 -0.250000
v -0.606200 0.033333 -0.216600
v -0.606200 0.033333 -0.183300
v -0.606200 0.033333 -0.150000
v -0.606200 0.033333 -0.116600
v -0.606200 0.033333 -0.083300
v -0.606200 0.033333 -0.050000
v -0.606200 0.033333 -0.016600
v -0.606200 0.033333 0.016600
v -0.606200 0.033333 0.050000
v -0.606200 0.033333 0.083300
v -0.606200 0.000000 0.116600
v -0.606200 0.000000 0.150000
v -0.606200 0.000000 0.183300
v -0.606200 0.000000 0.216600
v -0.606200 0.000000 0.250000
v -0.606200 0.000000 0.283300
v -0.606200 0.000000 0.316600
v -0.606200 0.000000 0.350000
v -0.577300 0.033333 0.366600
v -0.548400 0.033333 0.383300
v -0.519600 0.033333 0.400000
v -0.490700 0.033333 0.416600
v -0.461800 0.033333 0.433300
v -0.433000 0.033333 0.450000
v -0.404100 0.033333 0.466600
v -0.375200 0.033333 0.483300
v -0.346400 0.033333 0.500000
v -0.317500 0.033333 0.516600
v -0.288600 0.033333 0.533300
v -0.259800 0.033333 0.550000
v -0.230900 0.033333 0.566600
v -0.202000 0.033333 0.583300
v -0.173200 0.033333 0.600000
v -0.144300 0.033333 0.616600
v -0.115400 0.033333 0.633300
v -0.086600 0.033333 0.650000
v -0.057700 0.000000 0.666600
v -0.028800 0.000000 0.683300
v 0.000000 0.000000 0.733300
v 0.028800 0.033333 0.716600
v 0.057700 0.033333 0.700000
v 0.086600 0.033333 0.683300
v 0.115400 0.033333 0.666600
v 0.144300 0.033333 0.650000
v 0.173200 0.033333 0.633300
v 0.202000 0.033333 0.616600
v 0.230900 0.033333 0.600000
v 0.259800 0.033333 0.583300
v 0.288600 0.033333 0.566600
v 0.317500 0.033333 0.550000
v 0.346400 0.033333 0.533300
v 0.375200 0.033333 0.516600
v 0.404100 0.066667 0.500000
v 0.433000 0.066667 0.483300
v 0.461800 0.033333 0.466600
v 0.490700 0.033333 0.450000
v 0.519600 0.033333 0.433300
v 0.548400 0.033333 0.416600
v 0.577300 0.033333 0.400000
v 0.606200 0.033333 0.383300
v 0.635000 0.000000 0.366600
v 0.635000 0.000000 0.333300
v 0.635000 0.000000 0.300000
v 0.635000 0.000000 0.266600
v 0.635000 0.000000 0.233300
v 0.635000 0.000000 0.200000
v 0.635000 0.000000 0.166600
v 0.635000 0.000000 0.133300
v 0.635000 0.000000 0.100000
v 0.635000 0.000000 0.066600
v 0.635000 0.000000 0.033300
v 0.635000 0.000000 0.000000
v 0.635000 0.000000 -0.033300
v 0.635000 0.000000 -0.066600
v 0.635000 0.033333 -0.100000
v 0.635000 0.033333 -0.133300
v 0.635000 0.033333 -0.166600
v 0.635000 0.033333 -0.200000
v 0.635000 0.033333 -0.233300
v 0.635000 0.033333 -0.266600
v 0.635000 0.033333 -0.300000
v 0.635000 0.066667 -0.333300
v 0.635000 0.066667 -0.366600
v 0.606200 0.066667 -0.383300
v 0.577300 0.066667 -0.400000
v 0.548400 0.066667 -0.416600
v 0.519600 0.066667 -0.433300
v 0.490700 0.066667 -0.450000
v 0.461800 0.033333 -0.466600
v 0.433000 0.033333 -0.483300
v 0.404100 0.033333 -0.500000
v 0.375200 0.033333 -0.516600
v 0.346400 0.033333 -0.533300
v 0.317500 0.033333 -0.550000
v 0.288600 0.033333 -0.566600
v 0.259800 0.033333 -0.583300
v 0.230900 0.033333 -0.600000
v 0.202000 0.066667 -0.616600
v 0.173200 0.033333 -0.633300
v 0.144300 0.033333 -0.650000
v 0.115400 0.033333 -0.666600
v 0.086600 0.033333 -0.683300
v 0.057700 0.033333 -0.700000
v 0.028800 0.033333 -0.716600
v 0.000000 0.033333 -0.733300
v -0.028800 0.033333 -0.716600
v -0.057700 0.033333 -0.700000
v -0.086600 0.033333 -0.683300
v -0.115400 0.033333 -0.666600
v -0.144300 0.033333 -0.650000
v -0.173200 0.000000 -0.633300
v -0.202000 0.000000 -0.616600
v -0.230900 0.000000 -0.600000
v -0.259800 0.000000 -0.583300
v -0.288600 0.000000 -0.566600
v -0.317500 0.000000 -0.550000
v -0.346400 0.000000 -0.533300
v -0.375200 0.033333 -0.516600
v -0.404100 0.033333 -0.500000
v -0.433000 0.033333 -0.483300
v -0.461800 0.033333 -0.466600
v -0.490700 0.033333 -0.450000
v -0.519600 0.033333 -0.433300
v -0.548400 0.033333 -0.416600
v -0.577300 0.033333 -0.400000
v -0.606200 0.033333 -0.383300
v -0.635000 0.033333 -0.366600
v -0.635000 0.033333 -0.333300
v -0.635000 0.033333 -0.300000
v -0.635000 0.033333 -0.266600
v -0.635000 0.033333 -0.233300
v -0.635000 0.033333 -0.200000
v -0.635000 0.033333 -0.166600
v -0.635000 0.033333 -0.133300
v -0.635000 0.033333 -0.100000
v -0.635000 0.033333 -0.066600
v -0.635000 0.033333 -0.033300
v -0.635000 0.033333 0.000000
v -0.635000 0.033333 0.033300
v -0.635000 0.033333 0.066600
v -0.635000 0.000000 0.100000
v -0.635000 0.000000 0.133300
v -0.635000 0.000000 0.166600
v -0.635000 0.000000 0.200000
v -0.635000 0.000000 0.233300
v -0.635000 0.000000 0.266600
v -0.635000 0.000000 0.300000
v -0.635000 0.000000 0.333300
v -0.635000 0.000000 0.366600
v -0.606200 0.000000 0.383300
v -0.577300 0.033333 0.400000
v -0.548400 0.033333 0.416600
v -0.519600 0.033333 0.433300
v -0.490700 0.033333 0.450000
v -0.461800 0.033333 0.466600
v -0.433000 0.033333 0.483300
v -0.404100 0.033333 0.500000
v -0.375200 0.033333 0.516600
v -0.346400 0.033333 0.533300
v -0.317500 0.033333 0.550000
v -0.288600 0.033333 0.566600
v -0.259800 0.033333 0.583300
v -0.230900 0.033333 0.600000
v -0.202000 0.033333 0.616600
v -0.173200 0.033333 0.633300
v -0.144300 0.033333 0.650000
v -0.115400 0.033333 0.666600
v -0.086600 0.000000 0.683300
v -0.057700 0.000000 0.700000
v -0.028800 0.000000 0.716600
v 0.000000 0.000000 0.766600
v 0.028800 0.033333 0.750000
v 0.057700 0.033333 0.733300
v 0.086600 0.033333 0.716600
v 0.115400 0.033333 0.700000
v 0.144300 0.033333 0.683300
v 0.173200 0.033333 0.666600
v 0.202000 0.033333 0.650000
v 0.230900 0.033333 0.633300
v 0.259800 0.033333 0.616600
v 0.288600 0.033333 0.600000
v 0.317500 0.033333 0.583300
v 0.346400 0.033333 0.566600
v 0.375200 0.033333 0.550000
v 0.404100 0.033333 0.533300
v 0.433000 0.033333 0.516600
v 0.461800 0.033333 0.500000
v 0.490700 0.033333 0.483300
v 0.519600 0.033333 0.466600
v 0.548400 0.033333 0.450000
v 0.577300 0.033333 0.433300
v 0.606200 0.033333 0.416600
v 0.635000 0.000000 0.400000
v 0.663900 0.000000 0.383300
v 0.663900 0.000000 0.350000
v 0.663900 0.000000 0.316600
v 0.663900 0.000000 0.283300
v 0.663900 0.000000 0.250000
v 0.663900 0.000000 0.216600
v 0.663900 0.000000 0.183300
v 0.663900 0.000000 0.150000
v 0.663900 0.000000 0.116600
v 0.663900 0.000000 0.083300
v 0.663900 0.000000 0.050000
v 0.663900 0.000000 0.016600
v 0.663900 0.000000 -0.016600
v 0.663900 0.000000 -0.050000
v 0.663900 0.000000 -0.083300
v 0.663900 0.033333 -0.116600
v 0.663900 0.033333 -0.150000
v 0.663900 0.033333 -0.183300
v 0.663900 0.033333 -0.216600
v 0.663900 0.033333 -0.250000
v 0.663900 0.033333 -0.283300
v 0.663900 0.033333 -0.316600
v 0.663900 0.033333 -0.350000
v 0.663900 0.033333 -0.383300
v 0.635000 0.033333 -0.400000
v 0.606200 0.066667 -0.416600
v 0.577300 0.033333 -0.433300
v 0.548400 0.033333 -0.450000
v 0.519600 0.033333 -0.466600
v 0.490700 0.033333 -0.483300
v 0.461800 0.033333 -0.500000
v 0.433000 0.033333 -0.516600
v 0.404100 0.033333 -0.533300
v 0.375200 0.033333 -0.550000
v 0.346400 0.033333 -0.566600
v 0.317500 0.033333 -0.583300
v 0.288600 0.033333 -0.600000
v 0.259800 0.033333 -0.616600
v 0.230900 0.033333 -0.633300
v 0.202000 0.033333 -0.650000
v 0.173200 0.033333 -0.666600
v 0.144300 0.033333 -0.683300
v 0.115400 0.033333 -0.700000
v 0.086600 0.033333 -0.716600
v 0.057700 0.033333 -0.733300
v 0.028800 0.033333 -0.750000
v 0.000000 0.033333 -0.766600
v -0.028800 0.033333 -0.750000
v -0.057700 0.033333 -0.733300
v -0.086600 0.033333 -0.716600
v -0.115400 0.033333 -0.700000
v -0.144300 0.033333 -0.683300
v -0.173200 0.000000 -0.666600
v -0.202000 0.000000 -0.650000
v -0.230900 0.000000 -0.633300
v -0.259800 0.000000 -0.616600
v -0.288600 0.000000 -0.600000
v -0.317500 0.000000 -0.583300
v -0.346400 0.000000 -0.566600
v -0.375200 0.000000 -0.550000
v -0.404100 0.033333 -0.533300
v -0.433000 0.033333 -0.516600
v -0.461800 0.033333 -0.500000
v -0.490700 0.033333 -0.483300
v -0.519600 0.033333 -0.466600
v -0.548400 0.033333 -0.450000
v -0.577300 0.033333 -0.433300
v -0.606200 0.033333 -0.416600
v -0.635000 0.033333 -0.400000
v -0.663900 0.033333 -0.383300
v -0.663900 0.033333 -0.350000
v -0.663900 0.033333 -0.316600
v -0.663900 0.033333 -0.283300
v -0.663900 0.033333 -0.250000
v -0.663900 0.033333 -0.216600
v -0.663900 0.033333 -0.183300
v -0.663900 0.033333 -0.150000
v -0.663900 0.033333 -0.116600
v -0.663900 0.033333 -0.083300
v -0.663900 0.033333 -0.050000
v -0.663900 0.033333 -0.016600
v -0.663900 0.033333 0.016600
v -0.663900 0.033333 0.050000
v -0.663900 0.000000 0.083300
v -0.663900 0.000000 0.116600
v -0.663900 0.000000 0.150000
v -0.663900 0.000000 0.183300
v -0.663900 0.000000 0.216600
v -0.663900 0.000000 0.250000
v -0.663900 0.000000 0.283300
v -0.663900 0.000000 0.316600
v -0.663900 0.000000 0.350000
v -0.663900 0.000000 0.383300
v -0.635000 0.000000 0.400000
v -0.606200 0.000000 0.416600
v -0.577300 0.033333 0.433300
v -0.548400 0.033333 0.450000
v -0.519600 0.033333 0.466600
v -0.490700 0.033333 0.483300
v -0.461800 0.033333 0.500000
v -0.433000 0.033333 0.516600
v -0.404100 0.033333 0.533300
v -0.375200 0.033333 0.550000
v -0.346400 0.033333 0.566600
v -0.317500 0.033333 0.583300
v -0.288600 0.033333 0.600000
v -0.259800 0.033333 0.616600
v -0.230900 0.033333 0.633300
v -0.202000 0.033333 0.650000
v -0.173200 0.033333 0.666600
v -0.144300 0.033333 0.683300
v -0.115400 0.033333 0.700000
v -0.086600 0.000000 0.716600
v -0.057700 0.000000 0.733300
v -0.028800 0.000000 0.750000
v 0.000000 0.000000 0.800000
v 0.028800 0.000000 0.783300
v 0.057700 0.033333 0.766600
v 0.086600 0.033333 0.750000
v 0.115400 0.033333 0.733300
v 0.144300 0.033333 0.716600
v 0.173200 0.033333 0.700000
v 0.202000 0.033333 0.683300
v 0.230900 0.033333 0.666600
v 0.259800 0.033333 0.650000
v 0.288600 0.033333 0.633300
v 0.317500 0.033333 0.616600
v 0.346400 0.033333 0.600000
v 0.375200 0.033333 0.583300
v 0.404100 0.033333 0.566600
v 0.433000 0.033333 0.550000
v 0.461800 0.033333 0.533300
v 0.490700 0.033333 0.516600
v 0.519600 0.033333 0.500000
v 0.548400 0.033333 0.483300
v 0.577300 0.033333 0.466600
v 0.606200 0.033333 0.450000
v 0.635000 0.033333 0.433300
v 0.663900 0.000000 0.416600
v 0.692800 0.000000 0.400000
v 0.692800 0.000000 0.366600
v 0.692800 0.000000 0.333300
v 0.692800 0.000000 0.300000
v 0.692800 0.000000 0.266600
v 0.692800 0.000000 0.233300
v 0.692800 0.000000 0.200000
v 0.692800 0.000000 0.166600
v 0.692800 0.000000 0.133300
v 0.692800 0.000000 0.100000
v 0.692800 0.000000 0.066600
v 0.692800 0.000000 0.033300
v 0.692800 0.000000 0.000000
v 0.692800 0.000000 -0.033300
v 0.692800 0.000000 -0.066600
v 0.692800 0.033333 -0.100000
v 0.692800 0.033333 -0.133300
v 0.692800 0.033333 -0.166600
v 0.692800 0.033333 -0.200000
v 0.692800 0.033333 -0.233300
v 0.692800 0.033333 -0.266600
v 0.692800 0.033333 -0.300000
v 0.692800 0.033333 -0.333300
v 0.692800 0.033333 -0.366600
v 0.692800 0.033333 -0.400000
v 0.663900 0.033333 -0.416600
v 0.635000 0.033333 -0.433300
v 0.606200 0.033333 -0.450000
v 0.577300 0.033333 -0.466600
v 0.548400 0.033333 -0.483300
v 0.519600 0.033333 -0.500000
v 0.490700 0.033333 -0.516600
v 0.461800 0.033333 -0.533300
v 0.433000 0.033333 -0.550000
v 0.404100 0.033333 -0.566600
v 0.375200 0.033333 -0.583300
v 0.346400 0.033333 -0.600000
v 0.317500 0.033333 -0.616600
v 0.288600 0.033333 -0.633300
v 0.259800 0.033333 -0.650000
v 0.230900 0.033333 -0.666600
v 0.202000 0.033333 -0.683300
v 0.173200 0.033333 -0.700000
v 0.144300 0.033333 -0.716600
v 0.115400 0.033333 -0.733300
v 0.086600 0.033333 -0.750000
v 0.057700 0.033333 -0.766600
v 0.028800 0.033333 -0.783300
v 0.000000 0.033333 -0.800000
v -0.028800 0.033333 -0.783300
v -0.057700 0.033333 -0.766600
v -0.086600 0.033333 -0.750000
v -0.115400 0.033333 -0.733300
v -0.144300 0.033333 -0.716600
v -0.173200 0.033333 -0.700000
v -0.202000 0.000000 -0.683300
v -0.230900 0.000000 -0.666600
v -0.259800 0.000000 -0.650000
v -0.288600 0.000000 -0.633300
v -0.317500 0.000000 -0.616600
v -0.346400 0.000000 -0.600000
v -0.375200 0.000000 -0.583300
v -0.404100 0.000000 -0.566600
v -0.433000 0.033333 -0.550000
v -0.461800 0.033333 -0.533300
v -0.490700 0.033333 -0.516600
v -0.519600 0.033333 -0.500000
v -0.548400 0.033333 -0.483300
v -0.577300 0.033333 -0.466600
v -0.606200 0.033333 -0.450000
v -0.635000 0.033333 -0.433300
v -0.663900 0.033333 -0.416600
v -0.692800 0.033333 -0.400000
v -0.692800 0.033333 -0.366600
v -0.692800 0.033333 -0.333300
v -0.692800 0.033333 -0.300000
v -0.692800 0.033333 -0.266600
v -0.692800 0.033333 -0.233300
v -0.692800 0.033333 -0.200000
v -0.692800 0.033333 -0.166600
v -0.692800 0.033333 -0.133300
v -0.692800 0.033333 -0.100000
v -0.692800 0.033333 -0.066600
v -0.692800 0.033333 -0.033300
v -0.692800 0.033333 0.000000
v -0.692800 0.033333 0.033300
v -0.692800 0.000000 0.066600
v -0.692800 0.000000 0.100000
v -0.692800 0.000000 0.133300
v -0.692800 0.000000 0.166600
v -0.692800 0.000000 0.200000
v -0.692800 0.000000 0.233300
v -0.692800 0.000000 0.266600
v -0.692800 0.000000 0.300000
v -0.692800 0.000000 0.333300
v -0.692800 0.000000 0.366600
v -0.692800 0.000000 0.400000
v -0.663900 0.000000 0.416600
v -0.635000 0.000000 0.433300
v -0.606200 0.000000 0.450000
v -0.577300 0.033333 0.466600
v -0.548400 0.033333 0.483300
v -0.519600 0.033333 0.500000
v -0.490700 0.033333 0.516600
v -0.461800 0.033333 0.533300
v -0.433000 0.033333 0.550000
v -0.404100 0.033333 0.566600
v -0.375200 0.033333 0.583300
v -0.346400 0.033333 0.600000
v -0.317500 0.033333 0.616600
v -0.288600 0.033333 0.633300
v -0.259800 0.033333 0.650000
v -0.230900 0.033333 0.666600
v -0.202000 0.033333 0.683300
v -0.173200 0.033333 0.700000
v -0.144300 0.033333 0.716600
v -0.115400 0.000000 0.733300
v -0.086600 0.000000 0.750000
v -0.057700 0.000000 0.766600
v -0.028800 0.000000 0.783300
v 0.000000 0.000000 0.833300
v 0.028800 0.000000 0.816600
v 0.057700 0.033333 0.800000
v 0.086600 0.033333 0.783300
v 0.115400 0.033333 0.766600
v 0.144300 0.033333 0.750000
v 0.173200 0.033333 0.733300
v 0.202000 0.033333 0.716600
v 0.230900 0.033333 0.700000
v 0.259800 0.033333 0.683300
v 0.288600 0.033333 0.666600
v 0.317500 0.033333 0.650000
v 0.346400 0.033333 0.633300
v 0.375200 0.033333 0.616600
v 0.404100 0.033333 0.600000
v 0.433000 0.033333 0.583300
v 0.461800 0.033333 0.566600
v 0.490700 0.033333 0.550000
v 0.519600 0.033333 0.533300
v 0.548400 0.033333 0.516600
v 0.577300 0.033333 0.500000
v 0.606200 0.033333 0.483300
v 0.635000 0.033333 0.466600
v 0.663900 0.000000 0.450000
v 0.692800 0.000000 0.433300
v 0.721600 0.000000 0.416600
v 0.721600 0.000000 0.383300
v 0.721600 0.000000 0.350000
v 0.721600 0.000000 0.316600
v 0.721600 0.000000 0.283300
v 0.721600 0.000000 0.250000
v 0.721600 0.000000 0.216600
v 0.721600 0.000000 0.183300
v 0.721600 0.000000 0.150000
v 0.721600 0.000000 0.116600
v 0.721600 0.000000 0.083300
v 0.721600 0.000000 0.050000
v 0.721600 0.000000 0.016600
v 0.721600 0.000000 -0.016600
v 0.721600 0.000000 -0.050000
v 0.721600 0.033333 -0.083300
v 0.721600 0.033333 -0.116600
v 0.721600 0.033333 -0.150000
v 0.721600 0.033333 -0.183300
v 0.721600 0.033333 -0.216600
v 0.721600 0.033333 -0.250000
v 0.721600 0.033333 -0.283300
v 0.721600 0.033333 -0.316600
v 0.721600 0.033333 -0.350000
v 0.721600 0.033333 -0.383300
v 0.721600 0.033333 -0.416600
v 0.692800 0.033333 -0.433300
v 0.663900 0.033333 -0.450000
v 0.635000 0.033333 -0.466600
v 0.606200 0.033333 -0.483300
v 0.577300 0.033333 -0.500000
v 0.548400 0.033333 -0.516600
v 0.519600 0.033333 -0.533300
v 0.490700 0.033333 -0.550000
v 0.461800 0.033333 -0.566600
v 0.433000 0.000000 -0.583300
v 0.404100 0.000000 -0.600000
v 0.375200 0.033333 -0.616600
v 0.346400 0.033333 -0.633300
v 0.317500 0.033333 -0.650000
v 0.288600 0.033333 -0.666600
v 0.259800 0.033333 -0.683300
v 0.230900 0.033333 -0.700000
v 0.202000 0.033333 -0.716600
v 0.173200 0.033333 -0.733300
v 0.144300 0.033333 -0.750000
v 0.115400 0.033333 -0.766600
v 0.086600 0.033333 -0.783300
v 0.057700 0.033333 -0.800000
v 0.028800 0.033333 -0.816600
v 0.000000 0.033333 -0.833300
v -0.028800 0.033333 -0.816600
v -0.057700 0.033333 -0.800000
v -0.086600 0.033333 -0.783300
v -0.115400 0.033333 -0.766600
v -0.144300 0.033333 -0.750000
v -0.173200 0.033333 -0.733300
v -0.202000 0.000000 -0.716600
v -0.230900 0.000000 -0.700000
v -0.259800 0.000000 -0.683300
v -0.288600 0.000000 -0.666600
v -0.317500 0.000000 -0.650000
v -0.346400 0.000000 -0.633300
v -0.375200 0.000000 -0.616600
v -0.404100 0.000000 -0.600000
v -0.433000 0.033333 -0.583300
v -0.461800 0.033333 -0.566600
v -0.490700 0.033333 -0.550000
v -0.519600 0.033333 -0.533300
v -0.548400 0.033333 -0.516600
v -0.577300 0.033333 -0.500000
v -0.606200 0.033333 -0.483300
v -0.635000 0.033333 -0.466600
v -0.663900 0.033333 -0.450000
v -0.692800 0.033333 -0.433300
v -0.721600 0.033333 -0.416600
v -0.721600 0.033333 -0.383300
v -0.721600 0.033333 -0.350000
v -0.721600 0.033333 -0.316600
v -0.721600 0.033333 -0.283300
v -0.721600 0.033333 -0.250000
v -0.721600 0.033333 -0.216600
v -0.721600 0.033333 -0.183300
v -0.721600 0.033333 -0.150000
v -0.721600 0.033333 -0.116600
v -0.721600 0.033333 -0.083300
v -0.721600 0.033333 -0.050000
v -0.721600 0.033333 -0.016600
v -0.721600 0.033333 0.016600
v -0.721600 0.000000 0.050000
v -0.721600 0.000000 0.083300
v -0.721600 0.000000 0.116600
v -0.721600 0.000000 0.150000
v -0.721600 0.000000 0.183300
v -0.721600 0.000000 0.216600
v -0.721600 0.000000 0.250000
v -0.721600 0.000000 0.283300
v -0.721600 0.000000 0.316600
v -0.721600 0.000000 0.350000
v -0.721600 0.000000 0.383300
v -0.721600 0.000000 0.416600
v -0.692800 0.000000 0.433300
v -0.663900 0.000000 0.450000
v -0.635000 0.000000 0.466600
v -0.606200 0.000000 0.483300
v -0.577300 0.033333 0.500000
v -0.548400 0.033333 0.516600
v -0.519600 0.033333 0.533300
v -0.490700 0.033333 0.550000
v -0.461800 0.033333 0.566600
v -0.433000 0.033333 0.583300
v -0.404100 0.033333 0.600000
v -0.375200 0.033333 0.616600
v -0.346400 0.033333 0.633300
v -0.317500 0.033333 0.650000
v -0.288600 0.033333 0.666600
v -0.259800 0.033333 0.683300
v -0.230900 0.033333 0.700000
v -0.202000 0.033333 0.716600
v -0.173200 0.033333 0.733300
v -0.144300 0.033333 0.750000
v -0.115400 0.000000 0.766600
v -0.086600 0.000000 0.783300
v -0.057700 0.000000 0.800000
v -0.028800 0.000000 0.816600
v 0.000000 0.000000 0.866600
v 0.028800 0.000000 0.850000
v 0.057700 0.000000 0.833300
v 0.086600 0.033333 0.816600
v 0.115400 0.033333 0.800000
v 0.144300 0.033333 0.783300
v 0.173200 0.033333 0.766600
v 0.202000 0.033333 0.750000
v 0.230900 0.033333 0.733300
v 0.259800 0.033333 0.716600
v 0.288600 0.033333 0.700000
v 0.317500 0.033333 0.683300
v 0.346400 0.033333 0.666600
v 0.375200 0.033333 0.650000
v 0.404100 0.033333 0.633300
v 0.433000 0.033333 0.616600
v 0.461800 0.033333 0.600000
v 0.490700 0.033333 0.583300
v 0.519600 0.033333 0.566600
v 0.548400 0.033333 0.550000
v 0.577300 0.033333 0.533300
v 0.606200 0.033333 0.516600
v 0.635000 0.033333 0.500000
v 0.663900 0.033333 0.483300
v 0.692800 0.000000 0.466600
v 0.721600 0.000000 0.450000
v 0.750500 0.000000 0.433300
v 0.750500 0.000000 0.400000
v 0.750500 0.000000 0.366600
v 0.750500 0.000000 0.333300
v 0.750500 0.000000 0.300000
v 0.750500 0.000000 0.266600
v 0.750500 0.000000 0.233300
v 0.750500 0.000000 0.200000
v 0.750500 0.000000 0.166600
v 0.750500 0.000000 0.133300
v 0.750500 0.000000 0.100000
v 0.750500 0.000000 0.066600
v 0.750500 0.000000 0.033300
v 0.750500 0.000000 0.000000
v 0.750500 0.000000 -0.033300
v 0.750500 0.000000 -0.066600
v 0.750500 0.033333 -0.100000
v 0.750500 0.033333 -0.133300
v 0.750500 0.033333 -0.166600
v 0.750500 0.033333 -0.200000
v 0.750500 0.033333 -0.233300
v 0.750500 0.033333 -0.266600
v 0.750500 0.033333 -0.300000
v 0.750500 0.033333 -0.333300
v 0.750500 0.033333 -0.366600
v 0.750500 0.033333 -0.400000
v 0.750500 0.033333 -0.433300
v 0.721600 0.033333 -0.450000
v 0.692800 0.033333 -0.466600
v 0.663900 0.033333 -0.483300
v 0.635000 0.033333 -0.500000
v 0.606200 0.033333 -0.516600
v 0.577300 0.033333 -0.533300
v 0.548400 0.033333 -0.550000
v 0.519600 0.033333 -0.566600
v 0.490700 0.033333 -0.583300
v 0.461800 0.000000 -0.600000
v 0.433000 0.000000 -0.616600
v 0.404100 0.000000 -0.633300
v 0.375200 0.033333 -0.650000
v 0.346400 0.033333 -0.666600
v 0.317500 0.033333 -0.683300
v 0.288600 0.033333 -0.700000
v 0.259800 0.033333 -0.716600
v 0.230900 0.033333 -0.733300
v 0.202000 0.033333 -0.750000
v 0.173200 0.033333 -0.766600
v 0.144300 0.033333 -0.783300
v 0.115400 0.033333 -0.800000
v 0.086600 0.033333 -0.816600
v 0.057700 0.033333 -0.833300
v 0.028800 0.033333 -0.850000
v 0.000000 0.033333 -0.866600
v -0.028800 0.033333 -0.850000
v -0.057700 0.033333 -0.833300
v -0.086600 0.033333 -0.816600
v -0.115400 0.033333 -0.800000
v -0.144300 0.000000 -0.783300
v -0.173200 0.000000 -0.766600
v -0.202000 0.000000 -0.750000
v -0.230900 0.000000 -0.733300
v -0.259800 0.000000 -0.716600
v -0.288600 0.000000 -0.700000
v -0.317500 0.000000 -0.683300
v -0.346400 0.000000 -0.666600
v -0.375200 0.000000 -0.650000
v -0.404100 0.000000 -0.633300
v -0.433000 0.000000 -0.616600
v -0.461800 0.033333 -0.600000
v -0.490700 0.033333 -0.583300
v -0.519600 0.033333 -0.566600
v -0.548400 0.033333 -0.550000
v -0.577300 0.033333 -0.533300
v -0.606200 0.033333 -0.516600
v -0.635000 0.033333 -0.500000
v -0.663900 0.033333 -0.483300
v -0.692800 0.033333 -0.466600
v -0.721600 0.033333 -0.450000
v -0.750500 0.033333 -0.433300
v -0.750500 0.033333 -0.400000
v -0.750500 0.033333 -0.366600
v -0.750500 0.033333 -0.333300
v -0.750500 0.033333 -0.300000
v -0.750500 0.033333 -0.266600
v -0.750500 0.033333 -0.233300
v -0.750500 0.033333 -0.200000
v -0.750500 0.033333 -0.166600
v -0.750500 0.033333 -0.133300
v -0.750500 0.033333 -0.100000
v -0.750500 0.033333 -0.066600
v -0.750500 0.033333 -0.033300
v -0.750500 0.033333 0.000000
v -0.750500 0.000000 0.033300
v -0.750500 0.000000 0.066600
v -0.750500 0.000000 0.100000
v -0.750500 0.000000 0.133300
v -0.750500 0.000000 0.166600
v -0.750500 0.000000 0.200000
v -0.750500 0.000000 0.233300
v -0.750500 0.000000 0.266600
v -0.750500 0.000000 0.300000
v -0.750500 0.000000 0.333300
v -0.750500 0.000000 0.366600
v -0.750500 0.000000 0.400000
v -0.750500 0.000000 0.433300
v -0.721600 0.000000 0.450000
v -0.692800 0.000000 0.466600
v -0.663900 0.000000 0.483300
v -0.635000 0.000000 0.500000
v -0.606200 0.033333 0.516600
v -0.577300 0.033333 0.533300
v -0.548400 0.033333 0.550000
v -0.519600 0.033333 0.566600
v -0.490700 0.033333 0.583300
v -0.461800 0.033333 0.600000
v -0.433000 0.033333 0.616600
v -0.404100 0.033333 0.633300
v -0.375200 0.033333 0.650000
v -0.346400 0.033333 0.666600
v -0.317500 0.033333 0.683300
v -0.288600 0.033333 0.700000
v -0.259800 0.033333 0.716600
v -0.230900 0.033333 0.733300
v -0.202000 0.033333 0.750000
v -0.173200 0.033333 0.766600
v -0.144300 0.033333 0.783300
v -0.115400 0.000000 0.800000
v -0.086600 0.000000 0.816600
v -0.057700 0.000000 0.833300
v -0.028800 0.000000 0.850000
v 0.000000 0.000000 0.900000
v 0.028800 0.000000 0.883300
v 0.057700 0.000000 0.866600
v 0.086600 0.000000 0.850000
v 0.115400 0.033333 0.833300
v 0.144300 0.033333 0.816600
v 0.173200 0.033333 0.800000
v 0.202000 0.033333 0.783300
v 0.230900 0.033333 0.766600
v 0.259800 0.033333 0.750000
v 0.288600 0.033333 0.733300
v 0.317500 0.033333 0.716600
v 0.346400 0.033333 0.700000
v 0.375200 0.033333 0.683300
v 0.404100 0.033333 0.666600
v 0.433000 0.033333 0.650000
v 0.461800 0.033333 0.633300
v 0.490700 0.033333 0.616600
v 0.519600 0.033333 0.600000
v 0.548400 0.033333 0.583300
v 0.577300 0.033333 0.566600
v 0.606200 0.033333 0.550000
v 0.635000 0.033333 0.533300
v 0.663900 0.033333 0.516600
v 0.692800 0.000000 0.500000
v 0.721600 0.000000 0.483300
v 0.750500 0.000000 0.466600
v 0.779400 0.000000 0.450000
v 0.779400 0.000000 0.416600
v 0.779400 0.000000 0.383300
v 0.779400 0.000000 0.350000
v 0.779400 0.000000 0.316600
v 0.779400 0.000000 0.283300
v 0.779400 0.000000 0.250000
v 0.779400 0.000000 0.216600
v 0.779400 0.000000 0.183300
v 0.779400 0.000000 0.150000
v 0.779400 0.000000 0.116600
v 0.779400 0.000000 0.083300
v 0.779400 0.000000 0.050000
v 0.779400 0.000000 0.016600
v 0.779400 0.000000 -0.016600
v 0.779400 0.000000 -0.050000
v 0.779400 0.000000 -0.083300
v 0.779400 0.000000 -0.116600
v 0.779400 0.033333 -0.150000
v 0.779400 0.033333 -0.183300
v 0.779400 0.033333 -0.216600
v 0.779400 0.033333 -0.250000
v 0.779400 0.033333 -0.283300
v 0.779400 0.033333 -0.316600
v 0.779400 0.033333 -0.350000
v 0.779400 0.033333 -0.383300
v 0.779400 0.033333 -0.416600
v 0.779400 0.033333 -0.450000
v 0.750500 0.033333 -0.466600
v 0.721600 0.033333 -0.483300
v 0.692800 0.033333 -0.500000
v 0.663900 0.033333 -0.516600
v 0.635000 0.033333 -0.533300
v 0.606200 0.033333 -0.550000
v 0.577300 0.033333 -0.566600
v 0.548400 0.033333 -0.583300
v 0.519600 0.000000 -0.600000
v 0.490700 0.000000 -0.616600
v 0.461800 0.000000 -0.633300
v 0.433000 0.000000 -0.650000
v 0.404100 0.000000 -0.666600
v 0.375200 0.033333 -0.683300
v 0.346400 0.033333 -0.700000
v 0.317500 0.033333 -0.716600
v 0.288600 0.033333 -0.733300
v 0.259800 0.033333 -0.750000
v 0.230900 0.033333 -0.766600
v 0.202000 0.033333 -0.783300
v 0.173200 0.033333 -0.800000
v 0.144300 0.033333 -0.816600
v 0.115400 0.033333 -0.833300
v 0.086600 0.033333 -0.850000
v 0.057700 0.033333 -0.866600
v 0.028800 0.033333 -0.883300
v 0.000000 0.000000 -0.900000
v -0.028800 0.000000 -0.883300
v -0.057700 0.000000 -0.866600
v -0.086600 0.000000 -0.850000
v -0.115400 0.000000 -0.833300
v -0.144300 0.000000 -0.816600
v -0.173200 0.000000 -0.800000
v -0.202000 0.000000 -0.783300
v -0.230900 0.000000 -0.766600
v -0.259800 0.000000 -0.750000
v -0.288600 0.000000 -0.733300
v -0.317500 0.000000 -0.716600
v -0.346400 0.000000 -0.700000
v -0.375200 0.000000 -0.683300
v -0.404100 0.000000 -0.666600
v -0.433000 0.000000 -0.650000
v -0.461800 0.000000 -0.633300
v -0.490700 0.000000 -0.616600
v -0.519600 0.000000 -0.600000
v -0.548400 0.033333 -0.583300
v -0.577300 0.033333 -0.566600
v -0.606200 0.033333 -0.550000
v -0.635000 0.033333 -0.533300
v -0.663900 0.033333 -0.516600
v -0.692800 0.033333 -0.500000
v -0.721600 0.033333 -0.483300
v -0.750500 0.033333 -0.466600
v -0.779400 0.033333 -0.450000
v -0.779400 0.033333 -0.416600
v -0.779400 0.033333 -0.383300
v -0.779400 0.033333 -0.350000
v -0.779400 0.033333 -0.316600
v -0.779400 0.033333 -0.283300
v -0.779400 0.033333 -0.250000
v -0.779400 0.033333 -0.216600
v -0.779400 0.033333 -0.183300
v -0.779400 0.033333 -0.150000
v -0.779400 0.033333 -0.116600
v -0.779400 0.033333 -0.083300
v -0.779400 0.033333 -0.050000
v -0.779400 0.033333 -0.016600
v -0.779400 0.000000 0.016600
v -0.779400 0.000000 0.050000
v -0.779400 0.000000 0.083300
v -0.779400 0.000000 0.116600
v -0.779400 0.000000 0.150000
v -0.779400 0.000000 0.183300
v -0.779400 0.000000 0.216600
v -0.779400 0.000000 0.250000
v -0.779400 0.000000 0.283300
v -0.779400 0.000000 0.316600
v -0.779400 0.000000 0.350000
v -0.779400 0.000000 0.383300
v -0.779400 0.000000 0.416600
v -0.779400 0.000000 0.450000
v -0.750500 0.000000 0.466600
v -0.721600 0.000000 0.483300
v -0.692800 0.000000 0.500000
v -0.663900 0.000000 0.516600
v -0.635000 0.000000 0.533300
v -0.606200 0.033333 0.550000
v -0.577300 0.033333 0.566600
v -0.548400 0.033333 0.583300
v -0.519600 0.033333 0.600000
v -0.490700 0.033333 0.616600
v -0.461800 0.033333 0.633300
v -0.433000 0.033333 0.650000
v -0.404100 0.033333 0.666600
v -0.375200 0.033333 0.683300
v -0.346400 0.033333 0.700000
v -0.317500 0.033333 0.716600
v -0.288600 0.033333 0.733300
v -0.259800 0.033333 0.750000
v -0.230900 0.033333 0.766600
v -0.202000 0.033333 0.783300
v -0.173200 0.000000 0.800000
v -0.144300 0.000000 0.816600
v -0.115400 0.000000 0.833300
v -0.086600 0.000000 0.850000
v -0.057700 0.000000 0.866600
v -0.028800 0.000000 0.883300
v 0.000000 0.000000 0.933300
v 0.028800 0.000000 0.916600
v 0.057700 0.000000 0.900000
v 0.086600 0.000000 0.883300
v 0.115400 0.000000 0.866600
v 0.144300 0.033333 0.850000
v 0.173200 0.033333 0.833300
v 0.202000 0.033333 0.816600
v 0.230900 0.033333 0.800000
v 0.259800 0.033333 0.783300
v 0.288600 0.033333 0.766600
v 0.317500 0.033333 0.750000
v 0.346400 0.033333 0.733300
v 0.375200 0.033333 0.716600
v 0.404100 0.033333 0.700000
v 0.433000 0.033333 0.683300
v 0.461800 0.033333 0.666600
v 0.490700 0.033333 0.650000
v 0.519600 0.033333 0.633300
v 0.548400 0.033333 0.616600
v 0.577300 0.033333 0.600000
v 0.606200 0.033333 0.583300
v 0.635000 0.033333 0.566600
v 0.663900 0.000000 0.550000
v 0.692800 0.033333 0.533300
v 0.721600 0.000000 0.516600
v 0.750500 0.000000 0.500000
v 0.779400 0.000000 0.483300
v 0.808200 0.000000 0.466600
v 0.808200 0.000000 0.433300
v 0.808200 0.000000 0.400000
v 0.808200 0.000000 0.366600
v 0.808200 0.000000 0.333300
v 0.808200 0.000000 0.300000
v 0.808200 0.000000 0.266600
v 0.808200 0.000000 0.233300
v 0.808200 0.000000 0.200000
v 0.808200 0.000000 0.166600
v 0.808200 0.000000 0.133300
v 0.808200 0.000000 0.100000
v 0.808200 0.000000 0.066600
v 0.808200 0.000000 0.033300
v 0.808200 0.000000 0.000000
v 0.808200 0.000000 -0.033300
v 0.808200 0.000000 -0.066600
v 0.808200 0.000000 -0.100000
v 0.808200 0.000000 -0.133300
v 0.808200 0.033333 -0.166600
v 0.808200 0.033333 -0.200000
v 0.808200 0.033333 -0.233300
v 0.808200 0.033333 -0.266600
v 0.808200 0.033333 -0.300000
v 0.808200 0.033333 -0.333300
v 0.808200 0.033333 -0.366600
v 0.808200 0.033333 -0.400000
v 0.808200 0.033333 -0.433300
v 0.808200 0.033333 -0.466600
v 0.779400 0.033333 -0.483300
v 0.750500 0.033333 -0.500000
v 0.721600 0.033333 -0.516600
v 0.692800 0.033333 -0.533300
v 0.663900 0.033333 -0.550000
v 0.635000 0.033333 -0.566600
v 0.606200 0.033333 -0.583300
v 0.577300 0.033333 -0.600000
v 0.548400 0.000000 -0.616600
v 0.519600 0.000000 -0.633300
v 0.490700 0.000000 -0.650000
v 0.461800 0.000000 -0.666600
v 0.433000 0.000000 -0.683300
v 0.404100 0.000000 -0.700000
v 0.375200 0.033333 -0.716600
v 0.346400 0.033333 -0.733300
v 0.317500 0.033333 -0.750000
v 0.288600 0.033333 -0.766600
v 0.259800 0.033333 -0.783300
v 0.230900 0.033333 -0.800000
v 0.202000 0.033333 -0.816600
v 0.173200 0.033333 -0.833300
v 0.144300 0.033333 -0.850000
v 0.115400 0.033333 -0.866600
v 0.086600 0.033333 -0.883300
v 0.057700 0.033333 -0.900000
v 0.028800 0.000000 -0.916600
v 0.000000 0.000000 -0.933300
v -0.028800 0.000000 -0.916600
v -0.057700 0.000000 -0.900000
v -0.086600 0.000000 -0.883300
v -0.115400 0.000000 -0.866600
v -0.144300 0.000000 -0.850000
v -0.173200 0.000000 -0.833300
v -0.202000 0.000000 -0.816600
v -0.230900 0.000000 -0.800000
v -0.259800 0.000000 -0.783300
v -0.288600 0.000000 -0.766600
v -0.317500 0.000000 -0.750000
v -0.346400 0.000000 -0.733300
v -0.375200 0.000000 -0.716600
v -0.404100 0.000000 -0.700000
v -0.433000 0.000000 -0.683300
v -0.461800 0.000000 -0.666600
v -0.490700 0.000000 -0.650000
v -0.519600 0.000000 -0.633300
v -0.548400 0.000000 -0.616600
v -0.577300 0.033333 -0.600000
v -0.606200 0.033333 -0.583300
v -0.635000 0.033333 -0.566600
v -0.663900 0.033333 -0.550000
v -0.692800 0.033333 -0.533300
v -0.721600 0.033333 -0.516600
v -0.750500 0.033333 -0.500000
v -0.779400 0.033333 -0.483300
v -0.808200 0.033333 -0.466600
v -0.808200 0.033333 -0.433300
v -0.808200 0.033333 -0.400000
v -0.808200 0.033333 -0.366600
v -0.808200 0.033333 -0.333300
v -0.808200 0.033333 -0.300000
v -0.808200 0.033333 -0.266600
v -0.808200 0.033333 -0.233300
v -0.808200 0.033333 -0.200000
v -0.808200 0.033333 -0.166600
v -0.808200 0.033333 -0.133300
v -0.808200 0.033333 -0.100000
v -0.808200 0.033333 -0.066600
v -0.808200 0.033333 -0.033300
v -0.808200 0.000000 0.000000
v -0.808200 0.000000 0.033300
v -0.808200 0.000000 0.066600
v -0.808200 0.000000 0.100000
v -0.808200 0.000000 0.133300
v -0.808200 0.000000 0.166600
v -0.808200 0.000000 0.200000
v -0.808200 0.000000 0.233300
v -0.808200 0.000000 0.266600
v -0.808200 0.000000 0.300000
v -0.808200 0.000000 0.333300
v -0.808200 0.000000 0.366600
v -0.808200 0.000000 0.400000
v -0.808200 0.000000 0.433300
v -0.808200 0.000000 0.466600
v -0.779400 0.000000 0.483300
v -0.750500 0.000000 0.500000
v -0.721600 0.000000 0.516600
v -0.692800 0.000000 0.533300
v -0.663900 0.000000 0.550000
v -0.635000 0.000000 0.566600
v -0.606200 0.000000 0.583300
v -0.577300 0.033333 0.600000
v -0.548400 0.033333 0.616600
v -0.519600 0.033333 0.633300
v -0.490700 0.033333 0.650000
v -0.461800 0.033333 0.666600
v -0.433000 0.033333 0.683300
v -0.404100 0.033333 0.700000
v -0.375200 0.033333 0.716600
v -0.346400 0.033333 0.733300
v -0.317500 0.033333 0.750000
v -0.288600 0.033333 0.766600
v -0.259800 0.033333 0.783300
v -0.230900 0.033333 0.800000
v -0.202000 0.000000 0.816600
v -0.173200 0.000000 0.833300
v -0.144300 0.000000 0.850000
v -0.115400 0.000000 0.866600
v -0.086600 0.000000 0.883300
v -0.057700 0.000000 0.900000
v -0.028800 0.000000 0.916600
v 0.000000 0.000000 0.966600
v 0.028800 0.000000 0.950000
v 0.057700 0.000000 0.933300
v 0.086600 0.000000 0.916600
v 0.115400 0.000000 0.900000
v 0.144300 0.000000 0.883300
v 0.173200 0.000000 0.866600
v 0.202000 0.000000 0.850000
v 0.230900 0.033333 0.833300
v 0.259800 0.033333 0.816600
v 0.288600 0.033333 0.800000
v 0.317500 0.033333 0.783300
v 0.346400 0.033333 0.766600
v 0.375200 0.033333 0.750000
v 0.404100 0.033333 0.733300
v 0.433000 0.033333 0.716600
v 0.461800 0.033333 0.700000
v 0.490700 0.033333 0.683300
v 0.519600 0.033333 0.666600
v 0.548400 0.033333 0.650000
v 0.577300 0.033333 0.633300
v 0.606200 0.033333 0.616600
v 0.635000 0.033333 0.600000
v 0.663900 0.000000 0.583300
v 0.692800 0.000000 0.566600
v 0.721600 0.000000 0.550000
v 0.750500 0.000000 0.533300
v 0.779400 0.000000 0.516600
v 0.808200 0.000000 0.500000
v 0.837100 0.000000 0.483300
v 0.837100 0.000000 0.450000
v 0.837100 0.000000 0.416600
v 0.837100 0.000000 0.383300
v 0.837100 0.000000 0.350000
v 0.837100 0.000000 0.316600
v 0.837100 0.000000 0.283300
v 0.837100 0.000000 0.250000
v 0.837100 0.000000 0.216600
v 0.837100 0.000000 0.183300
v 0.837100 0.000000 0.150000
v 0.837100 0.000000 0.116600
v 0.837100 0.000000 0.083300
v 0.837100 0.000000 0.050000
v 0.837100 0.000000 0.016600
v 0.837100 0.000000 -0.016600
v 0.837100 0.000000 -0.050000
v 0.837100 0.000000 -0.083300
v 0.837100 0.000000 -0.116600
v 0.837100 0.033333 -0.150000
v 0.837100 0.033333 -0.183300
v 0.837100 0.033333 -0.216600
v 0.837100 0.033333 -0.250000
v 0.837100 0.033333 -0.283300
v 0.837100 0.033333 -0.316600
v 0.837100 0.033333 -0.350000
v 0.837100 0.033333 -0.383300
v 0.837100 0.033333 -0.416600
v 0.837100 0.033333 -0.450000
v 0.837100 0.033333 -0.483300
v 0.808200 0.033333 -0.500000
v 0.779400 0.033333 -0.516600
v 0.750500 0.033333 -0.533300
v 0.721600 0.033333 -0.550000
v 0.692800 0.033333 -0.566600
v 0.663900 0.033333 -0.583300
v 0.635000 0.033333 -0.600000
v 0.606200 0.000000 -0.616600
v 0.577300 0.000000 -0.633300
v 0.548400 0.000000 -0.650000
v 0.519600 0.000000 -0.666600
v 0.490700 0.000000 -0.683300
v 0.461800 0.000000 -0.700000
v 0.433000 0.000000 -0.716600
v 0.404100 0.000000 -0.733300
v 0.375200 0.033333 -0.750000
v 0.346400 0.033333 -0.766600
v 0.317500 0.033333 -0.783300
v 0.288600 0.033333 -0.800000
v 0.259800 0.033333 -0.816600
v 0.230900 0.033333 -0.833300
v 0.202000 0.033333 -0.850000
v 0.173200 0.033333 -0.866600
v 0.144300 0.033333 -0.883300
v 0.115400 0.033333 -0.900000
v 0.086600 0.033333 -0.916600
v 0.057700 0.000000 -0.933300
v 0.028800 0.000000 -0.950000
v 0.000000 0.000000 -0.966600
v -0.028800 0.000000 -0.950000
v -0.057700 0.000000 -0.933300
v -0.086600 0.000000 -0.916600
v -0.115400 0.000000 -0.900000
v -0.144300 0.000000 -0.883300
v -0.173200 0.000000 -0.866600
v -0.202000 0.000000 -0.850000
v -0.230900 0.000000 -0.833300
v -0.259800 0.000000 -0.816600
v -0.288600 0.000000 -0.800000
v -0.317500 0.000000 -0.783300
v -0.346400 0.000000 -0.766600
v -0.375200 0.000000 -0.750000
v -0.404100 0.000000 -0.733300
v -0.433000 0.000000 -0.716600
v -0.461800 0.000000 -0.700000
v -0.490700 0.000000 -0.683300
v -0.519600 0.000000 -0.666600
v -0.548400 0.000000 -0.650000
v -0.577300 0.000000 -0.633300
v -0.606200 0.033333 -0.616600
v -0.635000 0.033333 -0.600000
v -0.663900 0.033333 -0.583300
v -0.692800 0.033333 -0.566600
v -0.721600 0.033333 -0.550000
v -0.750500 0.033333 -0.533300
v -0.779400 0.033333 -0.516600
v -0.808200 0.033333 -0.500000
v -0.837100 0.033333 -0.483300
v -0.837100 0.033333 -0.450000
v -0.837100 0.033333 -0.416600
v -0.837100 0.033333 -0.383300
v -0.837100 0.033333 -0.350000
v -0.837100 0.033333 -0.316600
v -0.837100 0.033333 -0.283300
v -0.837100 0.033333 -0.250000
v -0.837100 0.033333 -0.216600
v -0.837100 0.033333 -0.183300
v -0.837100 0.033333 -0.150000
v -0.837100 0.033333 -0.116600
v -0.837100 0.033333 -0.083300
v -0.837100 0.033333 -0.050000
v -0.837100 0.000000 -0.016600
v -0.837100 0.000000 0.016600
v -0.837100 0.000000 0.050000
v -0.837100 0.000000 0.083300
v -0.837100 0.000000 0.116600
v -0.837100 0.000000 0.150000
v -0.837100 0.000000 0.183300
v -0.837100 0.000000 0.216600
v -0.837100 0.000000 0.250000
v -0.837100 0.000000 0.283300
v -0.837100 0.000000 0.316600
v -0.837100 0.000000 0.350000
v -0.837100 0.000000 0.383300
v -0.837100 0.000000 0.416600
v -0.837100 0.000000 0.450000
v -0.837100 0.000000 0.483300
v -0.808200 0.000000 0.500000
v -0.779400 0.000000 0.516600
v -0.750500 0.000000 0.533300
v -0.721600 0.000000 0.550000
v -0.692800 0.000000 0.566600
v -0.663900 0.000000 0.583300
v -0.635000 0.000000 0.600000
v -0.606200 0.000000 0.616600
v -0.577300 0.033333 0.633300
v -0.548400 0.033333 0.650000
v -0.519600 0.033333 0.666600
v -0.490700 0.033333 0.683300
v -0.461800 0.033333 0.700000
v -0.433000 0.033333 0.716600
v -0.404100 0.033333 0.733300
v -0.375200 0.033333 0.750000
v -0.346400 0.033333 0.766600
v -0.317500 0.033333 0.783300
v -0.288600 0.033333 0.800000
v -0.259800 0.000000 0.816600
v -0.230900 0.000000 0.833300
v -0.202000 0.000000 0.850000
v -0.173200 0.000000 0.866600
v -0.144300 0.000000 0.883300
v -0.115400 0.000000 0.900000
v -0.086600 0.000000 0.916600
v -0.057700 0.000000 0.933300
v -0.028800 0.000000 0.950000
v 0.028800 0.000000 0.983300
v 0.144300 0.000000 0.916600
v 0.173200 0.000000 0.900000
v 0.230900 0.000000 0.866600
v 0.288600 0.000000 0.833300
v 0.346400 0.000000 0.800000
v 0.404100 0.000000 0.766600
v 0.433000 0.000000 0.750000
v 0.519600 0.000000 0.700000
v 0.577300 0.000000 0.666600
v 0.692800 0.000000 0.600000
v 0.721600 0.000000 0.583300
v 0.750500 0.000000 0.566600
v 0.779400 0.000000 0.550000
v 0.808200 0.000000 0.533300
v 0.837100 0.000000 0.516600
v 0.866000 0.000000 0.500000
v 0.866000 0.000000 0.466600
v 0.866000 0.000000 0.433300
v 0.866000 0.000000 0.333300
v 0.866000 0.000000 0.200000
v 0.866000 0.000000 0.066600
v 0.866000 0.000000 0.000000
v 0.866000 0.000000 -0.033300
v 0.866000 0.000000 -0.066600
v 0.866000 0.000000 -0.100000
v 0.866000 0.000000 -0.133300
v 0.866000 0.000000 -0.233300
v 0.866000 0.000000 -0.266600
v 0.866000 0.000000 -0.300000
v 0.866000 0.000000 -0.466600
v 0.808200 0.000000 -0.533300
v 0.779400 0.000000 -0.550000
v 0.750500 0.000000 -0.566600
v 0.721600 0.000000 -0.583300
v 0.635000 0.000000 -0.633300
v 0.577300 0.000000 -0.666600
v 0.490700 0.000000 -0.716600
v 0.461800 0.000000 -0.733300
v 0.433000 0.000000 -0.750000
v 0.404100 0.000000 -0.766600
v 0.346400 0.000000 -0.800000
v 0.288600 0.000000 -0.833300
v 0.115400 0.000000 -0.933300
v 0.086600 0.000000 -0.950000
v 0.057700 0.000000 -0.966600
v 0.028800 0.000000 -0.983300
v -0.028800 0.000000 -0.983300
v -0.086600 0.000000 -0.950000
v -0.115400 0.000000 -0.933300
v -0.144300 0.000000 -0.916600
v -0.173200 0.000000 -0.900000
v -0.288600 0.000000 -0.833300
v -0.346400 0.000000 -0.800000
v -0.433000 0.000000 -0.750000
v -0.490700 0.000000 -0.716600
v -0.519600 0.000000 -0.700000
v -0.577300 0.000000 -0.666600
v -0.692800 0.000000 -0.600000
v -0.837100 0.000000 -0.516600
v -0.866000 0.000000 -0.500000
v -0.866000 0.000000 -0.433300
v -0.866000 0.000000 -0.400000
v -0.866000 0.000000 -0.300000
v -0.866000 0.000000 -0.066600
v -0.866000 0.000000 0.033300
v -0.866000 0.000000 0.066600
v -0.866000 0.000000 0.100000
v -0.866000 0.000000 0.133300
v -0.866000 0.000000 0.233300
v -0.866000 0.000000 0.266600
v -0.866000 0.000000 0.300000
v -0.866000 0.000000 0.333300
v -0.866000 0.000000 0.433300
v -0.866000 0.000000 0.500000
v -0.808200 0.000000 0.533300
v -0.779400 0.000000 0.550000
v -0.721600 0.000000 0.583300
v -0.635000 0.000000 0.633300
v -0.490700 0.000000 0.716600
v -0.288600 0.000000 0.833300
v -0.202000 0.000000 0.883300
v -0.028800 0.000000 0.983300
v 0.057700 0.000000 0.966600
v 0.086600 0.000000 0.950000
v 0.115400 0.000000 0.933300
v 0.202000 0.000000 0.883300
v 0.259800 0.000000 0.850000
v 0.317500 0.000000 0.816600
v 0.375200 0.000000 0.783300
v 0.461800 0.000000 0.733300
v 0.548400 0.000000 0.683300
v 0.635000 0.000000 0.633300
v 0.866000 0.000000 0.233300
v 0.866000 0.000000 0.033300
v 0.866000 0.000000 -0.400000
v 0.866000 0.000000 -0.500000
v 0.548400 0.000000 -0.683300
v 0.375200 0.000000 -0.783300
v 0.317500 0.000000 -0.816600
v 0.202000 0.000000 -0.883300
v 0.144300 0.000000 -0.916600
v -0.057700 0.000000 -0.966600
v -0.317500 0.000000 -0.816600
v -0.461800 0.000000 -0.733300
v -0.548400 0.000000 -0.683300
v -0.606200 0.000000 -0.650000
v -0.779400 0.000000 -0.550000
v -0.866000 0.000000 -0.466600
v -0.866000 0.000000 -0.333300
v -0.866000 0.000000 -0.200000
v -0.866000 0.000000 -0.133300
v -0.866000 0.000000 -0.033300
v -0.866000 0.000000 0.000000
v -0.866000 0.000000 0.200000
v -0.606200 0.000000 0.650000
v -0.086600 0.000000 0.950000
v -0.865975 0.000000 0.166600
v -0.865975 -0.100000 0.400000
v -0.865975 -0.100000 0.433300
v -0.865975 -0.100000 0.466600
v 0.028825 -0.100000 -0.983300
v 0.057725 -0.100000 -0.966600
v 0.144325 -0.100000 -0.916600
v 0.404125 -0.100000 -0.766600
v 0.461825 -0.100000 -0.733300
v 0.606200 0.000000 0.650000
v 0.548425 -0.100000 -0.683300
v 0.635025 -0.100000 -0.633300
v 0.721625 -0.100000 -0.583300
v -0.692795 0.000000 0.600000
v -0.663870 0.000000 0.616700
v 0.808225 -0.100000 -0.533300
v -0.865975 -0.100000 0.500000
v -0.375223 -0.100000 0.783350
v 0.866000 0.000000 0.300000
v 0.866000 0.000000 0.166600
v 0.866000 0.000000 0.133300
v 0.866000 -0.100000 0.066700
v 0.866000 0.000000 -0.333300
v 0.866000 0.000000 -0.366600
v 0.866000 0.000000 -0.433300
v 0.692800 0.000000 -0.600000
v 0.259800 0.000000 -0.850000
v 0.000000 0.000000 -1.000000
v -0.259800 0.000000 -0.850000
v -0.635000 0.000000 -0.633300
v -0.721600 0.000000 -0.583300
v -0.548400 0.000000 0.683300
v -0.865975 -0.100000 0.333300
v -0.461800 0.000000 0.733300
v -0.433000 0.000000 0.750000
v -0.865975 -0.100000 0.300000
v -0.375200 0.000000 0.783300
v -0.317500 0.000000 0.816600
v -0.259800 0.000000 0.850000
v -0.865975 -0.100000 0.233300
v -0.144300 0.000000 0.916600
v -0.115400 0.000000 0.933300
v -0.057700 0.000000 0.966600
v 0.057700 -0.100000 0.966600
v -0.865975 -0.100000 0.133300
v -0.865975 -0.100000 0.033300
v 0.173200 -0.100000 0.900000
v 0.230900 -0.100000 0.866600
v -0.865975 -0.100000 -0.033300
v 0.346400 -0.100000 0.800000
v -0.865975 -0.100000 -0.100000
v 0.404100 -0.100000 0.766600
v 0.433000 -0.100000 0.750000
v 0.461800 -0.100000 0.733300
v 0.519600 -0.100000 0.700000
v 0.548400 -0.100000 0.683300
v -0.865975 -0.100000 -0.166600
v -0.865975 -0.100000 -0.200000
v 0.692800 -0.100000 0.600000
v -0.865975 -0.100000 -0.233300
v -0.865975 -0.100000 -0.266600
v -0.865975 -0.100000 -0.333300
v 0.866000 -0.100000 0.500000
v 0.866000 -0.100000 0.466600
v -0.404149 0.000000 0.766650
v 0.866000 -0.100000 0.366600
v 0.866000 -0.100000 0.333300
v 0.866000 -0.100000 0.266600
v 0.866000 -0.100000 0.233300
v 0.866000 -0.100000 0.200000
v 0.866000 -0.100000 0.166600
v 0.866000 -0.100000 0.100000
v 0.866000 -0.100000 0.033300
v 0.866000 -0.100000 -0.033300
v 0.866000 -0.100000 -0.133300
v 0.866000 -0.100000 -0.233300
v 0.866000 -0.100000 -0.300000
v 0.866000 -0.100000 -0.333300
v 0.866000 -0.100000 -0.366600
v 0.866000 0.000000 -0.200000
v 0.433000 -0.100000 -0.750000
v 0.375200 -0.100000 -0.783300
v 0.259800 -0.100000 -0.850000
v 0.000000 -0.100000 -1.000000
v -0.028800 -0.100000 -0.983300
v -0.086600 -0.100000 -0.950000
v -0.173200 -0.100000 -0.900000
v -0.202000 -0.100000 -0.883300
v -0.346400 -0.100000 -0.800000
v -0.461800 -0.100000 -0.733300
v -0.606200 -0.100000 -0.650000
v -0.721600 -0.100000 -0.583300
v -0.866000 -0.100000 -0.366600
v -0.866000 -0.100000 -0.300000
v -0.866000 -0.100000 0.200000
v -0.866000 -0.100000 0.266600
v -0.866000 -0.100000 0.366600
v -0.808200 -0.100000 0.533300
v -0.865975 -0.100000 -0.466600
v -0.721600 -0.100000 0.583300
v -0.865975 -0.100000 -0.500000
v -0.635000 -0.100000 0.633300
v -0.692775 -0.100000 -0.600000
v -0.548400 -0.100000 0.683300
v -0.548375 -0.100000 -0.683300
v -0.461800 -0.100000 0.733300
v -0.519575 -0.100000 -0.700000
v -0.404100 -0.100000 0.766600
v -0.432975 -0.100000 -0.750000
v -0.404075 -0.100000 -0.766600
v -0.230875 -0.100000 -0.866600
v -0.144300 -0.100000 0.916600
v -0.057700 -0.100000 0.966600
v -0.028800 -0.100000 0.983300
v 0.866000 -0.100000 -0.466600
v 0.866000 -0.100000 -0.433300
v 0.866000 -0.100000 -0.400000
v 0.866000 0.000000 -0.166600
v 0.866000 0.000000 0.100000
v 0.866000 -0.100000 -0.100000
v 0.866000 -0.100000 -0.166600
v 0.866000 -0.100000 -0.266600
v 0.866000 0.000000 0.266700
v 0.866000 -0.100000 -0.200000
v 0.866000 -0.100000 -0.066600
v 0.866000 -0.100000 -0.000000
v 0.866000 -0.100000 0.300000
v 0.866000 -0.100000 0.133400
v 0.866000 -0.100000 0.399900
v -0.173180 0.000000 0.900000
v 0.000025 0.000000 1.000000
v 0.866000 0.000000 0.400000
v 0.866000 0.000000 0.366700
v 0.866000 -0.100000 0.433300
v -0.057675 -0.100000 -0.966600
v -0.750472 0.000000 0.566700
v -0.837075 0.000000 0.516700
v 0.000025 -0.100000 1.000000
v -0.115502 -0.100000 0.933300
v -0.202105 -0.100000 0.883300
v -0.230944 -0.100000 0.866650
v -0.259782 -0.100000 0.850000
v -0.288707 -0.100000 0.833300
v -0.346385 -0.100000 0.800000
v -0.519590 0.000000 0.700000
v -0.692795 -0.100000 0.600000
v -0.750472 -0.100000 0.566700
v -0.837075 -0.100000 0.516700
v -0.779397 -0.100000 0.550000
v -0.577267 0.000000 0.666700
v -0.346385 0.000000 0.800000
v -0.519590 -0.100000 0.700000
v -0.577267 -0.100000 0.666700
v -0.663870 -0.100000 0.616700
v -0.606192 -0.100000 0.650000
v -0.490665 -0.100000 0.716700
v -0.432987 -0.100000 0.750000
v -0.230857 0.000000 0.866700
v -0.173180 -0.100000 0.900000
v -0.317460 -0.100000 0.816700
v -0.086664 -0.100000 0.949950
v -0.865975 0.000000 0.466600
v -0.865975 0.000000 0.400000
v -0.865975 0.000000 0.366600
v 0.663870 0.000000 0.616700
v 0.375223 -0.100000 0.783350
v -0.865975 -0.100000 -0.066700
v 0.028900 -0.100000 0.983300
v 0.115502 -0.100000 0.933300
v 0.144341 -0.100000 0.916650
v 0.202105 -0.100000 0.883300
v 0.259782 -0.100000 0.850000
v 0.288707 -0.100000 0.833300
v -0.865975 0.000000 -0.166600
v 0.663895 0.000000 -0.616700
v 0.490665 0.000000 0.716700
v 0.635031 -0.100000 0.633350
v 0.721634 -0.100000 0.583350
v 0.750472 -0.100000 0.566700
v 0.837075 -0.100000 0.516700
v 0.808236 -0.100000 0.533350
v 0.779397 -0.100000 0.550000
v 0.577267 -0.100000 0.666700
v 0.663870 -0.100000 0.616700
v 0.606192 -0.100000 0.650000
v 0.490665 -0.100000 0.716700
v -0.404075 0.000000 -0.766600
v 0.317460 -0.100000 0.816700
v -0.375175 0.000000 -0.783300
v 0.086664 -0.100000 0.949950
v -0.865975 0.000000 -0.100000
v -0.865975 -0.100000 0.100000
v -0.865975 -0.100000 0.166600
v -0.865975 0.000000 -0.266700
v -0.865975 -0.100000 0.066600
v -0.865975 -0.100000 0.000000
v -0.865975 0.000000 -0.233400
v -0.865975 -0.100000 -0.133400
v -0.865975 -0.100000 -0.399900
v 0.173205 0.000000 -0.900000
v -0.865975 0.000000 -0.366700
v -0.865975 -0.100000 -0.433300
v 0.837100 0.000000 -0.516700
v 0.115528 -0.100000 -0.933300
v 0.202130 -0.100000 -0.883300
v 0.230969 -0.100000 -0.866650
v 0.288733 -0.100000 -0.833300
v 0.346410 -0.100000 -0.800000
v 0.519615 0.000000 -0.700000
v 0.692820 -0.100000 -0.600000
v 0.750498 -0.100000 -0.566700
v 0.606218 0.000000 -0.650000
v 0.866025 -0.100000 -0.500000
v 0.837100 -0.100000 -0.516700
v 0.779423 -0.100000 -0.550000
v 0.519615 -0.100000 -0.700000
v 0.577293 -0.100000 -0.666700
v 0.663895 -0.100000 -0.616700
v 0.606218 -0.100000 -0.650000
v 0.490690 -0.100000 -0.716700
v 0.230882 0.000000 -0.866700
v 0.173205 -0.100000 -0.900000
v 0.317485 -0.100000 -0.816700
v 0.086689 -0.100000 -0.949950
v -0.663844 0.000000 -0.616700
v -0.375198 -0.100000 -0.783350
v -0.750447 0.000000 -0.566700
v -0.808211 0.000000 -0.533350
v -0.115477 -0.100000 -0.933300
v -0.144316 -0.100000 -0.916650
v -0.259757 -0.100000 -0.850000
v -0.288682 -0.100000 -0.833300
v -0.635006 -0.100000 -0.633350
v -0.750447 -0.100000 -0.566700
v -0.837049 -0.100000 -0.516700
v -0.808211 -0.100000 -0.533350
v -0.779372 -0.100000 -0.550000
v -0.577242 -0.100000 -0.666700
v -0.663844 -0.100000 -0.616700
v -0.201993 0.000000 -0.883350
v -0.490639 -0.100000 -0.716700
v -0.230832 0.000000 -0.866700
v -0.317434 -0.100000 -0.816700
vn -0.0000 1.0000 -0.0000
vn -0.0000 0.5517 0.8341
vn 0.4234 0.5321 0.7332
vn 0.4598 0.3975 0.7941
vn 0.4599 0.3977 0.7939
vn 0.7221 0.5520 0.4170
vn 0.8868 0.4597 -0.0472
vn 0.9175 0.3977 -0.0000
vn 0.4588 0.3975 -0.7947
vn 0.4589 0.3973 -0.7947
vn 0.4599 0.3977 -0.7939
vn 0.4598 0.3975 -0.7941
vn 0.4586 0.3972 -0.7949
vn -0.4586 0.3972 -0.7949
vn -0.4027 0.4591 -0.7918
vn -0.4598 0.3975 -0.7941
vn -0.4599 0.3977 -0.7939
vn -0.7221 0.5520 -0.4170
vn -0.8807 0.4737 -0.0000
vn -0.9175 0.3977 -0.0000
vn -0.4590 0.3980 0.7943
vn -0.4404 0.4734 0.7629
vn -0.4599 0.3977 0.7939
vn -0.4598 0.3975 0.7941
vn -0.0000 0.6539 0.7566
vn 0.1939 0.6239 0.7571
vn 0.5944 0.5686 0.5686
vn 0.7468 0.5066 0.4309
vn 0.8583 0.5131 -0.0012
vn 0.8377 0.5137 -0.1854
vn 0.7220 0.5517 -0.4175
vn 0.4397 0.4731 -0.7635
vn 0.4414 0.4729 -0.7626
vn 0.3802 0.4831 -0.7887
vn -0.4603 0.3977 -0.7937
vn -0.1102 0.5367 -0.8365
vn -0.3947 0.6142 -0.6833
vn -0.6557 0.6537 -0.3778
vn -0.7150 0.5647 -0.4122
vn -0.7151 0.5634 -0.4138
vn -0.6372 0.5837 -0.5032
vn -0.3770 0.6536 -0.6563
vn -0.4593 0.3979 0.7942
vn -0.4323 0.5065 0.7460
vn -0.8623 0.5064 -0.0000
vn 0.1143 0.5845 0.8033
vn -0.0000 0.5646 0.8254
vn 0.3765 0.6548 0.6554
vn -0.0000 0.5643 0.8256
vn -0.0000 0.5069 0.8620
vn 0.0654 0.6089 0.7906
vn 0.5781 0.5144 0.6334
vn 0.5949 0.5684 0.5684
vn 0.3790 0.6546 0.6541
vn 0.7560 0.6546 -0.0000
vn 0.8067 0.5891 0.0472
vn 0.8067 0.5891 -0.0472
vn 0.7530 0.6235 -0.2104
vn 0.6808 0.6178 -0.3934
vn 0.7155 0.5638 -0.4125
vn 0.7149 0.5644 -0.4129
vn 0.3529 0.7074 -0.6124
vn 0.7556 0.6551 -0.0000
vn -0.0011 0.5643 -0.8255
vn -0.3784 0.6542 -0.6549
vn 0.0011 0.5641 -0.8257
vn 0.1096 0.5369 -0.8365
vn 0.4588 0.3973 -0.7948
vn 0.3779 0.6553 -0.6540
vn -0.4401 0.4733 -0.7631
vn -0.6518 0.6088 -0.4522
vn -0.3779 0.6553 -0.6540
vn -0.7468 0.5066 -0.4309
vn -0.7179 0.6087 -0.3379
vn -0.8872 0.4590 -0.0471
vn -0.7799 0.5004 0.3759
vn -0.7468 0.5066 0.4309
vn -0.7159 0.5005 0.4869
vn -0.4021 0.4593 0.7920
vn -0.0654 0.6089 0.7906
vn -0.0000 0.5519 0.8339
vn 0.1741 0.5496 0.8171
vn 0.4405 0.4732 0.7629
vn 0.5066 0.5180 0.6892
vn 0.3782 0.6547 0.6545
vn 0.3782 0.6548 0.6544
vn 0.3765 0.6548 -0.6554
vn 0.7567 0.6538 -0.0000
vn 0.3776 0.6544 -0.6551
vn 0.5066 0.5180 -0.6892
vn 0.3433 0.5183 -0.7833
vn -0.3790 0.6550 -0.6537
vn 0.4603 0.3977 -0.7937
vn -0.4063 0.5831 -0.7035
vn -0.4232 0.5323 -0.7332
vn -0.4575 0.3976 -0.7954
vn -0.4234 0.5322 -0.7332
vn -0.6200 0.5497 -0.5598
vn -0.7943 0.5501 -0.2579
vn -0.8464 0.5326 -0.0000
vn -0.7943 0.5501 0.2579
vn -0.7221 0.5520 0.4170
vn -0.6200 0.5497 0.5598
vn -0.4234 0.5322 0.7332
vn -0.4232 0.5323 0.7332
vn -0.1741 0.5496 0.8171
vn -0.4309 0.5064 0.7469
vn -0.4323 0.5062 0.7462
vn 0.4311 0.5066 0.7467
vn 0.3404 0.4640 0.8178
vn -0.3784 0.6542 0.6549
vn 0.3784 0.6542 0.6549
vn 0.8976 0.3115 0.3118
vn 0.7958 0.3199 0.5141
vn 0.5158 0.2714 0.8126
vn 0.4806 0.2778 0.8318
vn 0.5158 0.2714 -0.8126
vn 0.6528 0.2400 -0.7185
vn 0.4806 0.2778 -0.8318
vn 0.9489 0.2402 -0.2048
vn 0.9617 0.2713 -0.0398
vn 0.9607 0.2776 -0.0000
vn -0.3765 0.6548 -0.6554
vn -0.2318 0.3294 -0.9153
vn -0.0000 0.5441 -0.8390
vn -0.0000 0.3168 -0.9485
vn 0.2318 0.3294 -0.9153
vn -0.4217 0.5369 -0.7307
vn -0.3776 0.6544 -0.6551
vn -0.4228 0.5323 -0.7334
vn -0.4234 0.5321 -0.7332
vn -0.4238 0.5322 -0.7329
vn -0.4314 0.5066 -0.7465
vn -0.8619 0.5070 -0.0000
vn -0.4316 0.5066 -0.7464
vn -0.8467 0.5321 -0.0000
vn -0.4316 0.5066 0.7464
vn -0.4314 0.5066 0.7465
vn -0.4238 0.5322 0.7329
vn -0.4234 0.5321 0.7332
vn -0.4228 0.5323 0.7334
vn -0.4311 0.5066 0.7467
vn 0.4323 0.5062 0.7462
vn 0.4309 0.5064 0.7469
vn -0.3776 0.6544 0.6551
vn -0.4250 0.5251 0.7373
vn 0.3820 0.3769 0.8438
vn 0.4582 0.3975 0.7950
vn 0.4484 0.3666 0.8152
vn 0.4011 0.2894 0.8691
vn 0.5805 0.3192 0.7491
vn 0.5644 0.2610 0.7832
vn 0.5886 0.4570 0.6669
vn 0.6517 0.2403 0.7194
vn 0.6768 0.4531 0.5802
vn 0.7468 0.5067 0.4308
vn 0.8484 0.4319 0.3060
vn 0.9252 0.3767 0.0461
vn 0.9775 0.2111 -0.0000
vn 0.9697 0.2432 0.0214
vn 0.9132 0.3976 0.0890
vn 0.9609 0.2768 -0.0000
vn 0.9132 0.3976 -0.0890
vn 0.9697 0.2432 -0.0214
vn 0.9734 0.2187 -0.0677
vn 0.6757 0.2335 -0.6992
vn 0.8511 0.5249 -0.0000
vn 0.7181 0.6086 -0.3375
vn 0.3793 0.6544 -0.6541
vn 0.3795 0.6539 -0.6545
vn 0.9437 0.2339 -0.2341
vn 0.6744 0.2339 -0.7003
vn 0.5333 0.3981 -0.7464
vn 0.5156 0.2714 -0.8127
vn 0.4810 0.2773 -0.8317
vn 0.4394 0.4771 -0.7611
vn 0.4805 0.2771 -0.8321
vn 0.4400 0.4771 -0.7608
vn 0.3992 0.2900 -0.8698
vn 0.4136 0.5038 -0.7584
vn 0.2312 0.3295 -0.9154
vn -0.0006 0.5516 -0.8341
vn -0.0000 0.5643 -0.8256
vn 0.0006 0.5516 -0.8341
vn -0.4395 0.4737 -0.7632
vn -0.4594 0.3973 -0.7944
vn -0.4590 0.3970 -0.7948
vn -0.4582 0.3977 -0.7949
vn -0.4590 0.3980 -0.7943
vn -0.9180 0.3966 -0.0000
vn -0.4603 0.3977 0.7937
vn -0.4942 0.4833 0.7226
vn -0.4401 0.4734 0.7631
vn -0.4590 0.3970 0.7948
vn -0.4409 0.4731 0.7627
vn -0.4238 0.5252 0.7379
vn 0.4250 0.5251 0.7373
vn 0.3776 0.6544 0.6551
vn 0.4583 0.3972 0.7951
vn 0.3390 0.3639 0.8676
vn 0.2318 0.3294 0.9153
vn 0.3136 0.3560 0.8803
vn 0.4588 0.3970 0.7949
vn 0.4589 0.3976 0.7946
vn 0.5065 0.5183 0.6891
vn 0.5892 0.5711 0.5716
vn 0.6038 0.5640 0.5633
vn 0.3779 0.6553 0.6540
vn 0.6804 0.6188 0.3926
vn 0.7147 0.5649 0.4125
vn 0.7143 0.5645 0.4136
vn 0.7174 0.6092 0.3380
vn 0.8464 0.5326 -0.0000
vn 0.8807 0.4737 -0.0000
vn 0.4590 0.3980 -0.7943
vn 0.8498 0.5186 -0.0943
vn 0.7150 0.5647 -0.4122
vn 0.7153 0.5638 -0.4129
vn 0.6519 0.6089 -0.4519
vn 0.7561 0.6544 -0.0000
vn 0.4441 0.5893 -0.6749
vn 0.3781 0.6546 -0.6546
vn 0.1939 0.6240 -0.7570
vn 0.0006 0.6538 -0.7566
vn 0.3779 0.6546 -0.6548
vn -0.3779 0.6546 -0.6548
vn -0.0006 0.6538 -0.7566
vn -0.0000 0.5646 -0.8254
vn -0.1101 0.5362 -0.8369
vn -0.1921 0.4396 -0.8774
vn -0.3167 0.4249 -0.8480
vn -0.0000 0.4479 -0.8941
vn -0.7744 0.4472 0.4476
vn -0.8558 0.4391 0.2734
vn -0.8927 0.4246 0.1508
vn -0.7878 0.4157 0.4545
vn -0.6772 0.3296 0.6578
vn -0.9082 0.3295 0.2580
vn -0.7881 0.4155 0.4541
vn -0.8213 0.3166 0.4746
vn -0.6950 0.4298 0.5764
vn -0.7556 0.6551 -0.0000
vn 0.3795 0.6539 0.6545
vn -0.3406 0.4639 0.8178
vn -0.4215 0.5370 0.7308
vn 0.2312 0.3295 0.9154
vn -0.0008 0.4152 0.9097
vn -0.0001 0.3168 0.9485
vn -0.2318 0.3294 0.9153
vn -0.4583 0.3972 0.7951
vn -0.3772 0.6545 0.6552
vn -0.3777 0.6544 0.6551
vn -0.3765 0.6548 0.6554
vn 0.3782 0.6546 -0.6545
vn 0.3770 0.6550 -0.6549
vn 0.8497 0.5187 0.0943
vn 0.3784 0.6542 -0.6549
vn 0.5073 0.5179 -0.6888
vn 0.6702 0.5368 -0.5125
vn 0.5584 0.6240 -0.5467
vn 0.3783 0.6546 -0.6545
vn 0.3768 0.6549 -0.6551
vn -0.3768 0.6549 -0.6551
vn -0.3774 0.6551 -0.6545
vn 0.3785 0.6548 -0.6542
vn 0.3790 0.6550 -0.6537
vn -0.3785 0.6548 -0.6542
vn 0.3774 0.6551 -0.6545
vn -0.3625 0.5892 -0.7221
vn -0.4414 0.4729 -0.7626
vn -0.4588 0.3970 -0.7949
vn -0.4397 0.4731 -0.7635
vn -0.4588 0.3975 -0.7947
vn -0.4593 0.3979 -0.7942
vn -0.4270 0.5248 -0.7364
vn -0.3786 0.6551 -0.6538
vn -0.3783 0.6552 -0.6539
vn -0.8511 0.5249 -0.0000
vn -0.8468 0.5319 -0.0000
vn -0.8786 0.4638 0.1140
vn -0.5073 0.5179 0.6888
vn -0.5053 0.3354 0.7951
vn -0.5528 0.2897 0.7813
vn -0.4797 0.2772 0.8325
vn -0.4004 0.2895 0.8694
vn -0.4367 0.3352 0.8348
vn -0.4587 0.3976 0.7947
vn -0.4570 0.3975 0.7957
vn 0.4570 0.3975 0.7957
vn -0.3782 0.6548 -0.6544
vn -0.3778 0.6548 -0.6547
vn -0.3770 0.6550 -0.6549
vn 0.3774 0.6551 -0.6546
vn 0.0006 0.6183 0.7859
vn 0.1096 0.5193 0.8475
vn -0.3785 0.6548 0.6542
vn -0.3781 0.6546 0.6546
vn -0.3782 0.6546 -0.6545
vn -0.3795 0.6539 -0.6545
vn 0.3782 0.6548 -0.6544
vn -0.7567 0.6538 -0.0000
vn -0.3793 0.6544 0.6541
vn -0.3795 0.6539 0.6545
vn -0.3790 0.6550 0.6537
vn 0.7755 0.4462 -0.4467
vn 0.7899 0.5182 -0.3278
vn 0.3777 0.6544 -0.6551
vn 0.3772 0.6545 -0.6552
vn 0.1100 0.5359 0.8371
vn 0.4605 0.3967 0.7941
vn -0.7531 0.5845 0.3019
vn -0.5062 0.5182 0.6894
vn -0.4592 0.3970 0.7947
vn -0.4970 0.5745 0.6504
vn -0.0000 0.4479 0.8941
vn -0.7755 0.4462 -0.4467
vn 0.1115 0.5185 -0.8478
vn 0.0007 0.6179 -0.7863
vn 0.3774 0.6551 0.6545
vn 0.3770 0.6550 0.6549
vn 0.3780 0.6546 -0.6547
vn 0.5583 0.6240 -0.5467
vn 0.6697 0.5364 -0.5136
vn 0.3793 0.6543 0.6542
vn -0.7752 0.4468 0.4465
vn -0.7907 0.5631 0.2404
vn -0.7899 0.5185 0.3274
vn -0.3783 0.6552 0.6539
vn -0.3786 0.6551 0.6538
vn -0.3779 0.6553 0.6540
vn -0.3772 0.6545 -0.6552
vn 0.3790 0.6550 0.6537
vn 0.6795 0.5186 -0.5191
vn 0.3779 0.6543 0.6550
vn 0.3781 0.6543 0.6549
vn 0.3781 0.6543 -0.6549
vn 0.3778 0.6544 -0.6550
vn 0.7559 0.6547 -0.0000
vn 0.3788 0.6544 -0.6545
vn 0.3779 0.6543 -0.6550
vn 0.3781 0.6549 -0.6544
vn 0.5589 0.6237 -0.5464
vn 0.6698 0.5370 -0.5129
vn -0.1115 0.5188 0.8476
vn 0.3165 0.4239 0.8486
vn -0.7183 0.3109 -0.6224
vn 0.5385 0.2871 -0.7922
vn 0.6492 0.3034 -0.6975
vn 0.7183 0.3109 -0.6224
vn 0.4807 0.2770 -0.8319
vn -0.1814 0.3107 -0.9330
vn 0.1867 0.5641 -0.8043
vn -0.1939 0.6238 -0.7571
vn -0.3777 0.6544 -0.6551
vn -0.4724 0.5580 -0.6823
vn -0.6326 0.6061 -0.4821
vn -0.5589 0.6237 -0.5464
vn -0.3781 0.6549 -0.6544
vn -0.3788 0.6544 -0.6545
vn -0.3781 0.6543 -0.6549
vn -0.6803 0.6183 -0.3934
vn -0.7889 0.5193 -0.3287
vn -0.7744 0.4472 -0.4476
vn -0.6789 0.5189 -0.5194
vn -0.7794 0.5361 0.3243
vn -0.6754 0.6262 0.3894
vn -0.3770 0.6550 0.6549
vn -0.4585 0.3971 0.7950
vn -0.4576 0.3973 0.7954
vn -0.4587 0.3971 0.7950
vn -0.6378 0.5849 -0.5012
vn -0.8502 0.5179 -0.0942
vn -0.8511 0.5250 -0.0000
vn -0.7899 0.5185 -0.3274
vn -0.8567 0.4383 -0.2722
vn 0.5062 0.5182 -0.6894
vn 0.4590 0.3970 -0.7948
vn 0.4583 0.3972 -0.7951
vn 0.8984 0.3106 0.3106
vn 0.8985 0.3106 0.3103
vn 0.8986 0.3106 0.3099
vn -0.3778 0.6548 0.6547
vn -0.3777 0.6547 0.6548
vn 0.3789 0.6544 0.6543
vn 0.3781 0.6546 0.6546
vn -0.3788 0.6541 -0.6547
vn -0.3783 0.6542 -0.6549
vn -0.7749 0.4468 0.4472
vn -0.3784 0.6547 0.6543
vn 0.3777 0.6547 0.6548
vn 0.4447 0.5891 0.6747
vn 0.4407 0.4733 0.7627
vn 0.3783 0.6552 0.6539
vn 0.3786 0.6551 0.6538
vn -0.3779 0.6543 0.6550
vn -0.3781 0.6543 0.6549
vn 0.5070 0.5181 -0.6889
vn 0.4582 0.3977 -0.7949
vn 0.4594 0.3973 -0.7944
vn 0.4579 0.3973 -0.7953
vn 0.4605 0.3967 -0.7941
vn 0.9180 0.3966 -0.0000
vn 0.8511 0.5251 -0.0000
vn 0.8510 0.5251 -0.0000
vn 0.5060 0.5187 -0.6892
vn 0.6789 0.5197 -0.5187
vn 0.5566 0.4198 -0.7169
vn -0.3781 0.6546 -0.6546
vn -0.3789 0.6544 -0.6543
vn -0.6754 0.6262 -0.3894
vn -0.6701 0.5359 -0.5137
vn -0.1093 0.5363 -0.8369
vn -0.3428 0.5185 -0.7833
vn -0.1945 0.6239 -0.7569
vn -0.2008 0.5717 -0.7955
vn -0.3535 0.5586 -0.7503
vn -0.5070 0.5181 -0.6889
vn -0.7561 0.6544 -0.0000
vn -0.7856 0.5951 0.1693
vn -0.8505 0.5175 0.0941
vn -0.8995 0.4193 0.1226
vn -0.8507 0.5172 0.0941
vn -0.6754 0.6257 0.3903
vn -0.8506 0.5174 0.0941
vn -0.7794 0.5358 0.3249
vn -0.3438 0.5183 -0.7831
vn -0.3936 0.6148 -0.6835
vn -0.8510 0.5251 -0.0000
vn -0.4605 0.3967 0.7941
vn -0.6703 0.5363 0.5129
vn -0.4579 0.3973 0.7953
vn -0.5761 0.4247 0.6984
vn -0.7889 0.5195 0.3282
vn -0.3783 0.6547 0.6545
vn -0.3783 0.6546 0.6545
vn -0.3774 0.6551 0.6546
vn -0.3775 0.6548 0.6548
vn -0.3774 0.6551 0.6545
vn -0.3768 0.6549 0.6551
vn 0.8982 0.3106 0.3109
vn 0.5323 0.5983 -0.5989
vn 0.5334 0.5982 0.5979
vn 0.7742 0.4477 0.4475
vn 0.7746 0.4477 0.4468
vn -0.3785 0.6544 0.6545
vn 0.3778 0.6548 0.6547
vn 0.6755 0.6259 0.3898
vn 0.6706 0.5363 0.5125
vn 0.1095 0.5368 0.8366
vn 0.3430 0.5178 0.7838
vn 0.0005 0.6267 0.7793
vn 0.3785 0.6546 0.6545
vn 0.3781 0.6549 0.6544
vn -0.3947 0.6142 0.6833
vn -0.7896 0.5644 0.2406
vn -0.6805 0.6183 0.3932
vn 0.4588 0.3975 0.7947
vn 0.4587 0.3976 0.7947
vn 0.4593 0.3979 0.7942
vn 0.4603 0.3977 0.7937
vn -0.3775 0.6538 0.6557
vn -0.5069 0.5178 -0.6891
vn -0.3537 0.7070 -0.6124
vn -0.3781 0.6549 0.6544
vn 0.3785 0.6544 0.6545
vn 0.5889 0.5712 0.5718
vn -0.0007 0.6187 0.7856
vn -0.1867 0.5634 0.8048
vn 0.6693 0.5366 0.5140
vn 0.3779 0.6537 0.6556
vn 0.3775 0.6538 0.6557
vn 0.3782 0.6537 0.6555
vn -0.5591 0.6236 -0.5464
vn 0.3778 0.6550 -0.6544
vn -0.1090 0.5190 0.8478
vn -0.3779 0.6543 -0.6550
vn 0.5588 0.6238 0.5465
vn 0.3778 0.6540 0.6554
vn 0.3778 0.6548 -0.6547
vn -0.3771 0.6550 0.6548
vn -0.6754 0.6264 -0.3892
vn 0.3783 0.6547 0.6545
vn 0.3772 0.6545 0.6552
vn -0.3778 0.6550 -0.6544
vn 0.3778 0.6550 0.6544
vn 0.3783 0.6552 -0.6539
vn 0.3786 0.6551 -0.6538
vn -0.6813 0.6176 -0.3929
vn -0.6038 0.5640 -0.5633
vn 0.3777 0.6544 0.6551
vn -0.3785 0.6546 0.6545
vn 0.3785 0.6548 0.6542
vn 0.3779 0.6546 0.6548
vn 0.3779 0.6548 0.6546
vn -0.6793 0.5187 -0.5192
vn -0.3785 0.6546 -0.6545
vn -0.3778 0.6550 0.6544
vn 0.3785 0.6546 -0.6545
vn 0.3774 0.6551 0.6546
vn -0.3771 0.6542 0.6556
vn -0.3782 0.6537 0.6555
vn -0.3779 0.6537 0.6556
vn -0.3782 0.6546 0.6545
vn -0.3778 0.6540 0.6554
vn 0.7556 0.6550 0.0003
vn 0.3779 0.6547 0.6546
vn 0.3776 0.6547 0.6548
vn 0.3774 0.6550 0.6547
vn 0.3779 0.6552 0.6541
vn 0.3782 0.6551 0.6540
vn 0.3778 0.6547 0.6546
vn 0.3773 0.6545 0.6552
vn 0.3768 0.6547 0.6553
vn 0.7557 0.6549 0.0007
vn 0.3775 0.6549 -0.6547
vn 0.3777 0.6548 -0.6547
vn 0.3765 0.6547 -0.6554
vn 0.3779 0.6553 -0.6541
vn 0.3774 0.6550 -0.6546
vn 0.3775 0.6548 -0.6548
vn 0.3778 0.6548 -0.6546
vn 0.3781 0.6549 -0.6543
vn -0.3780 0.6547 -0.6546
vn -0.3777 0.6547 -0.6548
vn -0.3775 0.6549 -0.6547
vn -0.3779 0.6551 -0.6542
vn -0.3782 0.6551 -0.6541
vn -0.3779 0.6547 -0.6546
vn -0.3778 0.6552 -0.6542
vn -0.3777 0.6552 -0.6542
vn -0.3783 0.6549 -0.6542
vn -0.3782 0.6546 -0.6546
vn -0.3780 0.6545 -0.6548
vn -0.7556 0.6550 0.0002
vn -0.7557 0.6549 0.0001
vn -0.7557 0.6549 -0.0000
vn -0.7557 0.6549 -0.0001
vn -0.7556 0.6550 -0.0002
vn -0.7558 0.6548 0.0002
vn -0.7558 0.6547 -0.0000
vn -0.7558 0.6548 -0.0002
vn -0.3776 0.6552 0.6543
vn -0.3774 0.6550 0.6546
vn -0.3779 0.6551 0.6542
vn -0.3776 0.6547 0.6548
vn -0.3778 0.6547 0.6547
vn -0.3780 0.6549 0.6544
vn -0.3778 0.6549 0.6545
vn -0.3782 0.6551 0.6540
vn -0.3779 0.6552 0.6542
vn -0.3774 0.6550 0.6547
vn -0.3777 0.6544 0.6550
vn -0.4993 -0.0000 -0.8664
vn -0.5000 -0.0001 -0.8660
vn -0.5005 0.0001 -0.8657
vn -0.4999 0.0003 -0.8661
vn -0.4990 0.0002 -0.8666
vn -0.5016 -0.0000 -0.8651
vn -0.5011 -0.0000 -0.8654
vn -0.4996 0.0001 -0.8663
vn -0.5006 -0.0001 -0.8657
vn -0.5002 0.0002 -0.8659
vn -0.4991 0.0003 -0.8665
vn -0.4996 -0.0005 -0.8663
vn -0.4998 -0.0002 -0.8661
vn -0.5005 0.0003 -0.8657
vn -0.4995 0.0004 -0.8663
vn -0.4999 -0.0000 -0.8661
vn -0.4997 -0.0001 -0.8662
vn -0.4993 0.0002 -0.8664
vn -0.5003 -0.0000 -0.8659
vn -0.5000 0.0003 -0.8660
vn 0.4993 0.0001 -0.8664
vn 0.4995 0.0002 -0.8663
vn 0.5009 0.0004 -0.8655
vn 0.4996 0.0002 -0.8663
vn 0.5009 0.0001 -0.8655
vn -0.4997 0.0005 0.8662
vn -0.4999 0.0003 0.8661
vn -0.4993 0.0003 0.8664
vn -0.5003 0.0002 0.8659
vn 0.5000 0.0003 -0.8660
vn 0.4996 0.0002 -0.8662
vn 0.5004 0.0002 -0.8658
vn 0.5009 -0.0000 -0.8655
vn 0.4992 0.0001 -0.8665
vn 0.4999 0.0001 -0.8661
vn 0.5003 0.0002 -0.8659
vn 0.5005 0.0003 -0.8657
vn 0.4992 0.0004 -0.8665
vn 0.4992 0.0005 -0.8665
vn 0.5003 0.0003 -0.8658
vn 0.5002 0.0001 -0.8659
vn 0.5015 0.0001 -0.8652
vn 0.5000 0.0001 -0.8660
vn 0.5003 0.0002 -0.8658
vn 0.5005 0.0005 -0.8658
vn 0.4996 0.0006 -0.8663
vn -1.0000 -0.0003 -0.0000
vn -1.0000 -0.0001 -0.0000
vn -1.0000 -0.0000 -0.0000
vn -1.0000 -0.0001 -0.0002
vn -1.0000 -0.0001 0.0002
vn -1.0000 -0.0000 0.0004
vn -1.0000 -0.0002 -0.0002
vn -1.0000 -0.0002 0.0002
vn -0.5005 0.0002 0.8657
vn -0.5003 -0.0002 0.8659
vn -0.4997 0.0001 0.8662
vn -0.4995 0.0001 0.8663
vn 1.0000 -0.0000 -0.0000
vn -1.0000 0.0001 0.0002
vn -1.0000 -0.0001 -0.0004
vn 0.5004 0.0003 -0.8658
vn -0.0000 -1.0000 -0.0000
vn 1.0000 0.0001 0.0002
vn 1.0000 0.0001 0.0004
vn -0.5005 0.0004 0.8657
vn -0.5003 0.0001 0.8658
vn -0.4996 0.0001 0.8663
vn -0.4992 -0.0000 0.8665
vn -0.5008 -0.0000 0.8656
vn -0.5000 -0.0000 0.8660
vn -0.5013 -0.0000 0.8653
vn -0.4993 -0.0000 0.8664
vn -0.5002 -0.0001 0.8659
vn -0.4996 -0.0002 0.8663
vn -0.5004 0.0001 0.8658
vn -0.5000 0.0003 0.8660
vn -0.5009 0.0002 0.8655
vn 0.4996 0.0005 0.8663
vn 0.4999 0.0003 0.8661
vn 0.4992 -0.0000 0.8665
vn 0.5007 -0.0000 0.8656
vn 0.5001 -0.0000 0.8660
vn 0.4999 -0.0000 0.8661
vn 0.4995 0.0004 0.8663
vn 0.5005 0.0004 0.8657
vn 0.4995 0.0001 0.8663
vn 0.4996 0.0001 0.8663
vn 0.4992 0.0003 0.8665
vn 0.5000 0.0003 0.8660
vn 0.5004 0.0002 0.8658
vn 0.5013 0.0002 0.8653
vn 0.5011 0.0003 0.8654
vn 0.4990 0.0004 0.8666
vn 0.5005 0.0005 0.8657
vn 0.5005 0.0002 0.8657
vn 0.5010 0.0003 0.8655
vn -0.5001 -0.0000 -0.8660
vn -0.5005 -0.0000 -0.8657
vn -0.4995 0.0001 -0.8663
vn -0.5011 0.0003 -0.8654
vn -0.5007 -0.0004 -0.8656
vn -0.4992 -0.0001 -0.8665
vn -0.5006 0.0003 -0.8657
s 1
f 2//1 3//1 1//1
f 3//1 4//1 1//1
f 4//1 5//1 1//1
f 5//1 6//1 1//1
f 6//1 7//1 1//1
f 7//1 2//1 1//1
f 8//2 9//3 2//4
f 9//3 3//5 2//4
f 9//3 10//6 3//5
f 10//6 11//7 3//8
f 11//7 4//8 3//8
f 11//7 12//8 4//8
f 12//9 13//10 4//11
f 13//10 5//12 4//11
f 13//10 14//13 5//12
f 14//14 15//15 5//16
f 15//15 6//17 5//16
f 15//15 16//18 6//17
f 16//18 17//19 6//20
f 17//19 7//20 6//20
f 17//19 18//20 7//20
f 18//21 19//22 7//23
f 19//22 2//24 7//23
f 19//22 8//2 2//24
f 20//25 21//26 8//2
f 21//26 9//3 8//2
f 21//26 22//27 9//3
f 22//27 10//6 9//3
f 22//27 23//28 10//6
f 23//28 24//29 10//6
f 24//29 11//7 10//6
f 24//29 25//30 11//7
f 25//30 12//8 11//7
f 25//30 26//31 12//8
f 26//31 27//32 12//9
f 27//32 13//10 12//9
f 27//32 28//33 13//10
f 28//33 14//13 13//10
f 28//33 29//34 14//13
f 29//35 30//36 14//14
f 30//36 15//15 14//14
f 30//36 31//37 15//15
f 31//37 16//18 15//15
f 31//37 32//38 16//18
f 32//38 33//39 16//18
f 33//39 17//19 16//18
f 33//40 34//41 17//42
f 34//1 18//1 17//1
f 34//43 35//44 18//21
f 35//45 36//20 18//20
f 36//1 19//1 18//1
f 36//46 37//47 19//48
f 37//49 8//2 19//22
f 37//49 20//25 8//2
f 38//50 39//51 20//25
f 39//51 21//26 20//25
f 39//51 40//52 21//26
f 40//52 22//27 21//26
f 40//52 41//53 22//27
f 41//53 23//28 22//27
f 41//53 42//54 23//28
f 42//55 43//56 23//28
f 43//56 24//29 23//28
f 43//56 44//57 24//29
f 44//57 25//30 24//29
f 44//57 45//58 25//30
f 45//58 26//31 25//30
f 45//58 46//59 26//31
f 46//59 47//60 26//31
f 47//60 27//32 26//31
f 47//61 48//62 27//63
f 48//1 28//1 27//1
f 48//62 49//64 28//65
f 49//66 29//34 28//33
f 49//66 50//67 29//34
f 50//67 51//68 29//34
f 51//1 30//1 29//1
f 51//1 52//1 30//1
f 52//69 31//37 30//36
f 52//70 53//71 31//72
f 53//71 32//38 31//37
f 53//71 54//73 32//38
f 54//73 55//74 32//38
f 55//74 33//39 32//38
f 55//74 56//75 33//40
f 56//75 34//41 33//40
f 56//75 57//76 34//41
f 57//76 35//44 34//43
f 57//76 58//77 35//44
f 58//77 59//78 35//45
f 59//78 36//20 35//45
f 59//78 60//79 36//46
f 60//79 37//47 36//46
f 60//79 61//80 37//47
f 61//80 20//25 37//49
f 61//80 38//50 20//25
f 62//81 63//82 38//50
f 63//82 39//51 38//50
f 63//82 64//83 39//51
f 64//83 40//52 39//51
f 64//83 65//84 40//52
f 65//84 41//53 40//52
f 65//84 66//85 41//53
f 66//85 42//54 41//53
f 66//85 67//86 42//54
f 67//63 68//63 42//55
f 68//63 43//56 42//55
f 68//63 69//63 43//56
f 69//63 44//57 43//56
f 69//63 70//63 44//57
f 70//63 45//58 44//57
f 70//63 71//63 45//58
f 71//87 46//59 45//58
f 71//1 72//1 46//1
f 72//1 73//1 46//1
f 73//88 47//60 46//59
f 73//89 74//90 47//61
f 74//90 48//62 47//61
f 74//90 75//91 48//62
f 75//91 49//64 48//62
f 75//91 76//69 49//64
f 76//92 50//67 49//66
f 76//1 77//1 50//1
f 77//1 78//1 50//1
f 78//93 51//68 50//67
f 78//94 79//95 51//96
f 79//95 52//70 51//96
f 79//95 80//97 52//70
f 80//97 53//71 52//70
f 80//97 81//98 53//71
f 81//98 54//73 53//71
f 81//98 82//18 54//73
f 82//18 83//99 54//73
f 83//99 55//74 54//73
f 83//99 84//100 55//74
f 84//100 56//75 55//74
f 84//100 85//100 56//75
f 85//100 57//76 56//75
f 85//100 86//101 57//76
f 86//101 58//77 57//76
f 86//101 87//102 58//77
f 87//102 88//103 58//77
f 88//103 59//78 58//77
f 88//103 89//104 59//78
f 89//104 60//79 59//78
f 89//104 90//105 60//79
f 90//105 61//80 60//79
f 90//105 91//106 61//80
f 91//106 38//50 61//80
f 91//106 62//81 38//50
f 92//107 93//108 62//81
f 93//108 63//82 62//81
f 93//109 94//110 63//82
f 94//110 64//83 63//82
f 94//111 95//111 64//111
f 95//1 65//1 64//1
f 95//1 96//1 65//1
f 96//1 66//1 65//1
f 96//63 97//63 66//63
f 97//112 67//86 66//85
f 97//113 98//114 67//113
f 98//114 99//115 67//116
f 99//1 68//1 67//1
f 99//1 100//1 68//1
f 100//1 69//1 68//1
f 100//1 101//1 69//1
f 101//1 70//1 69//1
f 101//1 102//1 70//1
f 102//1 71//1 70//1
f 102//1 103//1 71//1
f 103//1 72//1 71//1
f 103//117 104//118 72//119
f 104//120 105//121 72//122
f 105//1 73//1 72//1
f 105//1 106//1 73//1
f 106//1 74//1 73//1
f 106//1 107//1 74//1
f 107//1 75//1 74//1
f 107//1 108//1 75//1
f 108//1 76//1 75//1
f 108//123 109//123 76//123
f 109//89 77//89 76//89
f 109//124 110//125 77//126
f 110//125 111//127 77//126
f 111//128 78//94 77//129
f 111//128 112//130 78//94
f 112//130 79//95 78//94
f 112//130 113//131 79//95
f 113//131 80//97 79//95
f 113//131 114//132 80//97
f 114//132 81//98 80//97
f 114//132 115//133 81//98
f 115//134 82//18 81//98
f 115//134 116//20 82//18
f 116//17 117//135 82//18
f 117//135 83//99 82//18
f 117//45 118//136 83//99
f 118//136 84//100 83//99
f 118//136 119//136 84//100
f 119//136 85//100 84//100
f 119//136 120//136 85//100
f 120//136 86//101 85//100
f 120//136 121//45 86//101
f 121//137 87//102 86//101
f 121//137 122//23 87//102
f 122//20 123//134 87//102
f 123//134 88//103 87//102
f 123//138 124//139 88//103
f 124//139 89//104 88//103
f 124//139 125//140 89//104
f 125//140 90//105 89//104
f 125//140 126//141 90//105
f 126//141 91//106 90//105
f 126//141 127//142 91//106
f 127//143 62//81 91//106
f 127//143 92//144 62//81
f 128//145 129//146 92//107
f 129//146 93//108 92//107
f 129//147 130//148 93//109
f 130//148 94//110 93//109
f 130//148 131//149 94//110
f 131//149 95//150 94//110
f 131//149 132//151 95//150
f 132//151 96//152 95//150
f 132//151 133//153 96//152
f 133//153 97//154 96//152
f 133//153 134//155 97//154
f 134//155 98//114 97//113
f 134//155 135//156 98//114
f 135//156 136//157 98//114
f 136//157 99//115 98//114
f 136//157 137//158 99//159
f 137//158 100//160 99//159
f 137//158 138//161 100//160
f 138//161 101//162 100//160
f 138//161 139//163 101//162
f 139//163 102//164 101//162
f 139//163 140//165 102//164
f 140//165 103//159 102//164
f 140//165 141//159 103//159
f 141//166 104//118 103//117
f 141//167 142//168 104//88
f 142//168 143//169 104//170
f 143//171 105//121 104//120
f 143//172 144//173 105//174
f 144//173 106//175 105//174
f 144//173 145//176 106//175
f 145//176 107//177 106//175
f 145//176 146//178 107//177
f 146//178 108//179 107//177
f 146//178 147//180 108//179
f 147//180 109//181 108//179
f 147//180 148//182 109//181
f 148//182 110//125 109//124
f 148//182 149//183 110//125
f 149//183 150//184 110//125
f 150//184 111//127 110//125
f 150//184 151//185 111//128
f 151//185 112//130 111//128
f 151//185 152//186 112//130
f 152//186 113//131 112//130
f 152//186 153//187 113//131
f 153//187 114//132 113//131
f 153//187 154//188 114//132
f 154//188 115//133 114//132
f 154//188 155//189 115//133
f 155//20 116//20 115//134
f 155//1 156//1 116//1
f 156//1 157//1 116//1
f 157//35 117//135 116//17
f 157//190 158//190 117//45
f 158//190 118//136 117//45
f 158//190 159//190 118//136
f 159//190 119//136 118//136
f 159//190 160//190 119//136
f 160//190 120//136 119//136
f 160//190 161//190 120//136
f 161//190 121//45 120//136
f 161//190 162//190 121//45
f 162//191 122//23 121//137
f 162//1 163//1 122//1
f 163//1 164//1 122//1
f 164//20 123//134 122//20
f 164//192 165//193 123//138
f 165//193 124//139 123//138
f 165//193 166//194 124//139
f 166//194 125//140 124//139
f 166//194 167//195 125//140
f 167//195 126//141 125//140
f 167//195 168//141 126//141
f 168//141 127//142 126//141
f 168//141 169//196 127//142
f 169//197 92//144 127//143
f 169//197 128//198 92//144
f 170//199 171//200 128//201
f 171//200 129//147 128//201
f 171//200 172//202 129//147
f 172//202 130//148 129//147
f 172//202 173//203 130//148
f 173//203 131//149 130//148
f 173//203 174//204 131//149
f 174//204 132//151 131//149
f 174//204 175//205 132//151
f 175//205 133//153 132//151
f 175//205 176//206 133//153
f 176//206 134//155 133//153
f 176//206 177//207 134//155
f 177//207 135//156 134//155
f 177//207 178//208 135//156
f 178//63 179//209 135//156
f 179//209 136//157 135//156
f 179//209 180//210 136//157
f 180//210 137//158 136//157
f 180//211 181//212 137//86
f 181//212 138//208 137//86
f 181//212 182//213 138//161
f 182//213 139//163 138//161
f 182//213 183//214 139//163
f 183//69 140//69 139//69
f 183//1 184//1 140//1
f 184//1 141//1 140//1
f 184//215 185//215 141//215
f 185//8 142//168 141//167
f 185//8 186//216 142//168
f 186//216 187//217 142//168
f 187//217 143//169 142//168
f 187//218 188//219 143//220
f 188//219 144//63 143//220
f 188//219 189//221 144//173
f 189//221 145//176 144//173
f 189//221 190//222 145//176
f 190//222 146//178 145//176
f 190//222 191//222 146//178
f 191//222 147//180 146//178
f 191//222 192//223 147//180
f 192//223 148//182 147//180
f 192//223 193//224 148//182
f 193//224 149//183 148//182
f 193//224 194//225 149//183
f 194//226 195//227 149//183
f 195//227 150//184 149//183
f 195//227 196//228 150//184
f 196//228 151//185 150//184
f 196//228 197//229 151//87
f 197//1 152//1 151//1
f 197//1 198//1 152//1
f 198//1 153//1 152//1
f 198//1 199//1 153//1
f 199//1 154//1 153//1
f 199//1 200//1 154//1
f 200//1 155//1 154//1
f 200//190 201//190 155//190
f 201//230 156//231 155//35
f 201//230 202//232 156//231
f 202//233 203//234 156//235
f 203//234 157//20 156//235
f 203//189 204//189 157//189
f 204//1 158//1 157//1
f 204//1 205//1 158//1
f 205//1 159//1 158//1
f 205//1 206//1 159//1
f 206//1 160//1 159//1
f 206//1 207//1 160//1
f 207//1 161//1 160//1
f 207//1 208//1 161//1
f 208//1 162//1 161//1
f 208//236 209//237 162//21
f 209//238 163//239 162//20
f 209//238 210//240 163//239
f 210//240 211//241 163//239
f 211//241 164//192 163//239
f 211//241 212//241 164//192
f 212//241 165//193 164//192
f 212//242 213//242 165//242
f 213//1 166//1 165//1
f 213//1 214//1 166//1
f 214//1 167//1 166//1
f 214//243 215//243 167//243
f 215//244 168//141 167//195
f 215//244 216//245 168//141
f 216//245 169//196 168//141
f 216//246 217//247 169//248
f 217//247 128//249 169//248
f 217//247 170//250 128//249
f 218//1 219//1 170//1
f 219//1 171//1 170//1
f 219//1 220//1 171//1
f 220//251 172//252 171//253
f 220//251 221//111 172//252
f 221//1 173//1 172//1
f 221//1 222//1 173//1
f 222//1 174//1 173//1
f 222//1 223//1 174//1
f 223//1 175//1 174//1
f 223//1 224//1 175//1
f 224//1 176//1 175//1
f 224//1 225//1 176//1
f 225//254 177//89 176//170
f 225//254 226//255 177//89
f 226//1 178//1 177//1
f 226//1 227//1 178//1
f 227//1 228//1 178//1
f 228//1 179//1 178//1
f 228//1 229//1 179//1
f 229//208 180//210 179//209
f 229//63 230//256 180//211
f 230//256 181//212 180//211
f 230//256 231//8 181//212
f 231//8 182//213 181//212
f 231//8 232//8 182//213
f 232//8 183//214 182//213
f 232//8 233//8 183//214
f 233//8 184//8 183//214
f 233//8 234//8 184//8
f 234//215 185//215 184//215
f 234//1 235//1 185//1
f 235//1 186//1 185//1
f 235//1 236//1 186//1
f 236//1 237//1 186//1
f 237//63 187//217 186//216
f 237//257 238//258 187//218
f 238//258 188//219 187//218
f 238//258 239//259 188//219
f 239//259 189//221 188//219
f 239//259 240//260 189//221
f 240//260 190//222 189//221
f 240//260 241//261 190//222
f 241//261 191//222 190//222
f 241//261 242//222 191//222
f 242//222 192//223 191//222
f 242//222 243//262 192//223
f 243//263 193//224 192//223
f 243//263 244//264 193//224
f 244//265 194//225 193//224
f 244//265 245//266 194//225
f 245//92 246//267 194//226
f 246//267 195//227 194//226
f 246//268 247//262 195//227
f 247//262 196//228 195//227
f 247//263 248//269 196//228
f 248//269 197//229 196//228
f 248//269 249//270 197//229
f 249//270 198//271 197//229
f 249//270 250//272 198//271
f 250//272 199//273 198//271
f 250//272 251//131 199//273
f 251//131 200//274 199//273
f 251//131 252//275 200//274
f 252//190 201//190 200//190
f 252//63 253//63 201//63
f 253//63 202//63 201//63
f 253//242 254//242 202//242
f 254//276 255//277 202//72
f 255//112 203//112 202//112
f 255//112 256//112 203//112
f 256//189 204//189 203//189
f 256//278 257//279 204//20
f 257//279 205//20 204//20
f 257//279 258//279 205//20
f 258//279 206//20 205//20
f 258//279 259//279 206//20
f 259//279 207//20 206//20
f 259//279 260//280 207//20
f 260//280 208//236 207//20
f 260//280 261//240 208//236
f 261//240 209//237 208//236
f 261//242 262//242 209//242
f 262//111 210//111 209//111
f 262//1 263//1 210//1
f 263//1 264//1 210//1
f 264//242 211//242 210//242
f 264//111 265//281 211//241
f 265//281 212//241 211//241
f 265//281 266//282 212//241
f 266//282 213//283 212//241
f 266//282 267//284 213//283
f 267//284 214//285 213//283
f 267//284 268//286 214//285
f 268//286 215//244 214//285
f 268//286 269//287 215//244
f 269//287 216//245 215//244
f 269//287 270//288 216//245
f 270//289 217//247 216//246
f 270//1 271//1 217//1
f 271//1 170//1 217//1
f 271//1 218//1 170//1
f 272//1 273//1 218//1
f 273//1 219//1 218//1
f 273//1 274//1 219//1
f 274//1 220//1 219//1
f 274//242 275//242 220//242
f 275//242 221//242 220//242
f 275//1 276//1 221//1
f 276//1 222//1 221//1
f 276//1 277//1 222//1
f 277//1 223//1 222//1
f 277//1 278//1 223//1
f 278//1 224//1 223//1
f 278//1 279//1 224//1
f 279//1 225//1 224//1
f 279//1 280//1 225//1
f 280//69 226//255 225//254
f 280//290 281//291 226//292
f 281//291 227//123 226//292
f 281//89 282//89 227//89
f 282//1 283//1 227//1
f 283//1 228//1 227//1
f 283//1 284//1 228//1
f 284//1 229//1 228//1
f 284//1 285//1 229//1
f 285//1 230//1 229//1
f 285//1 286//1 230//1
f 286//1 231//1 230//1
f 286//1 287//1 231//1
f 287//1 232//1 231//1
f 287//1 288//1 232//1
f 288//1 233//1 232//1
f 288//1 289//1 233//1
f 289//1 234//1 233//1
f 289//1 290//1 234//1
f 290//1 235//1 234//1
f 290//1 291//1 235//1
f 291//1 236//1 235//1
f 291//1 292//1 236//1
f 292//1 293//1 236//1
f 293//1 237//1 236//1
f 293//1 294//1 237//1
f 294//1 238//1 237//1
f 294//1 295//1 238//1
f 295//1 239//1 238//1
f 295//1 296//1 239//1
f 296//63 240//260 239//259
f 296//69 297//293 240//260
f 297//293 241//261 240//260
f 297//293 298//257 241//261
f 298//257 242//222 241//261
f 298//257 299//254 242//222
f 299//254 243//262 242//222
f 299//254 300//69 243//262
f 300//72 244//264 243//263
f 300//1 301//1 244//1
f 301//1 245//1 244//1
f 301//294 302//295 245//198
f 302//296 303//297 245//145
f 303//1 246//1 245//1
f 303//1 304//1 246//1
f 304//69 247//262 246//268
f 304//72 305//298 247//263
f 305//298 248//269 247//263
f 305//298 306//299 248//269
f 306//299 249//270 248//269
f 306//257 307//257 249//257
f 307//1 250//1 249//1
f 307//242 308//242 250//242
f 308//65 251//131 250//272
f 308//65 309//299 251//131
f 309//299 252//275 251//131
f 309//257 310//300 252//300
f 310//300 253//69 252//300
f 310//72 311//72 253//72
f 311//242 254//242 253//242
f 311//1 312//1 254//1
f 312//1 313//1 254//1
f 313//92 255//277 254//276
f 313//301 314//301 255//301
f 314//302 256//302 255//303
f 314//302 315//304 256//302
f 315//301 257//279 256//278
f 315//301 316//301 257//279
f 316//301 258//279 257//279
f 316//301 317//301 258//279
f 317//301 259//279 258//279
f 317//301 318//301 259//279
f 318//301 260//280 259//279
f 318//301 319//301 260//280
f 319//303 261//303 260//303
f 319//1 320//1 261//1
f 320//1 262//1 261//1
f 320//1 321//1 262//1
f 321//1 263//1 262//1
f 321//1 322//1 263//1
f 322//1 323//1 263//1
f 323//1 264//1 263//1
f 323//1 324//1 264//1
f 324//1 265//1 264//1
f 324//65 325//65 265//65
f 325//170 266//257 265//170
f 325//170 326//257 266//257
f 326//257 267//87 266//257
f 326//63 327//63 267//63
f 327//1 268//1 267//1
f 327//1 328//1 268//1
f 328//1 269//1 268//1
f 328//1 329//1 269//1
f 329//1 270//1 269//1
f 329//1 330//1 270//1
f 330//1 271//1 270//1
f 330//1 331//1 271//1
f 331//1 218//1 271//1
f 331//1 272//1 218//1
f 332//303 333//303 272//303
f 333//1 273//1 272//1
f 333//1 334//1 273//1
f 334//1 274//1 273//1
f 334//242 335//242 274//242
f 335//242 275//242 274//242
f 335//1 336//1 275//1
f 336//1 276//1 275//1
f 336//1 337//1 276//1
f 337//1 277//1 276//1
f 337//1 338//1 277//1
f 338//1 278//1 277//1
f 338//1 339//1 278//1
f 339//1 279//1 278//1
f 339//1 340//1 279//1
f 340//1 280//1 279//1
f 340//242 341//242 280//242
f 341//65 281//291 280//290
f 341//305 342//59 281//306
f 342//59 282//88 281//306
f 342//1 343//1 282//1
f 343//307 344//308 282//257
f 344//63 283//63 282//63
f 344//208 345//208 283//208
f 345//1 284//1 283//1
f 345//1 346//1 284//1
f 346//1 285//1 284//1
f 346//1 347//1 285//1
f 347//1 286//1 285//1
f 347//1 348//1 286//1
f 348//1 287//1 286//1
f 348//1 349//1 287//1
f 349//1 288//1 287//1
f 349//1 350//1 288//1
f 350//1 289//1 288//1
f 350//1 351//1 289//1
f 351//1 290//1 289//1
f 351//1 352//1 290//1
f 352//1 291//1 290//1
f 352//1 353//1 291//1
f 353//1 292//1 291//1
f 353//308 354//307 292//87
f 354//63 355//63 292//63
f 355//1 293//1 292//1
f 355//1 356//1 293//1
f 356//1 294//1 293//1
f 356//1 357//1 294//1
f 357//1 295//1 294//1
f 357//1 358//1 295//1
f 358//1 296//1 295//1
f 358//1 359//1 296//1
f 359//1 297//1 296//1
f 359//1 360//1 297//1
f 360//1 298//1 297//1
f 360//1 361//1 298//1
f 361//1 299//1 298//1
f 361//309 362//310 299//310
f 362//311 300//312 299//313
f 362//311 363//314 300//312
f 363//314 301//294 300//312
f 363//314 364//315 301//294
f 364//315 302//295 301//294
f 364//316 365//316 302//316
f 365//317 366//318 302//170
f 366//304 303//297 302//296
f 366//208 367//319 303//320
f 367//319 304//48 303//320
f 367//253 368//253 304//253
f 368//1 305//1 304//1
f 368//1 369//1 305//1
f 369//1 306//1 305//1
f 369//1 370//1 306//1
f 370//257 307//257 306//257
f 370//65 371//65 307//65
f 371//242 308//242 307//242
f 371//1 372//1 308//1
f 372//1 309//1 308//1
f 372//63 373//63 309//63
f 373//63 310//63 309//63
f 373//1 374//1 310//1
f 374//1 311//1 310//1
f 374//1 375//1 311//1
f 375//1 312//1 311//1
f 375//1 376//1 312//1
f 376//257 377//257 312//257
f 377//63 313//63 312//63
f 377//208 378//208 313//208
f 378//1 314//1 313//1
f 378//1 379//1 314//1
f 379//208 315//208 314//208
f 379//63 380//63 315//63
f 380//63 316//63 315//63
f 380//208 381//208 316//208
f 381//1 317//1 316//1
f 381//1 382//1 317//1
f 382//1 318//1 317//1
f 382//1 383//1 318//1
f 383//1 319//1 318//1
f 383//1 384//1 319//1
f 384//1 320//1 319//1
f 384//1 385//1 320//1
f 385//1 321//1 320//1
f 385//1 386//1 321//1
f 386//1 322//1 321//1
f 386//1 387//1 322//1
f 387//1 388//1 322//1
f 388//1 323//1 322//1
f 388//299 389//299 323//299
f 389//254 324//257 323//257
f 389//254 390//321 324//257
f 390//65 325//65 324//65
f 390//1 391//1 325//1
f 391//1 326//1 325//1
f 391//1 392//1 326//1
f 392//63 327//63 326//63
f 392//300 393//322 327//308
f 393//322 328//87 327//308
f 393//322 394//323 328//63
f 394//1 329//1 328//1
f 394//1 395//1 329//1
f 395//1 330//1 329//1
f 395//1 396//1 330//1
f 396//1 331//1 330//1
f 396//1 397//1 331//1
f 397//1 272//1 331//1
f 397//243 332//324 272//243
f 398//325 399//326 332//327
f 399//326 333//301 332//327
f 399//1 400//1 333//1
f 400//1 334//1 333//1
f 400//1 401//1 334//1
f 401//328 335//329 334//330
f 401//328 402//304 335//329
f 402//1 336//1 335//1
f 402//242 403//242 336//242
f 403//331 337//291 336//65
f 403//331 404//292 337//291
f 404//292 338//72 337//291
f 404//266 405//266 338//266
f 405//1 339//1 338//1
f 405//1 406//1 339//1
f 406//1 340//1 339//1
f 406//1 407//1 340//1
f 407//330 341//330 340//330
f 407//332 408//332 341//332
f 408//333 342//59 341//305
f 408//333 409//87 342//59
f 409//1 343//1 342//1
f 409//63 410//63 343//63
f 410//63 411//63 343//63
f 411//87 344//308 343//307
f 411//1 412//1 344//1
f 412//208 345//208 344//208
f 412//63 413//63 345//63
f 413//63 346//63 345//63
f 413//63 414//63 346//63
f 414//63 347//63 346//63
f 414//334 415//335 347//112
f 415//1 348//1 347//1
f 415//1 416//1 348//1
f 416//1 349//1 348//1
f 416//1 417//1 349//1
f 417//1 350//1 349//1
f 417//336 418//337 350//257
f 418//55 351//63 350//63
f 418//55 419//220 351//63
f 419//220 352//63 351//63
f 419//220 420//338 352//63
f 420//338 353//63 352//63
f 420//338 421//63 353//63
f 421//257 354//307 353//308
f 421//1 422//1 354//1
f 422//1 423//1 354//1
f 423//63 355//63 354//63
f 423//257 424//339 355//340
f 424//339 356//341 355//340
f 424//339 425//342 356//341
f 425//342 357//69 356//341
f 425//342 426//343 357//63
f 426//1 358//1 357//1
f 426//1 427//1 358//1
f 427//1 359//1 358//1
f 427//1 428//1 359//1
f 428//1 360//1 359//1
f 428//112 429//112 360//112
f 429//344 361//309 360//111
f 429//344 430//345 361//309
f 430//345 362//310 361//309
f 430//1 431//1 362//1
f 431//242 363//314 362//311
f 431//346 432//346 363//346
f 432//347 364//348 363//349
f 432//347 433//350 364//348
f 433//351 365//351 364//351
f 433//88 434//88 365//88
f 434//301 435//301 365//301
f 435//352 366//318 365//317
f 435//352 436//353 366//318
f 436//353 367//354 366//318
f 436//353 437//355 367//354
f 437//242 368//242 367//242
f 437//1 438//1 368//1
f 438//1 369//1 368//1
f 438//1 439//1 369//1
f 439//1 370//1 369//1
f 439//1 440//1 370//1
f 440//1 371//1 370//1
f 440//1 441//1 371//1
f 441//1 372//1 371//1
f 441//63 442//63 372//63
f 442//63 373//63 372//63
f 442//356 443//357 373//242
f 443//357 374//358 373//72
f 443//357 444//359 374//358
f 444//359 375//360 374//358
f 444//359 445//354 375//360
f 445//354 376//354 375//360
f 445//354 446//123 376//354
f 446//242 447//361 376//362
f 447//361 377//363 376//362
f 447//361 448//364 377//363
f 448//330 378//330 377//330
f 448//1 449//1 378//1
f 449//1 379//1 378//1
f 449//1 450//1 379//1
f 450//1 380//1 379//1
f 450//365 451//366 380//367
f 451//366 381//330 380//367
f 451//1 452//1 381//1
f 452//1 382//1 381//1
f 452//1 453//1 382//1
f 453//1 383//1 382//1
f 453//1 454//1 383//1
f 454//1 384//1 383//1
f 454//1 455//1 384//1
f 455//1 385//1 384//1
f 455//1 456//1 385//1
f 456//1 386//1 385//1
f 456//194 457//368 386//313
f 457//20 387//20 386//20
f 457//20 458//20 387//20
f 458//288 459//369 387//370
f 459//369 388//313 387//370
f 459//371 460//372 388//373
f 460//372 389//374 388//373
f 460//372 461//375 389//374
f 461//255 390//321 389//254
f 461//255 462//308 390//321
f 462//308 391//257 390//321
f 462//63 463//63 391//63
f 463//1 392//1 391//1
f 463//92 464//92 392//92
f 464//255 393//322 392//300
f 464//255 465//376 393//322
f 465//376 394//323 393//322
f 465//376 466//377 394//323
f 466//377 395//378 394//323
f 466//379 467//380 395//381
f 467//367 396//382 395//330
f 467//367 468//383 396//382
f 468//383 397//111 396//382
f 468//383 469//382 397//111
f 469//384 332//324 397//243
f 469//384 398//385 332//324
f 470//386 471//299 398//387
f 471//388 399//326 398//325
f 471//48 472//320 399//319
f 472//320 400//208 399//319
f 472//367 473//389 400//330
f 473//1 401//1 400//1
f 473//301 474//301 401//301
f 474//301 402//301 401//301
f 474//1 475//1 402//1
f 475//330 403//330 402//330
f 475//390 476//391 403//320
f 476//391 404//198 403//320
f 476//391 477//392 404//198
f 477//88 405//88 404//88
f 477//1 478//1 405//1
f 478//1 406//1 405//1
f 478//1 479//1 406//1
f 479//1 407//1 406//1
f 479//1 480//1 407//1
f 480//1 408//1 407//1
f 480//63 481//63 408//63
f 481//63 409//63 408//63
f 481//63 482//63 409//63
f 482//63 410//63 409//63
f 482//1 483//1 410//1
f 483//1 484//1 410//1
f 484//1 411//1 410//1
f 484//254 485//89 411//170
f 485//88 412//88 411//88
f 485//393 486//394 412//332
f 486//1 413//1 412//1
f 486//1 487//1 413//1
f 487//1 414//1 413//1
f 487//1 488//1 414//1
f 488//198 415//335 414//334
f 488//338 489//220 415//88
f 489//220 416//88 415//88
f 489//220 490//220 416//88
f 490//220 417//88 416//88
f 490//220 491//55 417//88
f 491//337 418//337 417//336
f 491//337 492//336 418//337
f 492//88 419//220 418//55
f 492//88 493//88 419//220
f 493//88 420//338 419//220
f 493//332 494//332 420//332
f 494//1 421//1 420//1
f 494//395 495//396 421//145
f 495//301 422//301 421//301
f 495//301 496//301 422//301
f 496//303 497//111 422//145
f 497//111 423//253 422//145
f 497//242 498//242 423//242
f 498//1 424//1 423//1
f 498//65 499//65 424//65
f 499//170 425//342 424//339
f 499//170 500//397 425//342
f 500//397 426//343 425//342
f 500//397 501//398 426//343
f 501//398 427//399 426//343
f 501//398 502//400 427//399
f 502//400 428//401 427//399
f 502//402 503//403 428//404
f 503//403 429//63 428//404
f 503//69 504//405 429//406
f 504//405 430//407 429//406
f 504//405 505//377 430//407
f 505//377 431//401 430//407
f 505//377 506//401 431//401
f 506//346 432//346 431//346
f 506//242 507//242 432//242
f 507//1 433//1 432//1
f 507//112 508//334 433//335
f 508//334 434//198 433//335
f 508//408 509//409 434//387
f 509//409 510//299 434//387
f 510//301 435//301 434//301
f 510//1 511//1 435//1
f 511//69 436//353 435//352
f 511//72 512//410 436//353
f 512//410 437//355 436//353
f 512//410 513//411 437//355
f 513//411 438//186 437//355
f 513//411 514//412 438//186
f 514//412 439//413 438//186
f 514//412 515//414 439//413
f 515//414 440//65 439//413
f 515//414 516//408 440//65
f 516//408 441//415 440//65
f 516//408 517//416 441//415
f 517//416 442//356 441//415
f 517//416 518//417 442//356
f 518//417 443//357 442//356
f 518//417 519//299 443//357
f 519//299 444//359 443//357
f 519//257 520//257 444//257
f 520//1 445//1 444//1
f 520//1 521//1 445//1
f 521//1 446//1 445//1
f 521//1 522//1 446//1
f 522//1 523//1 446//1
f 523//1 447//1 446//1
f 523//1 524//1 447//1
f 524//129 448//364 447//361
f 524//418 525//419 448//301
f 525//419 449//420 448//301
f 525//419 526//421 449//420
f 526//421 450//365 449//420
f 526//421 527//422 450//365
f 527//422 451//366 450//365
f 527//422 528//423 451//366
f 528//423 452//424 451//366
f 528//423 529//425 452//424
f 529//425 453//190 452//424
f 529//425 530//190 453//190
f 530//190 454//190 453//190
f 530//190 531//190 454//190
f 531//190 455//190 454//190
f 531//190 532//190 455//190
f 532//190 456//190 455//190
f 532//190 533//190 456//190
f 533//250 457//368 456//194
f 533//1 534//1 457//1
f 534//1 458//1 457//1
f 534//1 535//1 458//1
f 535//1 536//1 458//1
f 536//1 459//1 458//1
f 536//426 537//427 459//371
f 537//427 460//372 459//371
f 537//427 538//428 460//372
f 538//428 461//375 460//372
f 538//429 539//430 461//431
f 539//430 462//432 461//431
f 539//430 540//433 462//432
f 540//208 463//208 462//208
f 540//1 541//1 463//1
f 541//301 464//301 463//301
f 541//434 542//435 464//145
f 542//435 465//436 464//145
f 542//435 543//437 465//436
f 543//437 466//438 465//436
f 543//437 544//439 466//438
f 544//440 467//380 466//379
f 544//305 545//333 467//441
f 545//333 468//87 467//441
f 545//442 546//443 468//444
f 546//367 469//382 468//383
f 546//367 547//253 469//382
f 547//198 398//385 469//384
f 547//129 470//386 398//387
f 548//1 549//1 470//1
f 549//1 471//1 470//1
f 549//1 550//1 471//1
f 550//1 472//1 471//1
f 550//1 551//1 472//1
f 551//111 473//389 472//367
f 551//111 552//445 473//389
f 552//445 474//304 473//389
f 552//208 553//446 474//320
f 553//446 475//390 474//320
f 553//446 554//447 475//390
f 554//447 476//391 475//390
f 554//447 555//448 476//391
f 555//448 477//392 476//391
f 555//448 556//449 477//392
f 556//449 478//450 477//392
f 556//449 557//451 478//450
f 557//451 479//452 478//450
f 557//451 558//453 479//452
f 558//453 480//394 479//452
f 558//453 559//208 480//394
f 559//63 481//63 480//63
f 559//1 560//1 481//1
f 560//257 482//257 481//87
f 560//257 561//257 482//257
f 561//1 483//1 482//1
f 561//1 562//1 483//1
f 562//1 563//1 483//1
f 563//1 484//1 483//1
f 563//69 564//255 484//254
f 564//255 485//89 484//254
f 564//1 565//1 485//1
f 565//208 486//394 485//393
f 565//63 566//63 486//63
f 566//63 487//63 486//63
f 566//63 567//63 487//63
f 567//63 488//338 487//63
f 567//63 568//63 488//338
f 568//63 489//220 488//338
f 568//63 569//63 489//220
f 569//63 490//220 489//220
f 569//63 570//63 490//220
f 570//63 491//55 490//220
f 570//63 571//63 491//55
f 571//257 492//336 491//337
f 571//330 572//330 492//330
f 572//454 493//455 492//242
f 572//454 573//456 493//455
f 573//456 494//433 493//455
f 573//456 574//242 494//433
f 574//111 495//396 494//395
f 574//1 575//1 495//1
f 575//1 496//1 495//1
f 575//1 576//1 496//1
f 576//1 577//1 496//1
f 577//1 497//1 496//1
f 577//1 578//1 497//1
f 578//242 498//242 497//242
f 578//242 579//242 498//242
f 579//242 499//242 498//242
f 579//242 580//242 499//242
f 580//1 500//1 499//1
f 580//1 581//1 500//1
f 581//1 501//1 500//1
f 581//1 582//1 501//1
f 582//1 502//1 501//1
f 582//457 583//458 502//459
f 583//458 503//460 502//459
f 583//1 584//1 503//1
f 584//1 504//1 503//1
f 584//1 585//1 504//1
f 585//1 505//1 504//1
f 585//1 586//1 505//1
f 586//1 506//1 505//1
f 586//1 587//1 506//1
f 587//242 507//242 506//242
f 587//242 588//242 507//242
f 588//63 508//63 507//63
f 588//69 589//69 508//69
f 589//92 509//409 508//408
f 589//1 590//1 509//1
f 590//1 591//1 509//1
f 591//1 510//1 509//1
f 591//1 592//1 510//1
f 592//1 511//1 510//1
f 592//1 593//1 511//1
f 593//1 512//1 511//1
f 593//301 594//301 512//410
f 594//301 513//411 512//410
f 594//1 595//1 513//1
f 595//1 514//1 513//1
f 595//1 596//1 514//1
f 596//87 515//414 514//412
f 596//129 597//358 515//414
f 597//358 516//408 515//414
f 597//358 598//264 516//408
f 598//264 517//416 516//408
f 598//87 599//87 517//87
f 599//1 518//1 517//1
f 599//1 600//1 518//1
f 600//1 519//1 518//1
f 600//63 601//63 519//63
f 601//63 520//63 519//63
f 601//1 602//1 520//1
f 602//1 521//1 520//1
f 602//1 603//1 521//1
f 603//1 522//1 521//1
f 603//1 604//1 522//1
f 604//1 605//1 522//1
f 605//1 523//1 522//1
f 605//1 606//1 523//1
f 606//1 524//1 523//1
f 606//253 607//253 524//253
f 607//242 525//419 524//418
f 607//354 608//331 525//123
f 608//320 526//319 525//48
f 608//320 609//208 526//319
f 609//1 527//1 526//1
f 609//1 610//1 527//1
f 610//1 528//1 527//1
f 610//111 611//461 528//423
f 611//461 529//425 528//423
f 611//1 612//1 529//1
f 612//1 530//1 529//1
f 612//1 613//1 530//1
f 613//1 531//1 530//1
f 613//1 614//1 531//1
f 614//1 532//1 531//1
f 614//1 615//1 532//1
f 615//1 533//1 532//1
f 615//1 616//1 533//1
f 616//1 534//1 533//1
f 616//1 617//1 534//1
f 617//1 535//1 534//1
f 617//1 618//1 535//1
f 618//1 619//1 535//1
f 619//1 536//1 535//1
f 619//462 620//463 536//426
f 620//463 537//427 536//426
f 620//463 621//257 537//427
f 621//65 538//65 537//65
f 621//1 622//1 538//1
f 622//1 539//1 538//1
f 622//1 623//1 539//1
f 623//242 540//433 539//430
f 623//111 624//382 540//251
f 624//382 541//434 540//251
f 624//382 625//464 541//434
f 625//464 542//435 541//434
f 625//464 626//396 542//435
f 626//396 543//437 542//435
f 626//396 627//382 543//437
f 627//382 544//439 543//437
f 627//382 628//330 544//439
f 628//465 545//442 544//332
f 628//465 629//466 545//442
f 629//466 546//443 545//442
f 629//257 630//307 546//308
f 630//307 547//87 546//308
f 630//63 631//63 547//63
f 631//301 470//301 547//301
f 631//301 548//301 470//301
f 632//304 633//304 548//304
f 633//1 549//1 548//1
f 633//1 634//1 549//1
f 634//1 550//1 549//1
f 634//1 635//1 550//1
f 635//1 551//1 550//1
f 635//1 636//1 551//1
f 636//111 552//445 551//111
f 636//111 637//253 552//445
f 637//1 553//1 552//1
f 637//1 638//1 553//1
f 638//1 554//1 553//1
f 638//88 639//88 554//447
f 639//88 555//448 554//447
f 639//1 640//1 555//1
f 640//1 556//1 555//1
f 640//1 641//1 556//1
f 641//328 557//451 556//449
f 641//328 642//304 557//451
f 642//1 558//1 557//1
f 642//1 643//1 558//1
f 643//1 559//1 558//1
f 643//1 644//1 559//1
f 644//1 560//1 559//1
f 644//1 645//1 560//1
f 645//254 561//257 560//257
f 645//254 646//293 561//257
f 646//1 562//1 561//1
f 646//1 647//1 562//1
f 647//1 648//1 562//1
f 648//1 563//1 562//1
f 648//1 649//1 563//1
f 649//264 564//292 563//72
f 649//264 650//123 564//292
f 650//1 565//1 564//1
f 650//1 651//1 565//1
f 651//1 566//1 565//1
f 651//1 652//1 566//1
f 652//1 567//1 566//1
f 652//1 653//1 567//1
f 653//1 568//1 567//1
f 653//1 654//1 568//1
f 654//1 569//1 568//1
f 654//1 655//1 569//1
f 655//1 570//1 569//1
f 655//1 656//1 570//1
f 656//1 571//1 570//1
f 656//1 657//1 571//1
f 657//467 572//454 571//208
f 657//467 658//468 572//454
f 658//468 573//456 572//454
f 658//1 659//1 573//1
f 659//1 574//1 573//1
f 659//1 660//1 574//1
f 660//1 575//1 574//1
f 660//1 661//1 575//1
f 661//1 576//1 575//1
f 661//1 662//1 576//1
f 662//1 663//1 576//1
f 663//1 577//1 576//1
f 663//1 664//1 577//1
f 664//1 578//1 577//1
f 664//1 665//1 578//1
f 665//242 579//242 578//242
f 665//242 666//242 579//242
f 666//242 580//242 579//242
f 666//242 667//242 580//242
f 667//1 581//1 580//1
f 667//1 668//1 581//1
f 668//1 582//1 581//1
f 668//84 669//469 582//457
f 669//469 583//458 582//457
f 669//1 670//1 583//1
f 670//1 584//1 583//1
f 670//1 671//1 584//1
f 671//1 585//1 584//1
f 671//1 672//1 585//1
f 672//1 586//1 585//1
f 672//1 673//1 586//1
f 673//1 587//1 586//1
f 673//1 674//1 587//1
f 674//242 588//242 587//242
f 674//242 675//242 588//242
f 675//1 589//1 588//1
f 675//1 676//1 589//1
f 676//1 590//1 589//1
f 676//332 677//332 590//332
f 677//304 678//304 590//304
f 678//1 591//1 590//1
f 678//1 679//1 591//1
f 679//1 592//1 591//1
f 679//1 680//1 592//1
f 680//1 593//1 592//1
f 680//301 681//301 593//301
f 681//301 594//301 593//301
f 681//1 682//1 594//1
f 682//1 595//1 594//1
f 682//1 683//1 595//1
f 683//1 596//1 595//1
f 683//1 684//1 596//1
f 684//1 597//1 596//1
f 684//1 685//1 597//1
f 685//1 598//1 597//1
f 685//63 686//63 598//63
f 686//63 599//63 598//63
f 686//1 687//1 599//1
f 687//1 600//1 599//1
f 687//63 688//63 600//63
f 688//63 601//63 600//63
f 688//1 689//1 601//1
f 689//1 602//1 601//1
f 689//1 690//1 602//1
f 690//1 603//1 602//1
f 690//1 691//1 603//1
f 691//1 604//1 603//1
f 691//1 692//1 604//1
f 692//1 693//1 604//1
f 693//1 605//1 604//1
f 693//1 694//1 605//1
f 694//1 606//1 605//1
f 694//1 695//1 606//1
f 695//320 607//319 606//48
f 695//320 696//208 607//319
f 696//65 608//331 607//354
f 696//242 697//242 608//242
f 697//330 609//330 608//330
f 697//1 698//1 609//1
f 698//1 610//1 609//1
f 698//1 699//1 610//1
f 699//470 611//471 610//112
f 699//470 700//472 611//471
f 700//1 612//1 611//1
f 700//1 701//1 612//1
f 701//1 613//1 612//1
f 701//1 702//1 613//1
f 702//1 614//1 613//1
f 702//1 703//1 614//1
f 703//1 615//1 614//1
f 703//1 704//1 615//1
f 704//1 616//1 615//1
f 704//1 705//1 616//1
f 705//1 617//1 616//1
f 705//1 706//1 617//1
f 706//1 618//1 617//1
f 706//1 707//1 618//1
f 707//1 708//1 618//1
f 708//1 619//1 618//1
f 708//292 709//473 619//462
f 709//473 620//463 619//462
f 709//473 710//301 620//463
f 710//1 621//1 620//1
f 710//1 711//1 621//1
f 711//1 622//1 621//1
f 711//1 712//1 622//1
f 712//1 623//1 622//1
f 712//1 713//1 623//1
f 713//1 624//1 623//1
f 713//1 714//1 624//1
f 714//1 625//1 624//1
f 714//1 715//1 625//1
f 715//1 626//1 625//1
f 715//1 716//1 626//1
f 716//1 627//1 626//1
f 716//1 717//1 627//1
f 717//1 628//1 627//1
f 717//48 718//112 628//465
f 718//112 629//466 628//465
f 718//1 719//1 629//1
f 719//1 630//1 629//1
f 719//1 720//1 630//1
f 720//63 631//63 630//63
f 720//257 721//257 631//257
f 721//299 548//299 631//299
f 721//332 632//332 548//332
f 722//301 723//301 632//301
f 723//301 633//301 632//301
f 723//1 724//1 633//1
f 724//1 634//1 633//1
f 724//1 725//1 634//1
f 725//1 635//1 634//1
f 725//1 726//1 635//1
f 726//1 636//1 635//1
f 726//242 727//242 636//242
f 727//242 637//242 636//242
f 727//1 728//1 637//1
f 728//1 638//1 637//1
f 728//1 729//1 638//1
f 729//89 639//89 638//89
f 729//123 730//292 639//264
f 730//292 640//72 639//264
f 730//69 731//69 640//69
f 731//1 641//1 640//1
f 731//301 732//301 641//301
f 732//301 642//301 641//301
f 732//1 733//1 642//1
f 733//1 643//1 642//1
f 733//1 734//1 643//1
f 734//1 644//1 643//1
f 734//1 735//1 644//1
f 735//1 645//1 644//1
f 735//1 736//1 645//1
f 736//69 646//293 645//254
f 736//69 737//69 646//293
f 737//1 647//1 646//1
f 737//1 738//1 647//1
f 738//1 739//1 647//1
f 739//1 648//1 647//1
f 739//1 740//1 648//1
f 740//1 649//1 648//1
f 740//474 741//341 649//265
f 741//341 650//89 649//265
f 741//1 742//1 650//1
f 742//1 651//1 650//1
f 742//1 743//1 651//1
f 743//1 652//1 651//1
f 743//1 744//1 652//1
f 744//1 653//1 652//1
f 744//1 745//1 653//1
f 745//1 654//1 653//1
f 745//1 746//1 654//1
f 746//1 655//1 654//1
f 746//1 747//1 655//1
f 747//1 656//1 655//1
f 747//1 748//1 656//1
f 748//1 657//1 656//1
f 748//304 749//475 657//467
f 749//475 658//468 657//467
f 749//88 750//88 658//88
f 750//88 659//88 658//88
f 750//198 751//198 659//198
f 751//1 660//1 659//1
f 751//1 752//1 660//1
f 752//1 661//1 660//1
f 752//1 753//1 661//1
f 753//1 662//1 661//1
f 753//1 754//1 662//1
f 754//1 755//1 662//1
f 755//1 663//1 662//1
f 755//1 756//1 663//1
f 756//1 664//1 663//1
f 756//1 757//1 664//1
f 757//1 665//1 664//1
f 757//129 758//360 665//476
f 758//360 666//65 665//476
f 758//1 759//1 666//1
f 759//242 667//242 666//242
f 759//242 760//242 667//242
f 760//1 668//1 667//1
f 760//453 761//477 668//84
f 761//477 669//469 668//84
f 761//477 762//63 669//469
f 762//1 670//1 669//1
f 762//1 763//1 670//1
f 763//1 671//1 670//1
f 763//1 764//1 671//1
f 764//1 672//1 671//1
f 764//1 765//1 672//1
f 765//1 673//1 672//1
f 765//1 766//1 673//1
f 766//1 674//1 673//1
f 766//1 767//1 674//1
f 767//242 675//242 674//242
f 767//330 768//330 675//330
f 768//330 676//330 675//330
f 768//242 769//242 676//242
f 769//88 677//88 676//88
f 769//170 770//170 677//170
f 770//299 771//299 677//299
f 771//301 678//301 677//301
f 771//1 772//1 678//1
f 772//1 679//1 678//1
f 772//1 773//1 679//1
f 773//1 680//1 679//1
f 773//1 774//1 680//1
f 774//395 681//396 680//145
f 774//395 775//111 681//396
f 775//1 682//1 681//1
f 775//1 776//1 682//1
f 776//1 683//1 682//1
f 776//1 777//1 683//1
f 777//1 684//1 683//1
f 777//1 778//1 684//1
f 778//1 685//1 684//1
f 778//1 779//1 685//1
f 779//336 686//340 685//257
f 779//336 780//89 686//340
f 780//1 687//1 686//1
f 780//63 781//63 687//63
f 781//63 688//63 687//63
f 781//1 782//1 688//1
f 782//1 689//1 688//1
f 782//1 783//1 689//1
f 783//1 690//1 689//1
f 783//1 784//1 690//1
f 784//1 691//1 690//1
f 784//1 785//1 691//1
f 785//1 692//1 691//1
f 785//1 786//1 692//1
f 786//1 787//1 692//1
f 787//1 693//1 692//1
f 787//1 788//1 693//1
f 788//1 694//1 693//1
f 788//1 789//1 694//1
f 789//1 695//1 694//1
f 789//145 790//296 695//297
f 790//296 696//304 695//297
f 790//1 791//1 696//1
f 791//1 697//1 696//1
f 791//1 792//1 697//1
f 792//1 698//1 697//1
f 792//1 793//1 698//1
f 793//1 699//1 698//1
f 793//1 794//1 699//1
f 794//478 700//472 699//470
f 794//478 795//112 700//472
f 795//1 701//1 700//1
f 795//1 796//1 701//1
f 796//1 702//1 701//1
f 796//1 797//1 702//1
f 797//1 703//1 702//1
f 797//1 798//1 703//1
f 798//1 704//1 703//1
f 798//1 799//1 704//1
f 799//1 705//1 704//1
f 799//1 800//1 705//1
f 800//1 706//1 705//1
f 800//1 801//1 706//1
f 801//1 707//1 706//1
f 801//1 802//1 707//1
f 802//358 803//267 707//129
f 803//268 708//255 707//87
f 803//268 804//69 708//255
f 804//290 709//473 708//292
f 804//290 805//476 709//473
f 805//476 710//129 709//473
f 805//1 806//1 710//1
f 806//1 711//1 710//1
f 806//1 807//1 711//1
f 807//1 712//1 711//1
f 807//1 808//1 712//1
f 808//1 713//1 712//1
f 808//1 809//1 713//1
f 809//1 714//1 713//1
f 809//1 810//1 714//1
f 810//1 715//1 714//1
f 810//1 811//1 715//1
f 811//1 716//1 715//1
f 811//1 812//1 716//1
f 812//1 717//1 716//1
f 812//1 813//1 717//1
f 813//63 718//63 717//63
f 813//63 814//63 718//63
f 814//1 719//1 718//1
f 814//1 815//1 719//1
f 815//1 720//1 719//1
f 815//1 816//1 720//1
f 816//1 721//1 720//1
f 816//1 817//1 721//1
f 817//88 632//88 721//88
f 817//88 722//88 632//88
f 818//301 819//301 722//301
f 819//301 723//301 722//301
f 819//1 820//1 723//1
f 820//1 724//1 723//1
f 820//1 821//1 724//1
f 821//1 725//1 724//1
f 821//1 822//1 725//1
f 822//1 726//1 725//1
f 822//242 823//242 726//242
f 823//242 727//242 726//242
f 823//1 824//1 727//1
f 824//1 728//1 727//1
f 824//1 825//1 728//1
f 825//1 729//1 728//1
f 825//1 826//1 729//1
f 826//1 730//1 729//1
f 826//63 827//63 730//63
f 827//63 731//63 730//63
f 827//1 828//1 731//1
f 828//329 732//328 731//304
f 828//329 829//330 732//328
f 829//1 733//1 732//1
f 829//1 830//1 733//1
f 830//1 734//1 733//1
f 830//1 831//1 734//1
f 831//1 735//1 734//1
f 831//1 832//1 735//1
f 832//1 736//1 735//1
f 832//63 833//63 736//63
f 833//63 737//63 736//63
f 833//1 834//1 737//1
f 834//1 738//1 737//1
f 834//1 835//1 738//1
f 835//1 836//1 738//1
f 836//1 739//1 738//1
f 836//1 837//1 739//1
f 837//1 740//1 739//1
f 837//307 838//479 740//474
f 838//479 741//341 740//474
f 838//1 839//1 741//1
f 839//1 742//1 741//1
f 839//1 840//1 742//1
f 840//1 743//1 742//1
f 840//1 841//1 743//1
f 841//1 744//1 743//1
f 841//1 842//1 744//1
f 842//1 745//1 744//1
f 842//1 843//1 745//1
f 843//1 746//1 745//1
f 843//1 844//1 746//1
f 844//1 747//1 746//1
f 844//1 845//1 747//1
f 845//1 748//1 747//1
f 845//1 846//1 748//1
f 846//319 749//320 748//208
f 846//319 847//48 749//320
f 847//1 750//1 749//1
f 847//480 848//436 750//438
f 848//436 751//253 750//438
f 848//1 849//1 751//1
f 849//1 752//1 751//1
f 849//1 850//1 752//1
f 850//1 753//1 752//1
f 850//1 851//1 753//1
f 851//1 754//1 753//1
f 851//1 852//1 754//1
f 852//1 853//1 754//1
f 853//1 755//1 754//1
f 853//1 854//1 755//1
f 854//1 756//1 755//1
f 854//1 855//1 756//1
f 855//1 757//1 756//1
f 855//1 856//1 757//1
f 856//301 758//301 757//301
f 856//301 857//481 758//301
f 857//1 759//1 758//1
f 857//481 858//291 759//331
f 858//291 760//65 759//331
f 858//446 859//482 760//453
f 859//482 761//477 760//453
f 859//482 860//198 761//477
f 860//198 762//48 761//477
f 860//1 861//1 762//1
f 861//1 763//1 762//1
f 861//1 862//1 763//1
f 862//1 764//1 763//1
f 862//1 863//1 764//1
f 863//1 765//1 764//1
f 863//1 864//1 765//1
f 864//1 766//1 765//1
f 864//1 865//1 766//1
f 865//1 767//1 766//1
f 865//1 866//1 767//1
f 866//1 768//1 767//1
f 866//1 867//1 768//1
f 867//242 769//242 768//242
f 867//242 868//242 769//242
f 868//1 770//1 769//1
f 868//1 869//1 770//1
f 869//1 870//1 770//1
f 870//1 771//1 770//1
f 870//1 871//1 771//1
f 871//1 772//1 771//1
f 871//1 872//1 772//1
f 872//1 773//1 772//1
f 872//1 873//1 773//1
f 873//1 774//1 773//1
f 873//242 874//242 774//242
f 874//242 775//242 774//242
f 874//1 875//1 775//1
f 875//1 776//1 775//1
f 875//1 876//1 776//1
f 876//1 777//1 776//1
f 876//1 877//1 777//1
f 877//1 778//1 777//1
f 877//1 878//1 778//1
f 878//1 779//1 778//1
f 878//88 879//88 779//88
f 879//88 780//88 779//88
f 879//1 880//1 780//1
f 880//479 781//308 780//257
f 880//479 881//474 781//308
f 881//1 782//1 781//1
f 881//1 882//1 782//1
f 882//1 783//1 782//1
f 882//1 883//1 783//1
f 883//1 784//1 783//1
f 883//1 884//1 784//1
f 884//1 785//1 784//1
f 884//1 885//1 785//1
f 885//1 786//1 785//1
f 885//1 886//1 786//1
f 886//1 887//1 786//1
f 887//1 787//1 786//1
f 887//1 888//1 787//1
f 888//1 788//1 787//1
f 888//1 889//1 788//1
f 889//1 789//1 788//1
f 889//1 890//1 789//1
f 890//320 790//319 789//48
f 890//320 891//208 790//319
f 891//1 791//1 790//1
f 891//1 892//1 791//1
f 892//1 792//1 791//1
f 892//1 893//1 792//1
f 893//1 793//1 792//1
f 893//1 894//1 793//1
f 894//1 794//1 793//1
f 894//1 895//1 794//1
f 895//48 795//112 794//478
f 895//63 896//63 795//63
f 896//63 796//63 795//63
f 896//483 897//446 796//112
f 897//1 797//1 796//1
f 897//1 898//1 797//1
f 898//1 798//1 797//1
f 898//1 899//1 798//1
f 899//1 799//1 798//1
f 899//1 900//1 799//1
f 900//1 800//1 799//1
f 900//1 901//1 800//1
f 901//1 801//1 800//1
f 901//1 902//1 801//1
f 902//1 802//1 801//1
f 902//1 903//1 802//1
f 903//291 904//484 802//358
f 904//484 803//267 802//358
f 904//1 905//1 803//1
f 905//1 804//1 803//1
f 905//1 906//1 804//1
f 906//242 805//242 804//242
f 906//242 907//242 805//242
f 907//1 806//1 805//1
f 907//1 908//1 806//1
f 908//1 807//1 806//1
f 908//1 909//1 807//1
f 909//1 808//1 807//1
f 909//1 910//1 808//1
f 910//1 809//1 808//1
f 910//1 911//1 809//1
f 911//1 810//1 809//1
f 911//1 912//1 810//1
f 912//1 811//1 810//1
f 912//1 913//1 811//1
f 913//1 812//1 811//1
f 913//1 914//1 812//1
f 914//1 813//1 812//1
f 914//485 915//446 813//483
f 915//446 814//112 813//483
f 915//1 916//1 814//1
f 916//1 815//1 814//1
f 916//1 917//1 815//1
f 917//1 816//1 815//1
f 917//1 918//1 816//1
f 918//1 817//1 816//1
f 918//208 919//394 817//393
f 919//394 722//332 817//393
f 919//1 818//1 722//1
f 920//301 921//301 818//301
f 921//301 819//301 818//301
f 921//1 922//1 819//1
f 922//1 820//1 819//1
f 922//1 923//1 820//1
f 923//1 821//1 820//1
f 923//1 924//1 821//1
f 924//1 822//1 821//1
f 924//1 925//1 822//1
f 925//252 823//252 822//253
f 925//252 926//396 823//252
f 926//1 824//1 823//1
f 926//1 927//1 824//1
f 927//1 825//1 824//1
f 927//1 928//1 825//1
f 928//1 826//1 825//1
f 928//63 929//63 826//63
f 929//63 827//63 826//63
f 929//1 930//1 827//1
f 930//1 828//1 827//1
f 930//242 931//242 828//242
f 931//242 829//242 828//242
f 931//1 932//1 829//1
f 932//1 830//1 829//1
f 932//1 933//1 830//1
f 933//1 831//1 830//1
f 933//1 934//1 831//1
f 934//1 832//1 831//1
f 934//1 935//1 832//1
f 935//486 833//487 832//69
f 935//486 936//266 833//487
f 936//1 834//1 833//1
f 936//1 937//1 834//1
f 937//1 835//1 834//1
f 937//1 938//1 835//1
f 938//1 939//1 835//1
f 939//1 836//1 835//1
f 939//1 940//1 836//1
f 940//1 837//1 836//1
f 940//336 941//336 837//307
f 941//336 838//479 837//307
f 941//1 942//1 838//1
f 942//1 839//1 838//1
f 942//1 943//1 839//1
f 943//1 840//1 839//1
f 943//1 944//1 840//1
f 944//1 841//1 840//1
f 944//1 945//1 841//1
f 945//1 842//1 841//1
f 945//1 946//1 842//1
f 946//1 843//1 842//1
f 946//1 947//1 843//1
f 947//1 844//1 843//1
f 947//1 948//1 844//1
f 948//1 845//1 844//1
f 948//1 949//1 845//1
f 949//1 846//1 845//1
f 949//330 950//439 846//438
f 950//439 847//480 846//438
f 950//439 951//438 847//480
f 951//438 848//436 847//480
f 951//1 952//1 848//1
f 952//1 849//1 848//1
f 952//1 953//1 849//1
f 953//1 850//1 849//1
f 953//1 954//1 850//1
f 954//1 851//1 850//1
f 954//1 955//1 851//1
f 955//1 852//1 851//1
f 955//1 956//1 852//1
f 956//1 957//1 852//1
f 957//1 853//1 852//1
f 957//1 958//1 853//1
f 958//1 854//1 853//1
f 958//1 959//1 854//1
f 959//1 855//1 854//1
f 959//1 960//1 855//1
f 960//1 856//1 855//1
f 960//1 961//1 856//1
f 961//488 857//481 856//301
f 961//488 962//489 857//481
f 962//489 858//291 857//481
f 962//112 963//490 858//446
f 963//490 859//482 858//446
f 963//1 964//1 859//1
f 964//88 860//88 859//88
f 964//88 965//88 860//88
f 965//1 861//1 860//1
f 965//1 966//1 861//1
f 966//1 862//1 861//1
f 966//1 967//1 862//1
f 967//1 863//1 862//1
f 967//1 968//1 863//1
f 968//1 864//1 863//1
f 968//1 969//1 864//1
f 969//1 865//1 864//1
f 969//1 970//1 865//1
f 970//1 866//1 865//1
f 970//1 971//1 866//1
f 971//1 867//1 866//1
f 971//1 972//1 867//1
f 972//242 868//242 867//242
f 972//242 973//242 868//242
f 973//1 869//1 868//1
f 973//1 974//1 869//1
f 974//1 975//1 869//1
f 975//1 870//1 869//1
f 975//1 976//1 870//1
f 976//1 871//1 870//1
f 976//1 977//1 871//1
f 977//1 872//1 871//1
f 977//1 978//1 872//1
f 978//1 873//1 872//1
f 978//242 979//242 873//242
f 979//242 874//242 873//242
f 979//1 980//1 874//1
f 980//1 875//1 874//1
f 980//1 981//1 875//1
f 981//1 876//1 875//1
f 981//1 982//1 876//1
f 982//1 877//1 876//1
f 982//1 983//1 877//1
f 983//1 878//1 877//1
f 983//1 984//1 878//1
f 984//257 879//89 878//170
f 984//257 985//87 879//89
f 985//1 880//1 879//1
f 985//1 986//1 880//1
f 986//341 881//474 880//479
f 986//341 987//265 881//474
f 987//1 882//1 881//1
f 987//1 988//1 882//1
f 988//1 883//1 882//1
f 988//1 989//1 883//1
f 989//1 884//1 883//1
f 989//1 990//1 884//1
f 990//1 885//1 884//1
f 990//1 991//1 885//1
f 991//1 886//1 885//1
f 991//1 992//1 886//1
f 992//1 993//1 886//1
f 993//1 887//1 886//1
f 993//1 994//1 887//1
f 994//1 888//1 887//1
f 994//1 995//1 888//1
f 995//1 889//1 888//1
f 995//1 996//1 889//1
f 996//1 890//1 889//1
f 996//253 997//438 890//367
f 997//438 891//330 890//367
f 997//1 998//1 891//1
f 998//1 892//1 891//1
f 998//1 999//1 892//1
f 999//1 893//1 892//1
f 999//1 1000//1 893//1
f 1000//1 894//1 893//1
f 1000//1 1001//1 894//1
f 1001//1 895//1 894//1
f 1001//1 1002//1 895//1
f 1002//1 896//1 895//1
f 1002//1 1003//1 896//1
f 1003//485 897//446 896//483
f 1003//485 1004//453 897//446
f 1004//1 898//1 897//1
f 1004//1 1005//1 898//1
f 1005//1 899//1 898//1
f 1005//1 1006//1 899//1
f 1006//1 900//1 899//1
f 1006//1 1007//1 900//1
f 1007//1 901//1 900//1
f 1007//1 1008//1 901//1
f 1008//1 902//1 901//1
f 1008//1 1009//1 902//1
f 1009//1 903//1 902//1
f 1009//1 1010//1 903//1
f 1010//360 1011//354 903//291
f 1011//354 904//484 903//291
f 1011//1 1012//1 904//1
f 1012//1 905//1 904//1
f 1012//1 1013//1 905//1
f 1013//1 906//1 905//1
f 1013//1 1014//1 906//1
f 1014//242 907//242 906//242
f 1014//242 1015//242 907//242
f 1015//1 908//1 907//1
f 1015//1 1016//1 908//1
f 1016//1 909//1 908//1
f 1016//1 1017//1 909//1
f 1017//1 910//1 909//1
f 1017//1 1018//1 910//1
f 1018//1 911//1 910//1
f 1018//1 1019//1 911//1
f 1019//1 912//1 911//1
f 1019//1 1020//1 912//1
f 1020//1 913//1 912//1
f 1020//1 1021//1 913//1
f 1021//1 914//1 913//1
f 1021//452 1022//453 914//485
f 1022//453 915//446 914//485
f 1022//1 1023//1 915//1
f 1023//1 916//1 915//1
f 1023//1 1024//1 916//1
f 1024//1 917//1 916//1
f 1024//1 1025//1 917//1
f 1025//1 918//1 917//1
f 1025//1 1026//1 918//1
f 1026//63 919//63 918//63
f 1026//63 1027//63 919//63
f 1027//1 818//1 919//1
f 1027//1 920//1 818//1
f 1028//301 1029//301 920//301
f 1029//301 921//301 920//301
f 1029//1 1030//1 921//1
f 1030//1 922//1 921//1
f 1030//1 1031//1 922//1
f 1031//1 923//1 922//1
f 1031//1 1032//1 923//1
f 1032//1 924//1 923//1
f 1032//1 1033//1 924//1
f 1033//1 925//1 924//1
f 1033//1 1034//1 925//1
f 1034//491 926//396 925//252
f 1034//491 1035//297 926//396
f 1035//1 927//1 926//1
f 1035//63 1036//63 927//63
f 1036//208 928//208 927//208
f 1036//208 1037//208 928//208
f 1037//63 929//63 928//63
f 1037//1 1038//1 929//1
f 1038//1 930//1 929//1
f 1038//1 1039//1 930//1
f 1039//330 931//330 930//330
f 1039//330 1040//330 931//330
f 1040//1 932//1 931//1
f 1040//1 1041//1 932//1
f 1041//1 933//1 932//1
f 1041//1 1042//1 933//1
f 1042//1 934//1 933//1
f 1042//1 1043//1 934//1
f 1043//1 935//1 934//1
f 1043//88 1044//88 935//88
f 1044//88 936//88 935//88
f 1044//1 1045//1 936//1
f 1045//1 937//1 936//1
f 1045//1 1046//1 937//1
f 1046//1 938//1 937//1
f 1046//1 1047//1 938//1
f 1047//1 1048//1 938//1
f 1048//1 939//1 938//1
f 1048//257 1049//89 939//170
f 1049//88 940//88 939//88
f 1049//88 1050//88 940//88
f 1050//89 941//336 940//336
f 1050//1 1051//1 941//1
f 1051//1 942//1 941//1
f 1051//1 1052//1 942//1
f 1052//1 943//1 942//1
f 1052//1 1053//1 943//1
f 1053//1 944//1 943//1
f 1053//1 1054//1 944//1
f 1054//1 945//1 944//1
f 1054//1 1055//1 945//1
f 1055//1 946//1 945//1
f 1055//1 1056//1 946//1
f 1056//1 947//1 946//1
f 1056//1 1057//1 947//1
f 1057//1 948//1 947//1
f 1057//1 1058//1 948//1
f 1058//1 949//1 948//1
f 1058//1 1059//1 949//1
f 1059//492 950//493 949//332
f 1059//492 1060//494 950//493
f 1060//494 951//492 950//493
f 1060//494 1061//485 951//492
f 1061//1 952//1 951//1
f 1061//1 1062//1 952//1
f 1062//1 953//1 952//1
f 1062//1 1063//1 953//1
f 1063//1 954//1 953//1
f 1063//1 1064//1 954//1
f 1064//1 955//1 954//1
f 1064//1 1065//1 955//1
f 1065//1 956//1 955//1
f 1065//1 1066//1 956//1
f 1066//1 1067//1 956//1
f 1067//1 957//1 956//1
f 1067//1 1068//1 957//1
f 1068//1 958//1 957//1
f 1068//1 1069//1 958//1
f 1069//1 959//1 958//1
f 1069//1 1070//1 959//1
f 1070//1 960//1 959//1
f 1070//1 1071//1 960//1
f 1071//1 961//1 960//1
f 1071//65 1072//495 961//488
f 1072//495 962//489 961//488
f 1072//303 1073//303 962//303
f 1073//112 963//490 962//112
f 1073//1 1074//1 963//1
f 1074//1 964//1 963//1
f 1074//112 1075//334 964//335
f 1075//334 965//198 964//335
f 1075//1 1076//1 965//1
f 1076//1 966//1 965//1
f 1076//1 1077//1 966//1
f 1077//1 967//1 966//1
f 1077//1 1078//1 967//1
f 1078//1 968//1 967//1
f 1078//1 1079//1 968//1
f 1079//1 969//1 968//1
f 1079//1 1080//1 969//1
f 1080//1 970//1 969//1
f 1080//1 1081//1 970//1
f 1081//1 971//1 970//1
f 1081//1 1082//1 971//1
f 1082//1 972//1 971//1
f 1082//1 1083//1 972//1
f 1083//242 973//242 972//242
f 1083//242 1084//242 973//242
f 1084//1 974//1 973//1
f 1084//1 1085//1 974//1
f 1085//1 1086//1 974//1
f 1086//1 975//1 974//1
f 1086//1 1087//1 975//1
f 1087//1 976//1 975//1
f 1087//1 1088//1 976//1
f 1088//1 977//1 976//1
f 1088//1 1089//1 977//1
f 1089//1 978//1 977//1
f 1089//242 1090//242 978//242
f 1090//242 979//242 978//242
f 1090//1 1091//1 979//1
f 1091//1 980//1 979//1
f 1091//1 1092//1 980//1
f 1092//1 981//1 980//1
f 1092//1 1093//1 981//1
f 1093//1 982//1 981//1
f 1093//1 1094//1 982//1
f 1094//1 983//1 982//1
f 1094//1 1095//1 983//1
f 1095//1 984//1 983//1
f 1095//63 1096//63 984//63
f 1096//63 985//63 984//63
f 1096//1 1097//1 985//1
f 1097//1 986//1 985//1
f 1097//1 1098//1 986//1
f 1098//89 987//265 986//341
f 1098//123 1099//292 987//264
f 1099//292 988//72 987//264
f 1099//255 1100//254 988//69
f 1100//1 989//1 988//1
f 1100//1 1101//1 989//1
f 1101//1 990//1 989//1
f 1101//1 1102//1 990//1
f 1102//1 991//1 990//1
f 1102//1 1103//1 991//1
f 1103//1 992//1 991//1
f 1103//1 1104//1 992//1
f 1104//1 1105//1 992//1
f 1105//1 993//1 992//1
f 1105//1 1106//1 993//1
f 1106//1 994//1 993//1
f 1106//1 1107//1 994//1
f 1107//1 995//1 994//1
f 1107//1 1108//1 995//1
f 1108//1 996//1 995//1
f 1108//1 1109//1 996//1
f 1109//385 997//492 996//198
f 1109//385 1110//332 997//492
f 1110//1 998//1 997//1
f 1110//1 1111//1 998//1
f 1111//1 999//1 998//1
f 1111//1 1112//1 999//1
f 1112//1 1000//1 999//1
f 1112//1 1113//1 1000//1
f 1113//1 1001//1 1000//1
f 1113//1 1114//1 1001//1
f 1114//1 1002//1 1001//1
f 1114//1 1115//1 1002//1
f 1115//1 1003//1 1002//1
f 1115//1 1116//1 1003//1
f 1116//452 1004//453 1003//485
f 1116//452 1117//335 1004//453
f 1117//1 1005//1 1004//1
f 1117//1 1118//1 1005//1
f 1118//1 1006//1 1005//1
f 1118//1 1119//1 1006//1
f 1119//1 1007//1 1006//1
f 1119//1 1120//1 1007//1
f 1120//1 1008//1 1007//1
f 1120//1 1121//1 1008//1
f 1121//1 1009//1 1008//1
f 1121//1 1122//1 1009//1
f 1122//1 1010//1 1009//1
f 1122//1 1123//1 1010//1
f 1123//358 1124//496 1010//360
f 1124//496 1011//354 1010//360
f 1124//1 1125//1 1011//1
f 1125//1 1012//1 1011//1
f 1125//1 1126//1 1012//1
f 1126//1 1013//1 1012//1
f 1126//1 1127//1 1013//1
f 1127//1 1014//1 1013//1
f 1127//1 1128//1 1014//1
f 1128//242 1015//242 1014//242
f 1128//242 1129//242 1015//242
f 1129//1 1016//1 1015//1
f 1129//1 1130//1 1016//1
f 1130//1 1017//1 1016//1
f 1130//1 1131//1 1017//1
f 1131//1 1018//1 1017//1
f 1131//1 1132//1 1018//1
f 1132//1 1019//1 1018//1
f 1132//1 1133//1 1019//1
f 1133//1 1020//1 1019//1
f 1133//1 1134//1 1020//1
f 1134//1 1021//1 1020//1
f 1134//112 1135//335 1021//452
f 1135//335 1022//453 1021//452
f 1135//1 1136//1 1022//1
f 1136//1 1023//1 1022//1
f 1136//1 1137//1 1023//1
f 1137//1 1024//1 1023//1
f 1137//1 1138//1 1024//1
f 1138//1 1025//1 1024//1
f 1138//1 1139//1 1025//1
f 1139//1 1026//1 1025//1
f 1139//208 1140//208 1026//208
f 1140//208 1027//208 1026//208
f 1140//1 1141//1 1027//1
f 1141//1 920//1 1027//1
f 1141//1 1028//1 920//1
f 1142//301 1143//301 1028//301
f 1143//301 1029//301 1028//301
f 1143//1 1144//1 1029//1
f 1144//1 1030//1 1029//1
f 1144//1 1145//1 1030//1
f 1145//1 1031//1 1030//1
f 1145//1 1146//1 1031//1
f 1146//1 1032//1 1031//1
f 1146//1 1147//1 1032//1
f 1147//1 1033//1 1032//1
f 1147//1 1148//1 1033//1
f 1148//1 1034//1 1033//1
f 1148//1 1149//1 1034//1
f 1149//304 1035//297 1034//491
f 1149//208 1150//208 1035//208
f 1150//63 1036//63 1035//63
f 1150//242 1151//242 1036//242
f 1151//65 1037//65 1036//65
f 1151//170 1152//170 1037//170
f 1152//1 1038//1 1037//1
f 1152//1 1153//1 1038//1
f 1153//1 1039//1 1038//1
f 1153//242 1154//242 1039//242
f 1154//242 1040//242 1039//242
f 1154//1 1155//1 1040//1
f 1155//1 1041//1 1040//1
f 1155//1 1156//1 1041//1
f 1156//1 1042//1 1041//1
f 1156//1 1157//1 1042//1
f 1157//1 1043//1 1042//1
f 1157//88 1158//88 1043//88
f 1158//88 1044//88 1043//88
f 1158//1 1159//1 1044//1
f 1159//1 1045//1 1044//1
f 1159//1 1160//1 1045//1
f 1160//1 1046//1 1045//1
f 1160//1 1161//1 1046//1
f 1161//1 1047//1 1046//1
f 1161//1 1162//1 1047//1
f 1162//307 1163//308 1047//257
f 1163//63 1048//63 1047//63
f 1163//63 1164//63 1048//63
f 1164//87 1049//89 1048//257
f 1164//1 1165//1 1049//1
f 1165//1 1050//1 1049//1
f 1165//1 1166//1 1050//1
f 1166//1 1051//1 1050//1
f 1166//1 1167//1 1051//1
f 1167//1 1052//1 1051//1
f 1167//1 1168//1 1052//1
f 1168//1 1053//1 1052//1
f 1168//1 1169//1 1053//1
f 1169//1 1054//1 1053//1
f 1169//1 1170//1 1054//1
f 1170//1 1055//1 1054//1
f 1170//1 1171//1 1055//1
f 1171//1 1056//1 1055//1
f 1171//1 1172//1 1056//1
f 1172//1 1057//1 1056//1
f 1172//1 1173//1 1057//1
f 1173//1 1058//1 1057//1
f 1173//1 1174//1 1058//1
f 1174//1 1059//1 1058//1
f 1174//330 1175//367 1059//438
f 1175//367 1060//253 1059//438
f 1175//1 1176//1 1060//1
f 1176//446 1061//485 1060//494
f 1176//446 1177//490 1061//485
f 1177//1 1062//1 1061//1
f 1177//1 1178//1 1062//1
f 1178//1 1063//1 1062//1
f 1178//1 1179//1 1063//1
f 1179//1 1064//1 1063//1
f 1179//1 1180//1 1064//1
f 1180//1 1065//1 1064//1
f 1180//1 1181//1 1065//1
f 1181//1 1066//1 1065//1
f 1181//1 1182//1 1066//1
f 1182//1 1183//1 1066//1
f 1183//1 1067//1 1066//1
f 1183//1 1184//1 1067//1
f 1184//1 1068//1 1067//1
f 1184//1 1185//1 1068//1
f 1185//1 1069//1 1068//1
f 1185//1 1186//1 1069//1
f 1186//1 1070//1 1069//1
f 1186//1 1187//1 1070//1
f 1187//1 1071//1 1070//1
f 1187//1 1188//1 1071//1
f 1188//242 1072//242 1071//242
f 1188//242 1189//242 1072//242
f 1189//1 1073//1 1072//1
f 1189//1 1190//1 1073//1
f 1190//1 1074//1 1073//1
f 1190//1 1191//1 1074//1
f 1191//63 1075//63 1074//63
f 1191//69 1192//486 1075//487
f 1192//486 1076//266 1075//487
f 1192//88 1193//88 1076//88
f 1193//1 1077//1 1076//1
f 1193//1 1194//1 1077//1
f 1194//1 1078//1 1077//1
f 1194//1 1195//1 1078//1
f 1195//1 1079//1 1078//1
f 1195//1 1196//1 1079//1
f 1196//1 1080//1 1079//1
f 1196//1 1197//1 1080//1
f 1197//1 1081//1 1080//1
f 1197//1 1198//1 1081//1
f 1198//1 1082//1 1081//1
f 1198//1 1199//1 1082//1
f 1199//1 1083//1 1082//1
f 1199//292 1200//291 1083//331
f 1200//291 1084//65 1083//331
f 1200//1 1201//1 1084//1
f 1201//1 1085//1 1084//1
f 1201//1 1202//1 1085//1
f 1202//1 1203//1 1085//1
f 1203//1 1086//1 1085//1
f 1203//1 1204//1 1086//1
f 1204//1 1087//1 1086//1
f 1204//1 1205//1 1087//1
f 1205//1 1088//1 1087//1
f 1205//1 1206//1 1088//1
f 1206//1 1089//1 1088//1
f 1206//1 1207//1 1089//1
f 1207//252 1090//251 1089//111
f 1207//252 1208//253 1090//251
f 1208//1 1091//1 1090//1
f 1208//1 1209//1 1091//1
f 1209//1 1092//1 1091//1
f 1209//1 1210//1 1092//1
f 1210//1 1093//1 1092//1
f 1210//1 1211//1 1093//1
f 1211//1 1094//1 1093//1
f 1211//1 1212//1 1094//1
f 1212//1 1095//1 1094//1
f 1212//1 1213//1 1095//1
f 1213//307 1096//308 1095//257
f 1213//307 1214//87 1096//308
f 1214//1 1097//1 1096//1
f 1214//1 1215//1 1097//1
f 1215//1 1098//1 1097//1
f 1215//1 1216//1 1098//1
f 1216//1 1099//1 1098//1
f 1216//1 1217//1 1099//1
f 1217//257 1100//254 1099//255
f 1217//257 1218//170 1100//254
f 1218//1 1101//1 1100//1
f 1218//1 1219//1 1101//1
f 1219//1 1102//1 1101//1
f 1219//1 1220//1 1102//1
f 1220//1 1103//1 1102//1
f 1220//301 1221//301 1103//301
f 1221//277 1104//276 1103//92
f 1221//277 1222//72 1104//276
f 1222//242 1223//242 1104//242
f 1223//242 1105//242 1104//242
f 1223//72 1224//72 1105//72
f 1224//1 1106//1 1105//1
f 1224//1 1225//1 1106//1
f 1225//1 1107//1 1106//1
f 1225//1 1226//1 1107//1
f 1226//1 1108//1 1107//1
f 1226//1 1227//1 1108//1
f 1227//1 1109//1 1108//1
f 1227//251 1228//382 1109//367
f 1228//382 1110//330 1109//367
f 1228//1 1229//1 1110//1
f 1229//1 1111//1 1110//1
f 1229//1 1230//1 1111//1
f 1230//1 1112//1 1111//1
f 1230//1 1231//1 1112//1
f 1231//1 1113//1 1112//1
f 1231//1 1232//1 1113//1
f 1232//1 1114//1 1113//1
f 1232//1 1233//1 1114//1
f 1233//1 1115//1 1114//1
f 1233//1 1234//1 1115//1
f 1234//1 1116//1 1115//1
f 1234//1 1235//1 1116//1
f 1235//112 1117//335 1116//452
f 1235//112 1236//112 1117//335
f 1236//1 1118//1 1117//1
f 1236//1 1237//1 1118//1
f 1237//1 1119//1 1118//1
f 1237//1 1238//1 1119//1
f 1238//1 1120//1 1119//1
f 1238//1 1239//1 1120//1
f 1239//1 1121//1 1120//1
f 1239//1 1240//1 1121//1
f 1240//1 1122//1 1121//1
f 1240//1 1241//1 1122//1
f 1241//1 1123//1 1122//1
f 1241//1 1242//1 1123//1
f 1242//291 1243//484 1123//358
f 1243//484 1124//496 1123//358
f 1243//1 1244//1 1124//1
f 1244//1 1125//1 1124//1
f 1244//1 1245//1 1125//1
f 1245//1 1126//1 1125//1
f 1245//1 1246//1 1126//1
f 1246//1 1127//1 1126//1
f 1246//1 1247//1 1127//1
f 1247//1 1128//1 1127//1
f 1247//1 1248//1 1128//1
f 1248//242 1129//242 1128//242
f 1248//242 1249//242 1129//242
f 1249//1 1130//1 1129//1
f 1249//1 1250//1 1130//1
f 1250//1 1131//1 1130//1
f 1250//1 1251//1 1131//1
f 1251//1 1132//1 1131//1
f 1251//1 1252//1 1132//1
f 1252//1 1133//1 1132//1
f 1252//243 1253//243 1133//243
f 1253//111 1134//111 1133//111
f 1253//111 1254//111 1134//111
f 1254//112 1135//335 1134//112
f 1254//1 1255//1 1135//1
f 1255//1 1136//1 1135//1
f 1255//1 1256//1 1136//1
f 1256//1 1137//1 1136//1
f 1256//1 1257//1 1137//1
f 1257//1 1138//1 1137//1
f 1257//1 1258//1 1138//1
f 1258//1 1139//1 1138//1
f 1258//1 1259//1 1139//1
f 1259//63 1140//63 1139//63
f 1259//63 1260//63 1140//63
f 1260//1 1141//1 1140//1
f 1260//1 1261//1 1141//1
f 1261//1 1028//1 1141//1
f 1261//1 1142//1 1028//1
f 1262//1 1263//1 1142//1
f 1263//111 1143//145 1142//303
f 1263//111 1264//253 1143//145
f 1264//1 1144//1 1143//1
f 1264//1 1265//1 1144//1
f 1265//1 1145//1 1144//1
f 1265//1 1266//1 1145//1
f 1266//1 1146//1 1145//1
f 1266//1 1267//1 1146//1
f 1267//1 1147//1 1146//1
f 1267//1 1268//1 1147//1
f 1268//1 1148//1 1147//1
f 1268//1 1269//1 1148//1
f 1269//1 1149//1 1148//1
f 1269//1 1270//1 1149//1
f 1270//1 1150//1 1149//1
f 1270//242 1271//242 1150//242
f 1271//242 1151//242 1150//242
f 1271//88 1272//88 1151//88
f 1272//88 1152//88 1151//88
f 1272//1 1273//1 1152//1
f 1273//1 1153//1 1152//1
f 1273//1 1274//1 1153//1
f 1274//464 1154//329 1153//330
f 1274//464 1275//491 1154//329
f 1275//1 1155//1 1154//1
f 1275//1 1276//1 1155//1
f 1276//1 1156//1 1155//1
f 1276//1 1277//1 1156//1
f 1277//1 1157//1 1156//1
f 1277//88 1278//88 1157//88
f 1278//88 1158//88 1157//88
f 1278//1 1279//1 1158//1
f 1279//1 1159//1 1158//1
f 1279//1 1280//1 1159//1
f 1280//1 1160//1 1159//1
f 1280//1 1281//1 1160//1
f 1281//1 1161//1 1160//1
f 1281//1 1282//1 1161//1
f 1282//1 1162//1 1161//1
f 1282//63 1283//63 1162//63
f 1283//63 1284//63 1162//63
f 1284//87 1163//308 1162//307
f 1284//1 1285//1 1163//1
f 1285//1 1164//1 1163//1
f 1285//1 1286//1 1164//1
f 1286//1 1165//1 1164//1
f 1286//1 1287//1 1165//1
f 1287//1 1166//1 1165//1
f 1287//1 1288//1 1166//1
f 1288//1 1167//1 1166//1
f 1288//1 1289//1 1167//1
f 1289//1 1168//1 1167//1
f 1289//1 1290//1 1168//1
f 1290//1 1169//1 1168//1
f 1290//1 1291//1 1169//1
f 1291//1 1170//1 1169//1
f 1291//1 1292//1 1170//1
f 1292//1 1171//1 1170//1
f 1292//1 1293//1 1171//1
f 1293//1 1172//1 1171//1
f 1293//1 1294//1 1172//1
f 1294//1 1173//1 1172//1
f 1294//1 1295//1 1173//1
f 1295//1 1174//1 1173//1
f 1295//1 1296//1 1174//1
f 1296//319 1175//320 1174//208
f 1296//319 1297//48 1175//320
f 1297//1 1176//1 1175//1
f 1297//1 1298//1 1176//1
f 1298//335 1177//490 1176//446
f 1298//335 1299//335 1177//490
f 1299//1 1178//1 1177//1
f 1299//1 1300//1 1178//1
f 1300//1 1179//1 1178//1
f 1300//1 1301//1 1179//1
f 1301//1 1180//1 1179//1
f 1301//1 1302//1 1180//1
f 1302//1 1181//1 1180//1
f 1302//1 1303//1 1181//1
f 1303//1 1182//1 1181//1
f 1303//1 1304//1 1182//1
f 1304//1 1305//1 1182//1
f 1305//1 1183//1 1182//1
f 1305//1 1306//1 1183//1
f 1306//1 1184//1 1183//1
f 1306//1 1307//1 1184//1
f 1307//1 1185//1 1184//1
f 1307//1 1308//1 1185//1
f 1308//1 1186//1 1185//1
f 1308//1 1309//1 1186//1
f 1309//1 1187//1 1186//1
f 1309//1 1310//1 1187//1
f 1310//1 1188//1 1187//1
f 1310//1 1311//1 1188//1
f 1311//242 1189//242 1188//242
f 1311//242 1312//242 1189//242
f 1312//1 1190//1 1189//1
f 1312//1 1313//1 1190//1
f 1313//1 1191//1 1190//1
f 1313//1 1314//1 1191//1
f 1314//1 1192//1 1191//1
f 1314//1 1315//1 1192//1
f 1315//88 1193//88 1192//88
f 1315//88 1316//88 1193//88
f 1316//1 1194//1 1193//1
f 1316//1 1317//1 1194//1
f 1317//1 1195//1 1194//1
f 1317//1 1318//1 1195//1
f 1318//1 1196//1 1195//1
f 1318//1 1319//1 1196//1
f 1319//1 1197//1 1196//1
f 1319//1 1320//1 1197//1
f 1320//1 1198//1 1197//1
f 1320//292 1321//264 1198//123
f 1321//265 1199//222 1198//89
f 1321//265 1322//266 1199//222
f 1322//72 1200//291 1199//292
f 1322//1 1323//1 1200//1
f 1323//1 1201//1 1200//1
f 1323//1 1324//1 1201//1
f 1324//1 1202//1 1201//1
f 1324//1 1325//1 1202//1
f 1325//1 1326//1 1202//1
f 1326//1 1203//1 1202//1
f 1326//1 1327//1 1203//1
f 1327//1 1204//1 1203//1
f 1327//1 1328//1 1204//1
f 1328//1 1205//1 1204//1
f 1328//1 1329//1 1205//1
f 1329//1 1206//1 1205//1
f 1329//1 1330//1 1206//1
f 1330//1 1207//1 1206//1
f 1330//242 1331//242 1207//242
f 1331//242 1208//242 1207//242
f 1331//1 1332//1 1208//1
f 1332//1 1209//1 1208//1
f 1332//1 1333//1 1209//1
f 1333//1 1210//1 1209//1
f 1333//1 1334//1 1210//1
f 1334//1 1211//1 1210//1
f 1334//1 1335//1 1211//1
f 1335//1 1212//1 1211//1
f 1335//1 1336//1 1212//1
f 1336//1 1213//1 1212//1
f 1336//63 1337//63 1213//63
f 1337//63 1214//63 1213//63
f 1337//1 1338//1 1214//1
f 1338//1 1215//1 1214//1
f 1338//1 1339//1 1215//1
f 1339//1 1216//1 1215//1
f 1339//1 1340//1 1216//1
f 1340//1 1217//1 1216//1
f 1340//1 1341//1 1217//1
f 1341//170 1218//170 1217//257
f 1341//65 1342//354 1218//65
f 1342//354 1219//291 1218//65
f 1342//354 1343//484 1219//291
f 1343//484 1220//277 1219//291
f 1343//484 1344//92 1220//277
f 1344//301 1221//301 1220//301
f 1344//1 1345//1 1221//1
f 1345//1 1222//1 1221//1
f 1345//1 1346//1 1222//1
f 1346//1 1347//1 1222//1
f 1347//1 1223//1 1222//1
f 1347//1 1348//1 1223//1
f 1348//72 1224//72 1223//72
f 1348//242 1349//242 1224//242
f 1349//242 1225//242 1224//242
f 1349//242 1350//242 1225//242
f 1350//242 1226//242 1225//242
f 1350//242 1351//242 1226//242
f 1351//242 1227//242 1226//242
f 1351//242 1352//242 1227//242
f 1352//111 1228//382 1227//251
f 1352//1 1353//1 1228//1
f 1353//1 1229//1 1228//1
f 1353//1 1354//1 1229//1
f 1354//1 1230//1 1229//1
f 1354//1 1355//1 1230//1
f 1355//1 1231//1 1230//1
f 1355//1 1356//1 1231//1
f 1356//1 1232//1 1231//1
f 1356//1 1357//1 1232//1
f 1357//1 1233//1 1232//1
f 1357//1 1358//1 1233//1
f 1358//1 1234//1 1233//1
f 1358//1 1359//1 1234//1
f 1359//1 1235//1 1234//1
f 1359//491 1360//396 1235//111
f 1360//396 1236//111 1235//111
f 1360//1 1361//1 1236//1
f 1361//1 1237//1 1236//1
f 1361//1 1362//1 1237//1
f 1362//1 1238//1 1237//1
f 1362//1 1363//1 1238//1
f 1363//1 1239//1 1238//1
f 1363//1 1364//1 1239//1
f 1364//1 1240//1 1239//1
f 1364//1 1365//1 1240//1
f 1365//1 1241//1 1240//1
f 1365//1 1366//1 1241//1
f 1366//1 1242//1 1241//1
f 1366//1 1367//1 1242//1
f 1367//65 1368//331 1242//291
f 1368//331 1243//484 1242//291
f 1368//1 1369//1 1243//1
f 1369//1 1244//1 1243//1
f 1369//1 1370//1 1244//1
f 1370//1 1245//1 1244//1
f 1370//1 1371//1 1245//1
f 1371//1 1246//1 1245//1
f 1371//1 1372//1 1246//1
f 1372//1 1247//1 1246//1
f 1372//1 1373//1 1247//1
f 1373//1 1248//1 1247//1
f 1373//1 1374//1 1248//1
f 1374//242 1249//242 1248//242
f 1374//111 1375//491 1249//395
f 1375//491 1250//464 1249//395
f 1375//491 1376//497 1250//464
f 1376//497 1251//382 1250//464
f 1376//497 1377//252 1251//382
f 1377//252 1252//111 1251//382
f 1377//252 1378//111 1252//111
f 1378//243 1253//243 1252//243
f 1378//1 1379//1 1253//1
f 1379//1 1254//1 1253//1
f 1379//1 1380//1 1254//1
f 1380//1 1255//1 1254//1
f 1380//1 1381//1 1255//1
f 1381//1 1256//1 1255//1
f 1381//1 1382//1 1256//1
f 1382//1 1257//1 1256//1
f 1382//1 1383//1 1257//1
f 1383//1 1258//1 1257//1
f 1383//1 1384//1 1258//1
f 1384//1 1259//1 1258//1
f 1384//1 1385//1 1259//1
f 1385//63 1260//63 1259//63
f 1385//63 1386//63 1260//63
f 1386//1 1261//1 1260//1
f 1386//1 1387//1 1261//1
f 1387//1 1142//1 1261//1
f 1387//1 1262//1 1142//1
f 1388//301 1389//301 1262//301
f 1389//129 1263//65 1262//299
f 1389//129 1390//123 1263//65
f 1390//242 1264//242 1263//242
f 1390//1 1391//1 1264//1
f 1391//1 1265//1 1264//1
f 1391//1 1392//1 1265//1
f 1392//1 1266//1 1265//1
f 1392//1 1393//1 1266//1
f 1393//1 1267//1 1266//1
f 1393//1 1394//1 1267//1
f 1394//1 1268//1 1267//1
f 1394//1 1395//1 1268//1
f 1395//1 1269//1 1268//1
f 1395//1 1396//1 1269//1
f 1396//1 1270//1 1269//1
f 1396//1 1397//1 1270//1
f 1397//111 1271//111 1270//111
f 1397//243 1398//243 1271//243
f 1398//88 1272//88 1271//88
f 1398//1 1399//1 1272//1
f 1399//1 1273//1 1272//1
f 1399//1 1400//1 1273//1
f 1400//1 1274//1 1273//1
f 1400//1 1401//1 1274//1
f 1401//396 1275//491 1274//464
f 1401//396 1402//111 1275//491
f 1402//1 1276//1 1275//1
f 1402//1 1403//1 1276//1
f 1403//1 1277//1 1276//1
f 1403//88 1404//88 1277//88
f 1404//88 1278//88 1277//88
f 1404//1 1405//1 1278//1
f 1405//1 1279//1 1278//1
f 1405//1 1406//1 1279//1
f 1406//1 1280//1 1279//1
f 1406//1 1407//1 1280//1
f 1407//1 1281//1 1280//1
f 1407//1 1408//1 1281//1
f 1408//1 1282//1 1281//1
f 1408//1 1409//1 1282//1
f 1409//336 1283//340 1282//257
f 1409//336 1410//89 1283//340
f 1410//1 1411//1 1283//1
f 1411//1 1284//1 1283//1
f 1411//1 1412//1 1284//1
f 1412//1 1285//1 1284//1
f 1412//1 1413//1 1285//1
f 1413//1 1286//1 1285//1
f 1413//1 1414//1 1286//1
f 1414//1 1287//1 1286//1
f 1414//1 1415//1 1287//1
f 1415//1 1288//1 1287//1
f 1415//1 1416//1 1288//1
f 1416//1 1289//1 1288//1
f 1416//1 1417//1 1289//1
f 1417//1 1290//1 1289//1
f 1417//1 1418//1 1290//1
f 1418//1 1291//1 1290//1
f 1418//1 1419//1 1291//1
f 1419//1 1292//1 1291//1
f 1419//1 1420//1 1292//1
f 1420//1 1293//1 1292//1
f 1420//1 1421//1 1293//1
f 1421//1 1294//1 1293//1
f 1421//1 1422//1 1294//1
f 1422//1 1295//1 1294//1
f 1422//1 1423//1 1295//1
f 1423//1 1296//1 1295//1
f 1423//304 1424//297 1296//296
f 1424//297 1297//145 1296//296
f 1424//1 1425//1 1297//1
f 1425//1 1298//1 1297//1
f 1425//1 1426//1 1298//1
f 1426//198 1299//335 1298//335
f 1426//88 1427//88 1299//88
f 1427//88 1300//88 1299//88
f 1427//88 1428//88 1300//88
f 1428//88 1301//88 1300//88
f 1428//88 1429//88 1301//88
f 1429//88 1302//88 1301//88
f 1429//88 1430//88 1302//88
f 1430//88 1303//88 1302//88
f 1430//198 1431//112 1303//243
f 1431//1 1304//1 1303//1
f 1431//1 1432//1 1304//1
f 1432//1 1433//1 1304//1
f 1433//1 1305//1 1304//1
f 1433//1 1434//1 1305//1
f 1434//1 1306//1 1305//1
f 1434//1 1435//1 1306//1
f 1435//1 1307//1 1306//1
f 1435//1 1436//1 1307//1
f 1436//1 1308//1 1307//1
f 1436//1 1437//1 1308//1
f 1437//1 1309//1 1308//1
f 1437//65 1438//65 1309//65
f 1438//170 1310//257 1309//170
f 1438//170 1439//254 1310//257
f 1439//254 1311//255 1310//257
f 1439//254 1440//69 1311//255
f 1440//72 1312//72 1311//72
f 1440//1 1441//1 1312//1
f 1441//1 1313//1 1312//1
f 1441//1 1442//1 1313//1
f 1442//1 1314//1 1313//1
f 1442//1 1443//1 1314//1
f 1443//1 1315//1 1314//1
f 1443//1 1444//1 1315//1
f 1444//88 1316//88 1315//88
f 1444//170 1445//254 1316//89
f 1445//254 1317//293 1316//89
f 1445//254 1446//69 1317//293
f 1446//69 1318//69 1317//293
f 1446//63 1447//63 1318//63
f 1447//1 1319//1 1318//1
f 1447//408 1448//267 1319//129
f 1448//268 1320//255 1319//87
f 1448//268 1449//69 1320//255
f 1449//72 1321//264 1320//292
f 1449//1 1450//1 1321//1
f 1450//1 1322//1 1321//1
f 1450//1 1451//1 1322//1
f 1451//1 1323//1 1322//1
f 1451//1 1452//1 1323//1
f 1452//1 1324//1 1323//1
f 1452//1 1453//1 1324//1
f 1453//1 1325//1 1324//1
f 1453//1 1454//1 1325//1
f 1454//1 1455//1 1325//1
f 1455//1 1326//1 1325//1
f 1455//1 1456//1 1326//1
f 1456//1 1327//1 1326//1
f 1456//1 1457//1 1327//1
f 1457//1 1328//1 1327//1
f 1457//1 1458//1 1328//1
f 1458//1 1329//1 1328//1
f 1458//1 1459//1 1329//1
f 1459//1 1330//1 1329//1
f 1459//242 1460//242 1330//242
f 1460//242 1331//242 1330//242
f 1460//1 1461//1 1331//1
f 1461//1 1332//1 1331//1
f 1461//1 1462//1 1332//1
f 1462//1 1333//1 1332//1
f 1462//1 1463//1 1333//1
f 1463//1 1334//1 1333//1
f 1463//1 1464//1 1334//1
f 1464//1 1335//1 1334//1
f 1464//1 1465//1 1335//1
f 1465//1 1336//1 1335//1
f 1465//1 1466//1 1336//1
f 1466//498 1337//340 1336//257
f 1466//498 1467//341 1337//340
f 1467//1 1338//1 1337//1
f 1467//1 1468//1 1338//1
f 1468//1 1339//1 1338//1
f 1468//1 1469//1 1339//1
f 1469//1 1340//1 1339//1
f 1469//1 1470//1 1340//1
f 1470//1 1341//1 1340//1
f 1470//1 1471//1 1341//1
f 1471//1 1342//1 1341//1
f 1471//1 1472//1 1342//1
f 1472//1 1343//1 1342//1
f 1472//1 1473//1 1343//1
f 1473//1 1344//1 1343//1
f 1473//1 1474//1 1344//1
f 1474//1 1345//1 1344//1
f 1474//1 1475//1 1345//1
f 1475//1 1346//1 1345//1
f 1475//1 1476//1 1346//1
f 1476//1 1477//1 1346//1
f 1477//1 1347//1 1346//1
f 1477//1 1478//1 1347//1
f 1478//1 1348//1 1347//1
f 1478//1 1479//1 1348//1
f 1479//1 1349//1 1348//1
f 1479//1 1480//1 1349//1
f 1480//1 1350//1 1349//1
f 1480//1 1481//1 1350//1
f 1481//1 1351//1 1350//1
f 1481//1 1482//1 1351//1
f 1482//1 1352//1 1351//1
f 1482//1 1483//1 1352//1
f 1483//1 1353//1 1352//1
f 1483//1 1484//1 1353//1
f 1484//1 1354//1 1353//1
f 1484//1 1485//1 1354//1
f 1485//1 1355//1 1354//1
f 1485//1 1486//1 1355//1
f 1486//1 1356//1 1355//1
f 1486//1 1487//1 1356//1
f 1487//1 1357//1 1356//1
f 1487//1 1488//1 1357//1
f 1488//1 1358//1 1357//1
f 1488//1 1489//1 1358//1
f 1489//1 1359//1 1358//1
f 1489//497 1490//464 1359//491
f 1490//464 1360//396 1359//491
f 1490//1 1491//1 1360//1
f 1491//1 1361//1 1360//1
f 1491//1 1492//1 1361//1
f 1492//1 1362//1 1361//1
f 1492//1 1493//1 1362//1
f 1493//1 1363//1 1362//1
f 1493//1 1494//1 1363//1
f 1494//1 1364//1 1363//1
f 1494//1 1495//1 1364//1
f 1495//1 1365//1 1364//1
f 1495//1 1496//1 1365//1
f 1496//1 1366//1 1365//1
f 1496//1 1497//1 1366//1
f 1497//1 1367//1 1366//1
f 1497//1 1498//1 1367//1
f 1498//1 1499//1 1367//1
f 1499//242 1368//242 1367//242
f 1499//242 1500//242 1368//242
f 1500//1 1369//1 1368//1
f 1500//1 1501//1 1369//1
f 1501//1 1370//1 1369//1
f 1501//1 1502//1 1370//1
f 1502//1 1371//1 1370//1
f 1502//1 1503//1 1371//1
f 1503//1 1372//1 1371//1
f 1503//1 1504//1 1372//1
f 1504//1 1373//1 1372//1
f 1504//1 1505//1 1373//1
f 1505//1 1374//1 1373//1
f 1505//1 1506//1 1374//1
f 1506//1 1375//1 1374//1
f 1506//1 1507//1 1375//1
f 1507//1 1376//1 1375//1
f 1507//1 1508//1 1376//1
f 1508//1 1377//1 1376//1
f 1508//1 1509//1 1377//1
f 1509//1 1378//1 1377//1
f 1509//1 1510//1 1378//1
f 1510//1 1379//1 1378//1
f 1510//1 1511//1 1379//1
f 1511//1 1380//1 1379//1
f 1511//1 1512//1 1380//1
f 1512//1 1381//1 1380//1
f 1512//1 1513//1 1381//1
f 1513//1 1382//1 1381//1
f 1513//1 1514//1 1382//1
f 1514//1 1383//1 1382//1
f 1514//1 1515//1 1383//1
f 1515//1 1384//1 1383//1
f 1515//1 1516//1 1384//1
f 1516//1 1385//1 1384//1
f 1516//198 1517//335 1385//334
f 1517//335 1386//112 1385//334
f 1517//1 1518//1 1386//1
f 1518//1 1387//1 1386//1
f 1518//1 1519//1 1387//1
f 1519//1 1262//1 1387//1
f 1519//1 1388//1 1262//1
f 1520//301 1521//301 1388//301
f 1521//301 1389//301 1388//301
f 1521//1 1522//1 1389//1
f 1522//1 1390//1 1389//1
f 1522//1 1523//1 1390//1
f 1523//1 1391//1 1390//1
f 1523//1 1524//1 1391//1
f 1524//1 1392//1 1391//1
f 1524//1 1525//1 1392//1
f 1525//1 1393//1 1392//1
f 1525//1 1526//1 1393//1
f 1526//1 1394//1 1393//1
f 1526//1 1527//1 1394//1
f 1527//1 1395//1 1394//1
f 1527//1 1528//1 1395//1
f 1528//1 1396//1 1395//1
f 1528//1 1529//1 1396//1
f 1529//1 1397//1 1396//1
f 1529//1 1530//1 1397//1
f 1530//1 1398//1 1397//1
f 1530//1 1531//1 1398//1
f 1531//1 1399//1 1398//1
f 1531//1 1532//1 1399//1
f 1532//1 1400//1 1399//1
f 1532//1 1533//1 1400//1
f 1533//1 1401//1 1400//1
f 1533//1 1534//1 1401//1
f 1534//111 1402//111 1401//396
f 1534//112 1535//335 1402//112
f 1535//335 1403//335 1402//112
f 1535//335 1536//198 1403//335
f 1536//88 1404//88 1403//88
f 1536//1 1537//1 1404//1
f 1537//1 1405//1 1404//1
f 1537//1 1538//1 1405//1
f 1538//1 1406//1 1405//1
f 1538//1 1539//1 1406//1
f 1539//1 1407//1 1406//1
f 1539//1 1540//1 1407//1
f 1540//1 1408//1 1407//1
f 1540//1 1541//1 1408//1
f 1541//1 1409//1 1408//1
f 1541//88 1542//88 1409//88
f 1542//88 1410//88 1409//88
f 1542//1 1543//1 1410//1
f 1543//1 1544//1 1410//1
f 1544//1 1411//1 1410//1
f 1544//1 1545//1 1411//1
f 1545//1 1412//1 1411//1
f 1545//1 1546//1 1412//1
f 1546//1 1413//1 1412//1
f 1546//1 1547//1 1413//1
f 1547//1 1414//1 1413//1
f 1547//1 1548//1 1414//1
f 1548//1 1415//1 1414//1
f 1548//1 1549//1 1415//1
f 1549//1 1416//1 1415//1
f 1549//1 1550//1 1416//1
f 1550//1 1417//1 1416//1
f 1550//1 1551//1 1417//1
f 1551//1 1418//1 1417//1
f 1551//1 1552//1 1418//1
f 1552//1 1419//1 1418//1
f 1552//1 1553//1 1419//1
f 1553//1 1420//1 1419//1
f 1553//1 1554//1 1420//1
f 1554//1 1421//1 1420//1
f 1554//1 1555//1 1421//1
f 1555//1 1422//1 1421//1
f 1555//1 1556//1 1422//1
f 1556//1 1423//1 1422//1
f 1556//1 1557//1 1423//1
f 1557//319 1424//320 1423//208
f 1557//319 1558//48 1424//320
f 1558//1 1425//1 1424//1
f 1558//1 1559//1 1425//1
f 1559//1 1426//1 1425//1
f 1559//1 1560//1 1426//1
f 1560//1 1427//1 1426//1
f 1560//1 1561//1 1427//1
f 1561//1 1428//1 1427//1
f 1561//1 1562//1 1428//1
f 1562//1 1429//1 1428//1
f 1562//1 1563//1 1429//1
f 1563//1 1430//1 1429//1
f 1563//1 1564//1 1430//1
f 1564//48 1431//112 1430//198
f 1564//63 1565//63 1431//63
f 1565//63 1432//63 1431//63
f 1565//63 1566//63 1432//63
f 1566//69 1567//486 1432//487
f 1567//486 1433//266 1432//487
f 1567//88 1568//88 1433//88
f 1568//1 1434//1 1433//1
f 1568//292 1569//264 1434//123
f 1569//268 1435//474 1434//87
f 1569//268 1570//341 1435//474
f 1570//341 1436//498 1435//474
f 1570//341 1571//336 1436//498
f 1571//336 1437//257 1436//498
f 1571//336 1572//257 1437//257
f 1572//65 1438//65 1437//65
f 1572//1 1573//1 1438//1
f 1573//1 1439//1 1438//1
f 1573//1 1574//1 1439//1
f 1574//1 1440//1 1439//1
f 1574//1 1575//1 1440//1
f 1575//1 1441//1 1440//1
f 1575//1 1576//1 1441//1
f 1576//1 1442//1 1441//1
f 1576//1 1577//1 1442//1
f 1577//1 1443//1 1442//1
f 1577//1 1578//1 1443//1
f 1578//1 1444//1 1443//1
f 1578//1 1579//1 1444//1
f 1579//1 1445//1 1444//1
f 1579//1 1580//1 1445//1
f 1580//1 1446//1 1445//1
f 1580//1 1581//1 1446//1
f 1581//63 1447//63 1446//63
f 1581//69 1582//69 1447//69
f 1582//92 1448//267 1447//408
f 1582//1 1583//1 1448//1
f 1583//1 1449//1 1448//1
f 1583//1 1584//1 1449//1
f 1584//1 1450//1 1449//1
f 1584//1 1585//1 1450//1
f 1585//1 1451//1 1450//1
f 1585//1 1586//1 1451//1
f 1586//1 1452//1 1451//1
f 1586//1 1587//1 1452//1
f 1587//1 1453//1 1452//1
f 1587//1 1588//1 1453//1
f 1588//1 1454//1 1453//1
f 1588//1 1589//1 1454//1
f 1589//1 1590//1 1454//1
f 1590//1 1455//1 1454//1
f 1590//1 1591//1 1455//1
f 1591//1 1456//1 1455//1
f 1591//1 1592//1 1456//1
f 1592//1 1457//1 1456//1
f 1592//1 1593//1 1457//1
f 1593//1 1458//1 1457//1
f 1593//1 1594//1 1458//1
f 1594//1 1459//1 1458//1
f 1594//242 1595//242 1459//242
f 1595//242 1460//242 1459//242
f 1595//1 1596//1 1460//1
f 1596//1 1461//1 1460//1
f 1596//1 1597//1 1461//1
f 1597//1 1462//1 1461//1
f 1597//1 1598//1 1462//1
f 1598//1 1463//1 1462//1
f 1598//1 1599//1 1463//1
f 1599//1 1464//1 1463//1
f 1599//1 1600//1 1464//1
f 1600//1 1465//1 1464//1
f 1600//1 1601//1 1465//1
f 1601//1 1466//1 1465//1
f 1601//1 1602//1 1466//1
f 1602//474 1467//341 1466//498
f 1602//474 1603//479 1467//341
f 1603//1 1468//1 1467//1
f 1603//1 1604//1 1468//1
f 1604//1 1469//1 1468//1
f 1604//1 1605//1 1469//1
f 1605//1 1470//1 1469//1
f 1605//1 1606//1 1470//1
f 1606//1 1471//1 1470//1
f 1606//1 1607//1 1471//1
f 1607//1 1472//1 1471//1
f 1607//1 1608//1 1472//1
f 1608//1 1473//1 1472//1
f 1608//1 1609//1 1473//1
f 1609//1 1474//1 1473//1
f 1609//1 1610//1 1474//1
f 1610//1 1475//1 1474//1
f 1610//1 1611//1 1475//1
f 1611//1 1476//1 1475//1
f 1611//1 1612//1 1476//1
f 1612//1 1613//1 1476//1
f 1613//1 1477//1 1476//1
f 1613//1 1614//1 1477//1
f 1614//1 1478//1 1477//1
f 1614//1 1615//1 1478//1
f 1615//1 1479//1 1478//1
f 1615//1 1616//1 1479//1
f 1616//1 1480//1 1479//1
f 1616//1 1617//1 1480//1
f 1617//1 1481//1 1480//1
f 1617//1 1618//1 1481//1
f 1618//1 1482//1 1481//1
f 1618//1 1619//1 1482//1
f 1619//1 1483//1 1482//1
f 1619//1 1620//1 1483//1
f 1620//1 1484//1 1483//1
f 1620//1 1621//1 1484//1
f 1621//1 1485//1 1484//1
f 1621//1 1622//1 1485//1
f 1622//1 1486//1 1485//1
f 1622//1 1623//1 1486//1
f 1623//1 1487//1 1486//1
f 1623//1 1624//1 1487//1
f 1624//1 1488//1 1487//1
f 1624//1 1625//1 1488//1
f 1625//1 1489//1 1488//1
f 1625//252 1626//382 1489//497
f 1626//382 1490//464 1489//497
f 1626//1 1627//1 1490//1
f 1627//1 1491//1 1490//1
f 1627//1 1628//1 1491//1
f 1628//1 1492//1 1491//1
f 1628//1 1629//1 1492//1
f 1629//1 1493//1 1492//1
f 1629//1 1630//1 1493//1
f 1630//1 1494//1 1493//1
f 1630//1 1631//1 1494//1
f 1631//1 1495//1 1494//1
f 1631//1 1632//1 1495//1
f 1632//1 1496//1 1495//1
f 1632//1 1633//1 1496//1
f 1633//1 1497//1 1496//1
f 1633//1 1634//1 1497//1
f 1634//1 1498//1 1497//1
f 1634//1 1635//1 1498//1
f 1635//1 1636//1 1498//1
f 1636//1 1499//1 1498//1
f 1636//1 1637//1 1499//1
f 1637//242 1500//242 1499//242
f 1637//242 1638//242 1500//242
f 1638//1 1501//1 1500//1
f 1638//1 1639//1 1501//1
f 1639//1 1502//1 1501//1
f 1639//1 1640//1 1502//1
f 1640//1 1503//1 1502//1
f 1640//1 1641//1 1503//1
f 1641//1 1504//1 1503//1
f 1641//1 1642//1 1504//1
f 1642//1 1505//1 1504//1
f 1642//1 1643//1 1505//1
f 1643//1 1506//1 1505//1
f 1643//1 1644//1 1506//1
f 1644//1 1507//1 1506//1
f 1644//1 1645//1 1507//1
f 1645//1 1508//1 1507//1
f 1645//1 1646//1 1508//1
f 1646//1 1509//1 1508//1
f 1646//1 1647//1 1509//1
f 1647//1 1510//1 1509//1
f 1647//1 1648//1 1510//1
f 1648//1 1511//1 1510//1
f 1648//1 1649//1 1511//1
f 1649//1 1512//1 1511//1
f 1649//1 1650//1 1512//1
f 1650//1 1513//1 1512//1
f 1650//1 1651//1 1513//1
f 1651//1 1514//1 1513//1
f 1651//1 1652//1 1514//1
f 1652//1 1515//1 1514//1
f 1652//1 1653//1 1515//1
f 1653//1 1516//1 1515//1
f 1653//1 1654//1 1516//1
f 1654//88 1517//88 1516//88
f 1654//88 1655//88 1517//88
f 1655//1 1518//1 1517//1
f 1655//1 1656//1 1518//1
f 1656//1 1519//1 1518//1
f 1656//1 1657//1 1519//1
f 1657//1 1388//1 1519//1
f 1657//1 1520//1 1388//1
f 1658//1 1659//1 1520//1
f 1659//111 1521//145 1520//303
f 1659//111 1660//253 1521//145
f 1660//1 1522//1 1521//1
f 1660//1 1661//1 1522//1
f 1661//1 1523//1 1522//1
f 1661//1 1662//1 1523//1
f 1662//1 1524//1 1523//1
f 1662//1 1663//1 1524//1
f 1663//1 1525//1 1524//1
f 1663//1 1664//1 1525//1
f 1664//1 1526//1 1525//1
f 1664//1 1665//1 1526//1
f 1665//1 1527//1 1526//1
f 1665//1 1666//1 1527//1
f 1666//1 1528//1 1527//1
f 1666//1 1667//1 1528//1
f 1667//1 1529//1 1528//1
f 1667//1 1668//1 1529//1
f 1668//1 1530//1 1529//1
f 1668//1 1669//1 1530//1
f 1669//1 1531//1 1530//1
f 1669//1 1670//1 1531//1
f 1670//1 1532//1 1531//1
f 1670//1 1671//1 1532//1
f 1671//1 1533//1 1532//1
f 1671//1 1672//1 1533//1
f 1672//1 1534//1 1533//1
f 1672//1 1673//1 1534//1
f 1673//1 1535//1 1534//1
f 1673//1 1674//1 1535//1
f 1674//1 1536//1 1535//1
f 1674//1 1675//1 1536//1
f 1675//1 1537//1 1536//1
f 1675//1 1676//1 1537//1
f 1676//1 1538//1 1537//1
f 1676//1 1677//1 1538//1
f 1677//1 1539//1 1538//1
f 1677//1 1678//1 1539//1
f 1678//1 1540//1 1539//1
f 1678//1 1679//1 1540//1
f 1679//1 1541//1 1540//1
f 1679//1 1680//1 1541//1
f 1680//257 1542//89 1541//170
f 1680//257 1681//87 1542//89
f 1681//1 1543//1 1542//1
f 1681//1 1682//1 1543//1
f 1682//1 1683//1 1543//1
f 1683//1 1544//1 1543//1
f 1683//1 1684//1 1544//1
f 1684//1 1545//1 1544//1
f 1684//1 1685//1 1545//1
f 1685//1 1546//1 1545//1
f 1685//1 1686//1 1546//1
f 1686//1 1547//1 1546//1
f 1686//1 1687//1 1547//1
f 1687//1 1548//1 1547//1
f 1687//1 1688//1 1548//1
f 1688//1 1549//1 1548//1
f 1688//1 1689//1 1549//1
f 1689//1 1550//1 1549//1
f 1689//1 1690//1 1550//1
f 1690//1 1551//1 1550//1
f 1690//1 1691//1 1551//1
f 1691//1 1552//1 1551//1
f 1691//1 1692//1 1552//1
f 1692//1 1553//1 1552//1
f 1692//1 1693//1 1553//1
f 1693//1 1554//1 1553//1
f 1693//1 1694//1 1554//1
f 1694//1 1555//1 1554//1
f 1694//1 1695//1 1555//1
f 1695//1 1556//1 1555//1
f 1695//1 1696//1 1556//1
f 1696//1 1557//1 1556//1
f 1696//464 1697//497 1557//438
f 1697//497 1558//253 1557//438
f 1697//1 1698//1 1558//1
f 1698//1 1559//1 1558//1
f 1698//1 1699//1 1559//1
f 1699//1 1560//1 1559//1
f 1699//1 1700//1 1560//1
f 1700//1 1561//1 1560//1
f 1700//1 1701//1 1561//1
f 1701//1 1562//1 1561//1
f 1701//1 1702//1 1562//1
f 1702//1 1563//1 1562//1
f 1702//1 1703//1 1563//1
f 1703//1 1564//1 1563//1
f 1703//1 1704//1 1564//1
f 1704//1 1565//1 1564//1
f 1704//1 1705//1 1565//1
f 1705//1 1566//1 1565//1
f 1705//1 1706//1 1566//1
f 1706//1 1707//1 1566//1
f 1707//1 1567//1 1566//1
f 1707//1 1708//1 1567//1
f 1708//88 1568//88 1567//88
f 1708//266 1709//266 1568//266
f 1709//72 1569//264 1568//292
f 1709//1 1710//1 1569//1
f 1710//1 1570//1 1569//1
f 1710//1 1711//1 1570//1
f 1711//1 1571//1 1570//1
f 1711//1 1712//1 1571//1
f 1712//1 1572//1 1571//1
f 1712//1 1713//1 1572//1
f 1713//1 1573//1 1572//1
f 1713//1 1714//1 1573//1
f 1714//1 1574//1 1573//1
f 1714//1 1715//1 1574//1
f 1715//1 1575//1 1574//1
f 1715//1 1716//1 1575//1
f 1716//1 1576//1 1575//1
f 1716//1 1717//1 1576//1
f 1717//1 1577//1 1576//1
f 1717//1 1718//1 1577//1
f 1718//1 1578//1 1577//1
f 1718//1 1719//1 1578//1
f 1719//1 1579//1 1578//1
f 1719//1 1720//1 1579//1
f 1720//1 1580//1 1579//1
f 1720//1 1721//1 1580//1
f 1721//1 1581//1 1580//1
f 1721//1 1722//1 1581//1
f 1722//1 1582//1 1581//1
f 1722//1 1723//1 1582//1
f 1723//1 1583//1 1582//1
f 1723//1 1724//1 1583//1
f 1724//1 1584//1 1583//1
f 1724//1 1725//1 1584//1
f 1725//1 1585//1 1584//1
f 1725//1 1726//1 1585//1
f 1726//1 1586//1 1585//1
f 1726//1 1727//1 1586//1
f 1727//1 1587//1 1586//1
f 1727//1 1728//1 1587//1
f 1728//1 1588//1 1587//1
f 1728//1 1729//1 1588//1
f 1729//1 1589//1 1588//1
f 1729//1 1730//1 1589//1
f 1730//1 1731//1 1589//1
f 1731//1 1590//1 1589//1
f 1731//1 1732//1 1590//1
f 1732//1 1591//1 1590//1
f 1732//1 1733//1 1591//1
f 1733//1 1592//1 1591//1
f 1733//1 1734//1 1592//1
f 1734//1 1593//1 1592//1
f 1734//1 1735//1 1593//1
f 1735//1 1594//1 1593//1
f 1735//1 1736//1 1594//1
f 1736//328 1595//329 1594//330
f 1736//328 1737//304 1595//329
f 1737//1 1596//1 1595//1
f 1737//1 1738//1 1596//1
f 1738//1 1597//1 1596//1
f 1738//1 1739//1 1597//1
f 1739//1 1598//1 1597//1
f 1739//1 1740//1 1598//1
f 1740//1 1599//1 1598//1
f 1740//1 1741//1 1599//1
f 1741//1 1600//1 1599//1
f 1741//1 1742//1 1600//1
f 1742//1 1601//1 1600//1
f 1742//1 1743//1 1601//1
f 1743//1 1602//1 1601//1
f 1743//1 1744//1 1602//1
f 1744//308 1603//479 1602//474
f 1744//308 1745//257 1603//479
f 1745//1 1604//1 1603//1
f 1745//1 1746//1 1604//1
f 1746//1 1605//1 1604//1
f 1746//1 1747//1 1605//1
f 1747//1 1606//1 1605//1
f 1747//1 1748//1 1606//1
f 1748//1 1607//1 1606//1
f 1748//1 1749//1 1607//1
f 1749//1 1608//1 1607//1
f 1749//1 1750//1 1608//1
f 1750//1 1609//1 1608//1
f 1750//1 1751//1 1609//1
f 1751//1 1610//1 1609//1
f 1751//1 1752//1 1610//1
f 1752//1 1611//1 1610//1
f 1752//1 1753//1 1611//1
f 1753//1 1612//1 1611//1
f 1753//1 1754//1 1612//1
f 1754//1 1755//1 1612//1
f 1755//1 1613//1 1612//1
f 1755//1 1756//1 1613//1
f 1756//1 1614//1 1613//1
f 1756//1 1757//1 1614//1
f 1757//1 1615//1 1614//1
f 1757//1 1758//1 1615//1
f 1758//1 1616//1 1615//1
f 1758//1 1759//1 1616//1
f 1759//1 1617//1 1616//1
f 1759//1 1760//1 1617//1
f 1760//1 1618//1 1617//1
f 1760//1 1761//1 1618//1
f 1761//1 1619//1 1618//1
f 1761//1 1762//1 1619//1
f 1762//1 1620//1 1619//1
f 1762//1 1763//1 1620//1
f 1763//1 1621//1 1620//1
f 1763//1 1764//1 1621//1
f 1764//1 1622//1 1621//1
f 1764//1 1765//1 1622//1
f 1765//1 1623//1 1622//1
f 1765//1 1766//1 1623//1
f 1766//1 1624//1 1623//1
f 1766//1 1767//1 1624//1
f 1767//1 1625//1 1624//1
f 1767//491 1768//396 1625//252
f 1768//396 1626//382 1625//252
f 1768//1 1769//1 1626//1
f 1769//1 1627//1 1626//1
f 1769//1 1770//1 1627//1
f 1770//1 1628//1 1627//1
f 1770//1 1771//1 1628//1
f 1771//1 1629//1 1628//1
f 1771//1 1772//1 1629//1
f 1772//1 1630//1 1629//1
f 1772//1 1773//1 1630//1
f 1773//1 1631//1 1630//1
f 1773//1 1774//1 1631//1
f 1774//1 1632//1 1631//1
f 1774//1 1775//1 1632//1
f 1775//1 1633//1 1632//1
f 1775//1 1776//1 1633//1
f 1776//1 1634//1 1633//1
f 1776//1 1777//1 1634//1
f 1777//1 1635//1 1634//1
f 1777//1 1778//1 1635//1
f 1778//1 1779//1 1635//1
f 1779//1 1636//1 1635//1
f 1779//1 1780//1 1636//1
f 1780//1 1637//1 1636//1
f 1780//1 1781//1 1637//1
f 1781//242 1638//242 1637//242
f 1781//242 1782//242 1638//242
f 1782//1 1639//1 1638//1
f 1782//1 1783//1 1639//1
f 1783//1 1640//1 1639//1
f 1783//1 1784//1 1640//1
f 1784//1 1641//1 1640//1
f 1784//1 1785//1 1641//1
f 1785//1 1642//1 1641//1
f 1785//1 1786//1 1642//1
f 1786//1 1643//1 1642//1
f 1786//1 1787//1 1643//1
f 1787//1 1644//1 1643//1
f 1787//1 1788//1 1644//1
f 1788//1 1645//1 1644//1
f 1788//1 1789//1 1645//1
f 1789//1 1646//1 1645//1
f 1789//1 1790//1 1646//1
f 1790//1 1647//1 1646//1
f 1790//1 1791//1 1647//1
f 1791//1 1648//1 1647//1
f 1791//1 1792//1 1648//1
f 1792//1 1649//1 1648//1
f 1792//1 1793//1 1649//1
f 1793//1 1650//1 1649//1
f 1793//1 1794//1 1650//1
f 1794//1 1651//1 1650//1
f 1794//1 1795//1 1651//1
f 1795//1 1652//1 1651//1
f 1795//1 1796//1 1652//1
f 1796//1 1653//1 1652//1
f 1796//1 1797//1 1653//1
f 1797//1 1654//1 1653//1
f 1797//48 1798//112 1654//198
f 1798//112 1655//243 1654//198
f 1798//1 1799//1 1655//1
f 1799//1 1656//1 1655//1
f 1799//1 1800//1 1656//1
f 1800//1 1657//1 1656//1
f 1800//1 1801//1 1657//1
f 1801//1 1520//1 1657//1
f 1801//1 1658//1 1520//1
f 1802//1 1803//1 1658//1
f 1803//1 1659//1 1658//1
f 1803//242 1804//242 1659//242
f 1804//242 1660//242 1659//242
f 1804//1 1805//1 1660//1
f 1805//1 1661//1 1660//1
f 1805//1 1806//1 1661//1
f 1806//1 1662//1 1661//1
f 1806//1 1807//1 1662//1
f 1807//1 1663//1 1662//1
f 1807//1 1808//1 1663//1
f 1808//1 1664//1 1663//1
f 1808//1 1809//1 1664//1
f 1809//1 1665//1 1664//1
f 1809//1 1810//1 1665//1
f 1810//1 1666//1 1665//1
f 1810//1 1811//1 1666//1
f 1811//1 1667//1 1666//1
f 1811//1 1812//1 1667//1
f 1812//1 1668//1 1667//1
f 1812//1 1813//1 1668//1
f 1813//1 1669//1 1668//1
f 1813//1 1814//1 1669//1
f 1814//1 1670//1 1669//1
f 1814//1 1815//1 1670//1
f 1815//1 1671//1 1670//1
f 1815//1 1816//1 1671//1
f 1816//1 1672//1 1671//1
f 1816//1 1817//1 1672//1
f 1817//1 1673//1 1672//1
f 1817//1 1818//1 1673//1
f 1818//1 1674//1 1673//1
f 1818//1 1819//1 1674//1
f 1819//1 1675//1 1674//1
f 1819//1 1820//1 1675//1
f 1820//1 1676//1 1675//1
f 1820//1 1821//1 1676//1
f 1821//1 1677//1 1676//1
f 1821//1 1822//1 1677//1
f 1822//1 1678//1 1677//1
f 1822//1 1823//1 1678//1
f 1823//1 1679//1 1678//1
f 1823//1 1824//1 1679//1
f 1824//1 1680//1 1679//1
f 1824//63 1825//63 1680//63
f 1825//63 1681//63 1680//63
f 1825//1 1826//1 1681//1
f 1826//1 1682//1 1681//1
f 1826//1 1827//1 1682//1
f 1827//1 1828//1 1682//1
f 1828//1 1683//1 1682//1
f 1828//1 1829//1 1683//1
f 1829//1 1684//1 1683//1
f 1829//1 1830//1 1684//1
f 1830//1 1685//1 1684//1
f 1830//1 1831//1 1685//1
f 1831//1 1686//1 1685//1
f 1831//1 1832//1 1686//1
f 1832//1 1687//1 1686//1
f 1832//1 1833//1 1687//1
f 1833//1 1688//1 1687//1
f 1833//1 1834//1 1688//1
f 1834//1 1689//1 1688//1
f 1834//1 1835//1 1689//1
f 1835//1 1690//1 1689//1
f 1835//1 1836//1 1690//1
f 1836//1 1691//1 1690//1
f 1836//1 1837//1 1691//1
f 1837//1 1692//1 1691//1
f 1837//1 1838//1 1692//1
f 1838//1 1693//1 1692//1
f 1838//1 1839//1 1693//1
f 1839//1 1694//1 1693//1
f 1839//1 1840//1 1694//1
f 1840//1 1695//1 1694//1
f 1840//1 1841//1 1695//1
f 1841//1 1696//1 1695//1
f 1841//145 1842//296 1696//464
f 1842//296 1697//497 1696//464
f 1842//1 1843//1 1697//1
f 1843//1 1698//1 1697//1
f 1843//1 1844//1 1698//1
f 1844//1 1699//1 1698//1
f 1844//1 1845//1 1699//1
f 1845//1 1700//1 1699//1
f 1845//1 1846//1 1700//1
f 1846//1 1701//1 1700//1
f 1846//1 1847//1 1701//1
f 1847//1 1702//1 1701//1
f 1847//1 1848//1 1702//1
f 1848//1 1703//1 1702//1
f 1848//1 1849//1 1703//1
f 1849//1 1704//1 1703//1
f 1849//1 1850//1 1704//1
f 1850//1 1705//1 1704//1
f 1850//1 1851//1 1705//1
f 1851//1 1706//1 1705//1
f 1851//1 1852//1 1706//1
f 1852//1 1853//1 1706//1
f 1853//1 1707//1 1706//1
f 1853//1 1854//1 1707//1
f 1854//1 1708//1 1707//1
f 1854//1 1855//1 1708//1
f 1855//1 1709//1 1708//1
f 1855//1 1856//1 1709//1
f 1856//1 1710//1 1709//1
f 1856//1 1857//1 1710//1
f 1857//1 1711//1 1710//1
f 1857//1 1858//1 1711//1
f 1858//1 1712//1 1711//1
f 1858//1 1859//1 1712//1
f 1859//1 1713//1 1712//1
f 1859//1 1860//1 1713//1
f 1860//1 1714//1 1713//1
f 1860//1 1861//1 1714//1
f 1861//1 1715//1 1714//1
f 1861//358 1862//267 1715//129
f 1862//268 1716//293 1715//87
f 1862//268 1863//69 1716//293
f 1863//69 1717//69 1716//293
f 1863//63 1864//63 1717//63
f 1864//1 1718//1 1717//1
f 1864//1 1865//1 1718//1
f 1865//1 1719//1 1718//1
f 1865//1 1866//1 1719//1
f 1866//1 1720//1 1719//1
f 1866//1 1867//1 1720//1
f 1867//1 1721//1 1720//1
f 1867//1 1868//1 1721//1
f 1868//1 1722//1 1721//1
f 1868//1 1869//1 1722//1
f 1869//1 1723//1 1722//1
f 1869//1 1870//1 1723//1
f 1870//1 1724//1 1723//1
f 1870//1 1871//1 1724//1
f 1871//1 1725//1 1724//1
f 1871//1 1872//1 1725//1
f 1872//1 1726//1 1725//1
f 1872//1 1873//1 1726//1
f 1873//1 1727//1 1726//1
f 1873//1 1874//1 1727//1
f 1874//1 1728//1 1727//1
f 1874//1 1875//1 1728//1
f 1875//1 1729//1 1728//1
f 1875//1 1876//1 1729//1
f 1876//1 1730//1 1729//1
f 1876//1 1877//1 1730//1
f 1877//1 1878//1 1730//1
f 1878//1 1731//1 1730//1
f 1878//1 1879//1 1731//1
f 1879//1 1732//1 1731//1
f 1879//1 1880//1 1732//1
f 1880//1 1733//1 1732//1
f 1880//1 1881//1 1733//1
f 1881//1 1734//1 1733//1
f 1881//1 1882//1 1734//1
f 1882//1 1735//1 1734//1
f 1882//1 1883//1 1735//1
f 1883//1 1736//1 1735//1
f 1883//301 1884//301 1736//301
f 1884//301 1737//301 1736//301
f 1884//1 1885//1 1737//1
f 1885//1 1738//1 1737//1
f 1885//1 1886//1 1738//1
f 1886//1 1739//1 1738//1
f 1886//1 1887//1 1739//1
f 1887//1 1740//1 1739//1
f 1887//1 1888//1 1740//1
f 1888//1 1741//1 1740//1
f 1888//1 1889//1 1741//1
f 1889//1 1742//1 1741//1
f 1889//1 1890//1 1742//1
f 1890//1 1743//1 1742//1
f 1890//1 1891//1 1743//1
f 1891//1 1744//1 1743//1
f 1891//63 1892//63 1744//63
f 1892//63 1745//63 1744//63
f 1892//1 1893//1 1745//1
f 1893//1 1746//1 1745//1
f 1893//1 1894//1 1746//1
f 1894//1 1747//1 1746//1
f 1894//1 1895//1 1747//1
f 1895//1 1748//1 1747//1
f 1895//1 1896//1 1748//1
f 1896//1 1749//1 1748//1
f 1896//1 1897//1 1749//1
f 1897//1 1750//1 1749//1
f 1897//1 1898//1 1750//1
f 1898//1 1751//1 1750//1
f 1898//1 1899//1 1751//1
f 1899//1 1752//1 1751//1
f 1899//1 1900//1 1752//1
f 1900//1 1753//1 1752//1
f 1900//1 1901//1 1753//1
f 1901//1 1754//1 1753//1
f 1901//1 1902//1 1754//1
f 1902//1 1903//1 1754//1
f 1903//1 1755//1 1754//1
f 1903//1 1904//1 1755//1
f 1904//1 1756//1 1755//1
f 1904//1 1905//1 1756//1
f 1905//1 1757//1 1756//1
f 1905//1 1906//1 1757//1
f 1906//1 1758//1 1757//1
f 1906//1 1907//1 1758//1
f 1907//1 1759//1 1758//1
f 1907//1 1908//1 1759//1
f 1908//1 1760//1 1759//1
f 1908//1 1909//1 1760//1
f 1909//1 1761//1 1760//1
f 1909//1 1910//1 1761//1
f 1910//1 1762//1 1761//1
f 1910//1 1911//1 1762//1
f 1911//1 1763//1 1762//1
f 1911//1 1912//1 1763//1
f 1912//1 1764//1 1763//1
f 1912//1 1913//1 1764//1
f 1913//1 1765//1 1764//1
f 1913//1 1914//1 1765//1
f 1914//1 1766//1 1765//1
f 1914//1 1915//1 1766//1
f 1915//1 1767//1 1766//1
f 1915//497 1916//464 1767//491
f 1916//464 1768//396 1767//491
f 1916//1 1917//1 1768//1
f 1917//1 1769//1 1768//1
f 1917//1 1918//1 1769//1
f 1918//1 1770//1 1769//1
f 1918//1 1919//1 1770//1
f 1919//1 1771//1 1770//1
f 1919//1 1920//1 1771//1
f 1920//1 1772//1 1771//1
f 1920//1 1921//1 1772//1
f 1921//1 1773//1 1772//1
f 1921//1 1922//1 1773//1
f 1922//1 1774//1 1773//1
f 1922//1 1923//1 1774//1
f 1923//1 1775//1 1774//1
f 1923//1 1924//1 1775//1
f 1924//1 1776//1 1775//1
f 1924//1 1925//1 1776//1
f 1925//1 1777//1 1776//1
f 1925//1 1926//1 1777//1
f 1926//1 1778//1 1777//1
f 1926//1 1927//1 1778//1
f 1927//1 1928//1 1778//1
f 1928//1 1779//1 1778//1
f 1928//1 1929//1 1779//1
f 1929//1 1780//1 1779//1
f 1929//1 1930//1 1780//1
f 1930//1 1781//1 1780//1
f 1930//1 1931//1 1781//1
f 1931//242 1782//242 1781//242
f 1931//242 1932//242 1782//242
f 1932//1 1783//1 1782//1
f 1932//1 1933//1 1783//1
f 1933//1 1784//1 1783//1
f 1933//1 1934//1 1784//1
f 1934//1 1785//1 1784//1
f 1934//1 1935//1 1785//1
f 1935//1 1786//1 1785//1
f 1935//1 1936//1 1786//1
f 1936//1 1787//1 1786//1
f 1936//1 1937//1 1787//1
f 1937//1 1788//1 1787//1
f 1937//1 1938//1 1788//1
f 1938//1 1789//1 1788//1
f 1938//1 1939//1 1789//1
f 1939//1 1790//1 1789//1
f 1939//1 1940//1 1790//1
f 1940//1 1791//1 1790//1
f 1940//1 1941//1 1791//1
f 1941//1 1792//1 1791//1
f 1941//1 1942//1 1792//1
f 1942//1 1793//1 1792//1
f 1942//1 1943//1 1793//1
f 1943//1 1794//1 1793//1
f 1943//1 1944//1 1794//1
f 1944//1 1795//1 1794//1
f 1944//1 1945//1 1795//1
f 1945//1 1796//1 1795//1
f 1945//1 1946//1 1796//1
f 1946//1 1797//1 1796//1
f 1946//1 1947//1 1797//1
f 1947//63 1798//63 1797//63
f 1947//63 1948//63 1798//63
f 1948//1 1799//1 1798//1
f 1948//1 1949//1 1799//1
f 1949//1 1800//1 1799//1
f 1949//1 1950//1 1800//1
f 1950//1 1801//1 1800//1
f 1950//1 1951//1 1801//1
f 1951//1 1658//1 1801//1
f 1951//1 1802//1 1658//1
f 1952//1 1953//1 1802//1
f 1953//1 1803//1 1802//1
f 1953//1 1954//1 1803//1
f 1954//382 1804//251 1803//111
f 1954//382 1955//497 1804//251
f 1955//1 1805//1 1804//1
f 1955//1 1956//1 1805//1
f 1956//1 1806//1 1805//1
f 1956//1 1957//1 1806//1
f 1957//1 1807//1 1806//1
f 1957//1 1958//1 1807//1
f 1958//1 1808//1 1807//1
f 1958//1 1959//1 1808//1
f 1959//1 1809//1 1808//1
f 1959//1 1960//1 1809//1
f 1960//1 1810//1 1809//1
f 1960//1 1961//1 1810//1
f 1961//1 1811//1 1810//1
f 1961//1 1962//1 1811//1
f 1962//1 1812//1 1811//1
f 1962//1 1963//1 1812//1
f 1963//1 1813//1 1812//1
f 1963//1 1964//1 1813//1
f 1964//1 1814//1 1813//1
f 1964//1 1965//1 1814//1
f 1965//1 1815//1 1814//1
f 1965//1 1966//1 1815//1
f 1966//1 1816//1 1815//1
f 1966//1 1967//1 1816//1
f 1967//1 1817//1 1816//1
f 1967//1 1968//1 1817//1
f 1968//1 1818//1 1817//1
f 1968//1 1969//1 1818//1
f 1969//1 1819//1 1818//1
f 1969//1 1970//1 1819//1
f 1970//1 1820//1 1819//1
f 1970//1 1971//1 1820//1
f 1971//1 1821//1 1820//1
f 1971//1 1972//1 1821//1
f 1972//1 1822//1 1821//1
f 1972//1 1973//1 1822//1
f 1973//1 1823//1 1822//1
f 1973//1 1974//1 1823//1
f 1974//1 1824//1 1823//1
f 1974//1 1975//1 1824//1
f 1975//307 1825//308 1824//257
f 1975//307 1976//87 1825//308
f 1976//1 1826//1 1825//1
f 1976//1 1977//1 1826//1
f 1977//1 1827//1 1826//1
f 1977//1 1978//1 1827//1
f 1978//1 1979//1 1827//1
f 1979//1 1828//1 1827//1
f 1979//1 1980//1 1828//1
f 1980//1 1829//1 1828//1
f 1980//1 1981//1 1829//1
f 1981//1 1830//1 1829//1
f 1981//1 1982//1 1830//1
f 1982//1 1831//1 1830//1
f 1982//1 1983//1 1831//1
f 1983//1 1832//1 1831//1
f 1983//1 1984//1 1832//1
f 1984//1 1833//1 1832//1
f 1984//1 1985//1 1833//1
f 1985//1 1834//1 1833//1
f 1985//1 1986//1 1834//1
f 1986//1 1835//1 1834//1
f 1986//1 1987//1 1835//1
f 1987//1 1836//1 1835//1
f 1987//1 1988//1 1836//1
f 1988//1 1837//1 1836//1
f 1988//1 1989//1 1837//1
f 1989//1 1838//1 1837//1
f 1989//1 1990//1 1838//1
f 1990//1 1839//1 1838//1
f 1990//1 1991//1 1839//1
f 1991//1 1840//1 1839//1
f 1991//1 1992//1 1840//1
f 1992//1 1841//1 1840//1
f 1992//1 1993//1 1841//1
f 1993//499 1842//319 1841//48
f 1993//499 1994//208 1842//319
f 1994//1 1843//1 1842//1
f 1994//1 1995//1 1843//1
f 1995//1 1844//1 1843//1
f 1995//1 1996//1 1844//1
f 1996//1 1845//1 1844//1
f 1996//1 1997//1 1845//1
f 1997//1 1846//1 1845//1
f 1997//1 1998//1 1846//1
f 1998//1 1847//1 1846//1
f 1998//1 1999//1 1847//1
f 1999//1 1848//1 1847//1
f 1999//1 2000//1 1848//1
f 2000//1 1849//1 1848//1
f 2000//1 2001//1 1849//1
f 2001//1 1850//1 1849//1
f 2001//1 2002//1 1850//1
f 2002//1 1851//1 1850//1
f 2002//1 2003//1 1851//1
f 2003//1 1852//1 1851//1
f 2003//1 2004//1 1852//1
f 2004//1 2005//1 1852//1
f 2005//1 1853//1 1852//1
f 2005//1 2006//1 1853//1
f 2006//1 1854//1 1853//1
f 2006//1 2007//1 1854//1
f 2007//1 1855//1 1854//1
f 2007//1 2008//1 1855//1
f 2008//1 1856//1 1855//1
f 2008//1 2009//1 1856//1
f 2009//1 1857//1 1856//1
f 2009//1 2010//1 1857//1
f 2010//1 1858//1 1857//1
f 2010//1 2011//1 1858//1
f 2011//1 1859//1 1858//1
f 2011//1 2012//1 1859//1
f 2012//1 1860//1 1859//1
f 2012//1 2013//1 1860//1
f 2013//1 1861//1 1860//1
f 2013//264 2014//484 1861//358
f 2014//484 1862//267 1861//358
f 2014//1 2015//1 1862//1
f 2015//1 1863//1 1862//1
f 2015//1 2016//1 1863//1
f 2016//63 1864//63 1863//63
f 2016//63 2017//63 1864//63
f 2017//1 1865//1 1864//1
f 2017//1 2018//1 1865//1
f 2018//1 1866//1 1865//1
f 2018//1 2019//1 1866//1
f 2019//1 1867//1 1866//1
f 2019//1 2020//1 1867//1
f 2020//1 1868//1 1867//1
f 2020//1 2021//1 1868//1
f 2021//1 1869//1 1868//1
f 2021//1 2022//1 1869//1
f 2022//1 1870//1 1869//1
f 2022//1 2023//1 1870//1
f 2023//1 1871//1 1870//1
f 2023//1 2024//1 1871//1
f 2024//1 1872//1 1871//1
f 2024//1 2025//1 1872//1
f 2025//1 1873//1 1872//1
f 2025//1 2026//1 1873//1
f 2026//1 1874//1 1873//1
f 2026//1 2027//1 1874//1
f 2027//1 1875//1 1874//1
f 2027//1 2028//1 1875//1
f 2028//1 1876//1 1875//1
f 2028//1 2029//1 1876//1
f 2029//1 1877//1 1876//1
f 2029//1 2030//1 1877//1
f 2030//1 2031//1 1877//1
f 2031//1 1878//1 1877//1
f 2031//1 2032//1 1878//1
f 2032//1 1879//1 1878//1
f 2032//1 2033//1 1879//1
f 2033//1 1880//1 1879//1
f 2033//1 2034//1 1880//1
f 2034//1 1881//1 1880//1
f 2034//242 2035//242 1881//242
f 2035//354 1882//354 1881//123
f 2035//354 2036//360 1882//354
f 2036//360 1883//360 1882//354
f 2036//360 2037//129 1883//360
f 2037//301 1884//301 1883//301
f 2037//1 2038//1 1884//1
f 2038//1 1885//1 1884//1
f 2038//1 2039//1 1885//1
f 2039//1 1886//1 1885//1
f 2039//1 2040//1 1886//1
f 2040//1 1887//1 1886//1
f 2040//1 2041//1 1887//1
f 2041//1 1888//1 1887//1
f 2041//1 2042//1 1888//1
f 2042//1 1889//1 1888//1
f 2042//1 2043//1 1889//1
f 2043//1 1890//1 1889//1
f 2043//1 2044//1 1890//1
f 2044//1 1891//1 1890//1
f 2044//1 2045//1 1891//1
f 2045//257 1892//257 1891//87
f 2045//257 2046//170 1892//257
f 2046//1 1893//1 1892//1
f 2046//1 2047//1 1893//1
f 2047//1 1894//1 1893//1
f 2047//1 2048//1 1894//1
f 2048//1 1895//1 1894//1
f 2048//1 2049//1 1895//1
f 2049//1 1896//1 1895//1
f 2049//1 2050//1 1896//1
f 2050//1 1897//1 1896//1
f 2050//1 2051//1 1897//1
f 2051//1 1898//1 1897//1
f 2051//1 2052//1 1898//1
f 2052//1 1899//1 1898//1
f 2052//1 2053//1 1899//1
f 2053//1 1900//1 1899//1
f 2053//1 2054//1 1900//1
f 2054//1 1901//1 1900//1
f 2054//1 2055//1 1901//1
f 2055//1 1902//1 1901//1
f 2055//1 2056//1 1902//1
f 2056//1 2057//1 1902//1
f 2057//1 1903//1 1902//1
f 2057//1 2058//1 1903//1
f 2058//1 1904//1 1903//1
f 2058//1 2059//1 1904//1
f 2059//1 1905//1 1904//1
f 2059//1 2060//1 1905//1
f 2060//1 1906//1 1905//1
f 2060//1 2061//1 1906//1
f 2061//1 1907//1 1906//1
f 2061//1 2062//1 1907//1
f 2062//1 1908//1 1907//1
f 2062//1 2063//1 1908//1
f 2063//1 1909//1 1908//1
f 2063//1 2064//1 1909//1
f 2064//1 1910//1 1909//1
f 2064//1 2065//1 1910//1
f 2065//1 1911//1 1910//1
f 2065//1 2066//1 1911//1
f 2066//1 1912//1 1911//1
f 2066//1 2067//1 1912//1
f 2067//1 1913//1 1912//1
f 2067//1 2068//1 1913//1
f 2068//1 1914//1 1913//1
f 2068//1 2069//1 1914//1
f 2069//1 1915//1 1914//1
f 2069//500 2070//382 1915//497
f 2070//382 1916//464 1915//497
f 2070//1 2071//1 1916//1
f 2071//1 1917//1 1916//1
f 2071//1 2072//1 1917//1
f 2072//1 1918//1 1917//1
f 2072//1 2073//1 1918//1
f 2073//1 1919//1 1918//1
f 2073//1 2074//1 1919//1
f 2074//1 1920//1 1919//1
f 2074//1 2075//1 1920//1
f 2075//1 1921//1 1920//1
f 2075//1 2076//1 1921//1
f 2076//1 1922//1 1921//1
f 2076//1 2077//1 1922//1
f 2077//1 1923//1 1922//1
f 2077//1 2078//1 1923//1
f 2078//1 1924//1 1923//1
f 2078//1 2079//1 1924//1
f 2079//1 1925//1 1924//1
f 2079//1 2080//1 1925//1
f 2080//1 1926//1 1925//1
f 2080//1 2081//1 1926//1
f 2081//1 1927//1 1926//1
f 2081//1 2082//1 1927//1
f 2082//1 2083//1 1927//1
f 2083//1 1928//1 1927//1
f 2083//1 2084//1 1928//1
f 2084//1 1929//1 1928//1
f 2084//1 2085//1 1929//1
f 2085//1 1930//1 1929//1
f 2085//1 2086//1 1930//1
f 2086//1 1931//1 1930//1
f 2086//299 2087//129 1931//65
f 2087//129 1932//123 1931//65
f 2087//1 2088//1 1932//1
f 2088//1 1933//1 1932//1
f 2088//1 2089//1 1933//1
f 2089//1 1934//1 1933//1
f 2089//1 2090//1 1934//1
f 2090//1 1935//1 1934//1
f 2090//1 2091//1 1935//1
f 2091//1 1936//1 1935//1
f 2091//1 2092//1 1936//1
f 2092//1 1937//1 1936//1
f 2092//1 2093//1 1937//1
f 2093//1 1938//1 1937//1
f 2093//1 2094//1 1938//1
f 2094//1 1939//1 1938//1
f 2094//1 2095//1 1939//1
f 2095//1 1940//1 1939//1
f 2095//1 2096//1 1940//1
f 2096//1 1941//1 1940//1
f 2096//1 2097//1 1941//1
f 2097//1 1942//1 1941//1
f 2097//1 2098//1 1942//1
f 2098//1 1943//1 1942//1
f 2098//1 2099//1 1943//1
f 2099//1 1944//1 1943//1
f 2099//1 2100//1 1944//1
f 2100//1 1945//1 1944//1
f 2100//1 2101//1 1945//1
f 2101//1 1946//1 1945//1
f 2101//1 2102//1 1946//1
f 2102//1 1947//1 1946//1
f 2102//1 2103//1 1947//1
f 2103//63 1948//63 1947//63
f 2103//63 2104//63 1948//63
f 2104//1 1949//1 1948//1
f 2104//1 2105//1 1949//1
f 2105//1 1950//1 1949//1
f 2105//1 2106//1 1950//1
f 2106//1 1951//1 1950//1
f 2106//1 2107//1 1951//1
f 2107//1 1802//1 1951//1
f 2107//1 1952//1 1802//1
f 2108//1 2109//1 1952//1
f 2109//1 1953//1 1952//1
f 2109//1 2110//1 1953//1
f 2110//1 1954//1 1953//1
f 2110//1 2111//1 1954//1
f 2111//464 1955//497 1954//382
f 2111//464 2112//491 1955//497
f 2112//1 1956//1 1955//1
f 2112//1 2113//1 1956//1
f 2113//1 1957//1 1956//1
f 2113//1 2114//1 1957//1
f 2114//1 1958//1 1957//1
f 2114//1 2115//1 1958//1
f 2115//1 1959//1 1958//1
f 2115//1 2116//1 1959//1
f 2116//1 1960//1 1959//1
f 2116//1 2117//1 1960//1
f 2117//1 1961//1 1960//1
f 2117//1 2118//1 1961//1
f 2118//1 1962//1 1961//1
f 2118//1 2119//1 1962//1
f 2119//1 1963//1 1962//1
f 2119//1 2120//1 1963//1
f 2120//1 1964//1 1963//1
f 2120//1 2121//1 1964//1
f 2121//1 1965//1 1964//1
f 2121//1 2122//1 1965//1
f 2122//1 1966//1 1965//1
f 2122//1 2123//1 1966//1
f 2123//1 1967//1 1966//1
f 2123//1 2124//1 1967//1
f 2124//1 1968//1 1967//1
f 2124//1 2125//1 1968//1
f 2125//1 1969//1 1968//1
f 2125//1 2126//1 1969//1
f 2126//1 1970//1 1969//1
f 2126//1 2127//1 1970//1
f 2127//1 1971//1 1970//1
f 2127//1 2128//1 1971//1
f 2128//1 1972//1 1971//1
f 2128//1 2129//1 1972//1
f 2129//1 1973//1 1972//1
f 2129//1 2130//1 1973//1
f 2130//1 1974//1 1973//1
f 2130//1 2131//1 1974//1
f 2131//1 1975//1 1974//1
f 2131//63 2132//63 1975//63
f 2132//63 1976//63 1975//63
f 2132//1 2133//1 1976//1
f 2133//1 1977//1 1976//1
f 2133//1 2134//1 1977//1
f 2134//1 1978//1 1977//1
f 2134//1 2135//1 1978//1
f 2135//1 2136//1 1978//1
f 2136//1 1979//1 1978//1
f 2136//1 2137//1 1979//1
f 2137//1 1980//1 1979//1
f 2137//1 2138//1 1980//1
f 2138//1 1981//1 1980//1
f 2138//1 2139//1 1981//1
f 2139//1 1982//1 1981//1
f 2139//1 2140//1 1982//1
f 2140//1 1983//1 1982//1
f 2140//1 2141//1 1983//1
f 2141//1 1984//1 1983//1
f 2141//1 2142//1 1984//1
f 2142//1 1985//1 1984//1
f 2142//1 2143//1 1985//1
f 2143//1 1986//1 1985//1
f 2143//1 2144//1 1986//1
f 2144//1 1987//1 1986//1
f 2144//1 2145//1 1987//1
f 2145//1 1988//1 1987//1
f 2145//1 2146//1 1988//1
f 2146//1 1989//1 1988//1
f 2146//1 2147//1 1989//1
f 2147//1 1990//1 1989//1
f 2147//1 2148//1 1990//1
f 2148//1 1991//1 1990//1
f 2148//1 2149//1 1991//1
f 2149//1 1992//1 1991//1
f 2149//1 2150//1 1992//1
f 2150//1 1993//1 1992//1
f 2150//1 2151//1 1993//1
f 2151//208 1994//208 1993//499
f 2151//63 2152//63 1994//63
f 2152//63 1995//63 1994//63
f 2152//394 2153//453 1995//208
f 2153//1 1996//1 1995//1
f 2153//1 2154//1 1996//1
f 2154//1 1997//1 1996//1
f 2154//1 2155//1 1997//1
f 2155//1 1998//1 1997//1
f 2155//1 2156//1 1998//1
f 2156//1 1999//1 1998//1
f 2156//1 2157//1 1999//1
f 2157//1 2000//1 1999//1
f 2157//1 2158//1 2000//1
f 2158//1 2001//1 2000//1
f 2158//1 2159//1 2001//1
f 2159//1 2002//1 2001//1
f 2159//1 2160//1 2002//1
f 2160//1 2003//1 2002//1
f 2160//1 2161//1 2003//1
f 2161//1 2004//1 2003//1
f 2161//1 2162//1 2004//1
f 2162//1 2163//1 2004//1
f 2163//1 2005//1 2004//1
f 2163//1 2164//1 2005//1
f 2164//1 2006//1 2005//1
f 2164//1 2165//1 2006//1
f 2165//1 2007//1 2006//1
f 2165//1 2166//1 2007//1
f 2166//1 2008//1 2007//1
f 2166//1 2167//1 2008//1
f 2167//1 2009//1 2008//1
f 2167//1 2168//1 2009//1
f 2168//1 2010//1 2009//1
f 2168//1 2169//1 2010//1
f 2169//1 2011//1 2010//1
f 2169//1 2170//1 2011//1
f 2170//1 2012//1 2011//1
f 2170//496 2171//408 2012//92
f 2171//255 2013//268 2012//69
f 2171//255 2172//87 2013//268
f 2172//123 2014//484 2013//264
f 2172//1 2173//1 2014//1
f 2173//1 2015//1 2014//1
f 2173//1 2174//1 2015//1
f 2174//1 2016//1 2015//1
f 2174//1 2175//1 2016//1
f 2175//63 2017//63 2016//63
f 2175//63 2176//63 2017//63
f 2176//1 2018//1 2017//1
f 2176//1 2177//1 2018//1
f 2177//1 2019//1 2018//1
f 2177//1 2178//1 2019//1
f 2178//1 2020//1 2019//1
f 2178//1 2179//1 2020//1
f 2179//1 2021//1 2020//1
f 2179//1 2180//1 2021//1
f 2180//1 2022//1 2021//1
f 2180//1 2181//1 2022//1
f 2181//1 2023//1 2022//1
f 2181//1 2182//1 2023//1
f 2182//1 2024//1 2023//1
f 2182//1 2183//1 2024//1
f 2183//1 2025//1 2024//1
f 2183//1 2184//1 2025//1
f 2184//1 2026//1 2025//1
f 2184//1 2185//1 2026//1
f 2185//1 2027//1 2026//1
f 2185//1 2186//1 2027//1
f 2186//1 2028//1 2027//1
f 2186//1 2187//1 2028//1
f 2187//1 2029//1 2028//1
f 2187//1 2188//1 2029//1
f 2188//1 2030//1 2029//1
f 2188//496 2189//267 2030//267
f 2189//267 2190//496 2030//267
f 2190//496 2031//360 2030//267
f 2190//496 2191//354 2031//360
f 2191//354 2032//291 2031//360
f 2191//354 2192//484 2032//291
f 2192//484 2033//358 2032//291
f 2192//484 2193//496 2033//358
f 2193//496 2034//476 2033//358
f 2193//496 2194//65 2034//476
f 2194//242 2035//242 2034//242
f 2194//1 2195//1 2035//1
f 2195//1 2036//1 2035//1
f 2195//1 2196//1 2036//1
f 2196//1 2037//1 2036//1
f 2196//1 2197//1 2037//1
f 2197//1 2038//1 2037//1
f 2197//1 2198//1 2038//1
f 2198//1 2039//1 2038//1
f 2198//1 2199//1 2039//1
f 2199//1 2040//1 2039//1
f 2199//1 2200//1 2040//1
f 2200//1 2041//1 2040//1
f 2200//1 2201//1 2041//1
f 2201//1 2042//1 2041//1
f 2201//1 2202//1 2042//1
f 2202//1 2043//1 2042//1
f 2202//1 2203//1 2043//1
f 2203//1 2044//1 2043//1
f 2203//1 2204//1 2044//1
f 2204//1 2045//1 2044//1
f 2204//1 2205//1 2045//1
f 2205//170 2046//170 2045//257
f 2205//65 2206//354 2046//65
f 2206//354 2047//291 2046//65
f 2206//354 2207//292 2047//291
f 2207//292 2048//72 2047//291
f 2207//222 2208//498 2048//266
f 2208//1 2049//1 2048//1
f 2208//1 2209//1 2049//1
f 2209//1 2050//1 2049//1
f 2209//1 2210//1 2050//1
f 2210//1 2051//1 2050//1
f 2210//1 2211//1 2051//1
f 2211//1 2052//1 2051//1
f 2211//1 2212//1 2052//1
f 2212//1 2053//1 2052//1
f 2212//1 2213//1 2053//1
f 2213//1 2054//1 2053//1
f 2213//1 2214//1 2054//1
f 2214//1 2055//1 2054//1
f 2214//1 2215//1 2055//1
f 2215//1 2056//1 2055//1
f 2215//1 2216//1 2056//1
f 2216//1 2217//1 2056//1
f 2217//1 2057//1 2056//1
f 2217//1 2218//1 2057//1
f 2218//1 2058//1 2057//1
f 2218//1 2219//1 2058//1
f 2219//1 2059//1 2058//1
f 2219//1 2220//1 2059//1
f 2220//1 2060//1 2059//1
f 2220//1 2221//1 2060//1
f 2221//1 2061//1 2060//1
f 2221//1 2222//1 2061//1
f 2222//1 2062//1 2061//1
f 2222//1 2223//1 2062//1
f 2223//1 2063//1 2062//1
f 2223//1 2224//1 2063//1
f 2224//1 2064//1 2063//1
f 2224//1 2225//1 2064//1
f 2225//1 2065//1 2064//1
f 2225//1 2226//1 2065//1
f 2226//1 2066//1 2065//1
f 2226//1 2227//1 2066//1
f 2227//1 2067//1 2066//1
f 2227//1 2228//1 2067//1
f 2228//1 2068//1 2067//1
f 2228//1 2229//1 2068//1
f 2229//1 2069//1 2068//1
f 2229//501 2230//502 2069//500
f 2230//502 2070//382 2069//500
f 2230//1 2231//1 2070//1
f 2231//1 2071//1 2070//1
f 2231//1 2232//1 2071//1
f 2232//1 2072//1 2071//1
f 2232//1 2233//1 2072//1
f 2233//1 2073//1 2072//1
f 2233//1 2234//1 2073//1
f 2234//1 2074//1 2073//1
f 2234//1 2235//1 2074//1
f 2235//1 2075//1 2074//1
f 2235//1 2236//1 2075//1
f 2236//1 2076//1 2075//1
f 2236//1 2237//1 2076//1
f 2237//1 2077//1 2076//1
f 2237//1 2238//1 2077//1
f 2238//1 2078//1 2077//1
f 2238//1 2239//1 2078//1
f 2239//1 2079//1 2078//1
f 2239//1 2240//1 2079//1
f 2240//1 2080//1 2079//1
f 2240//1 2241//1 2080//1
f 2241//1 2081//1 2080//1
f 2241//1 2242//1 2081//1
f 2242//1 2082//1 2081//1
f 2242//1 2243//1 2082//1
f 2243//1 2244//1 2082//1
f 2244//1 2083//1 2082//1
f 2244//1 2245//1 2083//1
f 2245//1 2084//1 2083//1
f 2245//1 2246//1 2084//1
f 2246//1 2085//1 2084//1
f 2246//1 2247//1 2085//1
f 2247//1 2086//1 2085//1
f 2247//1 2248//1 2086//1
f 2248//301 2087//301 2086//301
f 2248//301 2249//301 2087//301
f 2249//1 2088//1 2087//1
f 2249//1 2250//1 2088//1
f 2250//1 2089//1 2088//1
f 2250//1 2251//1 2089//1
f 2251//1 2090//1 2089//1
f 2251//1 2252//1 2090//1
f 2252//1 2091//1 2090//1
f 2252//1 2253//1 2091//1
f 2253//1 2092//1 2091//1
f 2253//1 2254//1 2092//1
f 2254//1 2093//1 2092//1
f 2254//1 2255//1 2093//1
f 2255//1 2094//1 2093//1
f 2255//1 2256//1 2094//1
f 2256//1 2095//1 2094//1
f 2256//1 2257//1 2095//1
f 2257//1 2096//1 2095//1
f 2257//1 2258//1 2096//1
f 2258//1 2097//1 2096//1
f 2258//1 2259//1 2097//1
f 2259//1 2098//1 2097//1
f 2259//1 2260//1 2098//1
f 2260//1 2099//1 2098//1
f 2260//1 2261//1 2099//1
f 2261//1 2100//1 2099//1
f 2261//1 2262//1 2100//1
f 2262//1 2101//1 2100//1
f 2262//1 2263//1 2101//1
f 2263//1 2102//1 2101//1
f 2263//452 2264//385 2102//332
f 2264//367 2103//438 2102//330
f 2264//367 2265//253 2103//438
f 2265//48 2104//48 2103//48
f 2265//1 2266//1 2104//1
f 2266//1 2105//1 2104//1
f 2266//1 2267//1 2105//1
f 2267//1 2106//1 2105//1
f 2267//1 2268//1 2106//1
f 2268//1 2107//1 2106//1
f 2268//1 2269//1 2107//1
f 2269//1 1952//1 2107//1
f 2269//1 2108//1 1952//1
f 2270//1 2271//1 2108//1
f 2271//1 2109//1 2108//1
f 2271//1 2272//1 2109//1
f 2272//1 2110//1 2109//1
f 2272//1 2273//1 2110//1
f 2273//1 2111//1 2110//1
f 2273//1 2274//1 2111//1
f 2274//396 2112//491 2111//464
f 2274//396 2275//111 2112//491
f 2275//1 2113//1 2112//1
f 2275//1 2276//1 2113//1
f 2276//1 2114//1 2113//1
f 2276//1 2277//1 2114//1
f 2277//1 2115//1 2114//1
f 2277//1 2278//1 2115//1
f 2278//1 2116//1 2115//1
f 2278//1 2279//1 2116//1
f 2279//1 2117//1 2116//1
f 2279//1 2280//1 2117//1
f 2280//1 2118//1 2117//1
f 2280//1 2281//1 2118//1
f 2281//1 2119//1 2118//1
f 2281//1 2282//1 2119//1
f 2282//1 2120//1 2119//1
f 2282//1 2283//1 2120//1
f 2283//1 2121//1 2120//1
f 2283//1 2284//1 2121//1
f 2284//1 2122//1 2121//1
f 2284//1 2285//1 2122//1
f 2285//1 2123//1 2122//1
f 2285//1 2286//1 2123//1
f 2286//1 2124//1 2123//1
f 2286//1 2287//1 2124//1
f 2287//1 2125//1 2124//1
f 2287//1 2288//1 2125//1
f 2288//1 2126//1 2125//1
f 2288//1 2289//1 2126//1
f 2289//1 2127//1 2126//1
f 2289//1 2290//1 2127//1
f 2290//1 2128//1 2127//1
f 2290//1 2291//1 2128//1
f 2291//1 2129//1 2128//1
f 2291//1 2292//1 2129//1
f 2292//1 2130//1 2129//1
f 2292//63 2293//63 2130//63
f 2293//208 2131//208 2130//208
f 2293//367 2294//438 2131//330
f 2294//336 2132//340 2131//257
f 2294//336 2295//89 2132//340
f 2295//1 2133//1 2132//1
f 2295//1 2296//1 2133//1
f 2296//1 2134//1 2133//1
f 2296//1 2297//1 2134//1
f 2297//1 2135//1 2134//1
f 2297//1 2298//1 2135//1
f 2298//1 2299//1 2135//1
f 2299//1 2136//1 2135//1
f 2299//1 2300//1 2136//1
f 2300//1 2137//1 2136//1
f 2300//1 2301//1 2137//1
f 2301//1 2138//1 2137//1
f 2301//1 2302//1 2138//1
f 2302//1 2139//1 2138//1
f 2302//1 2303//1 2139//1
f 2303//1 2140//1 2139//1
f 2303//1 2304//1 2140//1
f 2304//1 2141//1 2140//1
f 2304//1 2305//1 2141//1
f 2305//1 2142//1 2141//1
f 2305//1 2306//1 2142//1
f 2306//1 2143//1 2142//1
f 2306//1 2307//1 2143//1
f 2307//1 2144//1 2143//1
f 2307//1 2308//1 2144//1
f 2308//1 2145//1 2144//1
f 2308//1 2309//1 2145//1
f 2309//1 2146//1 2145//1
f 2309//1 2310//1 2146//1
f 2310//1 2147//1 2146//1
f 2310//1 2311//1 2147//1
f 2311//1 2148//1 2147//1
f 2311//1 2312//1 2148//1
f 2312//1 2149//1 2148//1
f 2312//1 2313//1 2149//1
f 2313//1 2150//1 2149//1
f 2313//1 2314//1 2150//1
f 2314//1 2151//1 2150//1
f 2314//1 2315//1 2151//1
f 2315//1 2152//1 2151//1
f 2315//1 2316//1 2152//1
f 2316//492 2153//453 2152//394
f 2316//492 2317//198 2153//453
f 2317//1 2154//1 2153//1
f 2317//1 2318//1 2154//1
f 2318//1 2155//1 2154//1
f 2318//1 2319//1 2155//1
f 2319//1 2156//1 2155//1
f 2319//1 2320//1 2156//1
f 2320//1 2157//1 2156//1
f 2320//1 2321//1 2157//1
f 2321//1 2158//1 2157//1
f 2321//1 2322//1 2158//1
f 2322//1 2159//1 2158//1
f 2322//1 2323//1 2159//1
f 2323//1 2160//1 2159//1
f 2323//1 2324//1 2160//1
f 2324//1 2161//1 2160//1
f 2324//1 2325//1 2161//1
f 2325//1 2162//1 2161//1
f 2325//1 2326//1 2162//1
f 2326//1 2327//1 2162//1
f 2327//1 2163//1 2162//1
f 2327//1 2328//1 2163//1
f 2328//1 2164//1 2163//1
f 2328//1 2329//1 2164//1
f 2329//1 2165//1 2164//1
f 2329//1 2330//1 2165//1
f 2330//1 2166//1 2165//1
f 2330//1 2331//1 2166//1
f 2331//1 2167//1 2166//1
f 2331//1 2332//1 2167//1
f 2332//1 2168//1 2167//1
f 2332//1 2333//1 2168//1
f 2333//1 2169//1 2168//1
f 2333//1 2334//1 2169//1
f 2334//1 2170//1 2169//1
f 2334//65 2335//360 2170//496
f 2335//360 2171//408 2170//496
f 2335//1 2336//1 2171//1
f 2336//1 2172//1 2171//1
f 2336//1 2337//1 2172//1
f 2337//1 2173//1 2172//1
f 2337//1 2338//1 2173//1
f 2338//1 2174//1 2173//1
f 2338//1 2339//1 2174//1
f 2339//1 2175//1 2174//1
f 2339//1 2340//1 2175//1
f 2340//63 2176//63 2175//63
f 2340//63 2341//63 2176//63
f 2341//1 2177//1 2176//1
f 2341//1 2342//1 2177//1
f 2342//1 2178//1 2177//1
f 2342//1 2343//1 2178//1
f 2343//1 2179//1 2178//1
f 2343//1 2344//1 2179//1
f 2344//1 2180//1 2179//1
f 2344//1 2345//1 2180//1
f 2345//1 2181//1 2180//1
f 2345//1 2346//1 2181//1
f 2346//1 2182//1 2181//1
f 2346//1 2347//1 2182//1
f 2347//1 2183//1 2182//1
f 2347//1 2348//1 2183//1
f 2348//1 2184//1 2183//1
f 2348//1 2349//1 2184//1
f 2349//1 2185//1 2184//1
f 2349//1 2350//1 2185//1
f 2350//1 2186//1 2185//1
f 2350//1 2351//1 2186//1
f 2351//1 2187//1 2186//1
f 2351//1 2352//1 2187//1
f 2352//1 2188//1 2187//1
f 2352//354 2353//360 2188//496
f 2353//360 2189//267 2188//496
f 2353//1 2354//1 2189//1
f 2354//1 2355//1 2189//1
f 2355//1 2190//1 2189//1
f 2355//1 2356//1 2190//1
f 2356//1 2191//1 2190//1
f 2356//1 2357//1 2191//1
f 2357//1 2192//1 2191//1
f 2357//1 2358//1 2192//1
f 2358//1 2193//1 2192//1
f 2358//1 2359//1 2193//1
f 2359//1 2194//1 2193//1
f 2359//1 2360//1 2194//1
f 2360//1 2195//1 2194//1
f 2360//1 2361//1 2195//1
f 2361//1 2196//1 2195//1
f 2361//1 2362//1 2196//1
f 2362//1 2197//1 2196//1
f 2362//1 2363//1 2197//1
f 2363//1 2198//1 2197//1
f 2363//1 2364//1 2198//1
f 2364//1 2199//1 2198//1
f 2364//1 2365//1 2199//1
f 2365//1 2200//1 2199//1
f 2365//1 2366//1 2200//1
f 2366//1 2201//1 2200//1
f 2366//1 2367//1 2201//1
f 2367//1 2202//1 2201//1
f 2367//1 2368//1 2202//1
f 2368//1 2203//1 2202//1
f 2368//1 2369//1 2203//1
f 2369//1 2204//1 2203//1
f 2369//1 2370//1 2204//1
f 2370//1 2205//1 2204//1
f 2370//1 2371//1 2205//1
f 2371//1 2206//1 2205//1
f 2371//1 2372//1 2206//1
f 2372//1 2207//1 2206//1
f 2372//1 2373//1 2207//1
f 2373//336 2208//498 2207//222
f 2373//336 2374//307 2208//498
f 2374//1 2209//1 2208//1
f 2374//1 2375//1 2209//1
f 2375//1 2210//1 2209//1
f 2375//1 2376//1 2210//1
f 2376//1 2211//1 2210//1
f 2376//1 2377//1 2211//1
f 2377//1 2212//1 2211//1
f 2377//1 2378//1 2212//1
f 2378//1 2213//1 2212//1
f 2378//1 2379//1 2213//1
f 2379//1 2214//1 2213//1
f 2379//1 2380//1 2214//1
f 2380//1 2215//1 2214//1
f 2380//1 2381//1 2215//1
f 2381//1 2216//1 2215//1
f 2381//1 2382//1 2216//1
f 2382//1 2383//1 2216//1
f 2383//1 2217//1 2216//1
f 2383//1 2384//1 2217//1
f 2384//1 2218//1 2217//1
f 2384//1 2385//1 2218//1
f 2385//1 2219//1 2218//1
f 2385//1 2386//1 2219//1
f 2386//1 2220//1 2219//1
f 2386//1 2387//1 2220//1
f 2387//1 2221//1 2220//1
f 2387//1 2388//1 2221//1
f 2388//1 2222//1 2221//1
f 2388//1 2389//1 2222//1
f 2389//1 2223//1 2222//1
f 2389//1 2390//1 2223//1
f 2390//1 2224//1 2223//1
f 2390//1 2391//1 2224//1
f 2391//1 2225//1 2224//1
f 2391//1 2392//1 2225//1
f 2392//1 2226//1 2225//1
f 2392//1 2393//1 2226//1
f 2393//1 2227//1 2226//1
f 2393//1 2394//1 2227//1
f 2394//1 2228//1 2227//1
f 2394//1 2395//1 2228//1
f 2395//1 2229//1 2228//1
f 2395//503 2396//504 2229//501
f 2396//504 2230//502 2229//501
f 2396//1 2397//1 2230//1
f 2397//1 2231//1 2230//1
f 2397//1 2398//1 2231//1
f 2398//1 2232//1 2231//1
f 2398//1 2399//1 2232//1
f 2399//1 2233//1 2232//1
f 2399//1 2400//1 2233//1
f 2400//1 2234//1 2233//1
f 2400//1 2401//1 2234//1
f 2401//1 2235//1 2234//1
f 2401//1 2402//1 2235//1
f 2402//1 2236//1 2235//1
f 2402//1 2403//1 2236//1
f 2403//1 2237//1 2236//1
f 2403//1 2404//1 2237//1
f 2404//1 2238//1 2237//1
f 2404//1 2405//1 2238//1
f 2405//1 2239//1 2238//1
f 2405//1 2406//1 2239//1
f 2406//1 2240//1 2239//1
f 2406//1 2407//1 2240//1
f 2407//1 2241//1 2240//1
f 2407//1 2408//1 2241//1
f 2408//1 2242//1 2241//1
f 2408//1 2409//1 2242//1
f 2409//1 2243//1 2242//1
f 2409//1 2410//1 2243//1
f 2410//1 2411//1 2243//1
f 2411//1 2244//1 2243//1
f 2411//1 2412//1 2244//1
f 2412//1 2245//1 2244//1
f 2412//1 2413//1 2245//1
f 2413//1 2246//1 2245//1
f 2413//1 2414//1 2246//1
f 2414//1 2247//1 2246//1
f 2414//1 2415//1 2247//1
f 2415//1 2248//1 2247//1
f 2415//1 2416//1 2248//1
f 2416//301 2249//301 2248//301
f 2416//303 2417//111 2249//145
f 2417//111 2250//253 2249//145
f 2417//242 2418//242 2250//242
f 2418//1 2251//1 2250//1
f 2418//1 2419//1 2251//1
f 2419//1 2252//1 2251//1
f 2419//1 2420//1 2252//1
f 2420//1 2253//1 2252//1
f 2420//1 2421//1 2253//1
f 2421//1 2254//1 2253//1
f 2421//1 2422//1 2254//1
f 2422//1 2255//1 2254//1
f 2422//1 2423//1 2255//1
f 2423//1 2256//1 2255//1
f 2423//1 2424//1 2256//1
f 2424//1 2257//1 2256//1
f 2424//1 2425//1 2257//1
f 2425//1 2258//1 2257//1
f 2425//1 2426//1 2258//1
f 2426//1 2259//1 2258//1
f 2426//1 2427//1 2259//1
f 2427//1 2260//1 2259//1
f 2427//1 2428//1 2260//1
f 2428//1 2261//1 2260//1
f 2428//1 2429//1 2261//1
f 2429//1 2262//1 2261//1
f 2429//1 2430//1 2262//1
f 2430//1 2263//1 2262//1
f 2430//112 2431//335 2263//452
f 2431//335 2264//385 2263//452
f 2431//1 2432//1 2264//1
f 2432//1 2265//1 2264//1
f 2432//1 2433//1 2265//1
f 2433//1 2266//1 2265//1
f 2433//1 2434//1 2266//1
f 2434//1 2267//1 2266//1
f 2434//1 2435//1 2267//1
f 2435//1 2268//1 2267//1
f 2435//1 2436//1 2268//1
f 2436//1 2269//1 2268//1
f 2436//1 2437//1 2269//1
f 2437//1 2108//1 2269//1
f 2437//1 2270//1 2108//1
f 2438//1 2439//1 2270//1
f 2439//1 2271//1 2270//1
f 2439//1 2440//1 2271//1
f 2440//1 2272//1 2271//1
f 2440//1 2441//1 2272//1
f 2441//1 2273//1 2272//1
f 2441//1 2442//1 2273//1
f 2442//1 2274//1 2273//1
f 2442//1 2443//1 2274//1
f 2443//111 2275//111 2274//396
f 2443//112 2444//335 2275//112
f 2444//335 2276//452 2275//112
f 2444//335 2445//385 2276//452
f 2445//385 2277//332 2276//452
f 2445//367 2446//438 2277//330
f 2446//1 2278//1 2277//1
f 2446//1 2447//1 2278//1
f 2447//1 2279//1 2278//1
f 2447//1 2448//1 2279//1
f 2448//1 2280//1 2279//1
f 2448//1 2449//1 2280//1
f 2449//1 2281//1 2280//1
f 2449//1 2450//1 2281//1
f 2450//1 2282//1 2281//1
f 2450//1 2451//1 2282//1
f 2451//1 2283//1 2282//1
f 2451//1 2452//1 2283//1
f 2452//1 2284//1 2283//1
f 2452//1 2453//1 2284//1
f 2453//1 2285//1 2284//1
f 2453//1 2454//1 2285//1
f 2454//1 2286//1 2285//1
f 2454//1 2455//1 2286//1
f 2455//1 2287//1 2286//1
f 2455//1 2456//1 2287//1
f 2456//1 2288//1 2287//1
f 2456//1 2457//1 2288//1
f 2457//1 2289//1 2288//1
f 2457//1 2458//1 2289//1
f 2458//1 2290//1 2289//1
f 2458//1 2459//1 2290//1
f 2459//1 2291//1 2290//1
f 2459//1 2460//1 2291//1
f 2460//1 2292//1 2291//1
f 2460//505 2461//505 2292//63
f 2461//505 2293//63 2292//63
f 2461//1 2462//1 2293//1
f 2462//253 2294//438 2293//367
f 2462//198 2463//198 2294//198
f 2463//88 2295//88 2294//88
f 2463//1 2464//1 2295//1
f 2464//1 2296//1 2295//1
f 2464//1 2465//1 2296//1
f 2465//1 2297//1 2296//1
f 2465//1 2466//1 2297//1
f 2466//1 2298//1 2297//1
f 2466//1 2467//1 2298//1
f 2467//1 2468//1 2298//1
f 2468//1 2299//1 2298//1
f 2468//1 2469//1 2299//1
f 2469//1 2300//1 2299//1
f 2469//1 2470//1 2300//1
f 2470//1 2301//1 2300//1
f 2470//1 2471//1 2301//1
f 2471//1 2302//1 2301//1
f 2471//1 2472//1 2302//1
f 2472//1 2303//1 2302//1
f 2472//1 2473//1 2303//1
f 2473//1 2304//1 2303//1
f 2473//1 2474//1 2304//1
f 2474//1 2305//1 2304//1
f 2474//1 2475//1 2305//1
f 2475//1 2306//1 2305//1
f 2475//1 2476//1 2306//1
f 2476//1 2307//1 2306//1
f 2476//1 2477//1 2307//1
f 2477//1 2308//1 2307//1
f 2477//1 2478//1 2308//1
f 2478//1 2309//1 2308//1
f 2478//1 2479//1 2309//1
f 2479//1 2310//1 2309//1
f 2479//1 2480//1 2310//1
f 2480//1 2311//1 2310//1
f 2480//1 2481//1 2311//1
f 2481//1 2312//1 2311//1
f 2481//1 2482//1 2312//1
f 2482//1 2313//1 2312//1
f 2482//1 2483//1 2313//1
f 2483//1 2314//1 2313//1
f 2483//1 2484//1 2314//1
f 2484//1 2315//1 2314//1
f 2484//1 2485//1 2315//1
f 2485//1 2316//1 2315//1
f 2485//330 2486//367 2316//438
f 2486//367 2317//253 2316//438
f 2486//1 2487//1 2317//1
f 2487//1 2318//1 2317//1
f 2487//1 2488//1 2318//1
f 2488//1 2319//1 2318//1
f 2488//1 2489//1 2319//1
f 2489//1 2320//1 2319//1
f 2489//1 2490//1 2320//1
f 2490//1 2321//1 2320//1
f 2490//1 2491//1 2321//1
f 2491//1 2322//1 2321//1
f 2491//1 2492//1 2322//1
f 2492//1 2323//1 2322//1
f 2492//1 2493//1 2323//1
f 2493//1 2324//1 2323//1
f 2493//1 2494//1 2324//1
f 2494//1 2325//1 2324//1
f 2494//1 2495//1 2325//1
f 2495//1 2326//1 2325//1
f 2495//1 2496//1 2326//1
f 2496//1 2497//1 2326//1
f 2497//1 2327//1 2326//1
f 2497//1 2498//1 2327//1
f 2498//1 2328//1 2327//1
f 2498//1 2499//1 2328//1
f 2499//1 2329//1 2328//1
f 2499//1 2500//1 2329//1
f 2500//1 2330//1 2329//1
f 2500//1 2501//1 2330//1
f 2501//1 2331//1 2330//1
f 2501//1 2502//1 2331//1
f 2502//1 2332//1 2331//1
f 2502//1 2503//1 2332//1
f 2503//1 2333//1 2332//1
f 2503//299 2504//299 2333//299
f 2504//257 2334//257 2333//257
f 2504//257 2505//257 2334//257
f 2505//65 2335//360 2334//65
f 2505//1 2506//1 2335//1
f 2506//1 2336//1 2335//1
f 2506//1 2507//1 2336//1
f 2507//1 2337//1 2336//1
f 2507//1 2508//1 2337//1
f 2508//1 2338//1 2337//1
f 2508//1 2509//1 2338//1
f 2509//1 2339//1 2338//1
f 2509//1 2510//1 2339//1
f 2510//1 2340//1 2339//1
f 2510//1 2511//1 2340//1
f 2511//63 2341//63 2340//63
f 2511//63 2512//63 2341//63
f 2512//1 2342//1 2341//1
f 2512//1 2513//1 2342//1
f 2513//1 2343//1 2342//1
f 2513//1 2514//1 2343//1
f 2514//1 2344//1 2343//1
f 2514//1 2515//1 2344//1
f 2515//1 2345//1 2344//1
f 2515//1 2516//1 2345//1
f 2516//1 2346//1 2345//1
f 2516//1 2517//1 2346//1
f 2517//1 2347//1 2346//1
f 2517//1 2518//1 2347//1
f 2518//1 2348//1 2347//1
f 2518//1 2519//1 2348//1
f 2519//1 2349//1 2348//1
f 2519//1 2520//1 2349//1
f 2520//1 2350//1 2349//1
f 2520//1 2521//1 2350//1
f 2521//1 2351//1 2350//1
f 2521//1 2522//1 2351//1
f 2522//1 2352//1 2351//1
f 2522//292 2523//291 2352//354
f 2523//291 2353//360 2352//354
f 2523//1 2524//1 2353//1
f 2524//1 2354//1 2353//1
f 2524//1 2525//1 2354//1
f 2525//1 2526//1 2354//1
f 2526//1 2355//1 2354//1
f 2526//1 2527//1 2355//1
f 2527//1 2356//1 2355//1
f 2527//1 2528//1 2356//1
f 2528//1 2357//1 2356//1
f 2528//1 2529//1 2357//1
f 2529//1 2358//1 2357//1
f 2529//1 2530//1 2358//1
f 2530//1 2359//1 2358//1
f 2530//1 2531//1 2359//1
f 2531//1 2360//1 2359//1
f 2531//1 2532//1 2360//1
f 2532//1 2361//1 2360//1
f 2532//1 2533//1 2361//1
f 2533//1 2362//1 2361//1
f 2533//1 2534//1 2362//1
f 2534//1 2363//1 2362//1
f 2534//1 2535//1 2363//1
f 2535//1 2364//1 2363//1
f 2535//1 2536//1 2364//1
f 2536//1 2365//1 2364//1
f 2536//1 2537//1 2365//1
f 2537//1 2366//1 2365//1
f 2537//1 2538//1 2366//1
f 2538//1 2367//1 2366//1
f 2538//1 2539//1 2367//1
f 2539//1 2368//1 2367//1
f 2539//1 2540//1 2368//1
f 2540//1 2369//1 2368//1
f 2540//1 2541//1 2369//1
f 2541//1 2370//1 2369//1
f 2541//1 2542//1 2370//1
f 2542//1 2371//1 2370//1
f 2542//1 2543//1 2371//1
f 2543//1 2372//1 2371//1
f 2543//1 2544//1 2372//1
f 2544//1 2373//1 2372//1
f 2544//1 2545//1 2373//1
f 2545//479 2374//307 2373//336
f 2545//479 2546//255 2374//307
f 2546//1 2375//1 2374//1
f 2546//1 2547//1 2375//1
f 2547//1 2376//1 2375//1
f 2547//1 2548//1 2376//1
f 2548//1 2377//1 2376//1
f 2548//1 2549//1 2377//1
f 2549//1 2378//1 2377//1
f 2549//1 2550//1 2378//1
f 2550//1 2379//1 2378//1
f 2550//1 2551//1 2379//1
f 2551//1 2380//1 2379//1
f 2551//1 2552//1 2380//1
f 2552//1 2381//1 2380//1
f 2552//1 2553//1 2381//1
f 2553//1 2382//1 2381//1
f 2553//1 2554//1 2382//1
f 2554//1 2555//1 2382//1
f 2555//1 2383//1 2382//1
f 2555//1 2556//1 2383//1
f 2556//1 2384//1 2383//1
f 2556//1 2557//1 2384//1
f 2557//1 2385//1 2384//1
f 2557//1 2558//1 2385//1
f 2558//1 2386//1 2385//1
f 2558//1 2559//1 2386//1
f 2559//1 2387//1 2386//1
f 2559//1 2560//1 2387//1
f 2560//1 2388//1 2387//1
f 2560//1 2561//1 2388//1
f 2561//1 2389//1 2388//1
f 2561//1 2562//1 2389//1
f 2562//1 2390//1 2389//1
f 2562//1 2563//1 2390//1
f 2563//1 2391//1 2390//1
f 2563//1 2564//1 2391//1
f 2564//1 2392//1 2391//1
f 2564//1 2565//1 2392//1
f 2565//1 2393//1 2392//1
f 2565//1 2566//1 2393//1
f 2566//1 2394//1 2393//1
f 2566//1 2567//1 2394//1
f 2567//1 2395//1 2394//1
f 2567//330 2568//436 2395//503
f 2568//436 2396//504 2395//503
f 2568//1 2569//1 2396//1
f 2569//1 2397//1 2396//1
f 2569//1 2570//1 2397//1
f 2570//1 2398//1 2397//1
f 2570//1 2571//1 2398//1
f 2571//1 2399//1 2398//1
f 2571//1 2572//1 2399//1
f 2572//1 2400//1 2399//1
f 2572//1 2573//1 2400//1
f 2573//1 2401//1 2400//1
f 2573//1 2574//1 2401//1
f 2574//1 2402//1 2401//1
f 2574//1 2575//1 2402//1
f 2575//1 2403//1 2402//1
f 2575//1 2576//1 2403//1
f 2576//1 2404//1 2403//1
f 2576//1 2577//1 2404//1
f 2577//1 2405//1 2404//1
f 2577//1 2578//1 2405//1
f 2578//1 2406//1 2405//1
f 2578//1 2579//1 2406//1
f 2579//1 2407//1 2406//1
f 2579//1 2580//1 2407//1
f 2580//1 2408//1 2407//1
f 2580//1 2581//1 2408//1
f 2581//1 2409//1 2408//1
f 2581//1 2582//1 2409//1
f 2582//1 2410//1 2409//1
f 2582//1 2583//1 2410//1
f 2583//1 2584//1 2410//1
f 2584//1 2411//1 2410//1
f 2584//1 2585//1 2411//1
f 2585//1 2412//1 2411//1
f 2585//1 2586//1 2412//1
f 2586//1 2413//1 2412//1
f 2586//1 2587//1 2413//1
f 2587//1 2414//1 2413//1
f 2587//1 2588//1 2414//1
f 2588//1 2415//1 2414//1
f 2588//1 2589//1 2415//1
f 2589//1 2416//1 2415//1
f 2589//1 2590//1 2416//1
f 2590//1 2417//1 2416//1
f 2590//1 2591//1 2417//1
f 2591//242 2418//242 2417//242
f 2591//242 2592//242 2418//242
f 2592//1 2419//1 2418//1
f 2592//1 2593//1 2419//1
f 2593//1 2420//1 2419//1
f 2593//1 2594//1 2420//1
f 2594//1 2421//1 2420//1
f 2594//1 2595//1 2421//1
f 2595//1 2422//1 2421//1
f 2595//1 2596//1 2422//1
f 2596//1 2423//1 2422//1
f 2596//1 2597//1 2423//1
f 2597//1 2424//1 2423//1
f 2597//1 2598//1 2424//1
f 2598//1 2425//1 2424//1
f 2598//1 2599//1 2425//1
f 2599//1 2426//1 2425//1
f 2599//1 2600//1 2426//1
f 2600//1 2427//1 2426//1
f 2600//1 2601//1 2427//1
f 2601//1 2428//1 2427//1
f 2601//1 2602//1 2428//1
f 2602//1 2429//1 2428//1
f 2602//243 2603//243 2429//243
f 2603//111 2430//111 2429//111
f 2603//111 2604//111 2430//111
f 2604//112 2431//335 2430//112
f 2604//1 2605//1 2431//1
f 2605//1 2432//1 2431//1
f 2605//1 2606//1 2432//1
f 2606//1 2433//1 2432//1
f 2606//1 2607//1 2433//1
f 2607//1 2434//1 2433//1
f 2607//1 2608//1 2434//1
f 2608//1 2435//1 2434//1
f 2608//1 2609//1 2435//1
f 2609//1 2436//1 2435//1
f 2609//1 2610//1 2436//1
f 2610//1 2437//1 2436//1
f 2610//1 2611//1 2437//1
f 2611//1 2270//1 2437//1
f 2611//1 2438//1 2270//1
f 2859//1 2612//1 2438//1
f 2612//1 2439//1 2438//1
f 2612//1 2695//1 2439//1
f 2695//1 2440//1 2439//1
f 2695//1 2696//1 2440//1
f 2696//1 2441//1 2440//1
f 2696//1 2697//1 2441//1
f 2697//1 2442//1 2441//1
f 2697//1 2613//1 2442//1
f 2613//1 2443//1 2442//1
f 2613//1 2614//1
f 2613//1 2614//1 2443//1
f 2614//1 2444//1 2443//1
f 2614//1 2698//1 2444//1
f 2698//1 2445//1 2444//1
f 2698//1 2615//1 2445//1
f 2615//253 2446//438 2445//367
f 2615//48 2699//485 2446//319
f 2699//485 2447//453 2446//319
f 2699//485 2616//452 2447//453
f 2616//452 2448//335 2447//453
f 2616//452 2700//490 2448//335
f 2700//490 2449//446 2448//335
f 2700//490 2617//485 2449//446
f 2617//485 2450//453 2449//446
f 2617//485 2701//452 2450//453
f 2701//452 2451//335 2450//453
f 2701//452 2618//490 2451//335
f 2618//490 2452//446 2451//335
f 2618//1 2619//1
f 2618//490 2619//485 2452//446
f 2619//485 2453//453 2452//446
f 2619//485 2702//506 2453//453
f 2702//506 2454//507 2453//453
f 2702//506 2904//508 2454//507
f 2904//508 2455//509 2454//507
f 2904//508 2620//510 2455//509
f 2620//510 2456//453 2455//509
f 2620//510 2703//452 2456//453
f 2703//452 2457//335 2456//453
f 2703//452 2621//490 2457//335
f 2621//490 2458//446 2457//335
f 2621//490 2738//485 2458//446
f 2738//485 2459//453 2458//446
f 2738//485 2704//511 2459//453
f 2704//511 2460//512 2459//453
f 2704//511 2893//513 2460//512
f 2893//514 2461//505 2460//505
f 2893//1 2622//1 2461//1
f 2622//1 2462//1 2461//1
f 2622//1 2623//1
f 2622//1 2623//1 2462//1
f 2623//1 2463//1 2462//1
f 2623//1 2624//1
f 2623//1 2624//1 2463//1
f 2624//1 2464//1 2463//1
f 2624//1 2625//1
f 2624//1 2625//1 2464//1
f 2625//1 2465//1 2464//1
f 2625//1 2626//1
f 2625//1 2626//1 2465//1
f 2626//1 2466//1 2465//1
f 2626//1 2627//1
f 2626//1 2627//1 2466//1
f 2627//1 2467//1 2466//1
f 2627//1 2628//1
f 2627//1 2628//1 2467//1
f 2628//1 2629//1
f 2628//1 2629//1 2467//1
f 2629//1 2468//1 2467//1
f 2629//1 2630//1
f 2629//1 2630//1 2468//1
f 2630//1 2469//1 2468//1
f 2630//1 2860//1 2469//1
f 2860//1 2470//1 2469//1
f 2860//1 2861//1 2470//1
f 2861//1 2471//1 2470//1
f 2861//1 2631//1 2471//1
f 2631//1 2472//1 2471//1
f 2631//1 2747//1 2472//1
f 2747//1 2473//1 2472//1
f 2747//1 2851//1 2473//1
f 2851//1 2474//1 2473//1
f 2851//1 2705//1 2474//1
f 2705//1 2475//1 2474//1
f 2705//1 2632//1 2475//1
f 2632//1 2476//1 2475//1
f 2632//1 2748//1 2476//1
f 2748//1 2477//1 2476//1
f 2748//1 2749//1 2477//1
f 2749//1 2478//1 2477//1
f 2749//1 2847//1 2478//1
f 2847//1 2479//1 2478//1
f 2847//1 2633//1 2479//1
f 2633//1 2480//1 2479//1
f 2633//1 2706//1 2480//1
f 2706//1 2481//1 2480//1
f 2706//1 2634//1 2481//1
f 2634//1 2482//1 2481//1
f 2634//1 2635//1
f 2634//1 2635//1 2482//1
f 2635//1 2483//1 2482//1
f 2635//1 2636//1
f 2635//1 2636//1 2483//1
f 2636//1 2484//1 2483//1
f 2636//1 2637//1
f 2636//1 2637//1 2484//1
f 2637//1 2485//1 2484//1
f 2637//1 2638//1
f 2637//1 2638//1 2485//1
f 2638//208 2486//208 2485//208
f 2638//63 2846//63 2486//63
f 2846//63 2487//63 2486//63
f 2846//63 2808//63 2487//63
f 2808//63 2488//63 2487//63
f 2808//63 2639//63 2488//63
f 2639//63 2489//63 2488//63
f 2639//1 2640//1
f 2639//63 2640//63 2489//63
f 2640//63 2490//63 2489//63
f 2640//1 2641//1
f 2640//63 2641//63 2490//63
f 2641//63 2491//63 2490//63
f 2641//63 2751//63 2491//63
f 2751//63 2492//63 2491//63
f 2751//63 2752//63 2492//63
f 2752//63 2493//63 2492//63
f 2752//63 2707//63 2493//63
f 2707//63 2494//63 2493//63
f 2707//63 2753//63 2494//63
f 2753//63 2495//63 2494//63
f 2753//63 2642//63 2495//63
f 2642//63 2496//63 2495//63
f 2642//63 2708//63 2496//63
f 2708//69 2931//268 2496//69
f 2931//268 2497//515 2496//69
f 2931//268 2643//516 2497//515
f 2643//516 2498//341 2497//515
f 2643//1 2644//1
f 2643//516 2644//474 2498//341
f 2644//474 2499//479 2498//341
f 2644//1 2645//1
f 2644//474 2645//307 2499//479
f 2645//307 2500//336 2499//479
f 2645//1 2646//1
f 2645//307 2646//498 2500//336
f 2646//498 2501//341 2500//336
f 2646//498 2754//486 2501//341
f 2754//486 2502//69 2501//341
f 2754//486 2903//293 2502//69
f 2903//293 2503//268 2502//69
f 2903//293 2647//517 2503//268
f 2647//299 2504//299 2503//299
f 2647//1 2940//1 2504//1
f 2940//1 2505//1 2504//1
f 2940//1 2648//1 2505//1
f 2648//1 2506//1 2505//1
f 2648//1 2709//1 2506//1
f 2709//1 2507//1 2506//1
f 2709//1 2937//1 2507//1
f 2937//1 2508//1 2507//1
f 2937//1 2649//1 2508//1
f 2649//1 2509//1 2508//1
f 2649//1 2650//1
f 2649//1 2650//1 2509//1
f 2650//1 2510//1 2509//1
f 2650//1 2651//1
f 2650//1 2651//1 2510//1
f 2651//1 2511//1 2510//1
f 2651//1 2652//1
f 2651//1 2652//1 2511//1
f 2652//63 2512//63 2511//63
f 2652//257 2710//498 2512//340
f 2710//498 2513//341 2512//340
f 2710//498 2653//474 2513//341
f 2653//474 2514//479 2513//341
f 2653//474 2711//307 2514//479
f 2711//307 2515//336 2514//479
f 2711//307 2654//498 2515//336
f 2654//498 2516//341 2515//336
f 2654//498 2755//486 2516//341
f 2755//486 2517//518 2516//341
f 2755//486 2949//519 2517//518
f 2949//519 2518//520 2517//518
f 2949//519 2712//521 2518//520
f 2712//521 2519//522 2518//520
f 2712//521 2928//474 2519//522
f 2928//474 2520//479 2519//522
f 2928//474 2713//89 2520//479
f 2713//89 2521//336 2520//479
f 2713//89 2655//498 2521//336
f 2655//498 2522//222 2521//336
f 2655//1 2656//1
f 2655//498 2656//266 2522//222
f 2656//72 2523//291 2522//292
f 2656//1 2657//1
f 2656//1 2657//1 2523//1
f 2657//1 2524//1 2523//1
f 2657//1 2658//1
f 2657//1 2658//1 2524//1
f 2658//1 2525//1 2524//1
f 2658//1 2756//1 2525//1
f 2756//1 2659//1 2525//1
f 2659//1 2526//1 2525//1
f 2659//1 2714//1 2526//1
f 2714//1 2527//1 2526//1
f 2714//1 2660//1 2527//1
f 2660//1 2528//1 2527//1
f 2660//1 2661//1
f 2660//1 2661//1 2528//1
f 2661//1 2529//1 2528//1
f 2661//1 2662//1
f 2661//1 2662//1 2529//1
f 2662//1 2530//1 2529//1
f 2662//1 2663//1
f 2662//1 2663//1 2530//1
f 2663//1 2531//1 2530//1
f 2663//1 2968//1 2531//1
f 2968//1 2532//1 2531//1
f 2968//1 2970//1 2532//1
f 2970//1 2533//1 2532//1
f 2970//1 2757//1 2533//1
f 2757//1 2534//1 2533//1
f 2757//1 2664//1 2534//1
f 2664//1 2535//1 2534//1
f 2664//1 2715//1 2535//1
f 2715//1 2536//1 2535//1
f 2715//1 2665//1 2536//1
f 2665//1 2537//1 2536//1
f 2665//1 2917//1 2537//1
f 2917//1 2538//1 2537//1
f 2917//1 2915//1 2538//1
f 2915//1 2539//1 2538//1
f 2915//1 2666//1 2539//1
f 2666//1 2540//1 2539//1
f 2666//1 2716//1 2540//1
f 2716//1 2541//1 2540//1
f 2716//1 2667//1 2541//1
f 2667//1 2542//1 2541//1
f 2667//1 2668//1
f 2667//1 2668//1 2542//1
f 2668//1 2543//1 2542//1
f 2668//1 2717//1 2543//1
f 2717//1 2544//1 2543//1
f 2717//1 2669//1 2544//1
f 2669//1 2545//1 2544//1
f 2669//1 2718//1 2545//1
f 2718//69 2546//255 2545//479
f 2718//92 2758//523 2546//408
f 2758//523 2547//524 2546//408
f 2758//523 2953//525 2547//524
f 2953//525 2548//526 2547//524
f 2953//525 2670//527 2548//526
f 2670//527 2549//358 2548//526
f 2670//527 2759//528 2549//358
f 2759//528 2550//524 2549//358
f 2759//528 2955//525 2550//524
f 2955//525 2551//526 2550//524
f 2955//525 2719//529 2551//526
f 2719//529 2552//530 2551//526
f 2719//529 2956//531 2552//530
f 2956//531 2553//532 2552//530
f 2956//531 2671//533 2553//532
f 2671//533 2554//354 2553//532
f 2671//1 2672//1
f 2671//533 2672//123 2554//354
f 2672//242 2720//242 2554//242
f 2720//242 2555//242 2554//242
f 2720//242 2673//242 2555//242
f 2673//242 2556//242 2555//242
f 2673//1 2674//1
f 2673//242 2674//534 2556//242
f 2674//534 2557//535 2556//242
f 2674//534 2929//536 2557//535
f 2929//536 2558//537 2557//535
f 2929//536 2721//538 2558//537
f 2721//538 2559//242 2558//537
f 2721//538 2675//534 2559//242
f 2675//534 2560//535 2559//242
f 2675//534 2922//539 2560//535
f 2922//539 2561//540 2560//535
f 2922//539 2925//541 2561//540
f 2925//541 2562//537 2561//540
f 2925//541 2722//536 2562//537
f 2722//536 2563//535 2562//537
f 2722//536 2902//536 2563//535
f 2902//536 2564//537 2563//535
f 2902//536 2723//536 2564//537
f 2723//536 2565//535 2564//537
f 2723//536 2919//536 2565//535
f 2919//536 2566//537 2565//535
f 2919//536 2676//538 2566//537
f 2676//538 2567//242 2566//537
f 2676//538 2724//242 2567//242
f 2724//330 2568//436 2567//330
f 2724//1 2725//1 2568//1
f 2725//1 2569//1 2568//1
f 2725//1 2677//1 2569//1
f 2677//1 2570//1 2569//1
f 2677//1 2678//1
f 2677//1 2678//1 2570//1
f 2678//1 2571//1 2570//1
f 2678//1 2679//1
f 2678//1 2679//1 2571//1
f 2679//1 2572//1 2571//1
f 2679//1 2680//1
f 2679//1 2680//1 2572//1
f 2680//1 2573//1 2572//1
f 2680//1 2729//1 2573//1
f 2729//1 2574//1 2573//1
f 2729//1 2726//1 2574//1
f 2726//1 2575//1 2574//1
f 2726//1 2681//1 2575//1
f 2681//1 2576//1 2575//1
f 2681//1 2682//1
f 2681//1 2682//1 2576//1
f 2682//1 2577//1 2576//1
f 2682//1 2683//1
f 2682//1 2683//1 2577//1
f 2683//1 2578//1 2577//1
f 2683//1 2684//1
f 2683//1 2684//1 2578//1
f 2684//1 2579//1 2578//1
f 2684//1 2892//1 2579//1
f 2892//1 2580//1 2579//1
f 2892//1 2891//1 2580//1
f 2891//1 2581//1 2580//1
f 2891//1 2685//1 2581//1
f 2685//1 2582//1 2581//1
f 2685//1 2890//1 2582//1
f 2890//1 2583//1 2582//1
f 2890//1 2686//1 2583//1
f 2686//1 2865//1 2583//1
f 2865//1 2584//1 2583//1
f 2865//1 2687//1 2584//1
f 2687//1 2585//1 2584//1
f 2687//1 2688//1
f 2687//1 2688//1 2585//1
f 2688//1 2586//1 2585//1
f 2688//1 2864//1 2586//1
f 2864//1 2587//1 2586//1
f 2864//1 2689//1 2587//1
f 2689//1 2588//1 2587//1
f 2689//1 2742//1 2588//1
f 2742//1 2589//1 2588//1
f 2742//1 2743//1 2589//1
f 2743//1 2590//1 2589//1
f 2743//1 2690//1 2590//1
f 2690//1 2591//1 2590//1
f 2690//1 2727//1 2591//1
f 2727//242 2592//242 2591//242
f 2727//542 2878//543 2592//544
f 2878//543 2593//545 2592//544
f 2878//543 2760//546 2593//545
f 2760//546 2594//547 2593//545
f 2760//546 2873//548 2594//547
f 2873//548 2595//546 2594//547
f 2873//548 2691//252 2595//546
f 2691//252 2596//396 2595//546
f 2691//252 2762//491 2596//396
f 2762//491 2597//464 2596//396
f 2762//491 2763//549 2597//464
f 2763//549 2598//550 2597//464
f 2763//549 2793//551 2598//550
f 2793//551 2599//545 2598//550
f 2793//551 2765//546 2599//545
f 2765//546 2600//547 2599//545
f 2765//546 2879//548 2600//547
f 2879//548 2601//546 2600//547
f 2879//548 2766//552 2601//546
f 2766//552 2602//111 2601//546
f 2766//552 2692//111 2602//111
f 2692//243 2603//243 2602//243
f 2692//1 2767//1 2603//1
f 2767//1 2604//1 2603//1
f 2767//1 2886//1 2604//1
f 2886//1 2605//1 2604//1
f 2886//1 2693//1 2605//1
f 2693//1 2606//1 2605//1
f 2693//1 2858//1 2606//1
f 2858//1 2607//1 2606//1
f 2858//1 2769//1 2607//1
f 2769//1 2608//1 2607//1
f 2769//1 2770//1 2608//1
f 2770//1 2609//1 2608//1
f 2770//1 2728//1 2609//1
f 2728//1 2610//1 2609//1
f 2728//1 2771//1 2610//1
f 2771//1 2611//1 2610//1
f 2771//1 2694//1 2611//1
f 2694//1 2438//1 2611//1
f 2694//1 2859//1 2438//1
f 2962//553 2965//554 2719//554 2955//553
f 2965//554 2964//555 2956//555 2719//554
f 2964//555 2963//556 2671//556 2956//555
f 2963//556 2829//557 2672//557 2671//556
f 2812//558 2813//559 2659//559 2756//558
f 2967//560 2831//561 2670//561 2953//560
f 2961//562 2967//560 2953//560 2758//562
f 2819//556 2961//562 2758//562 2718//556
f 2966//563 2819//556 2718//556 2669//563
f 2839//564 2959//565 2757//565 2970//564
f 2959//565 2960//566 2664//566 2757//565
f 2960//566 2971//567 2715//567 2664//566
f 2662//567 2958//567 2815//568 2663//568
f 2837//569 2818//555 2716//555 2666//569
f 2818//555 2969//570 2667//570 2716//555
f 2969//570 2835//571 2668//571 2667//570
f 2971//567 2817//572 2665//572 2715//567
f 2734//573 2657//573 2656//574 2952//574
f 2952//574 2656//574 2655//575 2932//575
f 2932//575 2655//575 2713//576 2735//576
f 2658//577 2657//573 2734//573 2733//577
f 2888//578 2766//578 2879//579 2872//579
f 2884//580 2691//580 2873//581 2880//581
f 2950//574 2928//574 2712//582 2933//582
f 2933//582 2712//582 2949//583 2934//583
f 2936//584 2653//584 2710//585 2810//585
f 2810//585 2710//585 2652//586 2736//586
f 2736//586 2652//586 2651//587 2809//587
f 2944//588 2937//588 2709//589 2739//589
f 2739//589 2709//589 2648//590 2945//590
f 2938//577 2754//577 2646//589 2741//589
f 2741//589 2646//589 2645//591 2939//591
f 2939//591 2645//591 2644//592 2943//592
f 2943//592 2644//592 2643//587 2744//587
f 2744//587 2643//587 2931//586 2942//586
f 2942//586 2931//586 2708//593 2941//593
f 2812//594 2756//594 2658//577 2733//577
f 2946//586 2903//586 2754//577 2938//577
f 2740//595 2647//595 2903//586 2946//586
f 2947//596 2940//596 2647//595 2740//595
f 2945//590 2648//590 2940//596 2947//596
f 2934//583 2949//583 2755//584 2811//584
f 2811//584 2755//584 2654//597 2935//597
f 2935//597 2654//597 2711//598 2951//598
f 2930//599 2927//600 2674//600 2673//599
f 2927//600 2821//601 2929//601 2674//600
f 2821//601 2790//602 2721//602 2929//601
f 2720//599 2827//599 2930//599 2673//599
f 2822//603 2789//604 2922//604 2675//603
f 2789//604 2788//602 2925//602 2922//604
f 2779//600 2895//605 2676//605 2919//600
f 2895//605 2777//599 2724//599 2676//605
f 2777//599 2924//599 2725//599 2724//599
f 2920//599 2773//606 2680//606 2679//599
f 2773//606 2921//602 2729//602 2680//606
f 2764//606 2761//600 2684//600 2683//606
f 2834//607 2762//607 2691//580 2884//580
f 2885//608 2763//608 2762//607 2834//607
f 2769//609 2858//610 2887//610 2840//609
f 2631//611 2795//611 2855//611 2747//611
f 2854//611 2802//611 2635//611 2634//611
f 2802//611 2853//611 2636//611 2635//611
f 2853//611 2848//611 2637//611 2636//611
f 2856//611 2800//611 2847//611 2749//611
f 2799//611 2856//611 2749//611 2748//611
f 2798//611 2799//611 2748//611 2632//611
f 2797//611 2798//611 2632//611 2705//611
f 2849//611 2852//611 2808//611 2846//611
f 2852//611 2804//611 2639//611 2808//611
f 2804//611 2850//611 2640//611 2639//611
f 2850//611 2805//611 2641//611 2640//611
f 2761//600 2825//612 2892//612 2684//600
f 2825//612 2730//601 2891//601 2892//612
f 2730//601 2731//600 2685//600 2891//601
f 2731//600 2732//600 2890//600 2685//600
f 2732//600 2745//613 2686//613 2890//600
f 2829//599 2827//599 2720//599 2672//599
f 2824//600 2764//606 2683//606 2682//600
f 2768//600 2824//600 2682//600 2681//600
f 2823//602 2768//600 2681//600 2726//602
f 2921//602 2823//602 2726//602 2729//602
f 2788//602 2786//600 2722//600 2925//602
f 2786//600 2785//600 2902//600 2722//600
f 2785//600 2926//600 2723//600 2902//600
f 2926//600 2779//600 2919//600 2723//600
f 2923//599 2920//599 2679//599 2678//599
f 2774//599 2923//599 2678//599 2677//599
f 2924//599 2774//599 2677//599 2725//599
f 2721//602 2790//602 2822//603 2675//603
f 2713//576 2928//574 2950//574 2735//576
f 2809//587 2651//587 2650//614 2737//614
f 2737//614 2650//614 2649//590 2948//590
f 2948//590 2649//590 2937//588 2944//588
f 2951//598 2711//598 2653//584 2936//584
f 2740//615 2946//615 2938//615 2741//615 2939//615 2943//615 2744//615 2942//615 2941//615 2843//615 2844//615 2845//615 2807//615 2806//615 2805//615 2850//615 2804//615 2852//615 2849//615 2803//615 2848//615 2853//615 2802//615 2854//615 2801//615 2750//615 2800//615 2856//615 2799//615 2798//615 2797//615 2796//615 2855//615 2795//615 2794//615 2857//615 2862//615 2792//615 2791//615 2908//615 2909//615 2910//615 2907//615 2906//615 2787//615 2912//615 2905//615 2913//615 2911//615 2784//615 2783//615 2914//615 2782//615 2781//615 2780//615 2894//615 2778//615 2916//615 2901//615 2900//615 2776//615 2899//615 2775//615 2898//615 2897//615 2918//615 2772//615 2896//615 2866//615 2842//615 2841//615 2889//615 2867//615 2840//615 2887//615 2868//615 2869//615 2870//615 2871//615 2888//615 2872//615 2746//615 2836//615 2885//615 2834//615 2884//615 2880//615 2832//615 2881//615 2883//615 2830//615 2882//615 2874//615 2828//615 2875//615 2877//615 2826//615 2876//615 2745//615 2732//615 2731//615 2730//615 2825//615 2761//615 2764//615 2824//615 2768//615 2823//615 2921//615 2773//615 2920//615 2923//615 2774//615 2924//615 2777//615 2895//615 2779//615 2926//615 2785//615 2786//615 2788//615 2789//615 2822//615 2790//615 2821//615 2927//615 2930//615 2827//615 2829//615 2963//615 2964//615 2965//615 2962//615 2820//615 2831//615 2967//615 2961//615 2819//615 2966//615 2833//615 2835//615 2969//615 2818//615 2837//615 2838//615 2954//615 2817//615 2971//615 2960//615 2959//615 2839//615 2816//615 2815//615 2958//615 2957//615 2814//615 2863//615 2813//615 2812//615 2733//615 2734//615 2952//615 2932//615 2735//615 2950//615 2933//615 2934//615 2811//615 2935//615 2951//615 2936//615 2810//615 2736//615 2809//615 2737//615 2948//615 2944//615 2739//615 2945//615 2947//615
f 2791//611 2792//611 2629//611 2628//611
f 2843//616 2941//617 2708//617 2642//616
f 2844//611 2843//616 2642//616 2753//611
f 2845//611 2844//611 2753//611 2707//611
f 2807//611 2845//611 2707//611 2752//611
f 2806//611 2807//611 2752//611 2751//611
f 2805//611 2806//611 2751//611 2641//611
f 2803//611 2849//611 2846//611 2638//611
f 2848//611 2803//611 2638//611 2637//611
f 2801//611 2854//611 2634//611 2706//611
f 2750//611 2801//611 2706//611 2633//611
f 2800//611 2750//611 2633//611 2847//611
f 2796//611 2797//611 2705//611 2851//611
f 2855//611 2796//611 2851//611 2747//611
f 2629//611 2792//611 2862//611 2630//611
f 2794//611 2795//611 2631//611 2861//611
f 2857//611 2794//611 2861//611 2860//611
f 2862//611 2857//611 2860//611 2630//611
f 2871//618 2692//618 2766//578 2888//578
f 2870//619 2767//619 2692//618 2871//618
f 2869//620 2886//620 2767//619 2870//619
f 2881//621 2878//621 2727//622 2883//622
f 2883//622 2727//622 2690//623 2830//623
f 2830//623 2690//623 2743//621 2882//621
f 2882//621 2743//621 2742//622 2874//622
f 2866//624 2859//624 2694//622 2842//622
f 2876//625 2865//625 2686//626 2745//626
f 2826//623 2687//623 2865//625 2876//625
f 2877//622 2688//622 2687//623 2826//623
f 2875//621 2864//621 2688//622 2877//622
f 2828//623 2689//623 2864//621 2875//621
f 2874//622 2742//622 2689//623 2828//623
f 2832//623 2760//623 2878//621 2881//621
f 2880//581 2873//581 2760//623 2832//623
f 2836//627 2793//627 2763//608 2885//608
f 2746//628 2765//628 2793//627 2836//627
f 2872//579 2879//579 2765//628 2746//628
f 2868//629 2693//629 2886//620 2869//620
f 2887//610 2858//610 2693//629 2868//629
f 2694//622 2771//625 2841//625 2842//622
f 2867//630 2770//630 2769//609 2840//609
f 2889//610 2728//610 2770//630 2867//630
f 2841//625 2771//625 2728//610 2889//610
f 2916//631 2778//632 2617//632 2700//631
f 2914//633 2783//634 2620//634 2904//633
f 2782//635 2914//633 2904//633 2702//635
f 2781//636 2782//635 2702//635 2619//636
f 2613//637 2898//637 2775//632 2614//632
f 2901//638 2916//631 2700//631 2616//638
f 2900//639 2901//638 2616//638 2699//639
f 2776//640 2900//639 2699//639 2615//640
f 2911//641 2913//632 2738//632 2621//641
f 2913//632 2905//642 2704//642 2738//632
f 2905//642 2912//640 2893//640 2704//642
f 2912//640 2787//643 2622//643 2893//640
f 2866//644 2896//645 2612//645 2859//644
f 2908//631 2791//646 2628//646 2627//631
f 2909//647 2908//631 2627//631 2626//647
f 2910//632 2909//647 2626//647 2625//632
f 2907//631 2910//632 2625//632 2624//631
f 2906//647 2907//631 2624//631 2623//647
f 2787//643 2906//647 2623//647 2622//643
f 2784//648 2911//641 2621//641 2703//648
f 2783//634 2784//648 2703//648 2620//634
f 2780//640 2781//636 2619//636 2618//640
f 2894//649 2780//640 2618//640 2701//649
f 2778//632 2894//649 2701//649 2617//632
f 2899//649 2776//640 2615//640 2698//649
f 2775//632 2899//649 2698//649 2614//632
f 2612//645 2896//645 2772//640 2695//640
f 2897//638 2898//637 2613//637 2697//638
f 2918//639 2897//638 2697//638 2696//639
f 2772//640 2918//639 2696//639 2695//640
f 2820//650 2962//553 2955//553 2759//650
f 2831//561 2820//650 2759//650 2670//561
f 2833//651 2966//563 2669//563 2717//651
f 2835//571 2833//651 2717//651 2668//571
f 2838//652 2837//569 2666//569 2915//652
f 2954//653 2838//652 2915//652 2917//653
f 2817//572 2954//653 2917//653 2665//572
f 2816//654 2839//564 2970//564 2968//654
f 2815//568 2816//654 2968//654 2663//568
f 2659//559 2813//559 2863//655 2714//655
f 2957//656 2958//567 2662//567 2661//656
f 2814//652 2957//656 2661//656 2660//652
f 2863//655 2814//652 2660//652 2714//655
