# Blender 4.5.5 LTS
# www.blender.org
o desert
v 0.000000 -0.510000 0.000000
v 0.000000 -0.510000 -0.100000
v 0.086603 -0.510000 -0.050000
v 0.086603 -0.510000 0.050000
v 0.000000 -0.510000 0.100000
v -0.086603 -0.510000 0.050000
v -0.086603 -0.510000 -0.050000
v 0.000000 -0.510000 -0.200000
v 0.086603 -0.510000 -0.150000
v 0.173205 -0.510000 -0.100000
v 0.173205 -0.510000 -0.000000
v 0.173205 -0.510000 0.100000
v 0.086603 -0.510000 0.150000
v 0.000000 -0.510000 0.200000
v -0.086603 -0.510000 0.150000
v -0.173205 -0.510000 0.100000
v -0.173205 -0.510000 0.000000
v -0.173205 -0.510000 -0.100000
v -0.086603 -0.510000 -0.150000
v 0.000000 -0.510000 -0.300000
v 0.086603 -0.510000 -0.250000
v 0.173205 -0.510000 -0.200000
v 0.259808 -0.510000 -0.150000
v 0.259808 -0.510000 -0.050000
v 0.259808 -0.510000 0.050000
v 0.259808 -0.510000 0.150000
v 0.173205 -0.510000 0.200000
v 0.086603 -0.510000 0.250000
v 0.000000 -0.510000 0.300000
v -0.086603 -0.510000 0.250000
v -0.173205 -0.510000 0.200000
v -0.259808 -0.510000 0.150000
v -0.259808 -0.510000 0.050000
v -0.259808 -0.510000 -0.050000
v -0.259808 -0.510000 -0.150000
v -0.173205 -0.510000 -0.200000
v -0.086603 -0.510000 -0.250000
v 0.000000 -0.510000 -0.400000
v 0.086603 -0.510000 -0.350000
v 0.173205 -0.510000 -0.300000
v 0.259808 -0.510000 -0.250000
v 0.346410 -0.510000 -0.200000
v 0.346410 -0.510000 -0.100000
v 0.346410 -0.510000 -0.000000
v 0.346410 -0.510000 0.100000
v 0.346410 -0.510000 0.200000
v 0.259808 0.000000 0.250000
v 0.173205 0.000000 0.300000
v 0.086603 0.000000 0.350000
v 0.000000 0.000000 0.400000
v -0.086603 -0.510000 0.350000
v -0.173205 -0.510000 0.300000
v -0.259808 -0.510000 0.250000
v -0.346410 -0.510000 0.200000
v -0.346410 -0.510000 0.100000
v -0.346410 -0.510000 0.000000
v -0.346410 -0.510000 -0.100000
v -0.346410 -0.510000 -0.200000
v -0.259808 -0.510000 -0.250000
v -0.173205 -0.510000 -0.300000
v -0.086603 -0.510000 -0.350000
v 0.000000 -0.510000 -0.500000
v 0.086603 -0.510000 -0.450000
v 0.173205 -0.510000 -0.400000
v 0.259808 -0.510000 -0.350000
v 0.346410 -0.510000 -0.300000
v 0.433013 -0.510000 -0.250000
v 0.433013 -0.510000 -0.150000
v 0.433013 -0.510000 -0.050000
v 0.433013 -0.510000 0.050000
v 0.433013 -0.510000 0.150000
v 0.433013 -0.510000 0.250000
v 0.346410 0.000000 0.300000
v 0.259808 0.000000 0.350000
v 0.173205 0.000000 0.400000
v 0.086603 0.000000 0.450000
v 0.000000 0.000000 0.500000
v -0.086603 0.000000 0.450000
v -0.173205 -0.510000 0.400000
v -0.259808 -0.510000 0.350000
v -0.346410 -0.510000 0.300000
v -0.433013 -0.510000 0.250000
v -0.433013 -0.510000 0.150000
v -0.433013 -0.510000 0.050000
v -0.433013 -0.510000 -0.050000
v -0.433013 0.000000 -0.150000
v -0.433013 -0.510000 -0.250000
v -0.346410 -0.510000 -0.300000
v -0.259808 -0.510000 -0.350000
v -0.173205 -0.510000 -0.400000
v -0.086603 -0.510000 -0.450000
v 0.000000 -0.510000 -0.600000
v 0.086603 -0.510000 -0.550000
v 0.173205 -0.510000 -0.500000
v 0.259808 -0.510000 -0.450000
v 0.346410 -0.510000 -0.400000
v 0.433013 -0.510000 -0.350000
v 0.519615 -0.510000 -0.300000
v 0.519615 -0.510000 -0.200000
v 0.519615 -0.510000 -0.100000
v 0.519615 -0.510000 -0.000000
v 0.519615 -0.510000 0.100000
v 0.519615 -0.510000 0.200000
v 0.519615 -0.510000 0.300000
v 0.433013 -0.510000 0.350000
v 0.346410 0.000000 0.400000
v 0.259808 0.000000 0.450000
v 0.173205 0.000000 0.500000
v 0.086603 0.000000 0.550000
v 0.000000 0.000000 0.600000
v -0.086603 0.000000 0.550000
v -0.173205 0.000000 0.500000
v -0.259808 -0.510000 0.450000
v -0.346410 -0.510000 0.400000
v -0.433013 -0.510000 0.350000
v -0.519615 -0.510000 0.300000
v -0.519615 -0.510000 0.200000
v -0.519615 -0.510000 0.100000
v -0.519615 -0.510000 0.000000
v -0.519615 -0.510000 -0.100000
v -0.519615 0.000000 -0.200000
v -0.519615 0.000000 -0.300000
v -0.433013 -0.510000 -0.350000
v -0.346410 -0.510000 -0.400000
v -0.259808 -0.510000 -0.450000
v -0.173205 -0.510000 -0.500000
v -0.086603 -0.510000 -0.550000
v 0.000000 -0.510000 -0.700000
v 0.086603 -0.510000 -0.650000
v 0.173205 0.000000 -0.600000
v 0.259808 0.000000 -0.550000
v 0.346410 -0.510000 -0.500000
v 0.433013 -0.510000 -0.450000
v 0.519615 -0.510000 -0.400000
v 0.606218 -0.510000 -0.350000
v 0.606218 -0.510000 -0.250000
v 0.606218 -0.510000 -0.150000
v 0.606218 -0.510000 -0.050000
v 0.606218 -0.510000 0.050000
v 0.606218 -0.510000 0.150000
v 0.606218 -0.510000 0.250000
v 0.606218 -0.510000 0.350000
v 0.519615 -0.510000 0.400000
v 0.433013 -0.510000 0.450000
v 0.346410 0.000000 0.500000
v 0.259808 0.000000 0.550000
v 0.173205 0.000000 0.600000
v 0.086603 0.000000 0.650000
v 0.000000 0.000000 0.700000
v -0.086603 0.000000 0.650000
v -0.173205 0.000000 0.600000
v -0.259808 0.000000 0.550000
v -0.346410 -0.510000 0.500000
v -0.433013 -0.510000 0.450000
v -0.519615 -0.510000 0.400000
v -0.606218 -0.510000 0.350000
v -0.606218 -0.510000 0.250000
v -0.606218 -0.510000 0.150000
v -0.606218 -0.510000 0.050000
v -0.606218 -0.510000 -0.050000
v -0.606218 -0.510000 -0.150000
v -0.606218 0.000000 -0.250000
v -0.606218 0.000000 -0.350000
v -0.519615 -0.510000 -0.400000
v -0.433013 -0.510000 -0.450000
v -0.346410 -0.510000 -0.500000
v -0.259808 -0.510000 -0.550000
v -0.173205 -0.510000 -0.600000
v -0.086603 -0.510000 -0.650000
v 0.000000 -0.510000 -0.800000
v 0.086603 0.000000 -0.750000
v 0.173205 0.000000 -0.700000
v 0.259808 0.000000 -0.650000
v 0.346410 0.000000 -0.600000
v 0.433013 -0.510000 -0.550000
v 0.519615 -0.510000 -0.500000
v 0.606218 -0.510000 -0.450000
v 0.692820 -0.510000 -0.400000
v 0.692820 -0.510000 -0.300000
v 0.692820 -0.510000 -0.200000
v 0.692820 -0.510000 -0.100000
v 0.692820 -0.510000 -0.000000
v 0.692820 -0.510000 0.100000
v 0.692820 -0.510000 0.200000
v 0.692820 -0.510000 0.300000
v 0.692820 -0.510000 0.400000
v 0.606218 -0.510000 0.450000
v 0.519615 -0.510000 0.500000
v 0.433013 -0.510000 0.550000
v 0.346410 -0.510000 0.600000
v 0.259808 -0.510000 0.650000
v 0.173205 0.000000 0.700000
v 0.086603 0.000000 0.750000
v 0.000000 0.000000 0.800000
v -0.086603 0.000000 0.750000
v -0.173205 0.000000 0.700000
v -0.259808 0.000000 0.650000
v -0.346410 0.000000 0.600000
v -0.433013 -0.510000 0.550000
v -0.519615 -0.510000 0.500000
v -0.606218 -0.510000 0.450000
v -0.692820 -0.510000 0.400000
v -0.692820 -0.510000 0.300000
v -0.692820 -0.510000 0.200000
v -0.692820 -0.510000 0.100000
v -0.692820 -0.510000 0.000000
v -0.692820 -0.510000 -0.100000
v -0.692820 -0.510000 -0.200000
v -0.692820 0.000000 -0.300000
v -0.692820 0.000000 -0.400000
v -0.606218 0.000000 -0.450000
v -0.519615 -0.510000 -0.500000
v -0.433013 -0.510000 -0.550000
v -0.346410 -0.510000 -0.600000
v -0.259808 -0.510000 -0.650000
v -0.173205 -0.510000 -0.700000
v -0.086603 -0.510000 -0.750000
v 0.000000 -0.510000 -0.900000
v 0.086603 0.000000 -0.850000
v 0.173205 0.000000 -0.800000
v 0.259808 0.000000 -0.750000
v 0.346410 0.000000 -0.700000
v 0.433013 -0.510000 -0.650000
v 0.519615 -0.510000 -0.600000
v 0.606218 -0.510000 -0.550000
v 0.692820 -0.510000 -0.500000
v 0.779423 -0.510000 -0.450000
v 0.779423 -0.510000 -0.350000
v 0.779423 -0.510000 -0.250000
v 0.779423 -0.510000 -0.150000
v 0.779423 -0.510000 -0.050000
v 0.779423 -0.510000 0.050000
v 0.779423 -0.510000 0.150000
v 0.779423 -0.510000 0.250000
v 0.779423 -0.510000 0.350000
v 0.779423 -0.510000 0.450000
v 0.692820 -0.510000 0.500000
v 0.606218 -0.510000 0.550000
v 0.519615 -0.510000 0.600000
v 0.433013 -0.510000 0.650000
v 0.346410 -0.510000 0.700000
v 0.259808 -0.510000 0.750000
v 0.173205 0.000000 0.800000
v 0.086603 0.000000 0.850000
v 0.000000 0.000000 0.900000
v -0.086603 0.000000 0.850000
v -0.173205 0.000000 0.800000
v -0.259808 0.000000 0.750000
v -0.346410 0.000000 0.700000
v -0.433013 0.000000 0.650000
v -0.519615 0.000000 0.600000
v -0.606218 0.000000 0.550000
v -0.692820 0.000000 0.500000
v -0.779423 0.000000 0.450000
v -0.779423 -0.510000 0.350000
v -0.779423 -0.510000 0.250000
v -0.779423 -0.510000 0.150000
v -0.779423 -0.510000 0.050000
v -0.779423 -0.510000 -0.050000
v -0.779423 -0.510000 -0.150000
v -0.779423 -0.510000 -0.250000
v -0.779423 0.000000 -0.350000
v -0.779423 0.000000 -0.450000
v -0.692820 0.000000 -0.500000
v -0.606218 0.000000 -0.550000
v -0.519615 -0.510000 -0.600000
v -0.433013 -0.510000 -0.650000
v -0.346410 -0.510000 -0.700000
v -0.259808 -0.510000 -0.750000
v -0.173205 -0.510000 -0.800000
v -0.086603 -0.510000 -0.850000
v 0.000000 0.000000 -1.000000
v 0.086603 0.000000 -0.950000
v 0.173205 0.000000 -0.900000
v 0.259808 0.000000 -0.850000
v 0.346410 0.000000 -0.800000
v 0.433013 -0.510000 -0.750000
v 0.519615 -0.510000 -0.700000
v 0.606218 -0.510000 -0.650000
v 0.692820 -0.510000 -0.600000
v 0.779423 -0.510000 -0.550000
v 0.866025 -0.510000 -0.500000
v 0.866025 -0.510000 -0.400000
v 0.866025 -0.510000 -0.300000
v 0.866025 -0.510000 -0.200000
v 0.866025 -0.510000 -0.100000
v 0.866025 -0.510000 -0.000000
v 0.866025 -0.510000 0.100000
v 0.866025 -0.510000 0.200000
v 0.866025 -0.510000 0.300000
v 0.866025 -0.510000 0.400000
v 0.866025 -0.510000 0.500000
v 0.779423 -0.510000 0.550000
v 0.692820 -0.510000 0.600000
v 0.606218 -0.510000 0.650000
v 0.519615 -0.510000 0.700000
v 0.433013 -0.510000 0.750000
v 0.346410 -0.510000 0.800000
v 0.259808 -0.510000 0.850000
v 0.173205 -0.510000 0.900000
v 0.086603 -0.510000 0.950000
v 0.000000 -0.510000 1.000000
v -0.086603 0.000000 0.950000
v -0.173205 0.000000 0.900000
v -0.259808 0.000000 0.850000
v -0.346410 0.000000 0.800000
v -0.433013 0.000000 0.750000
v -0.519615 0.000000 0.700000
v -0.606218 0.000000 0.650000
v -0.692820 0.000000 0.600000
v -0.779423 0.000000 0.550000
v -0.866025 0.000000 0.500000
v -0.866025 0.000000 0.400000
v -0.866025 -0.510000 0.300000
v -0.866025 -0.510000 0.200000
v -0.866025 -0.510000 0.100000
v -0.866025 -0.510000 0.000000
v -0.866025 -0.510000 -0.100000
v -0.866025 -0.510000 -0.200000
v -0.866025 -0.510000 -0.300000
v -0.866025 0.000000 -0.400000
v -0.866025 0.000000 -0.500000
v -0.779423 0.000000 -0.550000
v -0.692820 0.000000 -0.600000
v -0.606218 -0.510000 -0.650000
v -0.519615 -0.510000 -0.700000
v -0.433013 -0.510000 -0.750000
v -0.346410 -0.510000 -0.800000
v -0.259808 -0.510000 -0.850000
v -0.173205 -0.510000 -0.900000
v -0.086603 -0.510000 -0.950000
v 0.000000 0.000000 -1.100000
v 0.086603 0.000000 -1.050000
v 0.173205 0.000000 -1.000000
v 0.259808 0.000000 -0.950000
v 0.346410 0.000000 -0.900000
v 0.433013 -0.510000 -0.850000
v 0.519615 -0.510000 -0.800000
v 0.606218 -0.510000 -0.750000
v 0.692820 -0.510000 -0.700000
v 0.779423 -0.510000 -0.650000
v 0.866025 -0.510000 -0.600000
v 0.952628 -0.510000 -0.550000
v 0.952628 -0.510000 -0.450000
v 0.952628 -0.510000 -0.350000
v 0.952628 -0.510000 -0.250000
v 0.952628 -0.510000 -0.150000
v 0.952628 -0.510000 -0.050000
v 0.952628 -0.510000 0.050000
v 0.952628 -0.510000 0.150000
v 0.952628 -0.510000 0.250000
v 0.952628 -0.510000 0.350000
v 0.952628 -0.510000 0.450000
v 0.952628 -0.510000 0.550000
v 0.866025 -0.510000 0.600000
v 0.779423 -0.510000 0.650000
v 0.692820 -0.510000 0.700000
v 0.606218 -0.510000 0.750000
v 0.519615 -0.510000 0.800000
v 0.433013 -0.510000 0.850000
v 0.346410 -0.510000 0.900000
v 0.259808 -0.510000 0.950000
v 0.173205 -0.510000 1.000000
v 0.086603 -0.510000 1.050000
v 0.000000 -0.510000 1.100000
v -0.086603 -0.510000 1.050000
v -0.173205 0.000000 1.000000
v -0.259808 0.000000 0.950000
v -0.346410 0.000000 0.900000
v -0.433013 0.000000 0.850000
v -0.519615 0.000000 0.800000
v -0.606218 0.000000 0.750000
v -0.692820 0.000000 0.700000
v -0.779423 0.000000 0.650000
v -0.866025 0.000000 0.600000
v -0.952628 0.000000 0.550000
v -0.952628 0.000000 0.450000
v -0.952628 0.000000 0.350000
v -0.952628 -0.510000 0.250000
v -0.952628 -0.510000 0.150000
v -0.952628 -0.510000 0.050000
v -0.952628 -0.510000 -0.050000
v -0.952628 -0.510000 -0.150000
v -0.952628 -0.510000 -0.250000
v -0.952628 -0.510000 -0.350000
v -0.952628 0.000000 -0.450000
v -0.952628 0.000000 -0.550000
v -0.866025 0.000000 -0.600000
v -0.779423 0.000000 -0.650000
v -0.692820 -0.510000 -0.700000
v -0.606218 -0.510000 -0.750000
v -0.519615 -0.510000 -0.800000
v -0.433013 -0.510000 -0.850000
v -0.346410 -0.510000 -0.900000
v -0.259808 -0.510000 -0.950000
v -0.173205 -0.510000 -1.000000
v -0.086603 0.000000 -1.050000
v 0.000000 0.000000 -1.200000
v 0.086603 0.000000 -1.150000
v 0.173205 0.000000 -1.100000
v 0.259808 0.000000 -1.050000
v 0.346410 0.000000 -1.000000
v 0.433013 0.000000 -0.950000
v 0.519615 -0.510000 -0.900000
v 0.606218 -0.510000 -0.850000
v 0.692820 -0.510000 -0.800000
v 0.779423 -0.510000 -0.750000
v 0.866025 -0.510000 -0.700000
v 0.952628 -0.510000 -0.650000
v 1.039230 -0.510000 -0.600000
v 1.039230 0.000000 -0.500000
v 1.039230 0.000000 -0.400000
v 1.039230 0.000000 -0.300000
v 1.039230 -0.510000 -0.200000
v 1.039230 -0.510000 -0.100000
v 1.039230 -0.510000 -0.000000
v 1.039230 -0.510000 0.100000
v 1.039230 -0.510000 0.200000
v 1.039230 -0.510000 0.300000
v 1.039230 -0.510000 0.400000
v 1.039230 -0.510000 0.500000
v 1.039230 -0.510000 0.600000
v 0.952628 -0.510000 0.650000
v 0.866025 -0.510000 0.700000
v 0.779423 -0.510000 0.750000
v 0.692820 -0.510000 0.800000
v 0.606218 -0.510000 0.850000
v 0.519615 -0.510000 0.900000
v 0.433013 -0.510000 0.950000
v 0.346410 -0.510000 1.000000
v 0.259808 -0.510000 1.050000
v 0.173205 -0.510000 1.100000
v 0.086603 -0.510000 1.150000
v 0.000000 -0.510000 1.200000
v -0.086603 -0.510000 1.150000
v -0.173205 -0.510000 1.100000
v -0.259808 0.000000 1.050000
v -0.346410 0.000000 1.000000
v -0.433013 0.000000 0.950000
v -0.519615 0.000000 0.900000
v -0.606218 0.000000 0.850000
v -0.692820 0.000000 0.800000
v -0.779423 0.000000 0.750000
v -0.866025 0.000000 0.700000
v -0.952628 0.000000 0.650000
v -1.039230 0.000000 0.600000
v -1.039230 0.000000 0.500000
v -1.039230 0.000000 0.400000
v -1.039230 0.000000 0.300000
v -1.039230 -0.510000 0.200000
v -1.039230 -0.510000 0.100000
v -1.039230 -0.510000 0.000000
v -1.039230 -0.510000 -0.100000
v -1.039230 -0.510000 -0.200000
v -1.039230 -0.510000 -0.300000
v -1.039230 -0.510000 -0.400000
v -1.039230 0.000000 -0.500000
v -1.039230 0.000000 -0.600000
v -0.952628 0.000000 -0.650000
v -0.866025 0.000000 -0.700000
v -0.779423 -0.510000 -0.750000
v -0.692820 -0.510000 -0.800000
v -0.606218 -0.510000 -0.850000
v -0.519615 -0.510000 -0.900000
v -0.433013 -0.510000 -0.950000
v -0.346410 -0.510000 -1.000000
v -0.259808 -0.510000 -1.050000
v -0.173205 0.000000 -1.100000
v -0.086603 0.000000 -1.150000
v 0.000000 0.000000 -1.300000
v 0.086603 0.000000 -1.250000
v 0.173205 0.000000 -1.200000
v 0.259808 0.000000 -1.150000
v 0.346410 0.000000 -1.100000
v 0.433013 0.000000 -1.050000
v 0.519615 0.000000 -1.000000
v 0.606218 -0.510000 -0.950000
v 0.692820 -0.510000 -0.900000
v 0.779423 -0.510000 -0.850000
v 0.866025 -0.510000 -0.800000
v 0.952628 -0.510000 -0.750000
v 1.039230 -0.510000 -0.700000
v 1.125833 -0.510000 -0.650000
v 1.125833 0.000000 -0.550000
v 1.125833 0.000000 -0.450000
v 1.125833 0.000000 -0.350000
v 1.125833 -0.510000 -0.250000
v 1.125833 -0.510000 -0.150000
v 1.125833 -0.510000 -0.050000
v 1.125833 -0.510000 0.050000
v 1.125833 -0.510000 0.150000
v 1.125833 -0.510000 0.250000
v 1.125833 -0.510000 0.350000
v 1.125833 -0.510000 0.450000
v 1.125833 -0.510000 0.550000
v 1.125833 -0.510000 0.650000
v 1.039230 -0.510000 0.700000
v 0.952628 -0.510000 0.750000
v 0.866025 -0.510000 0.800000
v 0.779423 -0.510000 0.850000
v 0.692820 -0.510000 0.900000
v 0.606218 -0.510000 0.950000
v 0.519615 -0.510000 1.000000
v 0.433013 -0.510000 1.050000
v 0.346410 -0.510000 1.100000
v 0.259808 -0.510000 1.150000
v 0.173205 -0.510000 1.200000
v 0.086603 -0.510000 1.250000
v 0.000000 -0.510000 1.300000
v -0.086603 -0.510000 1.250000
v -0.173205 -0.510000 1.200000
v -0.259808 0.000000 1.150000
v -0.346410 0.000000 1.100000
v -0.433013 0.000000 1.050000
v -0.519615 0.000000 1.000000
v -0.606218 0.000000 0.950000
v -0.692820 0.000000 0.900000
v -0.779423 0.000000 0.850000
v -0.866025 0.000000 0.800000
v -0.952628 0.000000 0.750000
v -1.039230 0.000000 0.700000
v -1.125833 0.000000 0.650000
v -1.125833 0.000000 0.550000
v -1.125833 0.000000 0.450000
v -1.125833 0.000000 0.350000
v -1.125833 -0.510000 0.250000
v -1.125833 -0.510000 0.150000
v -1.125833 -0.510000 0.050000
v -1.125833 -0.510000 -0.050000
v -1.125833 -0.510000 -0.150000
v -1.125833 -0.510000 -0.250000
v -1.125833 -0.510000 -0.350000
v -1.125833 0.000000 -0.450000
v -1.125833 0.000000 -0.550000
v -1.125833 0.000000 -0.650000
v -1.039230 0.000000 -0.700000
v -0.952628 0.000000 -0.750000
v -0.866025 0.000000 -0.800000
v -0.779423 -0.510000 -0.850000
v -0.692820 -0.510000 -0.900000
v -0.606218 -0.510000 -0.950000
v -0.519615 -0.510000 -1.000000
v -0.433013 -0.510000 -1.050000
v -0.346410 -0.510000 -1.100000
v -0.259808 -0.510000 -1.150000
v -0.173205 0.000000 -1.200000
v -0.086603 0.000000 -1.250000
v 0.000000 0.000000 -1.400000
v 0.086603 0.000000 -1.350000
v 0.173205 0.000000 -1.300000
v 0.259808 0.000000 -1.250000
v 0.346410 0.000000 -1.200000
v 0.433013 0.000000 -1.150000
v 0.519615 0.000000 -1.100000
v 0.606218 0.000000 -1.050000
v 0.692820 -0.510000 -1.000000
v 0.779423 -0.510000 -0.950000
v 0.866025 -0.510000 -0.900000
v 0.952628 -0.510000 -0.850000
v 1.039230 -0.510000 -0.800000
v 1.125833 -0.510000 -0.750000
v 1.212436 -0.510000 -0.700000
v 1.212436 0.000000 -0.600000
v 1.212436 0.000000 -0.500000
v 1.212436 0.000000 -0.400000
v 1.212436 0.000000 -0.300000
v 1.212436 -0.510000 -0.200000
v 1.212436 -0.510000 -0.100000
v 1.212436 -0.510000 -0.000000
v 1.212436 -0.510000 0.100000
v 1.212436 -0.510000 0.200000
v 1.212436 -0.510000 0.300000
v 1.212436 -0.510000 0.400000
v 1.212436 -0.510000 0.500000
v 1.212436 -0.510000 0.600000
v 1.212436 -0.510000 0.700000
v 1.125833 -0.510000 0.750000
v 1.039230 -0.510000 0.800000
v 0.952628 -0.510000 0.850000
v 0.866025 -0.510000 0.900000
v 0.779423 -0.510000 0.950000
v 0.692820 -0.510000 1.000000
v 0.606218 -0.510000 1.050000
v 0.519615 -0.510000 1.100000
v 0.433013 -0.510000 1.150000
v 0.346410 -0.510000 1.200000
v 0.259808 -0.510000 1.250000
v 0.173205 -0.510000 1.300000
v 0.086603 -0.510000 1.350000
v 0.000000 -0.510000 1.400000
v -0.086603 -0.510000 1.350000
v -0.173205 -0.510000 1.300000
v -0.259808 0.000000 1.250000
v -0.346410 0.000000 1.200000
v -0.433013 0.000000 1.150000
v -0.519615 0.000000 1.100000
v -0.606218 0.000000 1.050000
v -0.692820 0.000000 1.000000
v -0.779423 0.000000 0.950000
v -0.866025 0.000000 0.900000
v -0.952628 0.000000 0.850000
v -1.039230 0.000000 0.800000
v -1.125833 0.000000 0.750000
v -1.212436 0.000000 0.700000
v -1.212436 0.000000 0.600000
v -1.212436 0.000000 0.500000
v -1.212436 0.000000 0.400000
v -1.212436 0.000000 0.300000
v -1.212436 -0.510000 0.200000
v -1.212436 -0.510000 0.100000
v -1.212436 -0.510000 0.000000
v -1.212436 -0.510000 -0.100000
v -1.212436 -0.510000 -0.200000
v -1.212436 -0.510000 -0.300000
v -1.212436 -0.510000 -0.400000
v -1.212436 0.000000 -0.500000
v -1.212436 0.000000 -0.600000
v -1.212436 0.000000 -0.700000
v -1.125833 0.000000 -0.750000
v -1.039230 0.000000 -0.800000
v -0.952628 0.000000 -0.850000
v -0.866025 0.000000 -0.900000
v -0.779423 -0.510000 -0.950000
v -0.692820 -0.510000 -1.000000
v -0.606218 -0.510000 -1.050000
v -0.519615 -0.510000 -1.100000
v -0.433013 -0.510000 -1.150000
v -0.346410 -0.510000 -1.200000
v -0.259808 -0.510000 -1.250000
v -0.173205 0.000000 -1.300000
v -0.086603 0.000000 -1.350000
v 0.000000 0.000000 -1.500000
v 0.086603 0.000000 -1.450000
v 0.173205 0.000000 -1.400000
v 0.259808 0.000000 -1.350000
v 0.346410 0.000000 -1.300000
v 0.433013 0.000000 -1.250000
v 0.519615 0.000000 -1.200000
v 0.606218 0.000000 -1.150000
v 0.692820 -0.505750 -1.100000
v 0.779423 -0.505750 -1.050000
v 0.866025 -0.505750 -1.000000
v 0.952628 -0.505750 -0.950000
v 1.039230 -0.505750 -0.900000
v 1.125833 -0.505750 -0.850000
v 1.212436 -0.505750 -0.800000
v 1.299038 0.000000 -0.750000
v 1.299038 0.000000 -0.650000
v 1.299038 0.000000 -0.550000
v 1.299038 0.000000 -0.450000
v 1.299038 0.000000 -0.350000
v 1.299038 -0.505750 -0.250000
v 1.299038 -0.505750 -0.150000
v 1.299038 -0.505750 -0.050000
v 1.299038 -0.505750 0.050000
v 1.299038 -0.505750 0.150000
v 1.299038 -0.505750 0.250000
v 1.299038 -0.505750 0.350000
v 1.299038 -0.505750 0.450000
v 1.299038 -0.505750 0.550000
v 1.299038 -0.505750 0.650000
v 1.299038 -0.505750 0.750000
v 1.212436 -0.505750 0.800000
v 1.125833 -0.505750 0.850000
v 1.039230 -0.505750 0.900000
v 0.952628 0.000000 0.950000
v 0.866025 0.000000 1.000000
v 0.779423 -0.505750 1.050000
v 0.692820 -0.505750 1.100000
v 0.606218 -0.505750 1.150000
v 0.519615 -0.505750 1.200000
v 0.433013 -0.505750 1.250000
v 0.346410 -0.505750 1.300000
v 0.259808 -0.505750 1.350000
v 0.173205 -0.505750 1.400000
v 0.086603 -0.505750 1.450000
v 0.000000 -0.505750 1.500000
v -0.086603 -0.505750 1.450000
v -0.173205 -0.505750 1.400000
v -0.259808 0.000000 1.350000
v -0.346410 0.000000 1.300000
v -0.433013 0.000000 1.250000
v -0.519615 0.000000 1.200000
v -0.606218 0.000000 1.150000
v -0.692820 0.000000 1.100000
v -0.779423 0.000000 1.050000
v -0.866025 0.000000 1.000000
v -0.952628 0.000000 0.950000
v -1.039230 0.000000 0.900000
v -1.125833 0.000000 0.850000
v -1.212436 0.000000 0.800000
v -1.299038 0.000000 0.750000
v -1.299038 0.000000 0.650000
v -1.299038 0.000000 0.550000
v -1.299038 0.000000 0.450000
v -1.299038 0.000000 0.350000
v -1.299038 -0.505750 0.250000
v -1.299038 -0.505750 0.150000
v -1.299038 -0.505750 0.050000
v -1.299038 -0.505750 -0.050000
v -1.299038 -0.505750 -0.150000
v -1.299038 -0.505750 -0.250000
v -1.299038 -0.505750 -0.350000
v -1.299038 0.000000 -0.450000
v -1.299038 0.000000 -0.550000
v -1.299038 0.000000 -0.650000
v -1.299038 0.000000 -0.750000
v -1.212436 0.000000 -0.800000
v -1.125833 0.000000 -0.850000
v -1.039230 0.000000 -0.900000
v -0.952628 0.000000 -0.950000
v -0.866025 -0.505750 -1.000000
v -0.779423 -0.505750 -1.050000
v -0.692820 -0.505750 -1.100000
v -0.606218 -0.505750 -1.150000
v -0.519615 -0.505750 -1.200000
v -0.433013 -0.505750 -1.250000
v -0.346410 -0.505750 -1.300000
v -0.259808 0.000000 -1.350000
v -0.173205 0.000000 -1.400000
v -0.086603 0.000000 -1.450000
v 0.000000 0.000000 -1.600000
v 0.086603 0.000000 -1.550000
v 0.173205 0.000000 -1.500000
v 0.259808 0.000000 -1.450000
v 0.346410 0.000000 -1.400000
v 0.433013 0.000000 -1.350000
v 0.519615 0.000000 -1.300000
v 0.606218 0.000000 -1.250000
v 0.692820 -0.491111 -1.200000
v 0.779423 -0.491111 -1.150000
v 0.866025 -0.491111 -1.100000
v 0.952628 -0.491111 -1.050000
v 1.039230 -0.491111 -1.000000
v 1.125833 -0.491111 -0.950000
v 1.212436 -0.491111 -0.900000
v 1.299038 0.000000 -0.850000
v 1.385641 0.000000 -0.800000
v 1.385641 0.000000 -0.700000
v 1.385641 0.000000 -0.600000
v 1.385641 0.000000 -0.500000
v 1.385641 0.000000 -0.400000
v 1.385641 -0.491111 -0.300000
v 1.385641 -0.491111 -0.200000
v 1.385641 -0.491111 -0.100000
v 1.385641 -0.491111 -0.000000
v 1.385641 -0.491111 0.100000
v 1.385641 -0.491111 0.200000
v 1.385641 -0.491111 0.300000
v 1.385641 0.000000 0.400000
v 1.385641 -0.491111 0.500000
v 1.385641 -0.491111 0.600000
v 1.385641 -0.491111 0.700000
v 1.385641 -0.491111 0.800000
v 1.299038 -0.491111 0.850000
v 1.212436 -0.491111 0.900000
v 1.125833 -0.491111 0.950000
v 1.039230 -0.491111 1.000000
v 0.952628 0.000000 1.050000
v 0.866025 0.000000 1.100000
v 0.779423 -0.491111 1.150000
v 0.692820 -0.491111 1.200000
v 0.606218 -0.491111 1.250000
v 0.519615 -0.491111 1.300000
v 0.433013 -0.491111 1.350000
v 0.346410 -0.491111 1.400000
v 0.259808 -0.491111 1.450000
v 0.173205 -0.491111 1.500000
v 0.086603 -0.491111 1.550000
v 0.000000 -0.491111 1.600000
v -0.086603 -0.491111 1.550000
v -0.173205 -0.491111 1.500000
v -0.259808 0.000000 1.450000
v -0.346410 0.000000 1.400000
v -0.433013 0.000000 1.350000
v -0.519615 0.000000 1.300000
v -0.606218 0.000000 1.250000
v -0.692820 0.000000 1.200000
v -0.779423 0.000000 1.150000
v -0.866025 0.000000 1.100000
v -0.952628 0.000000 1.050000
v -1.039230 0.000000 1.000000
v -1.125833 0.000000 0.950000
v -1.212436 0.000000 0.900000
v -1.299038 0.000000 0.850000
v -1.385641 0.000000 0.800000
v -1.385641 0.000000 0.700000
v -1.385641 0.000000 0.600000
v -1.385641 0.000000 0.500000
v -1.385641 0.000000 0.400000
v -1.385641 0.000000 0.300000
v -1.385641 -0.491111 0.200000
v -1.385641 -0.491111 0.100000
v -1.385641 -0.491111 0.000000
v -1.385641 -0.491111 -0.100000
v -1.385641 -0.491111 -0.200000
v -1.385641 -0.491111 -0.300000
v -1.385641 -0.491111 -0.400000
v -1.385641 0.000000 -0.500000
v -1.385641 0.000000 -0.600000
v -1.385641 0.000000 -0.700000
v -1.385641 0.000000 -0.800000
v -1.299038 0.000000 -0.850000
v -1.212436 0.000000 -0.900000
v -1.125833 0.000000 -0.950000
v -1.039230 0.000000 -1.000000
v -0.952628 0.000000 -1.050000
v -0.866025 -0.491111 -1.100000
v -0.779423 -0.491111 -1.150000
v -0.692820 -0.491111 -1.200000
v -0.606218 -0.491111 -1.250000
v -0.519615 -0.491111 -1.300000
v -0.433013 -0.491111 -1.350000
v -0.346410 -0.491111 -1.400000
v -0.259808 0.000000 -1.450000
v -0.173205 0.000000 -1.500000
v -0.086603 0.000000 -1.550000
v 0.000000 0.000000 -1.700000
v 0.086603 0.000000 -1.650000
v 0.173205 0.000000 -1.600000
v 0.259808 0.000000 -1.550000
v 0.346410 0.000000 -1.500000
v 0.433013 0.000000 -1.450000
v 0.519615 0.000000 -1.400000
v 0.606218 0.000000 -1.350000
v 0.692820 0.000000 -1.300000
v 0.779423 -0.475528 -1.250000
v 0.866025 -0.475528 -1.200000
v 0.952628 -0.475528 -1.150000
v 1.039230 -0.475528 -1.100000
v 1.125833 -0.475528 -1.050000
v 1.212436 -0.475528 -1.000000
v 1.299038 -0.475528 -0.950000
v 1.385641 0.000000 -0.900000
v 1.472243 0.000000 -0.850000
v 1.472243 0.000000 -0.750000
v 1.472243 0.000000 -0.650000
v 1.472243 0.000000 -0.550000
v 1.472243 0.000000 -0.450000
v 1.472243 -0.475528 -0.350000
v 1.472243 -0.475528 -0.250000
v 1.472243 -0.475528 -0.150000
v 1.472243 -0.475528 -0.050000
v 1.472243 -0.475528 0.050000
v 1.472243 -0.475528 0.150000
v 1.472243 -0.475528 0.250000
v 1.472243 0.000000 0.350000
v 1.472243 0.000000 0.450000
v 1.472243 -0.475528 0.550000
v 1.472243 -0.475528 0.650000
v 1.472243 -0.475528 0.750000
v 1.472243 -0.475528 0.850000
v 1.385641 -0.475528 0.900000
v 1.299038 -0.475528 0.950000
v 1.212436 -0.475528 1.000000
v 1.125833 -0.475528 1.050000
v 1.039230 -0.475528 1.100000
v 0.952628 0.000000 1.150000
v 0.866025 0.000000 1.200000
v 0.779423 0.000000 1.250000
v 0.692820 0.000000 1.300000
v 0.606218 0.000000 1.350000
v 0.519615 0.000000 1.400000
v 0.433013 0.000000 1.450000
v 0.346410 -0.475528 1.500000
v 0.259808 -0.475528 1.550000
v 0.173205 -0.475528 1.600000
v 0.086603 -0.475528 1.650000
v 0.000000 -0.475528 1.700000
v -0.086603 -0.475528 1.650000
v -0.173205 -0.475528 1.600000
v -0.259808 -0.475528 1.550000
v -0.346410 0.000000 1.500000
v -0.433013 0.000000 1.450000
v -0.519615 0.000000 1.400000
v -0.606218 0.000000 1.350000
v -0.692820 0.000000 1.300000
v -0.779423 0.000000 1.250000
v -0.866025 0.000000 1.200000
v -0.952628 0.000000 1.150000
v -1.039230 0.000000 1.100000
v -1.125833 0.000000 1.050000
v -1.212436 0.000000 1.000000
v -1.299038 0.000000 0.950000
v -1.385641 0.000000 0.900000
v -1.472243 0.000000 0.850000
v -1.472243 0.000000 0.750000
v -1.472243 0.000000 0.650000
v -1.472243 0.000000 0.550000
v -1.472243 0.000000 0.450000
v -1.472243 0.000000 0.350000
v -1.472243 0.000000 0.250000
v -1.472243 -0.475528 0.150000
v -1.472243 -0.475528 0.050000
v -1.472243 -0.475528 -0.050000
v -1.472243 -0.475528 -0.150000
v -1.472243 -0.475528 -0.250000
v -1.472243 -0.475528 -0.350000
v -1.472243 -0.475528 -0.450000
v -1.472243 0.000000 -0.550000
v -1.472243 0.000000 -0.650000
v -1.472243 0.000000 -0.750000
v -1.472243 0.000000 -0.850000
v -1.385641 0.000000 -0.900000
v -1.299038 0.000000 -0.950000
v -1.212436 0.000000 -1.000000
v -1.125833 0.000000 -1.050000
v -1.039230 0.000000 -1.100000
v -0.952628 0.000000 -1.150000
v -0.866025 -0.475528 -1.200000
v -0.779423 -0.475528 -1.250000
v -0.692820 -0.475528 -1.300000
v -0.606218 -0.475528 -1.350000
v -0.519615 -0.475528 -1.400000
v -0.433013 -0.475528 -1.450000
v -0.346410 -0.475528 -1.500000
v -0.259808 0.000000 -1.550000
v -0.173205 0.000000 -1.600000
v -0.086603 0.000000 -1.650000
v 0.000000 0.000000 -1.800000
v 0.086603 0.000000 -1.750000
v 0.173205 0.000000 -1.700000
v 0.259808 0.000000 -1.650000
v 0.346410 0.000000 -1.600000
v 0.433013 0.000000 -1.550000
v 0.519615 0.000000 -1.500000
v 0.606218 0.000000 -1.450000
v 0.692820 0.000000 -1.400000
v 0.779423 0.000000 -1.350000
v 0.866025 -0.459000 -1.300000
v 0.952628 -0.459000 -1.250000
v 1.039230 -0.459000 -1.200000
v 1.125833 -0.459000 -1.150000
v 1.212436 -0.459000 -1.100000
v 1.299038 -0.459000 -1.050000
v 1.385641 -0.459000 -1.000000
v 1.472243 0.000000 -0.950000
v 1.558846 0.000000 -0.900000
v 1.558846 0.000000 -0.800000
v 1.558846 0.000000 -0.700000
v 1.558846 0.000000 -0.600000
v 1.558846 0.000000 -0.500000
v 1.558846 -0.459000 -0.400000
v 1.558846 -0.459000 -0.300000
v 1.558846 -0.459000 -0.200000
v 1.558846 -0.459000 -0.100000
v 1.558846 -0.459000 -0.000000
v 1.558846 -0.459000 0.100000
v 1.558846 -0.459000 0.200000
v 1.558846 0.000000 0.300000
v 1.558846 0.000000 0.400000
v 1.558846 0.000000 0.500000
v 1.558846 -0.459000 0.600000
v 1.558846 -0.459000 0.700000
v 1.558846 -0.459000 0.800000
v 1.558846 -0.459000 0.900000
v 1.472243 -0.459000 0.950000
v 1.385641 -0.459000 1.000000
v 1.299038 -0.459000 1.050000
v 1.212436 -0.459000 1.100000
v 1.125833 -0.459000 1.150000
v 1.039230 0.000000 1.200000
v 0.952628 0.000000 1.250000
v 0.866025 0.000000 1.300000
v 0.779423 0.000000 1.350000
v 0.692820 0.000000 1.400000
v 0.606218 0.000000 1.450000
v 0.519615 0.000000 1.500000
v 0.433013 0.000000 1.550000
v 0.346410 -0.459000 1.600000
v 0.259808 -0.459000 1.650000
v 0.173205 -0.459000 1.700000
v 0.086603 -0.459000 1.750000
v 0.000000 -0.459000 1.800000
v -0.086603 -0.459000 1.750000
v -0.173205 -0.459000 1.700000
v -0.259808 -0.459000 1.650000
v -0.346410 -0.459000 1.600000
v -0.433013 0.000000 1.550000
v -0.519615 0.000000 1.500000
v -0.606218 0.000000 1.450000
v -0.692820 0.000000 1.400000
v -0.779423 0.000000 1.350000
v -0.866025 0.000000 1.300000
v -0.952628 0.000000 1.250000
v -1.039230 0.000000 1.200000
v -1.125833 0.000000 1.150000
v -1.212436 0.000000 1.100000
v -1.299038 0.000000 1.050000
v -1.385641 0.000000 1.000000
v -1.472243 0.000000 0.950000
v -1.558846 0.000000 0.900000
v -1.558846 0.000000 0.800000
v -1.558846 0.000000 0.700000
v -1.558846 0.000000 0.600000
v -1.558846 0.000000 0.500000
v -1.558846 0.000000 0.400000
v -1.558846 0.000000 0.300000
v -1.558846 0.000000 0.200000
v -1.558846 -0.459000 0.100000
v -1.558846 -0.459000 0.000000
v -1.558846 -0.459000 -0.100000
v -1.558846 -0.459000 -0.200000
v -1.558846 -0.459000 -0.300000
v -1.558846 -0.459000 -0.400000
v -1.558846 -0.459000 -0.500000
v -1.558846 0.000000 -0.600000
v -1.558846 0.000000 -0.700000
v -1.558846 0.000000 -0.800000
v -1.558846 0.000000 -0.900000
v -1.472243 0.000000 -0.950000
v -1.385641 0.000000 -1.000000
v -1.299038 0.000000 -1.050000
v -1.212436 0.000000 -1.100000
v -1.125833 0.000000 -1.150000
v -1.039230 0.000000 -1.200000
v -0.952628 0.000000 -1.250000
v -0.866025 -0.459000 -1.300000
v -0.779423 -0.459000 -1.350000
v -0.692820 -0.459000 -1.400000
v -0.606218 -0.459000 -1.450000
v -0.519615 -0.459000 -1.500000
v -0.433013 -0.459000 -1.550000
v -0.346410 -0.459000 -1.600000
v -0.259808 0.000000 -1.650000
v -0.173205 0.000000 -1.700000
v -0.086603 0.000000 -1.750000
v 0.000000 0.000000 -1.900000
v 0.086603 0.000000 -1.850000
v 0.173205 0.000000 -1.800000
v 0.259808 0.000000 -1.750000
v 0.346410 0.000000 -1.700000
v 0.433013 0.000000 -1.650000
v 0.519615 0.000000 -1.600000
v 0.606218 0.000000 -1.550000
v 0.692820 0.000000 -1.500000
v 0.779423 0.000000 -1.450000
v 0.866025 0.000000 -1.400000
v 0.952628 -0.441528 -1.350000
v 1.039230 -0.441528 -1.300000
v 1.125833 -0.441528 -1.250000
v 1.212436 -0.441528 -1.200000
v 1.299038 -0.441528 -1.150000
v 1.385641 -0.441528 -1.100000
v 1.472243 -0.441528 -1.050000
v 1.558846 0.000000 -1.000000
v 1.645448 0.000000 -0.950000
v 1.645448 0.000000 -0.850000
v 1.645448 0.000000 -0.750000
v 1.645448 0.000000 -0.650000
v 1.645448 0.000000 -0.550000
v 1.645448 0.000000 -0.450000
v 1.645448 -0.441528 -0.350000
v 1.645448 -0.441528 -0.250000
v 1.645448 -0.441528 -0.150000
v 1.645448 -0.441528 -0.050000
v 1.645448 -0.441528 0.050000
v 1.645448 -0.441528 0.150000
v 1.645448 -0.441528 0.250000
v 1.645448 0.000000 0.350000
v 1.645448 0.000000 0.450000
v 1.645448 0.000000 0.550000
v 1.645448 0.000000 0.650000
v 1.645448 0.000000 0.750000
v 1.645448 -0.441528 0.850000
v 1.645448 -0.441528 0.950000
v 1.558846 -0.441528 1.000000
v 1.472243 -0.441528 1.050000
v 1.385641 -0.441528 1.100000
v 1.299038 -0.441528 1.150000
v 1.212436 -0.441528 1.200000
v 1.125833 -0.441528 1.250000
v 1.039230 0.000000 1.300000
v 0.952628 0.000000 1.350000
v 0.866025 0.000000 1.400000
v 0.779423 0.000000 1.450000
v 0.692820 0.000000 1.500000
v 0.606218 0.000000 1.550000
v 0.519615 0.000000 1.600000
v 0.433013 0.000000 1.650000
v 0.346410 -0.441528 1.700000
v 0.259808 -0.441528 1.750000
v 0.173205 -0.441528 1.800000
v 0.086603 -0.441528 1.850000
v 0.000000 -0.441528 1.900000
v -0.086603 -0.441528 1.850000
v -0.173205 -0.441528 1.800000
v -0.259808 -0.441528 1.750000
v -0.346410 -0.441528 1.700000
v -0.433013 0.000000 1.650000
v -0.519615 0.000000 1.600000
v -0.606218 0.000000 1.550000
v -0.692820 0.000000 1.500000
v -0.779423 0.000000 1.450000
v -0.866025 0.000000 1.400000
v -0.952628 0.000000 1.350000
v -1.039230 0.000000 1.300000
v -1.125833 0.000000 1.250000
v -1.212436 0.000000 1.200000
v -1.299038 0.000000 1.150000
v -1.385641 0.000000 1.100000
v -1.472243 0.000000 1.050000
v -1.558846 0.000000 1.000000
v -1.645448 0.000000 0.950000
v -1.645448 0.000000 0.850000
v -1.645448 0.000000 0.750000
v -1.645448 0.000000 0.650000
v -1.645448 0.000000 0.550000
v -1.645448 0.000000 0.450000
v -1.645448 0.000000 0.350000
v -1.645448 0.000000 0.250000
v -1.645448 0.000000 0.150000
v -1.645448 -0.441528 0.050000
v -1.645448 -0.441528 -0.050000
v -1.645448 -0.441528 -0.150000
v -1.645448 -0.441528 -0.250000
v -1.645448 -0.441528 -0.350000
v -1.645448 -0.441528 -0.450000
v -1.645448 -0.441528 -0.550000
v -1.645448 0.000000 -0.650000
v -1.645448 0.000000 -0.750000
v -1.645448 0.000000 -0.850000
v -1.645448 0.000000 -0.950000
v -1.558846 0.000000 -1.000000
v -1.472243 0.000000 -1.050000
v -1.385641 0.000000 -1.100000
v -1.299038 0.000000 -1.150000
v -1.212436 0.000000 -1.200000
v -1.125833 0.000000 -1.250000
v -1.039230 0.000000 -1.300000
v -0.952628 0.000000 -1.350000
v -0.866025 -0.441528 -1.400000
v -0.779423 -0.441528 -1.450000
v -0.692820 -0.441528 -1.500000
v -0.606218 -0.441528 -1.550000
v -0.519615 -0.441528 -1.600000
v -0.433013 -0.441528 -1.650000
v -0.346410 -0.441528 -1.700000
v -0.259808 0.000000 -1.750000
v -0.173205 0.000000 -1.800000
v -0.086603 0.000000 -1.850000
v 0.000000 0.000000 -2.000000
v 0.086603 0.000000 -1.950000
v 0.173205 0.000000 -1.900000
v 0.259808 0.000000 -1.850000
v 0.346410 0.000000 -1.800000
v 0.433013 0.000000 -1.750000
v 0.519615 0.000000 -1.700000
v 0.606218 0.000000 -1.650000
v 0.692820 0.000000 -1.600000
v 0.779423 0.000000 -1.550000
v 0.866025 0.000000 -1.500000
v 0.952628 -0.423111 -1.450000
v 1.039230 -0.423111 -1.400000
v 1.125833 -0.423111 -1.350000
v 1.212436 -0.423111 -1.300000
v 1.299038 -0.423111 -1.250000
v 1.385641 -0.423111 -1.200000
v 1.472243 -0.423111 -1.150000
v 1.558846 0.000000 -1.100000
v 1.645448 0.000000 -1.050000
v 1.732051 0.000000 -1.000000
v 1.732051 0.000000 -0.900000
v 1.732051 0.000000 -0.800000
v 1.732051 0.000000 -0.700000
v 1.732051 0.000000 -0.600000
v 1.732051 0.000000 -0.500000
v 1.732051 0.000000 -0.400000
v 1.732051 -0.423111 -0.300000
v 1.732051 -0.423111 -0.200000
v 1.732051 -0.423111 -0.100000
v 1.732051 -0.423111 -0.000000
v 1.732051 -0.423111 0.100000
v 1.732051 -0.423111 0.200000
v 1.732051 -0.423111 0.300000
v 1.732051 0.000000 0.400000
v 1.732051 0.000000 0.500000
v 1.732051 0.000000 0.600000
v 1.732051 0.000000 0.700000
v 1.732051 0.000000 0.800000
v 1.732051 0.000000 0.900000
v 1.732051 -0.423111 1.000000
v 1.645448 -0.423111 1.050000
v 1.558846 -0.423111 1.100000
v 1.472243 -0.423111 1.150000
v 1.385641 -0.423111 1.200000
v 1.299038 -0.423111 1.250000
v 1.212436 -0.423111 1.300000
v 1.125833 0.000000 1.350000
v 1.039230 0.000000 1.400000
v 0.952628 0.000000 1.450000
v 0.866025 0.000000 1.500000
v 0.779423 0.000000 1.550000
v 0.692820 0.000000 1.600000
v 0.606218 0.000000 1.650000
v 0.519615 0.000000 1.700000
v 0.433013 0.000000 1.750000
v 0.346410 -0.423111 1.800000
v 0.259808 -0.423111 1.850000
v 0.173205 -0.423111 1.900000
v 0.086603 -0.423111 1.950000
v 0.000000 -0.423111 2.000000
v -0.086603 -0.423111 1.950000
v -0.173205 -0.423111 1.900000
v -0.259808 -0.423111 1.850000
v -0.346410 -0.423111 1.800000
v -0.433013 -0.423111 1.750000
v -0.519615 0.000000 1.700000
v -0.606218 0.000000 1.650000
v -0.692820 0.000000 1.600000
v -0.779423 0.000000 1.550000
v -0.866025 0.000000 1.500000
v -0.952628 0.000000 1.450000
v -1.039230 0.000000 1.400000
v -1.125833 0.000000 1.350000
v -1.212436 0.000000 1.300000
v -1.299038 0.000000 1.250000
v -1.385641 0.000000 1.200000
v -1.472243 0.000000 1.150000
v -1.558846 0.000000 1.100000
v -1.645448 0.000000 1.050000
v -1.732051 0.000000 1.000000
v -1.732051 0.000000 0.900000
v -1.732051 0.000000 0.800000
v -1.732051 0.000000 0.700000
v -1.732051 0.000000 0.600000
v -1.732051 0.000000 0.500000
v -1.732051 0.000000 0.400000
v -1.732051 0.000000 0.300000
v -1.732051 0.000000 0.200000
v -1.732051 -0.423111 0.100000
v -1.732051 -0.423111 0.000000
v -1.732051 -0.423111 -0.100000
v -1.732051 -0.423111 -0.200000
v -1.732051 -0.423111 -0.300000
v -1.732051 -0.423111 -0.400000
v -1.732051 -0.423111 -0.500000
v -1.732051 0.000000 -0.600000
v -1.732051 0.000000 -0.700000
v -1.732051 0.000000 -0.800000
v -1.732051 0.000000 -0.900000
v -1.732051 0.000000 -1.000000
v -1.645448 0.000000 -1.050000
v -1.558846 0.000000 -1.100000
v -1.472243 0.000000 -1.150000
v -1.385641 0.000000 -1.200000
v -1.299038 0.000000 -1.250000
v -1.212436 0.000000 -1.300000
v -1.125833 0.000000 -1.350000
v -1.039230 0.000000 -1.400000
v -0.952628 -0.423111 -1.450000
v -0.866025 -0.423111 -1.500000
v -0.779423 -0.423111 -1.550000
v -0.692820 -0.423111 -1.600000
v -0.606218 -0.423111 -1.650000
v -0.519615 -0.423111 -1.700000
v -0.433013 -0.423111 -1.750000
v -0.346410 0.000000 -1.800000
v -0.259808 0.000000 -1.850000
v -0.173205 0.000000 -1.900000
v -0.086603 0.000000 -1.950000
v 0.000000 0.000000 -2.100000
v 0.086603 0.000000 -2.050000
v 0.173205 0.000000 -2.000000
v 0.259808 0.000000 -1.950000
v 0.346410 0.000000 -1.900000
v 0.433013 0.000000 -1.850000
v 0.519615 0.000000 -1.800000
v 0.606218 0.000000 -1.750000
v 0.692820 0.000000 -1.700000
v 0.779423 0.000000 -1.650000
v 0.866025 0.000000 -1.600000
v 0.952628 -0.403750 -1.550000
v 1.039230 -0.403750 -1.500000
v 1.125833 -0.403750 -1.450000
v 1.212436 -0.403750 -1.400000
v 1.299038 -0.403750 -1.350000
v 1.385641 -0.403750 -1.300000
v 1.472243 -0.403750 -1.250000
v 1.558846 0.000000 -1.200000
v 1.645448 0.000000 -1.150000
v 1.732051 0.000000 -1.100000
v 1.818653 0.000000 -1.050000
v 1.818653 0.000000 -0.950000
v 1.818653 0.000000 -0.850000
v 1.818653 0.000000 -0.750000
v 1.818653 0.000000 -0.650000
v 1.818653 0.000000 -0.550000
v 1.818653 0.000000 -0.450000
v 1.818653 0.000000 -0.350000
v 1.818653 -0.403750 -0.250000
v 1.818653 -0.403750 -0.150000
v 1.818653 -0.403750 -0.050000
v 1.818653 -0.403750 0.050000
v 1.818653 -0.403750 0.150000
v 1.818653 -0.403750 0.250000
v 1.818653 -0.403750 0.350000
v 1.818653 0.000000 0.450000
v 1.818653 0.000000 0.550000
v 1.818653 0.000000 0.650000
v 1.818653 0.000000 0.750000
v 1.818653 0.000000 0.850000
v 1.818653 0.000000 0.950000
v 1.818653 0.000000 1.050000
v 1.732051 -0.403750 1.100000
v 1.645448 -0.403750 1.150000
v 1.558846 -0.403750 1.200000
v 1.472243 -0.403750 1.250000
v 1.385641 -0.403750 1.300000
v 1.299038 -0.403750 1.350000
v 1.212436 -0.403750 1.400000
v 1.125833 0.000000 1.450000
v 1.039230 0.000000 1.500000
v 0.952628 0.000000 1.550000
v 0.866025 0.000000 1.600000
v 0.779423 0.000000 1.650000
v 0.692820 0.000000 1.700000
v 0.606218 0.000000 1.750000
v 0.519615 0.000000 1.800000
v 0.433013 0.000000 1.850000
v 0.346410 0.000000 1.900000
v 0.259808 0.000000 1.950000
v 0.173205 -0.403750 2.000000
v 0.086603 -0.403750 2.050000
v 0.000000 -0.403750 2.100000
v -0.086603 -0.403750 2.050000
v -0.173205 -0.403750 2.000000
v -0.259808 -0.403750 1.950000
v -0.346410 -0.403750 1.900000
v -0.433013 -0.403750 1.850000
v -0.519615 -0.403750 1.800000
v -0.606218 0.000000 1.750000
v -0.692820 0.000000 1.700000
v -0.779423 0.000000 1.650000
v -0.866025 0.000000 1.600000
v -0.952628 0.000000 1.550000
v -1.039230 0.000000 1.500000
v -1.125833 0.000000 1.450000
v -1.212436 0.000000 1.400000
v -1.299038 0.000000 1.350000
v -1.385641 0.000000 1.300000
v -1.472243 0.000000 1.250000
v -1.558846 0.000000 1.200000
v -1.645448 0.000000 1.150000
v -1.732051 0.000000 1.100000
v -1.818653 0.000000 1.050000
v -1.818653 0.000000 0.950000
v -1.818653 0.000000 0.850000
v -1.818653 0.000000 0.750000
v -1.818653 0.000000 0.650000
v -1.818653 0.000000 0.550000
v -1.818653 0.000000 0.450000
v -1.818653 0.000000 0.350000
v -1.818653 0.000000 0.250000
v -1.818653 0.000000 0.150000
v -1.818653 -0.403750 0.050000
v -1.818653 -0.403750 -0.050000
v -1.818653 -0.403750 -0.150000
v -1.818653 -0.403750 -0.250000
v -1.818653 -0.403750 -0.350000
v -1.818653 -0.403750 -0.450000
v -1.818653 -0.403750 -0.550000
v -1.818653 0.000000 -0.650000
v -1.818653 0.000000 -0.750000
v -1.818653 0.000000 -0.850000
v -1.818653 0.000000 -0.950000
v -1.818653 0.000000 -1.050000
v -1.732051 0.000000 -1.100000
v -1.645448 0.000000 -1.150000
v -1.558846 0.000000 -1.200000
v -1.472243 0.000000 -1.250000
v -1.385641 0.000000 -1.300000
v -1.299038 0.000000 -1.350000
v -1.212436 0.000000 -1.400000
v -1.125833 0.000000 -1.450000
v -1.039230 -0.403750 -1.500000
v -0.952628 -0.403750 -1.550000
v -0.866025 -0.403750 -1.600000
v -0.779423 -0.403750 -1.650000
v -0.692820 -0.403750 -1.700000
v -0.606218 -0.403750 -1.750000
v -0.519615 -0.403750 -1.800000
v -0.433013 0.000000 -1.850000
v -0.346410 0.000000 -1.900000
v -0.259808 0.000000 -1.950000
v -0.173205 0.000000 -2.000000
v -0.086603 0.000000 -2.050000
v 0.000000 0.000000 -2.200000
v 0.086603 0.000000 -2.150000
v 0.173205 0.000000 -2.100000
v 0.259808 0.000000 -2.050000
v 0.346410 0.000000 -2.000000
v 0.433013 0.000000 -1.950000
v 0.519615 0.000000 -1.900000
v 0.606218 0.000000 -1.850000
v 0.692820 0.000000 -1.800000
v 0.779423 0.000000 -1.750000
v 0.866025 0.000000 -1.700000
v 0.952628 -0.383444 -1.650000
v 1.039230 -0.383444 -1.600000
v 1.125833 -0.383444 -1.550000
v 1.212436 -0.383444 -1.500000
v 1.299038 -0.383444 -1.450000
v 1.385641 -0.383444 -1.400000
v 1.472243 -0.383444 -1.350000
v 1.558846 0.000000 -1.300000
v 1.645448 0.000000 -1.250000
v 1.732051 0.000000 -1.200000
v 1.818653 0.000000 -1.150000
v 1.905256 0.000000 -1.100000
v 1.905256 0.000000 -1.000000
v 1.905256 0.000000 -0.900000
v 1.905256 0.000000 -0.800000
v 1.905256 0.000000 -0.700000
v 1.905256 0.000000 -0.600000
v 1.905256 0.000000 -0.500000
v 1.905256 0.000000 -0.400000
v 1.905256 -0.383444 -0.300000
v 1.905256 -0.383444 -0.200000
v 1.905256 -0.383444 -0.100000
v 1.905256 -0.383444 -0.000000
v 1.905256 -0.383444 0.100000
v 1.905256 -0.383444 0.200000
v 1.905256 -0.383444 0.300000
v 1.905256 0.000000 0.400000
v 1.905256 0.000000 0.500000
v 1.905256 0.000000 0.600000
v 1.905256 0.000000 0.700000
v 1.905256 0.000000 0.800000
v 1.905256 0.000000 0.900000
v 1.905256 0.000000 1.000000
v 1.905256 0.000000 1.100000
v 1.818653 -0.383444 1.150000
v 1.732051 -0.383444 1.200000
v 1.645448 -0.383444 1.250000
v 1.558846 -0.383444 1.300000
v 1.472243 -0.383444 1.350000
v 1.385641 -0.383444 1.400000
v 1.299038 -0.383444 1.450000
v 1.212436 0.000000 1.500000
v 1.125833 0.000000 1.550000
v 1.039230 0.000000 1.600000
v 0.952628 0.000000 1.650000
v 0.866025 0.000000 1.700000
v 0.779423 0.000000 1.750000
v 0.692820 0.000000 1.800000
v 0.606218 0.000000 1.850000
v 0.519615 0.000000 1.900000
v 0.433013 0.000000 1.950000
v 0.346410 0.000000 2.000000
v 0.259808 0.000000 2.050000
v 0.173205 0.000000 2.100000
v 0.086603 0.000000 2.150000
v 0.000000 0.000000 2.200000
v -0.086603 -0.383444 2.150000
v -0.173205 -0.383444 2.100000
v -0.259808 -0.383444 2.050000
v -0.346410 -0.383444 2.000000
v -0.433013 -0.383444 1.950000
v -0.519615 -0.383444 1.900000
v -0.606218 -0.383444 1.850000
v -0.692820 0.000000 1.800000
v -0.779423 0.000000 1.750000
v -0.866025 0.000000 1.700000
v -0.952628 0.000000 1.650000
v -1.039230 0.000000 1.600000
v -1.125833 0.000000 1.550000
v -1.212436 0.000000 1.500000
v -1.299038 0.000000 1.450000
v -1.385641 0.000000 1.400000
v -1.472243 0.000000 1.350000
v -1.558846 0.000000 1.300000
v -1.645448 0.000000 1.250000
v -1.732051 0.000000 1.200000
v -1.818653 0.000000 1.150000
v -1.905256 0.000000 1.100000
v -1.905256 0.000000 1.000000
v -1.905256 0.000000 0.900000
v -1.905256 0.000000 0.800000
v -1.905256 0.000000 0.700000
v -1.905256 0.000000 0.600000
v -1.905256 0.000000 0.500000
v -1.905256 0.000000 0.400000
v -1.905256 0.000000 0.300000
v -1.905256 0.000000 0.200000
v -1.905256 0.000000 0.100000
v -1.905256 -0.383444 0.000000
v -1.905256 -0.383444 -0.100000
v -1.905256 -0.383444 -0.200000
v -1.905256 -0.383444 -0.300000
v -1.905256 -0.383444 -0.400000
v -1.905256 -0.383444 -0.500000
v -1.905256 -0.383444 -0.600000
v -1.905256 0.000000 -0.700000
v -1.905256 0.000000 -0.800000
v -1.905256 0.000000 -0.900000
v -1.905256 0.000000 -1.000000
v -1.905256 0.000000 -1.100000
v -1.818653 0.000000 -1.150000
v -1.732051 0.000000 -1.200000
v -1.645448 0.000000 -1.250000
v -1.558846 0.000000 -1.300000
v -1.472243 0.000000 -1.350000
v -1.385641 0.000000 -1.400000
v -1.299038 0.000000 -1.450000
v -1.212436 0.000000 -1.500000
v -1.125833 -0.383444 -1.550000
v -1.039230 -0.383444 -1.600000
v -0.952628 -0.383444 -1.650000
v -0.866025 -0.383444 -1.700000
v -0.779423 -0.383444 -1.750000
v -0.692820 -0.383444 -1.800000
v -0.606218 -0.383444 -1.850000
v -0.519615 0.000000 -1.900000
v -0.433013 0.000000 -1.950000
v -0.346410 0.000000 -2.000000
v -0.259808 0.000000 -2.050000
v -0.173205 0.000000 -2.100000
v -0.086603 0.000000 -2.150000
v 0.000000 0.000000 -2.300000
v 0.086603 0.000000 -2.250000
v 0.173205 0.000000 -2.200000
v 0.259808 0.000000 -2.150000
v 0.346410 0.000000 -2.100000
v 0.433013 0.000000 -2.050000
v 0.519615 0.000000 -2.000000
v 0.606218 0.000000 -1.950000
v 0.692820 0.000000 -1.900000
v 0.779423 0.000000 -1.850000
v 0.866025 0.000000 -1.800000
v 0.952628 0.000000 -1.750000
v 1.039230 -0.362194 -1.700000
v 1.125833 -0.362194 -1.650000
v 1.212436 -0.362194 -1.600000
v 1.299038 -0.362194 -1.550000
v 1.385641 -0.362194 -1.500000
v 1.472243 -0.362194 -1.450000
v 1.558846 -0.362194 -1.400000
v 1.645448 0.000000 -1.350000
v 1.732051 0.000000 -1.300000
v 1.818653 0.000000 -1.250000
v 1.905256 0.000000 -1.200000
v 1.991858 0.000000 -1.150000
v 1.991858 0.000000 -1.050000
v 1.991858 0.000000 -0.950000
v 1.991858 0.000000 -0.850000
v 1.991858 0.000000 -0.750000
v 1.991858 0.000000 -0.650000
v 1.991858 0.000000 -0.550000
v 1.991858 0.000000 -0.450000
v 1.991858 -0.362194 -0.350000
v 1.991858 -0.362194 -0.250000
v 1.991858 -0.362194 -0.150000
v 1.991858 -0.362194 -0.050000
v 1.991858 -0.362194 0.050000
v 1.991858 -0.362194 0.150000
v 1.991858 -0.362194 0.250000
v 1.991858 0.000000 0.350000
v 1.991858 0.000000 0.450000
v 1.991858 0.000000 0.550000
v 1.991858 0.000000 0.650000
v 1.991858 0.000000 0.750000
v 1.991858 0.000000 0.850000
v 1.991858 0.000000 0.950000
v 1.991858 0.000000 1.050000
v 1.991858 0.000000 1.150000
v 1.905256 -0.362194 1.200000
v 1.818653 -0.362194 1.250000
v 1.732051 -0.362194 1.300000
v 1.645448 -0.362194 1.350000
v 1.558846 -0.362194 1.400000
v 1.472243 -0.362194 1.450000
v 1.385641 -0.362194 1.500000
v 1.299038 0.000000 1.550000
v 1.212436 0.000000 1.600000
v 1.125833 0.000000 1.650000
v 1.039230 0.000000 1.700000
v 0.952628 0.000000 1.750000
v 0.866025 0.000000 1.800000
v 0.779423 0.000000 1.850000
v 0.692820 0.000000 1.900000
v 0.606218 0.000000 1.950000
v 0.519615 0.000000 2.000000
v 0.433013 0.000000 2.050000
v 0.346410 0.000000 2.100000
v 0.259808 0.000000 2.150000
v 0.173205 0.000000 2.200000
v 0.086603 0.000000 2.250000
v 0.000000 0.000000 2.300000
v -0.086603 0.000000 2.250000
v -0.173205 -0.362194 2.200000
v -0.259808 -0.362194 2.150000
v -0.346410 -0.362194 2.100000
v -0.433013 -0.362194 2.050000
v -0.519615 -0.362194 2.000000
v -0.606218 -0.362194 1.950000
v -0.692820 -0.362194 1.900000
v -0.779423 0.000000 1.850000
v -0.866025 0.000000 1.800000
v -0.952628 0.000000 1.750000
v -1.039230 0.000000 1.700000
v -1.125833 0.000000 1.650000
v -1.212436 0.000000 1.600000
v -1.299038 0.000000 1.550000
v -1.385641 0.000000 1.500000
v -1.472243 0.000000 1.450000
v -1.558846 0.000000 1.400000
v -1.645448 0.000000 1.350000
v -1.732051 0.000000 1.300000
v -1.818653 0.000000 1.250000
v -1.905256 0.000000 1.200000
v -1.991858 0.000000 1.150000
v -1.991858 0.000000 1.050000
v -1.991858 0.000000 0.950000
v -1.991858 0.000000 0.850000
v -1.991858 0.000000 0.750000
v -1.991858 0.000000 0.650000
v -1.991858 0.000000 0.550000
v -1.991858 0.000000 0.450000
v -1.991858 0.000000 0.350000
v -1.991858 0.000000 0.250000
v -1.991858 0.000000 0.150000
v -1.991858 -0.362194 0.050000
v -1.991858 -0.362194 -0.050000
v -1.991858 -0.362194 -0.150000
v -1.991858 -0.362194 -0.250000
v -1.991858 -0.362194 -0.350000
v -1.991858 -0.362194 -0.450000
v -1.991858 -0.362194 -0.550000
v -1.991858 0.000000 -0.650000
v -1.991858 0.000000 -0.750000
v -1.991858 0.000000 -0.850000
v -1.991858 0.000000 -0.950000
v -1.991858 0.000000 -1.050000
v -1.991858 0.000000 -1.150000
v -1.905256 0.000000 -1.200000
v -1.818653 0.000000 -1.250000
v -1.732051 0.000000 -1.300000
v -1.645448 0.000000 -1.350000
v -1.558846 0.000000 -1.400000
v -1.472243 0.000000 -1.450000
v -1.385641 0.000000 -1.500000
v -1.299038 0.000000 -1.550000
v -1.212436 0.000000 -1.600000
v -1.125833 -0.362194 -1.650000
v -1.039230 -0.362194 -1.700000
v -0.952628 -0.362194 -1.750000
v -0.866025 -0.362194 -1.800000
v -0.779423 -0.362194 -1.850000
v -0.692820 -0.362194 -1.900000
v -0.606218 -0.362194 -1.950000
v -0.519615 0.000000 -2.000000
v -0.433013 0.000000 -2.050000
v -0.346410 0.000000 -2.100000
v -0.259808 0.000000 -2.150000
v -0.173205 0.000000 -2.200000
v -0.086603 0.000000 -2.250000
v 0.000000 0.000000 -2.400000
v 0.086603 0.000000 -2.350000
v 0.173205 0.000000 -2.300000
v 0.259808 0.000000 -2.250000
v 0.346410 0.000000 -2.200000
v 0.433013 0.000000 -2.150000
v 0.519615 0.000000 -2.100000
v 0.606218 0.000000 -2.050000
v 0.692820 0.000000 -2.000000
v 0.779423 0.000000 -1.950000
v 0.866025 0.000000 -1.900000
v 0.952628 0.000000 -1.850000
v 1.039230 0.000000 -1.800000
v 1.125833 -0.340000 -1.750000
v 1.212436 -0.340000 -1.700000
v 1.299038 -0.340000 -1.650000
v 1.385641 -0.340000 -1.600000
v 1.472243 -0.340000 -1.550000
v 1.558846 -0.340000 -1.500000
v 1.645448 -0.340000 -1.450000
v 1.732051 0.000000 -1.400000
v 1.818653 0.000000 -1.350000
v 1.905256 0.000000 -1.300000
v 1.991858 0.000000 -1.250000
v 2.078461 0.000000 -1.200000
v 2.078461 0.000000 -1.100000
v 2.078461 0.000000 -1.000000
v 2.078461 0.000000 -0.900000
v 2.078461 0.000000 -0.800000
v 2.078461 0.000000 -0.700000
v 2.078461 0.000000 -0.600000
v 2.078461 0.000000 -0.500000
v 2.078461 -0.340000 -0.400000
v 2.078461 -0.340000 -0.300000
v 2.078461 -0.340000 -0.200000
v 2.078461 -0.340000 -0.100000
v 2.078461 -0.340000 -0.000000
v 2.078461 -0.340000 0.100000
v 2.078461 -0.340000 0.200000
v 2.078461 0.000000 0.300000
v 2.078461 0.000000 0.400000
v 2.078461 0.000000 0.500000
v 2.078461 0.000000 0.600000
v 2.078461 0.000000 0.700000
v 2.078461 0.000000 0.800000
v 2.078461 0.000000 0.900000
v 2.078461 0.000000 1.000000
v 2.078461 0.000000 1.100000
v 2.078461 0.000000 1.200000
v 1.991858 -0.340000 1.250000
v 1.905256 -0.340000 1.300000
v 1.818653 -0.340000 1.350000
v 1.732051 -0.340000 1.400000
v 1.645448 -0.340000 1.450000
v 1.558846 -0.340000 1.500000
v 1.472243 -0.340000 1.550000
v 1.385641 0.000000 1.600000
v 1.299038 0.000000 1.650000
v 1.212436 0.000000 1.700000
v 1.125833 0.000000 1.750000
v 1.039230 0.000000 1.800000
v 0.952628 0.000000 1.850000
v 0.866025 0.000000 1.900000
v 0.779423 0.000000 1.950000
v 0.692820 0.000000 2.000000
v 0.606218 0.000000 2.050000
v 0.519615 0.000000 2.100000
v 0.433013 0.000000 2.150000
v 0.346410 0.000000 2.200000
v 0.259808 0.000000 2.250000
v 0.173205 0.000000 2.300000
v 0.086603 0.000000 2.350000
v 0.000000 0.000000 2.400000
v -0.086603 0.000000 2.350000
v -0.173205 0.000000 2.300000
v -0.259808 -0.340000 2.250000
v -0.346410 -0.340000 2.200000
v -0.433013 -0.340000 2.150000
v -0.519615 -0.340000 2.100000
v -0.606218 -0.340000 2.050000
v -0.692820 -0.340000 2.000000
v -0.779423 -0.340000 1.950000
v -0.866025 0.000000 1.900000
v -0.952628 0.000000 1.850000
v -1.039230 0.000000 1.800000
v -1.125833 0.000000 1.750000
v -1.212436 0.000000 1.700000
v -1.299038 0.000000 1.650000
v -1.385641 0.000000 1.600000
v -1.472243 0.000000 1.550000
v -1.558846 0.000000 1.500000
v -1.645448 0.000000 1.450000
v -1.732051 0.000000 1.400000
v -1.818653 0.000000 1.350000
v -1.905256 0.000000 1.300000
v -1.991858 0.000000 1.250000
v -2.078461 0.000000 1.200000
v -2.078461 0.000000 1.100000
v -2.078461 0.000000 1.000000
v -2.078461 0.000000 0.900000
v -2.078461 0.000000 0.800000
v -2.078461 0.000000 0.700000
v -2.078461 0.000000 0.600000
v -2.078461 0.000000 0.500000
v -2.078461 0.000000 0.400000
v -2.078461 0.000000 0.300000
v -2.078461 0.000000 0.200000
v -2.078461 0.000000 0.100000
v -2.078461 -0.340000 0.000000
v -2.078461 -0.340000 -0.100000
v -2.078461 -0.340000 -0.200000
v -2.078461 -0.340000 -0.300000
v -2.078461 -0.340000 -0.400000
v -2.078461 -0.340000 -0.500000
v -2.078461 -0.340000 -0.600000
v -2.078461 0.000000 -0.700000
v -2.078461 0.000000 -0.800000
v -2.078461 0.000000 -0.900000
v -2.078461 0.000000 -1.000000
v -2.078461 0.000000 -1.100000
v -2.078461 0.000000 -1.200000
v -1.991858 0.000000 -1.250000
v -1.905256 0.000000 -1.300000
v -1.818653 0.000000 -1.350000
v -1.732051 0.000000 -1.400000
v -1.645448 0.000000 -1.450000
v -1.558846 0.000000 -1.500000
v -1.472243 0.000000 -1.550000
v -1.385641 0.000000 -1.600000
v -1.299038 0.000000 -1.650000
v -1.212436 0.000000 -1.700000
v -1.125833 -0.340000 -1.750000
v -1.039230 -0.340000 -1.800000
v -0.952628 -0.340000 -1.850000
v -0.866025 -0.340000 -1.900000
v -0.779423 -0.340000 -1.950000
v -0.692820 -0.340000 -2.000000
v -0.606218 -0.340000 -2.050000
v -0.519615 0.000000 -2.100000
v -0.433013 0.000000 -2.150000
v -0.346410 0.000000 -2.200000
v -0.259808 0.000000 -2.250000
v -0.173205 0.000000 -2.300000
v -0.086603 0.000000 -2.350000
v 0.000000 0.000000 -2.500000
v 0.086603 0.000000 -2.450000
v 0.173205 0.000000 -2.400000
v 0.259808 0.000000 -2.350000
v 0.346410 0.000000 -2.300000
v 0.433013 0.000000 -2.250000
v 0.519615 0.000000 -2.200000
v 0.606218 0.000000 -2.150000
v 0.692820 0.000000 -2.100000
v 0.779423 0.000000 -2.050000
v 0.866025 0.000000 -2.000000
v 0.952628 0.000000 -1.950000
v 1.039230 0.000000 -1.900000
v 1.125833 -0.316861 -1.850000
v 1.212436 -0.316861 -1.800000
v 1.299038 -0.316861 -1.750000
v 1.385641 -0.316861 -1.700000
v 1.472243 -0.316861 -1.650000
v 1.558846 -0.316861 -1.600000
v 1.645448 -0.316861 -1.550000
v 1.732051 0.000000 -1.500000
v 1.818653 0.000000 -1.450000
v 1.905256 0.000000 -1.400000
v 1.991858 0.000000 -1.350000
v 2.078461 0.000000 -1.300000
v 2.165064 0.000000 -1.250000
v 2.165064 0.000000 -1.150000
v 2.165064 0.000000 -1.050000
v 2.165064 0.000000 -0.950000
v 2.165064 0.000000 -0.850000
v 2.165064 0.000000 -0.750000
v 2.165064 0.000000 -0.650000
v 2.165064 0.000000 -0.550000
v 2.165064 0.000000 -0.450000
v 2.165064 -0.316861 -0.350000
v 2.165064 -0.316861 -0.250000
v 2.165064 -0.316861 -0.150000
v 2.165064 -0.316861 -0.050000
v 2.165064 -0.316861 0.050000
v 2.165064 -0.316861 0.150000
v 2.165064 -0.316861 0.250000
v 2.165064 0.000000 0.350000
v 2.165064 0.000000 0.450000
v 2.165064 0.000000 0.550000
v 2.165064 0.000000 0.650000
v 2.165064 0.000000 0.750000
v 2.165064 0.000000 0.850000
v 2.165064 0.000000 0.950000
v 2.165064 0.000000 1.050000
v 2.165064 0.000000 1.150000
v 2.165064 0.000000 1.250000
v 2.078461 0.000000 1.300000
v 1.991858 -0.316861 1.350000
v 1.905256 -0.316861 1.400000
v 1.818653 -0.316861 1.450000
v 1.732051 -0.316861 1.500000
v 1.645448 -0.316861 1.550000
v 1.558846 -0.316861 1.600000
v 1.472243 -0.316861 1.650000
v 1.385641 0.000000 1.700000
v 1.299038 0.000000 1.750000
v 1.212436 0.000000 1.800000
v 1.125833 0.000000 1.850000
v 1.039230 0.000000 1.900000
v 0.952628 0.000000 1.950000
v 0.866025 0.000000 2.000000
v 0.779423 0.000000 2.050000
v 0.692820 0.000000 2.100000
v 0.606218 0.000000 2.150000
v 0.519615 0.000000 2.200000
v 0.433013 0.000000 2.250000
v 0.346410 0.000000 2.300000
v 0.259808 0.000000 2.350000
v 0.173205 0.000000 2.400000
v 0.086603 0.000000 2.450000
v 0.000000 0.000000 2.500000
v -0.086603 0.000000 2.450000
v -0.173205 0.000000 2.400000
v -0.259808 0.000000 2.350000
v -0.346410 -0.316861 2.300000
v -0.433013 -0.316861 2.250000
v -0.519615 -0.316861 2.200000
v -0.606218 -0.316861 2.150000
v -0.692820 -0.316861 2.100000
v -0.779423 -0.316861 2.050000
v -0.866025 -0.316861 2.000000
v -0.952628 0.000000 1.950000
v -1.039230 0.000000 1.900000
v -1.125833 0.000000 1.850000
v -1.212436 0.000000 1.800000
v -1.299038 0.000000 1.750000
v -1.385641 0.000000 1.700000
v -1.472243 0.000000 1.650000
v -1.558846 0.000000 1.600000
v -1.645448 0.000000 1.550000
v -1.732051 0.000000 1.500000
v -1.818653 0.000000 1.450000
v -1.905256 0.000000 1.400000
v -1.991858 0.000000 1.350000
v -2.078461 0.000000 1.300000
v -2.165064 0.000000 1.250000
v -2.165064 0.000000 1.150000
v -2.165064 0.000000 1.050000
v -2.165064 0.000000 0.950000
v -2.165064 0.000000 0.850000
v -2.165064 0.000000 0.750000
v -2.165064 0.000000 0.650000
v -2.165064 0.000000 0.550000
v -2.165064 0.000000 0.450000
v -2.165064 0.000000 0.350000
v -2.165064 0.000000 0.250000
v -2.165064 0.000000 0.150000
v -2.165064 -0.316861 0.050000
v -2.165064 -0.316861 -0.050000
v -2.165064 -0.316861 -0.150000
v -2.165064 -0.316861 -0.250000
v -2.165064 -0.316861 -0.350000
v -2.165064 -0.316861 -0.450000
v -2.165064 -0.316861 -0.550000
v -2.165064 0.000000 -0.650000
v -2.165064 0.000000 -0.750000
v -2.165064 0.000000 -0.850000
v -2.165064 0.000000 -0.950000
v -2.165064 0.000000 -1.050000
v -2.165064 0.000000 -1.150000
v -2.165064 0.000000 -1.250000
v -2.078461 0.000000 -1.300000
v -1.991858 0.000000 -1.350000
v -1.905256 0.000000 -1.400000
v -1.818653 0.000000 -1.450000
v -1.732051 0.000000 -1.500000
v -1.645448 0.000000 -1.550000
v -1.558846 0.000000 -1.600000
v -1.472243 0.000000 -1.650000
v -1.385641 0.000000 -1.700000
v -1.299038 0.000000 -1.750000
v -1.212436 -0.316861 -1.800000
v -1.125833 -0.316861 -1.850000
v -1.039230 -0.316861 -1.900000
v -0.952628 -0.316861 -1.950000
v -0.866025 -0.316861 -2.000000
v -0.779423 -0.316861 -2.050000
v -0.692820 -0.316861 -2.100000
v -0.606218 0.000000 -2.150000
v -0.519615 0.000000 -2.200000
v -0.433013 0.000000 -2.250000
v -0.346410 0.000000 -2.300000
v -0.259808 0.000000 -2.350000
v -0.173205 0.000000 -2.400000
v -0.086603 0.000000 -2.450000
v 0.000000 0.000000 -2.600000
v 0.086603 0.000000 -2.550000
v 0.173205 0.000000 -2.500000
v 0.259808 0.000000 -2.450000
v 0.346410 0.000000 -2.400000
v 0.433013 0.000000 -2.350000
v 0.519615 0.000000 -2.300000
v 0.606218 0.000000 -2.250000
v 0.692820 0.000000 -2.200000
v 0.779423 0.000000 -2.150000
v 0.866025 0.000000 -2.100000
v 0.952628 0.000000 -2.050000
v 1.039230 0.000000 -2.000000
v 1.125833 -0.292778 -1.950000
v 1.212436 -0.292778 -1.900000
v 1.299038 -0.292778 -1.850000
v 1.385641 -0.292778 -1.800000
v 1.472243 -0.292778 -1.750000
v 1.558846 -0.292778 -1.700000
v 1.645448 -0.292778 -1.650000
v 1.732051 0.000000 -1.600000
v 1.818653 0.000000 -1.550000
v 1.905256 0.000000 -1.500000
v 1.991858 0.000000 -1.450000
v 2.078461 0.000000 -1.400000
v 2.165064 0.000000 -1.350000
v 2.251666 0.000000 -1.300000
v 2.251666 0.000000 -1.200000
v 2.251666 0.000000 -1.100000
v 2.251666 0.000000 -1.000000
v 2.251666 0.000000 -0.900000
v 2.251666 0.000000 -0.800000
v 2.251666 0.000000 -0.700000
v 2.251666 0.000000 -0.600000
v 2.251666 0.000000 -0.500000
v 2.251666 0.000000 -0.400000
v 2.251666 -0.292778 -0.300000
v 2.251666 -0.292778 -0.200000
v 2.251666 -0.292778 -0.100000
v 2.251666 -0.292778 -0.000000
v 2.251666 -0.292778 0.100000
v 2.251666 -0.292778 0.200000
v 2.251666 -0.292778 0.300000
v 2.251666 0.000000 0.400000
v 2.251666 0.000000 0.500000
v 2.251666 0.000000 0.600000
v 2.251666 0.000000 0.700000
v 2.251666 0.000000 0.800000
v 2.251666 0.000000 0.900000
v 2.251666 0.000000 1.000000
v 2.251666 0.000000 1.100000
v 2.251666 0.000000 1.200000
v 2.251666 0.000000 1.300000
v 2.165064 0.000000 1.350000
v 2.078461 0.000000 1.400000
v 1.991858 -0.292778 1.450000
v 1.905256 -0.292778 1.500000
v 1.818653 -0.292778 1.550000
v 1.732051 -0.292778 1.600000
v 1.645448 -0.292778 1.650000
v 1.558846 -0.292778 1.700000
v 1.472243 -0.292778 1.750000
v 1.385641 0.000000 1.800000
v 1.299038 0.000000 1.850000
v 1.212436 0.000000 1.900000
v 1.125833 0.000000 1.950000
v 1.039230 0.000000 2.000000
v 0.952628 0.000000 2.050000
v 0.866025 0.000000 2.100000
v 0.779423 0.000000 2.150000
v 0.692820 0.000000 2.200000
v 0.606218 0.000000 2.250000
v 0.519615 0.000000 2.300000
v 0.433013 0.000000 2.350000
v 0.346410 0.000000 2.400000
v 0.259808 0.000000 2.450000
v 0.173205 0.000000 2.500000
v 0.086603 0.000000 2.550000
v 0.000000 0.000000 2.600000
v -0.086603 0.000000 2.550000
v -0.173205 0.000000 2.500000
v -0.259808 0.000000 2.450000
v -0.346410 0.000000 2.400000
v -0.433013 -0.292778 2.350000
v -0.519615 -0.292778 2.300000
v -0.606218 -0.292778 2.250000
v -0.692820 -0.292778 2.200000
v -0.779423 -0.292778 2.150000
v -0.866025 -0.292778 2.100000
v -0.952628 -0.292778 2.050000
v -1.039230 0.000000 2.000000
v -1.125833 0.000000 1.950000
v -1.212436 0.000000 1.900000
v -1.299038 0.000000 1.850000
v -1.385641 0.000000 1.800000
v -1.472243 0.000000 1.750000
v -1.558846 0.000000 1.700000
v -1.645448 0.000000 1.650000
v -1.732051 0.000000 1.600000
v -1.818653 0.000000 1.550000
v -1.905256 0.000000 1.500000
v -1.991858 0.000000 1.450000
v -2.078461 0.000000 1.400000
v -2.165064 0.000000 1.350000
v -2.251666 0.000000 1.300000
v -2.251666 0.000000 1.200000
v -2.251666 0.000000 1.100000
v -2.251666 0.000000 1.000000
v -2.251666 0.000000 0.900000
v -2.251666 0.000000 0.800000
v -2.251666 0.000000 0.700000
v -2.251666 0.000000 0.600000
v -2.251666 0.000000 0.500000
v -2.251666 0.000000 0.400000
v -2.251666 0.000000 0.300000
v -2.251666 0.000000 0.200000
v -2.251666 -0.292778 0.100000
v -2.251666 -0.292778 0.000000
v -2.251666 -0.292778 -0.100000
v -2.251666 -0.292778 -0.200000
v -2.251666 -0.292778 -0.300000
v -2.251666 -0.292778 -0.400000
v -2.251666 -0.292778 -0.500000
v -2.251666 0.000000 -0.600000
v -2.251666 0.000000 -0.700000
v -2.251666 0.000000 -0.800000
v -2.251666 0.000000 -0.900000
v -2.251666 0.000000 -1.000000
v -2.251666 0.000000 -1.100000
v -2.251666 0.000000 -1.200000
v -2.251666 0.000000 -1.300000
v -2.165064 0.000000 -1.350000
v -2.078461 0.000000 -1.400000
v -1.991858 0.000000 -1.450000
v -1.905256 0.000000 -1.500000
v -1.818653 0.000000 -1.550000
v -1.732051 0.000000 -1.600000
v -1.645448 0.000000 -1.650000
v -1.558846 0.000000 -1.700000
v -1.472243 0.000000 -1.750000
v -1.385641 0.000000 -1.800000
v -1.299038 -0.292778 -1.850000
v -1.212436 -0.292778 -1.900000
v -1.125833 -0.292778 -1.950000
v -1.039230 -0.292778 -2.000000
v -0.952628 -0.292778 -2.050000
v -0.866025 -0.292778 -2.100000
v -0.779423 -0.292778 -2.150000
v -0.692820 0.000000 -2.200000
v -0.606218 0.000000 -2.250000
v -0.519615 0.000000 -2.300000
v -0.433013 0.000000 -2.350000
v -0.346410 0.000000 -2.400000
v -0.259808 0.000000 -2.450000
v -0.173205 0.000000 -2.500000
v -0.086603 0.000000 -2.550000
v 0.000000 0.000000 -2.700000
v 0.086603 0.000000 -2.650000
v 0.173205 0.000000 -2.600000
v 0.259808 0.000000 -2.550000
v 0.346410 0.000000 -2.500000
v 0.433013 0.000000 -2.450000
v 0.519615 0.000000 -2.400000
v 0.606218 0.000000 -2.350000
v 0.692820 0.000000 -2.300000
v 0.779423 0.000000 -2.250000
v 0.866025 0.000000 -2.200000
v 0.952628 0.000000 -2.150000
v 1.039230 0.000000 -2.100000
v 1.125833 -0.267750 -2.050000
v 1.212436 -0.267750 -2.000000
v 1.299038 -0.267750 -1.950000
v 1.385641 -0.267750 -1.900000
v 1.472243 -0.267750 -1.850000
v 1.558846 -0.267750 -1.800000
v 1.645448 -0.267750 -1.750000
v 1.732051 0.000000 -1.700000
v 1.818653 0.000000 -1.650000
v 1.905256 0.000000 -1.600000
v 1.991858 0.000000 -1.550000
v 2.078461 0.000000 -1.500000
v 2.165064 0.000000 -1.450000
v 2.251666 0.000000 -1.400000
v 2.338269 0.000000 -1.350000
v 2.338269 0.000000 -1.250000
v 2.338269 0.000000 -1.150000
v 2.338269 0.000000 -1.050000
v 2.338269 0.000000 -0.950000
v 2.338269 0.000000 -0.850000
v 2.338269 0.000000 -0.750000
v 2.338269 0.000000 -0.650000
v 2.338269 0.000000 -0.550000
v 2.338269 0.000000 -0.450000
v 2.338269 0.000000 -0.350000
v 2.338269 -0.267750 -0.250000
v 2.338269 -0.267750 -0.150000
v 2.338269 -0.267750 -0.050000
v 2.338269 -0.267750 0.050000
v 2.338269 -0.267750 0.150000
v 2.338269 -0.267750 0.250000
v 2.338269 -0.267750 0.350000
v 2.338269 0.000000 0.450000
v 2.338269 0.000000 0.550000
v 2.338269 0.000000 0.650000
v 2.338269 0.000000 0.750000
v 2.338269 0.000000 0.850000
v 2.338269 0.000000 0.950000
v 2.338269 0.000000 1.050000
v 2.338269 0.000000 1.150000
v 2.338269 0.000000 1.250000
v 2.338269 0.000000 1.350000
v 2.251666 0.000000 1.400000
v 2.165064 0.000000 1.450000
v 2.078461 0.000000 1.500000
v 1.991858 -0.267750 1.550000
v 1.905256 -0.267750 1.600000
v 1.818653 -0.267750 1.650000
v 1.732051 -0.267750 1.700000
v 1.645448 -0.267750 1.750000
v 1.558846 -0.267750 1.800000
v 1.472243 -0.267750 1.850000
v 1.385641 0.000000 1.900000
v 1.299038 0.000000 1.950000
v 1.212436 0.000000 2.000000
v 1.125833 0.000000 2.050000
v 1.039230 0.000000 2.100000
v 0.952628 0.000000 2.150000
v 0.866025 0.000000 2.200000
v 0.779423 0.000000 2.250000
v 0.692820 0.000000 2.300000
v 0.606218 0.000000 2.350000
v 0.519615 0.000000 2.400000
v 0.433013 0.000000 2.450000
v 0.346410 0.000000 2.500000
v 0.259808 0.000000 2.550000
v 0.173205 0.000000 2.600000
v 0.086603 0.000000 2.650000
v 0.000000 0.000000 2.700000
v -0.086603 0.000000 2.650000
v -0.173205 0.000000 2.600000
v -0.259808 0.000000 2.550000
v -0.346410 0.000000 2.500000
v -0.433013 0.000000 2.450000
v -0.519615 -0.267750 2.400000
v -0.606218 -0.267750 2.350000
v -0.692820 -0.267750 2.300000
v -0.779423 -0.267750 2.250000
v -0.866025 -0.267750 2.200000
v -0.952628 -0.267750 2.150000
v -1.039230 -0.267750 2.100000
v -1.125833 0.000000 2.050000
v -1.212436 0.000000 2.000000
v -1.299038 0.000000 1.950000
v -1.385641 0.000000 1.900000
v -1.472243 0.000000 1.850000
v -1.558846 0.000000 1.800000
v -1.645448 0.000000 1.750000
v -1.732051 0.000000 1.700000
v -1.818653 0.000000 1.650000
v -1.905256 0.000000 1.600000
v -1.991858 0.000000 1.550000
v -2.078461 0.000000 1.500000
v -2.165064 0.000000 1.450000
v -2.251666 0.000000 1.400000
v -2.338269 0.000000 1.350000
v -2.338269 0.000000 1.250000
v -2.338269 0.000000 1.150000
v -2.338269 0.000000 1.050000
v -2.338269 0.000000 0.950000
v -2.338269 0.000000 0.850000
v -2.338269 0.000000 0.750000
v -2.338269 0.000000 0.650000
v -2.338269 0.000000 0.550000
v -2.338269 0.000000 0.450000
v -2.338269 0.000000 0.350000
v -2.338269 0.000000 0.250000
v -2.338269 0.000000 0.150000
v -2.338269 -0.267750 0.050000
v -2.338269 -0.267750 -0.050000
v -2.338269 -0.267750 -0.150000
v -2.338269 -0.267750 -0.250000
v -2.338269 -0.267750 -0.350000
v -2.338269 -0.267750 -0.450000
v -2.338269 -0.267750 -0.550000
v -2.338269 0.000000 -0.650000
v -2.338269 0.000000 -0.750000
v -2.338269 0.000000 -0.850000
v -2.338269 0.000000 -0.950000
v -2.338269 0.000000 -1.050000
v -2.338269 0.000000 -1.150000
v -2.338269 0.000000 -1.250000
v -2.338269 0.000000 -1.350000
v -2.251666 0.000000 -1.400000
v -2.165064 0.000000 -1.450000
v -2.078461 0.000000 -1.500000
v -1.991858 0.000000 -1.550000
v -1.905256 0.000000 -1.600000
v -1.818653 0.000000 -1.650000
v -1.732051 0.000000 -1.700000
v -1.645448 0.000000 -1.750000
v -1.558846 0.000000 -1.800000
v -1.472243 0.000000 -1.850000
v -1.385641 0.000000 -1.900000
v -1.299038 -0.267750 -1.950000
v -1.212436 -0.267750 -2.000000
v -1.125833 -0.267750 -2.050000
v -1.039230 -0.267750 -2.100000
v -0.952628 -0.267750 -2.150000
v -0.866025 -0.267750 -2.200000
v -0.779423 -0.267750 -2.250000
v -0.692820 0.000000 -2.300000
v -0.606218 0.000000 -2.350000
v -0.519615 0.000000 -2.400000
v -0.433013 0.000000 -2.450000
v -0.346410 0.000000 -2.500000
v -0.259808 0.000000 -2.550000
v -0.173205 0.000000 -2.600000
v -0.086603 0.000000 -2.650000
v 0.000000 0.000000 -2.800000
v 0.086603 0.000000 -2.750000
v 0.173205 0.000000 -2.700000
v 0.259808 0.000000 -2.650000
v 0.346410 0.000000 -2.600000
v 0.433013 0.000000 -2.550000
v 0.519615 0.000000 -2.500000
v 0.606218 0.000000 -2.450000
v 0.692820 0.000000 -2.400000
v 0.779423 0.000000 -2.350000
v 0.866025 0.000000 -2.300000
v 0.952628 0.000000 -2.250000
v 1.039230 0.000000 -2.200000
v 1.125833 0.000000 -2.150000
v 1.212436 -0.241778 -2.100000
v 1.299038 -0.241778 -2.050000
v 1.385641 -0.241778 -2.000000
v 1.472243 -0.241778 -1.950000
v 1.558846 -0.241778 -1.900000
v 1.645448 -0.241778 -1.850000
v 1.732051 -0.241778 -1.800000
v 1.818653 0.000000 -1.750000
v 1.905256 0.000000 -1.700000
v 1.991858 0.000000 -1.650000
v 2.078461 0.000000 -1.600000
v 2.165064 0.000000 -1.550000
v 2.251666 0.000000 -1.500000
v 2.338269 0.000000 -1.450000
v 2.424871 0.000000 -1.400000
v 2.424871 0.000000 -1.300000
v 2.424871 0.000000 -1.200000
v 2.424871 0.000000 -1.100000
v 2.424871 0.000000 -1.000000
v 2.424871 0.000000 -0.900000
v 2.424871 0.000000 -0.800000
v 2.424871 0.000000 -0.700000
v 2.424871 0.000000 -0.600000
v 2.424871 0.000000 -0.500000
v 2.424871 0.000000 -0.400000
v 2.424871 0.000000 -0.300000
v 2.424871 -0.241778 -0.200000
v 2.424871 -0.241778 -0.100000
v 2.424871 -0.241778 -0.000000
v 2.424871 -0.241778 0.100000
v 2.424871 -0.241778 0.200000
v 2.424871 -0.241778 0.300000
v 2.424871 -0.241778 0.400000
v 2.424871 0.000000 0.500000
v 2.424871 0.000000 0.600000
v 2.424871 0.000000 0.700000
v 2.424871 0.000000 0.800000
v 2.424871 0.000000 0.900000
v 2.424871 0.000000 1.000000
v 2.424871 0.000000 1.100000
v 2.424871 0.000000 1.200000
v 2.424871 0.000000 1.300000
v 2.424871 0.000000 1.400000
v 2.338269 0.000000 1.450000
v 2.251666 0.000000 1.500000
v 2.165064 0.000000 1.550000
v 2.078461 0.000000 1.600000
v 1.991858 -0.241778 1.650000
v 1.905256 -0.241778 1.700000
v 1.818653 -0.241778 1.750000
v 1.732051 -0.241778 1.800000
v 1.645448 -0.241778 1.850000
v 1.558846 -0.241778 1.900000
v 1.472243 -0.241778 1.950000
v 1.385641 0.000000 2.000000
v 1.299038 0.000000 2.050000
v 1.212436 0.000000 2.100000
v 1.125833 0.000000 2.150000
v 1.039230 0.000000 2.200000
v 0.952628 0.000000 2.250000
v 0.866025 0.000000 2.300000
v 0.779423 0.000000 2.350000
v 0.692820 0.000000 2.400000
v 0.606218 0.000000 2.450000
v 0.519615 0.000000 2.500000
v 0.433013 0.000000 2.550000
v 0.346410 0.000000 2.600000
v 0.259808 0.000000 2.650000
v 0.173205 0.000000 2.700000
v 0.086603 0.000000 2.750000
v 0.000000 0.000000 2.800000
v -0.086603 0.000000 2.750000
v -0.173205 0.000000 2.700000
v -0.259808 0.000000 2.650000
v -0.346410 0.000000 2.600000
v -0.433013 0.000000 2.550000
v -0.519615 0.000000 2.500000
v -0.606218 -0.241778 2.450000
v -0.692820 -0.241778 2.400000
v -0.779423 -0.241778 2.350000
v -0.866025 -0.241778 2.300000
v -0.952628 -0.241778 2.250000
v -1.039230 -0.241778 2.200000
v -1.125833 -0.241778 2.150000
v -1.212436 0.000000 2.100000
v -1.299038 0.000000 2.050000
v -1.385641 0.000000 2.000000
v -1.472243 0.000000 1.950000
v -1.558846 0.000000 1.900000
v -1.645448 0.000000 1.850000
v -1.732051 0.000000 1.800000
v -1.818653 0.000000 1.750000
v -1.905256 0.000000 1.700000
v -1.991858 0.000000 1.650000
v -2.078461 0.000000 1.600000
v -2.165064 0.000000 1.550000
v -2.251666 0.000000 1.500000
v -2.338269 0.000000 1.450000
v -2.424871 0.000000 1.400000
v -2.424871 0.000000 1.300000
v -2.424871 0.000000 1.200000
v -2.424871 0.000000 1.100000
v -2.424871 0.000000 1.000000
v -2.424871 0.000000 0.900000
v -2.424871 0.000000 0.800000
v -2.424871 0.000000 0.700000
v -2.424871 0.000000 0.600000
v -2.424871 0.000000 0.500000
v -2.424871 0.000000 0.400000
v -2.424871 0.000000 0.300000
v -2.424871 0.000000 0.200000
v -2.424871 0.000000 0.100000
v -2.424871 -0.241778 0.000000
v -2.424871 -0.241778 -0.100000
v -2.424871 -0.241778 -0.200000
v -2.424871 -0.241778 -0.300000
v -2.424871 -0.241778 -0.400000
v -2.424871 -0.241778 -0.500000
v -2.424871 -0.241778 -0.600000
v -2.424871 0.000000 -0.700000
v -2.424871 0.000000 -0.800000
v -2.424871 0.000000 -0.900000
v -2.424871 0.000000 -1.000000
v -2.424871 0.000000 -1.100000
v -2.424871 0.000000 -1.200000
v -2.424871 0.000000 -1.300000
v -2.424871 0.000000 -1.400000
v -2.338269 0.000000 -1.450000
v -2.251666 0.000000 -1.500000
v -2.165064 0.000000 -1.550000
v -2.078461 0.000000 -1.600000
v -1.991858 0.000000 -1.650000
v -1.905256 0.000000 -1.700000
v -1.818653 0.000000 -1.750000
v -1.732051 0.000000 -1.800000
v -1.645448 0.000000 -1.850000
v -1.558846 0.000000 -1.900000
v -1.472243 0.000000 -1.950000
v -1.385641 -0.241778 -2.000000
v -1.299038 -0.241778 -2.050000
v -1.212436 -0.241778 -2.100000
v -1.125833 -0.241778 -2.150000
v -1.039230 -0.241778 -2.200000
v -0.952628 -0.241778 -2.250000
v -0.866025 -0.241778 -2.300000
v -0.779423 0.000000 -2.350000
v -0.692820 0.000000 -2.400000
v -0.606218 0.000000 -2.450000
v -0.519615 0.000000 -2.500000
v -0.433013 0.000000 -2.550000
v -0.346410 0.000000 -2.600000
v -0.259808 0.000000 -2.650000
v -0.173205 0.000000 -2.700000
v -0.086603 0.000000 -2.750000
v 0.000000 0.000000 -2.900000
v 0.086603 0.000000 -2.850000
v 0.173205 0.000000 -2.800000
v 0.259808 0.000000 -2.750000
v 0.346410 0.000000 -2.700000
v 0.433013 0.000000 -2.650000
v 0.519615 0.000000 -2.600000
v 0.606218 0.000000 -2.550000
v 0.692820 0.000000 -2.500000
v 0.779423 0.000000 -2.450000
v 0.866025 0.000000 -2.400000
v 0.952628 0.000000 -2.350000
v 1.039230 0.000000 -2.300000
v 1.125833 0.000000 -2.250000
v 1.212436 -0.214861 -2.200000
v 1.299038 -0.214861 -2.150000
v 1.385641 -0.214861 -2.100000
v 1.472243 -0.214861 -2.050000
v 1.558846 -0.214861 -2.000000
v 1.645448 -0.214861 -1.950000
v 1.732051 -0.214861 -1.900000
v 1.818653 0.000000 -1.850000
v 1.905256 0.000000 -1.800000
v 1.991858 0.000000 -1.750000
v 2.078461 0.000000 -1.700000
v 2.165064 0.000000 -1.650000
v 2.251666 0.000000 -1.600000
v 2.338269 0.000000 -1.550000
v 2.424871 0.000000 -1.500000
v 2.511474 0.000000 -1.450000
v 2.511474 0.000000 -1.350000
v 2.511474 0.000000 -1.250000
v 2.511474 0.000000 -1.150000
v 2.511474 0.000000 -1.050000
v 2.511474 0.000000 -0.950000
v 2.511474 0.000000 -0.850000
v 2.511474 0.000000 -0.750000
v 2.511474 0.000000 -0.650000
v 2.511474 0.000000 -0.550000
v 2.511474 0.000000 -0.450000
v 2.511474 0.000000 -0.350000
v 2.511474 -0.214861 -0.250000
v 2.511474 -0.214861 -0.150000
v 2.511474 -0.214861 -0.050000
v 2.511474 -0.214861 0.050000
v 2.511474 -0.214861 0.150000
v 2.511474 -0.214861 0.250000
v 2.511474 -0.214861 0.350000
v 2.511474 0.000000 0.450000
v 2.511474 0.000000 0.550000
v 2.511474 0.000000 0.650000
v 2.511474 0.000000 0.750000
v 2.511474 0.000000 0.850000
v 2.511474 0.000000 0.950000
v 2.511474 0.000000 1.050000
v 2.511474 0.000000 1.150000
v 2.511474 0.000000 1.250000
v 2.511474 0.000000 1.350000
v 2.511474 0.000000 1.450000
v 2.424871 0.000000 1.500000
v 2.338269 0.000000 1.550000
v 2.251666 0.000000 1.600000
v 2.165064 0.000000 1.650000
v 2.078461 0.000000 1.700000
v 1.991858 -0.214861 1.750000
v 1.905256 -0.214861 1.800000
v 1.818653 -0.214861 1.850000
v 1.732051 -0.214861 1.900000
v 1.645448 -0.214861 1.950000
v 1.558846 -0.214861 2.000000
v 1.472243 -0.214861 2.050000
v 1.385641 0.000000 2.100000
v 1.299038 0.000000 2.150000
v 1.212436 0.000000 2.200000
v 1.125833 0.000000 2.250000
v 1.039230 0.000000 2.300000
v 0.952628 0.000000 2.350000
v 0.866025 0.000000 2.400000
v 0.779423 0.000000 2.450000
v 0.692820 0.000000 2.500000
v 0.606218 0.000000 2.550000
v 0.519615 0.000000 2.600000
v 0.433013 0.000000 2.650000
v 0.346410 0.000000 2.700000
v 0.259808 0.000000 2.750000
v 0.173205 0.000000 2.800000
v 0.086603 0.000000 2.850000
v 0.000000 0.000000 2.900000
v -0.086603 0.000000 2.850000
v -0.173205 0.000000 2.800000
v -0.259808 0.000000 2.750000
v -0.346410 0.000000 2.700000
v -0.433013 0.000000 2.650000
v -0.519615 0.000000 2.600000
v -0.606218 0.000000 2.550000
v -0.692820 -0.214861 2.500000
v -0.779423 -0.214861 2.450000
v -0.866025 -0.214861 2.400000
v -0.952628 -0.214861 2.350000
v -1.039230 -0.214861 2.300000
v -1.125833 -0.214861 2.250000
v -1.212436 -0.214861 2.200000
v -1.299038 0.000000 2.150000
v -1.385641 0.000000 2.100000
v -1.472243 0.000000 2.050000
v -1.558846 0.000000 2.000000
v -1.645448 0.000000 1.950000
v -1.732051 0.000000 1.900000
v -1.818653 0.000000 1.850000
v -1.905256 0.000000 1.800000
v -1.991858 0.000000 1.750000
v -2.078461 0.000000 1.700000
v -2.165064 0.000000 1.650000
v -2.251666 0.000000 1.600000
v -2.338269 0.000000 1.550000
v -2.424871 0.000000 1.500000
v -2.511474 0.000000 1.450000
v -2.511474 0.000000 1.350000
v -2.511474 0.000000 1.250000
v -2.511474 0.000000 1.150000
v -2.511474 0.000000 1.050000
v -2.511474 0.000000 0.950000
v -2.511474 0.000000 0.850000
v -2.511474 0.000000 0.750000
v -2.511474 0.000000 0.650000
v -2.511474 0.000000 0.550000
v -2.511474 0.000000 0.450000
v -2.511474 0.000000 0.350000
v -2.511474 0.000000 0.250000
v -2.511474 0.000000 0.150000
v -2.511474 -0.214861 0.050000
v -2.511474 -0.214861 -0.050000
v -2.511474 -0.214861 -0.150000
v -2.511474 -0.214861 -0.250000
v -2.511474 -0.214861 -0.350000
v -2.511474 -0.214861 -0.450000
v -2.511474 -0.214861 -0.550000
v -2.511474 0.000000 -0.650000
v -2.511474 0.000000 -0.750000
v -2.511474 0.000000 -0.850000
v -2.511474 0.000000 -0.950000
v -2.511474 0.000000 -1.050000
v -2.511474 0.000000 -1.150000
v -2.511474 0.000000 -1.250000
v -2.511474 0.000000 -1.350000
v -2.511474 0.000000 -1.450000
v -2.424871 0.000000 -1.500000
v -2.338269 0.000000 -1.550000
v -2.251666 0.000000 -1.600000
v -2.165064 0.000000 -1.650000
v -2.078461 0.000000 -1.700000
v -1.991858 0.000000 -1.750000
v -1.905256 0.000000 -1.800000
v -1.818653 0.000000 -1.850000
v -1.732051 0.000000 -1.900000
v -1.645448 0.000000 -1.950000
v -1.558846 0.000000 -2.000000
v -1.472243 -0.214861 -2.050000
v -1.385641 -0.214861 -2.100000
v -1.299038 -0.214861 -2.150000
v -1.212436 -0.214861 -2.200000
v -1.125833 -0.214861 -2.250000
v -1.039230 -0.214861 -2.300000
v -0.952628 -0.214861 -2.350000
v -0.866025 0.000000 -2.400000
v -0.779423 0.000000 -2.450000
v -0.692820 0.000000 -2.500000
v -0.606218 0.000000 -2.550000
v -0.519615 0.000000 -2.600000
v -0.433013 0.000000 -2.650000
v -0.346410 0.000000 -2.700000
v -0.259808 0.000000 -2.750000
v -0.173205 0.000000 -2.800000
v -0.086603 0.000000 -2.850000
v 0.000000 0.000000 -3.000000
v 0.086603 0.000000 -2.950000
v 0.173205 0.000000 -2.900000
v 0.259808 0.000000 -2.850000
v 0.346410 0.000000 -2.800000
v 0.433013 0.000000 -2.750000
v 0.519615 0.000000 -2.700000
v 0.606218 0.000000 -2.650000
v 0.692820 0.000000 -2.600000
v 0.779423 0.000000 -2.550000
v 0.866025 0.000000 -2.500000
v 0.952628 0.000000 -2.450000
v 1.039230 0.000000 -2.400000
v 1.125833 0.000000 -2.350000
v 1.212436 -0.187000 -2.300000
v 1.299038 -0.187000 -2.250000
v 1.385641 -0.187000 -2.200000
v 1.472243 -0.187000 -2.150000
v 1.558846 -0.187000 -2.100000
v 1.645448 -0.187000 -2.050000
v 1.732051 -0.187000 -2.000000
v 1.818653 0.000000 -1.950000
v 1.905256 0.000000 -1.900000
v 1.991858 0.000000 -1.850000
v 2.078461 0.000000 -1.800000
v 2.165064 0.000000 -1.750000
v 2.251666 0.000000 -1.700000
v 2.338269 0.000000 -1.650000
v 2.424871 0.000000 -1.600000
v 2.511474 0.000000 -1.550000
v 2.598076 0.000000 -1.500000
v 2.598076 0.000000 -1.400000
v 2.598076 0.000000 -1.300000
v 2.598076 0.000000 -1.200000
v 2.598076 0.000000 -1.100000
v 2.598076 0.000000 -1.000000
v 2.598076 0.000000 -0.900000
v 2.598076 0.000000 -0.800000
v 2.598076 0.000000 -0.700000
v 2.598076 0.000000 -0.600000
v 2.598076 0.000000 -0.500000
v 2.598076 0.000000 -0.400000
v 2.598076 -0.187000 -0.300000
v 2.598076 -0.187000 -0.200000
v 2.598076 -0.187000 -0.100000
v 2.598076 -0.187000 -0.000000
v 2.598076 -0.187000 0.100000
v 2.598076 -0.187000 0.200000
v 2.598076 -0.187000 0.300000
v 2.598076 0.000000 0.400000
v 2.598076 0.000000 0.500000
v 2.598076 0.000000 0.600000
v 2.598076 0.000000 0.700000
v 2.598076 0.000000 0.800000
v 2.598076 0.000000 0.900000
v 2.598076 0.000000 1.000000
v 2.598076 0.000000 1.100000
v 2.598076 0.000000 1.200000
v 2.598076 0.000000 1.300000
v 2.598076 0.000000 1.400000
v 2.598076 0.000000 1.500000
v 2.511474 0.000000 1.550000
v 2.424871 0.000000 1.600000
v 2.338269 0.000000 1.650000
v 2.251666 0.000000 1.700000
v 2.165064 0.000000 1.750000
v 2.078461 0.000000 1.800000
v 1.991858 -0.187000 1.850000
v 1.905256 -0.187000 1.900000
v 1.818653 -0.187000 1.950000
v 1.732051 -0.187000 2.000000
v 1.645448 -0.187000 2.050000
v 1.558846 -0.187000 2.100000
v 1.472243 -0.187000 2.150000
v 1.385641 0.000000 2.200000
v 1.299038 0.000000 2.250000
v 1.212436 0.000000 2.300000
v 1.125833 0.000000 2.350000
v 1.039230 0.000000 2.400000
v 0.952628 0.000000 2.450000
v 0.866025 0.000000 2.500000
v 0.779423 0.000000 2.550000
v 0.692820 0.000000 2.600000
v 0.606218 0.000000 2.650000
v 0.519615 0.000000 2.700000
v 0.433013 0.000000 2.750000
v 0.346410 0.000000 2.800000
v 0.259808 0.000000 2.850000
v 0.173205 0.000000 2.900000
v 0.086603 0.000000 2.950000
v 0.000000 0.000000 3.000000
v -0.086603 0.000000 2.950000
v -0.173205 0.000000 2.900000
v -0.259808 0.000000 2.850000
v -0.346410 0.000000 2.800000
v -0.433013 0.000000 2.750000
v -0.519615 0.000000 2.700000
v -0.606218 0.000000 2.650000
v -0.692820 0.000000 2.600000
v -0.779423 -0.187000 2.550000
v -0.866025 -0.187000 2.500000
v -0.952628 -0.187000 2.450000
v -1.039230 -0.187000 2.400000
v -1.125833 -0.187000 2.350000
v -1.212436 -0.187000 2.300000
v -1.299038 -0.187000 2.250000
v -1.385641 0.000000 2.200000
v -1.472243 0.000000 2.150000
v -1.558846 0.000000 2.100000
v -1.645448 0.000000 2.050000
v -1.732051 0.000000 2.000000
v -1.818653 0.000000 1.950000
v -1.905256 0.000000 1.900000
v -1.991858 0.000000 1.850000
v -2.078461 0.000000 1.800000
v -2.165064 0.000000 1.750000
v -2.251666 0.000000 1.700000
v -2.338269 0.000000 1.650000
v -2.424871 0.000000 1.600000
v -2.511474 0.000000 1.550000
v -2.598076 0.000000 1.500000
v -2.598076 0.000000 1.400000
v -2.598076 0.000000 1.300000
v -2.598076 0.000000 1.200000
v -2.598076 0.000000 1.100000
v -2.598076 0.000000 1.000000
v -2.598076 0.000000 0.900000
v -2.598076 0.000000 0.800000
v -2.598076 0.000000 0.700000
v -2.598076 0.000000 0.600000
v -2.598076 0.000000 0.500000
v -2.598076 0.000000 0.400000
v -2.598076 0.000000 0.300000
v -2.598076 0.000000 0.200000
v -2.598076 -0.187000 0.100000
v -2.598076 -0.187000 0.000000
v -2.598076 -0.187000 -0.100000
v -2.598076 -0.187000 -0.200000
v -2.598076 -0.187000 -0.300000
v -2.598076 -0.187000 -0.400000
v -2.598076 -0.187000 -0.500000
v -2.598076 0.000000 -0.600000
v -2.598076 0.000000 -0.700000
v -2.598076 0.000000 -0.800000
v -2.598076 0.000000 -0.900000
v -2.598076 0.000000 -1.000000
v -2.598076 0.000000 -1.100000
v -2.598076 0.000000 -1.200000
v -2.598076 0.000000 -1.300000
v -2.598076 0.000000 -1.400000
v -2.598076 0.000000 -1.500000
v -2.511474 0.000000 -1.550000
v -2.424871 0.000000 -1.600000
v -2.338269 0.000000 -1.650000
v -2.251666 0.000000 -1.700000
v -2.165064 0.000000 -1.750000
v -2.078461 0.000000 -1.800000
v -1.991858 0.000000 -1.850000
v -1.905256 0.000000 -1.900000
v -1.818653 0.000000 -1.950000
v -1.732051 0.000000 -2.000000
v -1.645448 0.000000 -2.050000
v -1.558846 -0.187000 -2.100000
v -1.472243 -0.187000 -2.150000
v -1.385641 -0.187000 -2.200000
v -1.299038 -0.187000 -2.250000
v -1.212436 -0.187000 -2.300000
v -1.125833 -0.187000 -2.350000
v -1.039230 -0.187000 -2.400000
v -0.952628 0.000000 -2.450000
v -0.866025 0.000000 -2.500000
v -0.779423 0.000000 -2.550000
v -0.692820 0.000000 -2.600000
v -0.606218 0.000000 -2.650000
v -0.519615 0.000000 -2.700000
v -0.433013 0.000000 -2.750000
v -0.346410 0.000000 -2.800000
v -0.259808 0.000000 -2.850000
v -0.173205 0.000000 -2.900000
v -0.086603 0.000000 -2.950000
v 0.000000 0.000000 -3.100000
v 0.086603 0.000000 -3.050000
v 0.173205 0.000000 -3.000000
v 0.259808 0.000000 -2.950000
v 0.346410 0.000000 -2.900000
v 0.433013 0.000000 -2.850000
v 0.519615 0.000000 -2.800000
v 0.606218 0.000000 -2.750000
v 0.692820 0.000000 -2.700000
v 0.779423 0.000000 -2.650000
v 0.866025 0.000000 -2.600000
v 0.952628 0.000000 -2.550000
v 1.039230 0.000000 -2.500000
v 1.125833 0.000000 -2.450000
v 1.212436 -0.158194 -2.400000
v 1.299038 -0.158194 -2.350000
v 1.385641 -0.158194 -2.300000
v 1.472243 -0.158194 -2.250000
v 1.558846 -0.158194 -2.200000
v 1.645448 -0.158194 -2.150000
v 1.732051 -0.158194 -2.100000
v 1.818653 0.000000 -2.050000
v 1.905256 0.000000 -2.000000
v 1.991858 0.000000 -1.950000
v 2.078461 0.000000 -1.900000
v 2.165064 0.000000 -1.850000
v 2.251666 0.000000 -1.800000
v 2.338269 0.000000 -1.750000
v 2.424871 0.000000 -1.700000
v 2.511474 0.000000 -1.650000
v 2.598076 0.000000 -1.600000
v 2.684679 0.000000 -1.550000
v 2.684679 0.000000 -1.450000
v 2.684679 0.000000 -1.350000
v 2.684679 0.000000 -1.250000
v 2.684679 0.000000 -1.150000
v 2.684679 0.000000 -1.050000
v 2.684679 0.000000 -0.950000
v 2.684679 0.000000 -0.850000
v 2.684679 0.000000 -0.750000
v 2.684679 0.000000 -0.650000
v 2.684679 0.000000 -0.550000
v 2.684679 0.000000 -0.450000
v 2.684679 -0.158194 -0.350000
v 2.684679 -0.158194 -0.250000
v 2.684679 -0.158194 -0.150000
v 2.684679 -0.158194 -0.050000
v 2.684679 -0.158194 0.050000
v 2.684679 -0.158194 0.150000
v 2.684679 -0.158194 0.250000
v 2.684679 0.000000 0.350000
v 2.684679 0.000000 0.450000
v 2.684679 0.000000 0.550000
v 2.684679 0.000000 0.650000
v 2.684679 0.000000 0.750000
v 2.684679 0.000000 0.850000
v 2.684679 0.000000 0.950000
v 2.684679 0.000000 1.050000
v 2.684679 0.000000 1.150000
v 2.684679 0.000000 1.250000
v 2.684679 0.000000 1.350000
v 2.684679 0.000000 1.450000
v 2.684679 0.000000 1.550000
v 2.598076 0.000000 1.600000
v 2.511474 0.000000 1.650000
v 2.424871 0.000000 1.700000
v 2.338269 0.000000 1.750000
v 2.251666 0.000000 1.800000
v 2.165064 0.000000 1.850000
v 2.078461 0.000000 1.900000
v 1.991858 -0.158194 1.950000
v 1.905256 -0.158194 2.000000
v 1.818653 -0.158194 2.050000
v 1.732051 -0.158194 2.100000
v 1.645448 -0.158194 2.150000
v 1.558846 -0.158194 2.200000
v 1.472243 -0.158194 2.250000
v 1.385641 0.000000 2.300000
v 1.299038 0.000000 2.350000
v 1.212436 0.000000 2.400000
v 1.125833 0.000000 2.450000
v 1.039230 0.000000 2.500000
v 0.952628 0.000000 2.550000
v 0.866025 0.000000 2.600000
v 0.779423 0.000000 2.650000
v 0.692820 0.000000 2.700000
v 0.606218 0.000000 2.750000
v 0.519615 0.000000 2.800000
v 0.433013 0.000000 2.850000
v 0.346410 0.000000 2.900000
v 0.259808 0.000000 2.950000
v 0.173205 0.000000 3.000000
v 0.086603 0.000000 3.050000
v 0.000000 0.000000 3.100000
v -0.086603 0.000000 3.050000
v -0.173205 0.000000 3.000000
v -0.259808 0.000000 2.950000
v -0.346410 0.000000 2.900000
v -0.433013 0.000000 2.850000
v -0.519615 0.000000 2.800000
v -0.606218 0.000000 2.750000
v -0.692820 0.000000 2.700000
v -0.779423 0.000000 2.650000
v -0.866025 -0.158194 2.600000
v -0.952628 -0.158194 2.550000
v -1.039230 -0.158194 2.500000
v -1.125833 -0.158194 2.450000
v -1.212436 -0.158194 2.400000
v -1.299038 -0.158194 2.350000
v -1.385641 -0.158194 2.300000
v -1.472243 0.000000 2.250000
v -1.558846 0.000000 2.200000
v -1.645448 0.000000 2.150000
v -1.732051 0.000000 2.100000
v -1.818653 0.000000 2.050000
v -1.905256 0.000000 2.000000
v -1.991858 0.000000 1.950000
v -2.078461 0.000000 1.900000
v -2.165064 0.000000 1.850000
v -2.251666 0.000000 1.800000
v -2.338269 0.000000 1.750000
v -2.424871 0.000000 1.700000
v -2.511474 0.000000 1.650000
v -2.598076 0.000000 1.600000
v -2.684679 0.000000 1.550000
v -2.684679 0.000000 1.450000
v -2.684679 0.000000 1.350000
v -2.684679 0.000000 1.250000
v -2.684679 0.000000 1.150000
v -2.684679 0.000000 1.050000
v -2.684679 0.000000 0.950000
v -2.684679 0.000000 0.850000
v -2.684679 0.000000 0.750000
v -2.684679 0.000000 0.650000
v -2.684679 0.000000 0.550000
v -2.684679 0.000000 0.450000
v -2.684679 0.000000 0.350000
v -2.684679 0.000000 0.250000
v -2.684679 0.000000 0.150000
v -2.684679 -0.158194 0.050000
v -2.684679 -0.158194 -0.050000
v -2.684679 -0.158194 -0.150000
v -2.684679 -0.158194 -0.250000
v -2.684679 -0.158194 -0.350000
v -2.684679 -0.158194 -0.450000
v -2.684679 -0.158194 -0.550000
v -2.684679 0.000000 -0.650000
v -2.684679 0.000000 -0.750000
v -2.684679 0.000000 -0.850000
v -2.684679 0.000000 -0.950000
v -2.684679 0.000000 -1.050000
v -2.684679 0.000000 -1.150000
v -2.684679 0.000000 -1.250000
v -2.684679 0.000000 -1.350000
v -2.684679 0.000000 -1.450000
v -2.684679 0.000000 -1.550000
v -2.598076 0.000000 -1.600000
v -2.511474 0.000000 -1.650000
v -2.424871 0.000000 -1.700000
v -2.338269 0.000000 -1.750000
v -2.251666 0.000000 -1.800000
v -2.165064 0.000000 -1.850000
v -2.078461 0.000000 -1.900000
v -1.991858 0.000000 -1.950000
v -1.905256 0.000000 -2.000000
v -1.818653 0.000000 -2.050000
v -1.732051 0.000000 -2.100000
v -1.645448 0.000000 -2.150000
v -1.558846 -0.158194 -2.200000
v -1.472243 -0.158194 -2.250000
v -1.385641 -0.158194 -2.300000
v -1.299038 -0.158194 -2.350000
v -1.212436 -0.158194 -2.400000
v -1.125833 -0.158194 -2.450000
v -1.039230 -0.158194 -2.500000
v -0.952628 0.000000 -2.550000
v -0.866025 0.000000 -2.600000
v -0.779423 0.000000 -2.650000
v -0.692820 0.000000 -2.700000
v -0.606218 0.000000 -2.750000
v -0.519615 0.000000 -2.800000
v -0.433013 0.000000 -2.850000
v -0.346410 0.000000 -2.900000
v -0.259808 0.000000 -2.950000
v -0.173205 0.000000 -3.000000
v -0.086603 0.000000 -3.050000
v 0.000000 0.000000 -3.200000
v 0.086603 0.000000 -3.150000
v 0.173205 0.000000 -3.100000
v 0.259808 0.000000 -3.050000
v 0.346410 0.000000 -3.000000
v 0.433013 0.000000 -2.950000
v 0.519615 0.000000 -2.900000
v 0.606218 0.000000 -2.850000
v 0.692820 0.000000 -2.800000
v 0.779423 0.000000 -2.750000
v 0.866025 0.000000 -2.700000
v 0.952628 0.000000 -2.650000
v 1.039230 0.000000 -2.600000
v 1.125833 0.000000 -2.550000
v 1.212436 -0.128444 -2.500000
v 1.299038 -0.128444 -2.450000
v 1.385641 -0.128444 -2.400000
v 1.472243 -0.128444 -2.350000
v 1.558846 -0.128444 -2.300000
v 1.645448 -0.128444 -2.250000
v 1.732051 -0.128444 -2.200000
v 1.818653 0.000000 -2.150000
v 1.905256 0.000000 -2.100000
v 1.991858 0.000000 -2.050000
v 2.078461 0.000000 -2.000000
v 2.165064 0.000000 -1.950000
v 2.251666 0.000000 -1.900000
v 2.338269 0.000000 -1.850000
v 2.424871 0.000000 -1.800000
v 2.511474 0.000000 -1.750000
v 2.598076 0.000000 -1.700000
v 2.684679 0.000000 -1.650000
v 2.771281 0.000000 -1.600000
v 2.771281 0.000000 -1.500000
v 2.771281 0.000000 -1.400000
v 2.771281 0.000000 -1.300000
v 2.771281 0.000000 -1.200000
v 2.771281 0.000000 -1.100000
v 2.771281 0.000000 -1.000000
v 2.771281 0.000000 -0.900000
v 2.771281 0.000000 -0.800000
v 2.771281 0.000000 -0.700000
v 2.771281 0.000000 -0.600000
v 2.771281 0.000000 -0.500000
v 2.771281 0.000000 -0.400000
v 2.771281 -0.128444 -0.300000
v 2.771281 -0.128444 -0.200000
v 2.771281 -0.128444 -0.100000
v 2.771281 -0.128444 -0.000000
v 2.771281 -0.128444 0.100000
v 2.771281 -0.128444 0.200000
v 2.771281 -0.128444 0.300000
v 2.771281 0.000000 0.400000
v 2.771281 0.000000 0.500000
v 2.771281 0.000000 0.600000
v 2.771281 0.000000 0.700000
v 2.771281 0.000000 0.800000
v 2.771281 0.000000 0.900000
v 2.771281 0.000000 1.000000
v 2.771281 0.000000 1.100000
v 2.771281 0.000000 1.200000
v 2.771281 0.000000 1.300000
v 2.771281 0.000000 1.400000
v 2.771281 0.000000 1.500000
v 2.771281 0.000000 1.600000
v 2.684679 0.000000 1.650000
v 2.598076 0.000000 1.700000
v 2.511474 0.000000 1.750000
v 2.424871 0.000000 1.800000
v 2.338269 0.000000 1.850000
v 2.251666 0.000000 1.900000
v 2.165064 0.000000 1.950000
v 2.078461 0.000000 2.000000
v 1.991858 -0.128444 2.050000
v 1.905256 -0.128444 2.100000
v 1.818653 -0.128444 2.150000
v 1.732051 -0.128444 2.200000
v 1.645448 -0.128444 2.250000
v 1.558846 -0.128444 2.300000
v 1.472243 -0.128444 2.350000
v 1.385641 0.000000 2.400000
v 1.299038 0.000000 2.450000
v 1.212436 0.000000 2.500000
v 1.125833 0.000000 2.550000
v 1.039230 0.000000 2.600000
v 0.952628 0.000000 2.650000
v 0.866025 0.000000 2.700000
v 0.779423 0.000000 2.750000
v 0.692820 0.000000 2.800000
v 0.606218 0.000000 2.850000
v 0.519615 0.000000 2.900000
v 0.433013 0.000000 2.950000
v 0.346410 0.000000 3.000000
v 0.259808 0.000000 3.050000
v 0.173205 0.000000 3.100000
v 0.086603 0.000000 3.150000
v 0.000000 0.000000 3.200000
v -0.086603 0.000000 3.150000
v -0.173205 0.000000 3.100000
v -0.259808 0.000000 3.050000
v -0.346410 0.000000 3.000000
v -0.433013 0.000000 2.950000
v -0.519615 0.000000 2.900000
v -0.606218 0.000000 2.850000
v -0.692820 0.000000 2.800000
v -0.779423 0.000000 2.750000
v -0.866025 0.000000 2.700000
v -0.952628 -0.128444 2.650000
v -1.039230 -0.128444 2.600000
v -1.125833 -0.128444 2.550000
v -1.212436 -0.128444 2.500000
v -1.299038 -0.128444 2.450000
v -1.385641 -0.128444 2.400000
v -1.472243 -0.128444 2.350000
v -1.558846 0.000000 2.300000
v -1.645448 0.000000 2.250000
v -1.732051 0.000000 2.200000
v -1.818653 0.000000 2.150000
v -1.905256 0.000000 2.100000
v -1.991858 0.000000 2.050000
v -2.078461 0.000000 2.000000
v -2.165064 0.000000 1.950000
v -2.251666 0.000000 1.900000
v -2.338269 0.000000 1.850000
v -2.424871 0.000000 1.800000
v -2.511474 0.000000 1.750000
v -2.598076 0.000000 1.700000
v -2.684679 0.000000 1.650000
v -2.771281 0.000000 1.600000
v -2.771281 0.000000 1.500000
v -2.771281 0.000000 1.400000
v -2.771281 0.000000 1.300000
v -2.771281 0.000000 1.200000
v -2.771281 0.000000 1.100000
v -2.771281 0.000000 1.000000
v -2.771281 0.000000 0.900000
v -2.771281 0.000000 0.800000
v -2.771281 0.000000 0.700000
v -2.771281 0.000000 0.600000
v -2.771281 0.000000 0.500000
v -2.771281 0.000000 0.400000
v -2.771281 0.000000 0.300000
v -2.771281 0.000000 0.200000
v -2.771281 -0.128444 0.100000
v -2.771281 -0.128444 0.000000
v -2.771281 -0.128444 -0.100000
v -2.771281 -0.128444 -0.200000
v -2.771281 -0.128444 -0.300000
v -2.771281 -0.128444 -0.400000
v -2.771281 -0.128444 -0.500000
v -2.771281 0.000000 -0.600000
v -2.771281 0.000000 -0.700000
v -2.771281 0.000000 -0.800000
v -2.771281 0.000000 -0.900000
v -2.771281 0.000000 -1.000000
v -2.771281 0.000000 -1.100000
v -2.771281 0.000000 -1.200000
v -2.771281 0.000000 -1.300000
v -2.771281 0.000000 -1.400000
v -2.771281 0.000000 -1.500000
v -2.771281 0.000000 -1.600000
v -2.684679 0.000000 -1.650000
v -2.598076 0.000000 -1.700000
v -2.511474 0.000000 -1.750000
v -2.424871 0.000000 -1.800000
v -2.338269 0.000000 -1.850000
v -2.251666 0.000000 -1.900000
v -2.165064 0.000000 -1.950000
v -2.078461 0.000000 -2.000000
v -1.991858 0.000000 -2.050000
v -1.905256 0.000000 -2.100000
v -1.818653 0.000000 -2.150000
v -1.732051 0.000000 -2.200000
v -1.645448 0.000000 -2.250000
v -1.558846 -0.128444 -2.300000
v -1.472243 -0.128444 -2.350000
v -1.385641 -0.128444 -2.400000
v -1.299038 -0.128444 -2.450000
v -1.212436 -0.128444 -2.500000
v -1.125833 -0.128444 -2.550000
v -1.039230 -0.128444 -2.600000
v -0.952628 0.000000 -2.650000
v -0.866025 0.000000 -2.700000
v -0.779423 0.000000 -2.750000
v -0.692820 0.000000 -2.800000
v -0.606218 0.000000 -2.850000
v -0.519615 0.000000 -2.900000
v -0.433013 0.000000 -2.950000
v -0.346410 0.000000 -3.000000
v -0.259808 0.000000 -3.050000
v -0.173205 0.000000 -3.100000
v -0.086603 0.000000 -3.150000
v 0.000000 0.000000 -3.300000
v 0.086603 0.000000 -3.250000
v 0.173205 0.000000 -3.200000
v 0.259808 0.000000 -3.150000
v 0.346410 0.000000 -3.100000
v 0.433013 0.000000 -3.050000
v 0.519615 0.000000 -3.000000
v 0.606218 0.000000 -2.950000
v 0.692820 0.000000 -2.900000
v 0.779423 0.000000 -2.850000
v 0.866025 0.000000 -2.800000
v 0.952628 0.000000 -2.750000
v 1.039230 0.000000 -2.700000
v 1.125833 0.000000 -2.650000
v 1.212436 -0.097750 -2.600000
v 1.299038 -0.097750 -2.550000
v 1.385641 -0.097750 -2.500000
v 1.472243 -0.097750 -2.450000
v 1.558846 -0.097750 -2.400000
v 1.645448 -0.097750 -2.350000
v 1.732051 -0.097750 -2.300000
v 1.818653 0.000000 -2.250000
v 1.905256 0.000000 -2.200000
v 1.991858 0.000000 -2.150000
v 2.078461 0.000000 -2.100000
v 2.165064 0.000000 -2.050000
v 2.251666 0.000000 -2.000000
v 2.338269 0.000000 -1.950000
v 2.424871 0.000000 -1.900000
v 2.511474 0.000000 -1.850000
v 2.598076 0.000000 -1.800000
v 2.684679 0.000000 -1.750000
v 2.771281 0.000000 -1.700000
v 2.857884 0.000000 -1.650000
v 2.857884 0.000000 -1.550000
v 2.857884 0.000000 -1.450000
v 2.857884 0.000000 -1.350000
v 2.857884 0.000000 -1.250000
v 2.857884 0.000000 -1.150000
v 2.857884 0.000000 -1.050000
v 2.857884 0.000000 -0.950000
v 2.857884 0.000000 -0.850000
v 2.857884 0.000000 -0.750000
v 2.857884 0.000000 -0.650000
v 2.857884 0.000000 -0.550000
v 2.857884 0.000000 -0.450000
v 2.857884 0.000000 -0.350000
v 2.857884 -0.097750 -0.250000
v 2.857884 -0.097750 -0.150000
v 2.857884 -0.097750 -0.050000
v 2.857884 -0.097750 0.050000
v 2.857884 -0.097750 0.150000
v 2.857884 -0.097750 0.250000
v 2.857884 -0.097750 0.350000
v 2.857884 0.000000 0.450000
v 2.857884 0.000000 0.550000
v 2.857884 0.000000 0.650000
v 2.857884 0.000000 0.750000
v 2.857884 0.000000 0.850000
v 2.857884 0.000000 0.950000
v 2.857884 0.000000 1.050000
v 2.857884 0.000000 1.150000
v 2.857884 0.000000 1.250000
v 2.857884 0.000000 1.350000
v 2.857884 0.000000 1.450000
v 2.857884 0.000000 1.550000
v 2.857884 0.000000 1.650000
v 2.771281 0.000000 1.700000
v 2.684679 0.000000 1.750000
v 2.598076 0.000000 1.800000
v 2.511474 0.000000 1.850000
v 2.424871 0.000000 1.900000
v 2.338269 0.000000 1.950000
v 2.251666 0.000000 2.000000
v 2.165064 0.000000 2.050000
v 2.078461 0.000000 2.100000
v 1.991858 -0.097750 2.150000
v 1.905256 -0.097750 2.200000
v 1.818653 -0.097750 2.250000
v 1.732051 -0.097750 2.300000
v 1.645448 -0.097750 2.350000
v 1.558846 -0.097750 2.400000
v 1.472243 -0.097750 2.450000
v 1.385641 0.000000 2.500000
v 1.299038 0.000000 2.550000
v 1.212436 0.000000 2.600000
v 1.125833 0.000000 2.650000
v 1.039230 0.000000 2.700000
v 0.952628 0.000000 2.750000
v 0.866025 0.000000 2.800000
v 0.779423 0.000000 2.850000
v 0.692820 0.000000 2.900000
v 0.606218 0.000000 2.950000
v 0.519615 0.000000 3.000000
v 0.433013 0.000000 3.050000
v 0.346410 0.000000 3.100000
v 0.259808 0.000000 3.150000
v 0.173205 0.000000 3.200000
v 0.086603 0.000000 3.250000
v 0.000000 0.000000 3.300000
v -0.086603 0.000000 3.250000
v -0.173205 0.000000 3.200000
v -0.259808 0.000000 3.150000
v -0.346410 0.000000 3.100000
v -0.433013 0.000000 3.050000
v -0.519615 0.000000 3.000000
v -0.606218 0.000000 2.950000
v -0.692820 0.000000 2.900000
v -0.779423 0.000000 2.850000
v -0.866025 0.000000 2.800000
v -0.952628 -0.097750 2.750000
v -1.039230 -0.097750 2.700000
v -1.125833 -0.097750 2.650000
v -1.212436 -0.097750 2.600000
v -1.299038 -0.097750 2.550000
v -1.385641 -0.097750 2.500000
v -1.472243 -0.097750 2.450000
v -1.558846 0.000000 2.400000
v -1.645448 0.000000 2.350000
v -1.732051 0.000000 2.300000
v -1.818653 0.000000 2.250000
v -1.905256 0.000000 2.200000
v -1.991858 0.000000 2.150000
v -2.078461 0.000000 2.100000
v -2.165064 0.000000 2.050000
v -2.251666 0.000000 2.000000
v -2.338269 0.000000 1.950000
v -2.424871 0.000000 1.900000
v -2.511474 0.000000 1.850000
v -2.598076 0.000000 1.800000
v -2.684679 0.000000 1.750000
v -2.771281 0.000000 1.700000
v -2.857884 0.000000 1.650000
v -2.857884 0.000000 1.550000
v -2.857884 0.000000 1.450000
v -2.857884 0.000000 1.350000
v -2.857884 0.000000 1.250000
v -2.857884 0.000000 1.150000
v -2.857884 0.000000 1.050000
v -2.857884 0.000000 0.950000
v -2.857884 0.000000 0.850000
v -2.857884 0.000000 0.750000
v -2.857884 0.000000 0.650000
v -2.857884 0.000000 0.550000
v -2.857884 0.000000 0.450000
v -2.857884 0.000000 0.350000
v -2.857884 0.000000 0.250000
v -2.857884 -0.097750 0.150000
v -2.857884 -0.097750 0.050000
v -2.857884 -0.097750 -0.050000
v -2.857884 -0.097750 -0.150000
v -2.857884 -0.097750 -0.250000
v -2.857884 -0.097750 -0.350000
v -2.857884 -0.097750 -0.450000
v -2.857884 0.000000 -0.550000
v -2.857884 0.000000 -0.650000
v -2.857884 0.000000 -0.750000
v -2.857884 0.000000 -0.850000
v -2.857884 0.000000 -0.950000
v -2.857884 0.000000 -1.050000
v -2.857884 0.000000 -1.150000
v -2.857884 0.000000 -1.250000
v -2.857884 0.000000 -1.350000
v -2.857884 0.000000 -1.450000
v -2.857884 0.000000 -1.550000
v -2.857884 0.000000 -1.650000
v -2.771281 0.000000 -1.700000
v -2.684679 0.000000 -1.750000
v -2.598076 0.000000 -1.800000
v -2.511474 0.000000 -1.850000
v -2.424871 0.000000 -1.900000
v -2.338269 0.000000 -1.950000
v -2.251666 0.000000 -2.000000
v -2.165064 0.000000 -2.050000
v -2.078461 0.000000 -2.100000
v -1.991858 0.000000 -2.150000
v -1.905256 0.000000 -2.200000
v -1.818653 0.000000 -2.250000
v -1.732051 0.000000 -2.300000
v -1.645448 -0.097750 -2.350000
v -1.558846 -0.097750 -2.400000
v -1.472243 -0.097750 -2.450000
v -1.385641 -0.097750 -2.500000
v -1.299038 -0.097750 -2.550000
v -1.212436 -0.097750 -2.600000
v -1.125833 -0.097750 -2.650000
v -1.039230 0.000000 -2.700000
v -0.952628 0.000000 -2.750000
v -0.866025 0.000000 -2.800000
v -0.779423 0.000000 -2.850000
v -0.692820 0.000000 -2.900000
v -0.606218 0.000000 -2.950000
v -0.519615 0.000000 -3.000000
v -0.433013 0.000000 -3.050000
v -0.346410 0.000000 -3.100000
v -0.259808 0.000000 -3.150000
v -0.173205 0.000000 -3.200000
v -0.086603 0.000000 -3.250000
v 0.000000 0.000000 -3.400000
v 0.086603 0.000000 -3.350000
v 0.173205 0.000000 -3.300000
v 0.259808 0.000000 -3.250000
v 0.346410 0.000000 -3.200000
v 0.433013 0.000000 -3.150000
v 0.519615 0.000000 -3.100000
v 0.606218 0.000000 -3.050000
v 0.692820 0.000000 -3.000000
v 0.779423 0.000000 -2.950000
v 0.866025 0.000000 -2.900000
v 0.952628 0.000000 -2.850000
v 1.039230 0.000000 -2.800000
v 1.125833 0.000000 -2.750000
v 1.212436 -0.066111 -2.700000
v 1.299038 -0.066111 -2.650000
v 1.385641 -0.066111 -2.600000
v 1.472243 -0.066111 -2.550000
v 1.558846 -0.066111 -2.500000
v 1.645448 -0.066111 -2.450000
v 1.732051 -0.066111 -2.400000
v 1.818653 0.000000 -2.350000
v 1.905256 0.000000 -2.300000
v 1.991858 0.000000 -2.250000
v 2.078461 0.000000 -2.200000
v 2.165064 0.000000 -2.150000
v 2.251666 0.000000 -2.100000
v 2.338269 0.000000 -2.050000
v 2.424871 0.000000 -2.000000
v 2.511474 0.000000 -1.950000
v 2.598076 0.000000 -1.900000
v 2.684679 0.000000 -1.850000
v 2.771281 0.000000 -1.800000
v 2.857884 0.000000 -1.750000
v 2.944486 0.000000 -1.700000
v 2.944486 0.000000 -1.600000
v 2.944486 0.000000 -1.500000
v 2.944486 0.000000 -1.400000
v 2.944486 0.000000 -1.300000
v 2.944486 0.000000 -1.200000
v 2.944486 0.000000 -1.100000
v 2.944486 0.000000 -1.000000
v 2.944486 0.000000 -0.900000
v 2.944486 0.000000 -0.800000
v 2.944486 0.000000 -0.700000
v 2.944486 0.000000 -0.600000
v 2.944486 0.000000 -0.500000
v 2.944486 0.000000 -0.400000
v 2.944486 -0.066111 -0.300000
v 2.944486 -0.066111 -0.200000
v 2.944486 -0.066111 -0.100000
v 2.944486 -0.066111 -0.000000
v 2.944486 -0.066111 0.100000
v 2.944486 -0.066111 0.200000
v 2.944486 -0.066111 0.300000
v 2.944486 0.000000 0.400000
v 2.944486 0.000000 0.500000
v 2.944486 0.000000 0.600000
v 2.944486 0.000000 0.700000
v 2.944486 0.000000 0.800000
v 2.944486 0.000000 0.900000
v 2.944486 0.000000 1.000000
v 2.944486 0.000000 1.100000
v 2.944486 0.000000 1.200000
v 2.944486 0.000000 1.300000
v 2.944486 0.000000 1.400000
v 2.944486 0.000000 1.500000
v 2.944486 0.000000 1.600000
v 2.944486 0.000000 1.700000
v 2.857884 0.000000 1.750000
v 2.771281 0.000000 1.800000
v 2.684679 0.000000 1.850000
v 2.598076 0.000000 1.900000
v 2.511474 0.000000 1.950000
v 2.424871 0.000000 2.000000
v 2.338269 0.000000 2.050000
v 2.251666 0.000000 2.100000
v 2.165064 0.000000 2.150000
v 2.078461 0.000000 2.200000
v 1.991858 -0.066111 2.250000
v 1.905256 -0.066111 2.300000
v 1.818653 -0.066111 2.350000
v 1.732051 -0.066111 2.400000
v 1.645448 -0.066111 2.450000
v 1.558846 -0.066111 2.500000
v 1.472243 -0.066111 2.550000
v 1.385641 0.000000 2.600000
v 1.299038 0.000000 2.650000
v 1.212436 0.000000 2.700000
v 1.125833 0.000000 2.750000
v 1.039230 0.000000 2.800000
v 0.952628 0.000000 2.850000
v 0.866025 0.000000 2.900000
v 0.779423 0.000000 2.950000
v 0.692820 0.000000 3.000000
v 0.606218 0.000000 3.050000
v 0.519615 0.000000 3.100000
v 0.433013 0.000000 3.150000
v 0.346410 0.000000 3.200000
v 0.259808 0.000000 3.250000
v 0.173205 0.000000 3.300000
v 0.086603 0.000000 3.350000
v 0.000000 0.000000 3.400000
v -0.086603 0.000000 3.350000
v -0.173205 0.000000 3.300000
v -0.259808 0.000000 3.250000
v -0.346410 0.000000 3.200000
v -0.433013 0.000000 3.150000
v -0.519615 0.000000 3.100000
v -0.606218 0.000000 3.050000
v -0.692820 0.000000 3.000000
v -0.779423 0.000000 2.950000
v -0.866025 0.000000 2.900000
v -0.952628 0.000000 2.850000
v -1.039230 -0.066111 2.800000
v -1.125833 -0.066111 2.750000
v -1.212436 -0.066111 2.700000
v -1.299038 -0.066111 2.650000
v -1.385641 -0.066111 2.600000
v -1.472243 -0.066111 2.550000
v -1.558846 -0.066111 2.500000
v -1.645448 0.000000 2.450000
v -1.732051 0.000000 2.400000
v -1.818653 0.000000 2.350000
v -1.905256 0.000000 2.300000
v -1.991858 0.000000 2.250000
v -2.078461 0.000000 2.200000
v -2.165064 0.000000 2.150000
v -2.251666 0.000000 2.100000
v -2.338269 0.000000 2.050000
v -2.424871 0.000000 2.000000
v -2.511474 0.000000 1.950000
v -2.598076 0.000000 1.900000
v -2.684679 0.000000 1.850000
v -2.771281 0.000000 1.800000
v -2.857884 0.000000 1.750000
v -2.944486 0.000000 1.700000
v -2.944486 0.000000 1.600000
v -2.944486 0.000000 1.500000
v -2.944486 0.000000 1.400000
v -2.944486 0.000000 1.300000
v -2.944486 0.000000 1.200000
v -2.944486 0.000000 1.100000
v -2.944486 0.000000 1.000000
v -2.944486 0.000000 0.900000
v -2.944486 0.000000 0.800000
v -2.944486 0.000000 0.700000
v -2.944486 0.000000 0.600000
v -2.944486 0.000000 0.500000
v -2.944486 0.000000 0.400000
v -2.944486 0.000000 0.300000
v -2.944486 -0.066111 0.200000
v -2.944486 -0.066111 0.100000
v -2.944486 -0.066111 0.000000
v -2.944486 -0.066111 -0.100000
v -2.944486 -0.066111 -0.200000
v -2.944486 -0.066111 -0.300000
v -2.944486 -0.066111 -0.400000
v -2.944486 0.000000 -0.500000
v -2.944486 0.000000 -0.600000
v -2.944486 0.000000 -0.700000
v -2.944486 0.000000 -0.800000
v -2.944486 0.000000 -0.900000
v -2.944486 0.000000 -1.000000
v -2.944486 0.000000 -1.100000
v -2.944486 0.000000 -1.200000
v -2.944486 0.000000 -1.300000
v -2.944486 0.000000 -1.400000
v -2.944486 0.000000 -1.500000
v -2.944486 0.000000 -1.600000
v -2.944486 0.000000 -1.700000
v -2.857884 0.000000 -1.750000
v -2.771281 0.000000 -1.800000
v -2.684679 0.000000 -1.850000
v -2.598076 0.000000 -1.900000
v -2.511474 0.000000 -1.950000
v -2.424871 0.000000 -2.000000
v -2.338269 0.000000 -2.050000
v -2.251666 0.000000 -2.100000
v -2.165064 0.000000 -2.150000
v -2.078461 0.000000 -2.200000
v -1.991858 0.000000 -2.250000
v -1.905256 0.000000 -2.300000
v -1.818653 0.000000 -2.350000
v -1.732051 -0.066111 -2.400000
v -1.645448 -0.066111 -2.450000
v -1.558846 -0.066111 -2.500000
v -1.472243 -0.066111 -2.550000
v -1.385641 -0.066111 -2.600000
v -1.299038 -0.066111 -2.650000
v -1.212436 -0.066111 -2.700000
v -1.125833 0.000000 -2.750000
v -1.039230 0.000000 -2.800000
v -0.952628 0.000000 -2.850000
v -0.866025 0.000000 -2.900000
v -0.779423 0.000000 -2.950000
v -0.692820 0.000000 -3.000000
v -0.606218 0.000000 -3.050000
v -0.519615 0.000000 -3.100000
v -0.433013 0.000000 -3.150000
v -0.346410 0.000000 -3.200000
v -0.259808 0.000000 -3.250000
v -0.173205 0.000000 -3.300000
v -0.086603 0.000000 -3.350000
v 0.000000 0.000000 -3.500000
v 0.086603 0.000000 -3.450000
v 0.173205 0.000000 -3.400000
v 0.259808 0.000000 -3.350000
v 0.346410 0.000000 -3.300000
v 0.433013 0.000000 -3.250000
v 0.519615 0.000000 -3.200000
v 0.606218 0.000000 -3.150000
v 0.692820 0.000000 -3.100000
v 0.779423 0.000000 -3.050000
v 0.866025 0.000000 -3.000000
v 0.952628 0.000000 -2.950000
v 1.039230 0.000000 -2.900000
v 1.125833 0.000000 -2.850000
v 1.212436 0.000000 -2.800000
v 1.299038 -0.033528 -2.750000
v 1.385641 -0.033528 -2.700000
v 1.472243 -0.033528 -2.650000
v 1.558846 -0.033528 -2.600000
v 1.645448 -0.033528 -2.550000
v 1.732051 -0.033528 -2.500000
v 1.818653 -0.033528 -2.450000
v 1.905256 0.000000 -2.400000
v 1.991858 0.000000 -2.350000
v 2.078461 0.000000 -2.300000
v 2.165064 0.000000 -2.250000
v 2.251666 0.000000 -2.200000
v 2.338269 0.000000 -2.150000
v 2.424871 0.000000 -2.100000
v 2.511474 0.000000 -2.050000
v 2.598076 0.000000 -2.000000
v 2.684679 0.000000 -1.950000
v 2.771281 0.000000 -1.900000
v 2.857884 0.000000 -1.850000
v 2.944486 0.000000 -1.800000
v 3.031089 0.000000 -1.750000
v 3.031089 0.000000 -1.650000
v 3.031089 0.000000 -1.550000
v 3.031089 0.000000 -1.450000
v 3.031089 0.000000 -1.350000
v 3.031089 0.000000 -1.250000
v 3.031089 0.000000 -1.150000
v 3.031089 0.000000 -1.050000
v 3.031089 0.000000 -0.950000
v 3.031089 0.000000 -0.850000
v 3.031089 0.000000 -0.750000
v 3.031089 0.000000 -0.650000
v 3.031089 0.000000 -0.550000
v 3.031089 0.000000 -0.450000
v 3.031089 -0.033528 -0.350000
v 3.031089 -0.033528 -0.250000
v 3.031089 -0.033528 -0.150000
v 3.031089 -0.033528 -0.050000
v 3.031089 -0.033528 0.050000
v 3.031089 -0.033528 0.150000
v 3.031089 -0.033528 0.250000
v 3.031089 0.000000 0.350000
v 3.031089 0.000000 0.450000
v 3.031089 0.000000 0.550000
v 3.031089 0.000000 0.650000
v 3.031089 0.000000 0.750000
v 3.031089 0.000000 0.850000
v 3.031089 0.000000 0.950000
v 3.031089 0.000000 1.050000
v 3.031089 0.000000 1.150000
v 3.031089 0.000000 1.250000
v 3.031089 0.000000 1.350000
v 3.031089 0.000000 1.450000
v 3.031089 0.000000 1.550000
v 3.031089 0.000000 1.650000
v 3.031089 0.000000 1.750000
v 2.944486 0.000000 1.800000
v 2.857884 0.000000 1.850000
v 2.771281 0.000000 1.900000
v 2.684679 0.000000 1.950000
v 2.598076 0.000000 2.000000
v 2.511474 0.000000 2.050000
v 2.424871 0.000000 2.100000
v 2.338269 0.000000 2.150000
v 2.251666 0.000000 2.200000
v 2.165064 0.000000 2.250000
v 2.078461 0.000000 2.300000
v 1.991858 -0.033528 2.350000
v 1.905256 -0.033528 2.400000
v 1.818653 -0.033528 2.450000
v 1.732051 -0.033528 2.500000
v 1.645448 -0.033528 2.550000
v 1.558846 -0.033528 2.600000
v 1.472243 -0.033528 2.650000
v 1.385641 0.000000 2.700000
v 1.299038 0.000000 2.750000
v 1.212436 0.000000 2.800000
v 1.125833 0.000000 2.850000
v 1.039230 0.000000 2.900000
v 0.952628 0.000000 2.950000
v 0.866025 0.000000 3.000000
v 0.779423 0.000000 3.050000
v 0.692820 0.000000 3.100000
v 0.606218 0.000000 3.150000
v 0.519615 0.000000 3.200000
v 0.433013 0.000000 3.250000
v 0.346410 0.000000 3.300000
v 0.259808 0.000000 3.350000
v 0.173205 0.000000 3.400000
v 0.086603 0.000000 3.450000
v 0.000000 0.000000 3.500000
v -0.086603 0.000000 3.450000
v -0.173205 0.000000 3.400000
v -0.259808 0.000000 3.350000
v -0.346410 0.000000 3.300000
v -0.433013 0.000000 3.250000
v -0.519615 0.000000 3.200000
v -0.606218 0.000000 3.150000
v -0.692820 0.000000 3.100000
v -0.779423 0.000000 3.050000
v -0.866025 0.000000 3.000000
v -0.952628 0.000000 2.950000
v -1.039230 0.000000 2.900000
v -1.125833 -0.033528 2.850000
v -1.212436 -0.033528 2.800000
v -1.299038 -0.033528 2.750000
v -1.385641 -0.033528 2.700000
v -1.472243 -0.033528 2.650000
v -1.558846 -0.033528 2.600000
v -1.645448 -0.033528 2.550000
v -1.732051 0.000000 2.500000
v -1.818653 0.000000 2.450000
v -1.905256 0.000000 2.400000
v -1.991858 0.000000 2.350000
v -2.078461 0.000000 2.300000
v -2.165064 0.000000 2.250000
v -2.251666 0.000000 2.200000
v -2.338269 0.000000 2.150000
v -2.424871 0.000000 2.100000
v -2.511474 0.000000 2.050000
v -2.598076 0.000000 2.000000
v -2.684679 0.000000 1.950000
v -2.771281 0.000000 1.900000
v -2.857884 0.000000 1.850000
v -2.944486 0.000000 1.800000
v -3.031089 0.000000 1.750000
v -3.031089 0.000000 1.650000
v -3.031089 0.000000 1.550000
v -3.031089 0.000000 1.450000
v -3.031089 0.000000 1.350000
v -3.031089 0.000000 1.250000
v -3.031089 0.000000 1.150000
v -3.031089 0.000000 1.050000
v -3.031089 0.000000 0.950000
v -3.031089 0.000000 0.850000
v -3.031089 0.000000 0.750000
v -3.031089 0.000000 0.650000
v -3.031089 0.000000 0.550000
v -3.031089 0.000000 0.450000
v -3.031089 0.000000 0.350000
v -3.031089 0.000000 0.250000
v -3.031089 -0.033528 0.150000
v -3.031089 -0.033528 0.050000
v -3.031089 -0.033528 -0.050000
v -3.031089 -0.033528 -0.150000
v -3.031089 -0.033528 -0.250000
v -3.031089 -0.033528 -0.350000
v -3.031089 -0.033528 -0.450000
v -3.031089 0.000000 -0.550000
v -3.031089 0.000000 -0.650000
v -3.031089 0.000000 -0.750000
v -3.031089 0.000000 -0.850000
v -3.031089 0.000000 -0.950000
v -3.031089 0.000000 -1.050000
v -3.031089 0.000000 -1.150000
v -3.031089 0.000000 -1.250000
v -3.031089 0.000000 -1.350000
v -3.031089 0.000000 -1.450000
v -3.031089 0.000000 -1.550000
v -3.031089 0.000000 -1.650000
v -3.031089 0.000000 -1.750000
v -2.944486 0.000000 -1.800000
v -2.857884 0.000000 -1.850000
v -2.771281 0.000000 -1.900000
v -2.684679 0.000000 -1.950000
v -2.598076 0.000000 -2.000000
v -2.511474 0.000000 -2.050000
v -2.424871 0.000000 -2.100000
v -2.338269 0.000000 -2.150000
v -2.251666 0.000000 -2.200000
v -2.165064 0.000000 -2.250000
v -2.078461 0.000000 -2.300000
v -1.991858 0.000000 -2.350000
v -1.905256 0.000000 -2.400000
v -1.818653 0.000000 -2.450000
v -1.732051 -0.033528 -2.500000
v -1.645448 -0.033528 -2.550000
v -1.558846 -0.033528 -2.600000
v -1.472243 -0.033528 -2.650000
v -1.385641 -0.033528 -2.700000
v -1.299038 -0.033528 -2.750000
v -1.212436 -0.033528 -2.800000
v -1.125833 0.000000 -2.850000
v -1.039230 0.000000 -2.900000
v -0.952628 0.000000 -2.950000
v -0.866025 0.000000 -3.000000
v -0.779423 0.000000 -3.050000
v -0.692820 0.000000 -3.100000
v -0.606218 0.000000 -3.150000
v -0.519615 0.000000 -3.200000
v -0.433013 0.000000 -3.250000
v -0.346410 0.000000 -3.300000
v -0.259808 0.000000 -3.350000
v -0.173205 0.000000 -3.400000
v -0.086603 0.000000 -3.450000
v 0.000000 0.000000 -3.600000
v 0.086603 0.000000 -3.550000
v 0.173205 0.000000 -3.500000
v 0.259808 0.000000 -3.450000
v 0.346410 0.000000 -3.400000
v 0.433013 0.000000 -3.350000
v 0.519615 0.000000 -3.300000
v 0.606218 0.000000 -3.250000
v 0.692820 0.000000 -3.200000
v 0.779423 0.000000 -3.150000
v 0.866025 0.000000 -3.100000
v 0.952628 0.000000 -3.050000
v 1.039230 0.000000 -3.000000
v 1.125833 0.000000 -2.950000
v 1.212436 0.000000 -2.900000
v 1.299038 0.000000 -2.850000
v 1.385641 0.000000 -2.800000
v 1.472243 0.000000 -2.750000
v 1.558846 0.000000 -2.700000
v 1.645448 0.000000 -2.650000
v 1.732051 0.000000 -2.600000
v 1.818653 0.000000 -2.550000
v 1.905256 0.000000 -2.500000
v 1.991858 0.000000 -2.450000
v 2.078461 0.000000 -2.400000
v 2.165064 0.000000 -2.350000
v 2.251666 0.000000 -2.300000
v 2.338269 0.000000 -2.250000
v 2.424871 0.000000 -2.200000
v 2.511474 0.000000 -2.150000
v 2.598076 0.000000 -2.100000
v 2.684679 0.000000 -2.050000
v 2.771281 0.000000 -2.000000
v 2.857884 0.000000 -1.950000
v 2.944486 0.000000 -1.900000
v 3.031089 0.000000 -1.850000
v 3.117692 0.000000 -1.800000
v 3.117692 0.000000 -1.700000
v 3.117692 0.000000 -1.600000
v 3.117692 0.000000 -1.500000
v 3.117692 0.000000 -1.400000
v 3.117692 0.000000 -1.300000
v 3.117692 0.000000 -1.200000
v 3.117692 0.000000 -1.100000
v 3.117692 0.000000 -1.000000
v 3.117692 0.000000 -0.900000
v 3.117692 0.000000 -0.800000
v 3.117692 0.000000 -0.700000
v 3.117692 0.000000 -0.600000
v 3.117692 0.000000 -0.500000
v 3.117692 0.000000 -0.400000
v 3.117692 0.000000 -0.300000
v 3.117692 0.000000 -0.200000
v 3.117692 0.000000 -0.100000
v 3.117692 0.000000 -0.000000
v 3.117692 0.000000 0.100000
v 3.117692 0.000000 0.200000
v 3.117692 0.000000 0.300000
v 3.117692 0.000000 0.400000
v 3.117692 0.000000 0.500000
v 3.117692 0.000000 0.600000
v 3.117692 0.000000 0.700000
v 3.117692 0.000000 0.800000
v 3.117692 0.000000 0.900000
v 3.117692 0.000000 1.000000
v 3.117692 0.000000 1.100000
v 3.117692 0.000000 1.200000
v 3.117692 0.000000 1.300000
v 3.117692 0.000000 1.400000
v 3.117692 0.000000 1.500000
v 3.117692 0.000000 1.600000
v 3.117692 0.000000 1.700000
v 3.117692 0.000000 1.800000
v 3.031089 0.000000 1.850000
v 2.944486 0.000000 1.900000
v 2.857884 0.000000 1.950000
v 2.771281 0.000000 2.000000
v 2.684679 0.000000 2.050000
v 2.598076 0.000000 2.100000
v 2.511474 0.000000 2.150000
v 2.424871 0.000000 2.200000
v 2.338269 0.000000 2.250000
v 2.251666 0.000000 2.300000
v 2.165064 0.000000 2.350000
v 2.078461 0.000000 2.400000
v 1.991858 0.000000 2.450000
v 1.905256 0.000000 2.500000
v 1.818653 0.000000 2.550000
v 1.732051 0.000000 2.600000
v 1.645448 0.000000 2.650000
v 1.558846 0.000000 2.700000
v 1.472243 0.000000 2.750000
v 1.385641 0.000000 2.800000
v 1.299038 0.000000 2.850000
v 1.212436 0.000000 2.900000
v 1.125833 0.000000 2.950000
v 1.039230 0.000000 3.000000
v 0.952628 0.000000 3.050000
v 0.866025 0.000000 3.100000
v 0.779423 0.000000 3.150000
v 0.692820 0.000000 3.200000
v 0.606218 0.000000 3.250000
v 0.519615 0.000000 3.300000
v 0.433013 0.000000 3.350000
v 0.346410 0.000000 3.400000
v 0.259808 0.000000 3.450000
v 0.173205 0.000000 3.500000
v 0.086603 0.000000 3.550000
v 0.000000 0.000000 3.600000
v -0.086603 0.000000 3.550000
v -0.173205 0.000000 3.500000
v -0.259808 0.000000 3.450000
v -0.346410 0.000000 3.400000
v -0.433013 0.000000 3.350000
v -0.519615 0.000000 3.300000
v -0.606218 0.000000 3.250000
v -0.692820 0.000000 3.200000
v -0.779423 0.000000 3.150000
v -0.866025 0.000000 3.100000
v -0.952628 0.000000 3.050000
v -1.039230 0.000000 3.000000
v -1.125833 0.000000 2.950000
v -1.212436 0.000000 2.900000
v -1.299038 0.000000 2.850000
v -1.385641 0.000000 2.800000
v -1.472243 0.000000 2.750000
v -1.558846 0.000000 2.700000
v -1.645448 0.000000 2.650000
v -1.732051 0.000000 2.600000
v -1.818653 0.000000 2.550000
v -1.905256 0.000000 2.500000
v -1.991858 0.000000 2.450000
v -2.078461 0.000000 2.400000
v -2.165064 0.000000 2.350000
v -2.251666 0.000000 2.300000
v -2.338269 0.000000 2.250000
v -2.424871 0.000000 2.200000
v -2.511474 0.000000 2.150000
v -2.598076 0.000000 2.100000
v -2.684679 0.000000 2.050000
v -2.771281 0.000000 2.000000
v -2.857884 0.000000 1.950000
v -2.944486 0.000000 1.900000
v -3.031089 0.000000 1.850000
v -3.117692 0.000000 1.800000
v -3.117692 0.000000 1.700000
v -3.117692 0.000000 1.600000
v -3.117692 0.000000 1.500000
v -3.117692 0.000000 1.400000
v -3.117692 0.000000 1.300000
v -3.117692 0.000000 1.200000
v -3.117692 0.000000 1.100000
v -3.117692 0.000000 1.000000
v -3.117692 0.000000 0.900000
v -3.117692 0.000000 0.800000
v -3.117692 0.000000 0.700000
v -3.117692 0.000000 0.600000
v -3.117692 0.000000 0.500000
v -3.117692 0.000000 0.400000
v -3.117692 0.000000 0.300000
v -3.117692 0.000000 0.200000
v -3.117692 0.000000 0.100000
v -3.117692 0.000000 0.000000
v -3.117692 0.000000 -0.100000
v -3.117692 0.000000 -0.200000
v -3.117692 0.000000 -0.300000
v -3.117692 0.000000 -0.400000
v -3.117692 0.000000 -0.500000
v -3.117692 0.000000 -0.600000
v -3.117692 0.000000 -0.700000
v -3.117692 0.000000 -0.800000
v -3.117692 0.000000 -0.900000
v -3.117692 0.000000 -1.000000
v -3.117692 0.000000 -1.100000
v -3.117692 0.000000 -1.200000
v -3.117692 0.000000 -1.300000
v -3.117692 0.000000 -1.400000
v -3.117692 0.000000 -1.500000
v -3.117692 0.000000 -1.600000
v -3.117692 0.000000 -1.700000
v -3.117692 0.000000 -1.800000
v -3.031089 0.000000 -1.850000
v -2.944486 0.000000 -1.900000
v -2.857884 0.000000 -1.950000
v -2.771281 0.000000 -2.000000
v -2.684679 0.000000 -2.050000
v -2.598076 0.000000 -2.100000
v -2.511474 0.000000 -2.150000
v -2.424871 0.000000 -2.200000
v -2.338269 0.000000 -2.250000
v -2.251666 0.000000 -2.300000
v -2.165064 0.000000 -2.350000
v -2.078461 0.000000 -2.400000
v -1.991858 0.000000 -2.450000
v -1.905256 0.000000 -2.500000
v -1.818653 0.000000 -2.550000
v -1.732051 0.000000 -2.600000
v -1.645448 0.000000 -2.650000
v -1.558846 0.000000 -2.700000
v -1.472243 0.000000 -2.750000
v -1.385641 0.000000 -2.800000
v -1.299038 0.000000 -2.850000
v -1.212436 0.000000 -2.900000
v -1.125833 0.000000 -2.950000
v -1.039230 0.000000 -3.000000
v -0.952628 0.000000 -3.050000
v -0.866025 0.000000 -3.100000
v -0.779423 0.000000 -3.150000
v -0.692820 0.000000 -3.200000
v -0.606218 0.000000 -3.250000
v -0.519615 0.000000 -3.300000
v -0.433013 0.000000 -3.350000
v -0.346410 0.000000 -3.400000
v -0.259808 0.000000 -3.450000
v -0.173205 0.000000 -3.500000
v -0.086603 0.000000 -3.550000
v 0.000000 0.000000 -3.700000
v 0.086603 0.000000 -3.650000
v 0.173205 0.000000 -3.600000
v 0.259808 0.000000 -3.550000
v 0.346410 0.000000 -3.500000
v 0.433013 0.000000 -3.450000
v 0.519615 0.000000 -3.400000
v 0.606218 0.000000 -3.350000
v 0.692820 0.000000 -3.300000
v 0.779423 0.000000 -3.250000
v 0.866025 0.000000 -3.200000
v 0.952628 0.000000 -3.150000
v 1.039230 0.000000 -3.100000
v 1.125833 0.000000 -3.050000
v 1.212436 0.000000 -3.000000
v 1.299038 0.000000 -2.950000
v 1.385641 0.000000 -2.900000
v 1.472243 0.000000 -2.850000
v 1.558846 0.000000 -2.800000
v 1.645448 0.000000 -2.750000
v 1.732051 0.000000 -2.700000
v 1.818653 0.000000 -2.650000
v 1.905256 0.000000 -2.600000
v 1.991858 0.000000 -2.550000
v 2.078461 0.000000 -2.500000
v 2.165064 0.000000 -2.450000
v 2.251666 0.000000 -2.400000
v 2.338269 0.000000 -2.350000
v 2.424871 0.000000 -2.300000
v 2.511474 0.000000 -2.250000
v 2.598076 0.000000 -2.200000
v 2.684679 0.000000 -2.150000
v 2.771281 0.000000 -2.100000
v 2.857884 0.000000 -2.050000
v 2.944486 0.000000 -2.000000
v 3.031089 0.000000 -1.950000
v 3.117692 0.000000 -1.900000
v 3.204294 0.000000 -1.850000
v 3.204294 0.000000 -1.750000
v 3.204294 0.000000 -1.650000
v 3.204294 0.000000 -1.550000
v 3.204294 0.000000 -1.450000
v 3.204294 0.000000 -1.350000
v 3.204294 0.000000 -1.250000
v 3.204294 0.000000 -1.150000
v 3.204294 0.000000 -1.050000
v 3.204294 0.000000 -0.950000
v 3.204294 0.000000 -0.850000
v 3.204294 0.000000 -0.750000
v 3.204294 0.000000 -0.650000
v 3.204294 0.000000 -0.550000
v 3.204294 0.000000 -0.450000
v 3.204294 0.000000 -0.350000
v 3.204294 0.000000 -0.250000
v 3.204294 0.000000 -0.150000
v 3.204294 0.000000 -0.050000
v 3.204294 0.000000 0.050000
v 3.204294 0.000000 0.150000
v 3.204294 0.000000 0.250000
v 3.204294 0.000000 0.350000
v 3.204294 0.000000 0.450000
v 3.204294 0.000000 0.550000
v 3.204294 0.000000 0.650000
v 3.204294 0.000000 0.750000
v 3.204294 0.000000 0.850000
v 3.204294 0.000000 0.950000
v 3.204294 0.000000 1.050000
v 3.204294 0.000000 1.150000
v 3.204294 0.000000 1.250000
v 3.204294 0.000000 1.350000
v 3.204294 0.000000 1.450000
v 3.204294 0.000000 1.550000
v 3.204294 0.000000 1.650000
v 3.204294 0.000000 1.750000
v 3.204294 0.000000 1.850000
v 3.117692 0.000000 1.900000
v 3.031089 0.000000 1.950000
v 2.944486 0.000000 2.000000
v 2.857884 0.000000 2.050000
v 2.771281 0.000000 2.100000
v 2.684679 0.000000 2.150000
v 2.598076 0.000000 2.200000
v 2.511474 0.000000 2.250000
v 2.424871 0.000000 2.300000
v 2.338269 0.000000 2.350000
v 2.251666 0.000000 2.400000
v 2.165064 0.000000 2.450000
v 2.078461 0.000000 2.500000
v 1.991858 0.000000 2.550000
v 1.905256 0.000000 2.600000
v 1.818653 0.000000 2.650000
v 1.732051 0.000000 2.700000
v 1.645448 0.000000 2.750000
v 1.558846 0.000000 2.800000
v 1.472243 0.000000 2.850000
v 1.385641 0.000000 2.900000
v 1.299038 0.000000 2.950000
v 1.212436 0.000000 3.000000
v 1.125833 0.000000 3.050000
v 1.039230 0.000000 3.100000
v 0.952628 0.000000 3.150000
v 0.866025 0.000000 3.200000
v 0.779423 0.000000 3.250000
v 0.692820 0.000000 3.300000
v 0.606218 0.000000 3.350000
v 0.519615 0.000000 3.400000
v 0.433013 0.000000 3.450000
v 0.346410 0.000000 3.500000
v 0.259808 0.000000 3.550000
v 0.173205 0.000000 3.600000
v 0.086603 0.000000 3.650000
v 0.000000 0.000000 3.700000
v -0.086603 0.000000 3.650000
v -0.173205 0.000000 3.600000
v -0.259808 0.000000 3.550000
v -0.346410 0.000000 3.500000
v -0.433013 0.000000 3.450000
v -0.519615 0.000000 3.400000
v -0.606218 0.000000 3.350000
v -0.692820 0.000000 3.300000
v -0.779423 0.000000 3.250000
v -0.866025 0.000000 3.200000
v -0.952628 0.000000 3.150000
v -1.039230 0.000000 3.100000
v -1.125833 0.000000 3.050000
v -1.212436 0.000000 3.000000
v -1.299038 0.000000 2.950000
v -1.385641 0.000000 2.900000
v -1.472243 0.000000 2.850000
v -1.558846 0.000000 2.800000
v -1.645448 0.000000 2.750000
v -1.732051 0.000000 2.700000
v -1.818653 0.000000 2.650000
v -1.905256 0.000000 2.600000
v -1.991858 0.000000 2.550000
v -2.078461 0.000000 2.500000
v -2.165064 0.000000 2.450000
v -2.251666 0.000000 2.400000
v -2.338269 0.000000 2.350000
v -2.424871 0.000000 2.300000
v -2.511474 0.000000 2.250000
v -2.598076 0.000000 2.200000
v -2.684679 0.000000 2.150000
v -2.771281 0.000000 2.100000
v -2.857884 0.000000 2.050000
v -2.944486 0.000000 2.000000
v -3.031089 0.000000 1.950000
v -3.117692 0.000000 1.900000
v -3.204294 0.000000 1.850000
v -3.204294 0.000000 1.750000
v -3.204294 0.000000 1.650000
v -3.204294 0.000000 1.550000
v -3.204294 0.000000 1.450000
v -3.204294 0.000000 1.350000
v -3.204294 0.000000 1.250000
v -3.204294 0.000000 1.150000
v -3.204294 0.000000 1.050000
v -3.204294 0.000000 0.950000
v -3.204294 0.000000 0.850000
v -3.204294 0.000000 0.750000
v -3.204294 0.000000 0.650000
v -3.204294 0.000000 0.550000
v -3.204294 0.000000 0.450000
v -3.204294 0.000000 0.350000
v -3.204294 0.000000 0.250000
v -3.204294 0.000000 0.150000
v -3.204294 0.000000 0.050000
v -3.204294 0.000000 -0.050000
v -3.204294 0.000000 -0.150000
v -3.204294 0.000000 -0.250000
v -3.204294 0.000000 -0.350000
v -3.204294 0.000000 -0.450000
v -3.204294 0.000000 -0.550000
v -3.204294 0.000000 -0.650000
v -3.204294 0.000000 -0.750000
v -3.204294 0.000000 -0.850000
v -3.204294 0.000000 -0.950000
v -3.204294 0.000000 -1.050000
v -3.204294 0.000000 -1.150000
v -3.204294 0.000000 -1.250000
v -3.204294 0.000000 -1.350000
v -3.204294 0.000000 -1.450000
v -3.204294 0.000000 -1.550000
v -3.204294 0.000000 -1.650000
v -3.204294 0.000000 -1.750000
v -3.204294 0.000000 -1.850000
v -3.117692 0.000000 -1.900000
v -3.031089 0.000000 -1.950000
v -2.944486 0.000000 -2.000000
v -2.857884 0.000000 -2.050000
v -2.771281 0.000000 -2.100000
v -2.684679 0.000000 -2.150000
v -2.598076 0.000000 -2.200000
v -2.511474 0.000000 -2.250000
v -2.424871 0.000000 -2.300000
v -2.338269 0.000000 -2.350000
v -2.251666 0.000000 -2.400000
v -2.165064 0.000000 -2.450000
v -2.078461 0.000000 -2.500000
v -1.991858 0.000000 -2.550000
v -1.905256 0.000000 -2.600000
v -1.818653 0.000000 -2.650000
v -1.732051 0.000000 -2.700000
v -1.645448 0.000000 -2.750000
v -1.558846 0.000000 -2.800000
v -1.472243 0.000000 -2.850000
v -1.385641 0.000000 -2.900000
v -1.299038 0.000000 -2.950000
v -1.212436 0.000000 -3.000000
v -1.125833 0.000000 -3.050000
v -1.039230 0.000000 -3.100000
v -0.952628 0.000000 -3.150000
v -0.866025 0.000000 -3.200000
v -0.779423 0.000000 -3.250000
v -0.692820 0.000000 -3.300000
v -0.606218 0.000000 -3.350000
v -0.519615 0.000000 -3.400000
v -0.433013 0.000000 -3.450000
v -0.346410 0.000000 -3.500000
v -0.259808 0.000000 -3.550000
v -0.173205 0.000000 -3.600000
v -0.086603 0.000000 -3.650000
v 0.000000 0.000000 -3.800000
v 0.086603 0.000000 -3.750000
v 0.173205 0.000000 -3.700000
v 0.259808 0.000000 -3.650000
v 0.346410 0.000000 -3.600000
v 0.433013 0.000000 -3.550000
v 0.519615 0.000000 -3.500000
v 0.606218 0.000000 -3.450000
v 0.692820 0.000000 -3.400000
v 0.779423 0.000000 -3.350000
v 0.866025 0.000000 -3.300000
v 0.952628 0.000000 -3.250000
v 1.039230 0.000000 -3.200000
v 1.125833 0.000000 -3.150000
v 1.212436 0.000000 -3.100000
v 1.299038 0.000000 -3.050000
v 1.385641 0.000000 -3.000000
v 1.472243 0.000000 -2.950000
v 1.558846 0.000000 -2.900000
v 1.645448 0.000000 -2.850000
v 1.732051 0.000000 -2.800000
v 1.818653 0.000000 -2.750000
v 1.905256 0.000000 -2.700000
v 1.991858 0.000000 -2.650000
v 2.078461 0.000000 -2.600000
v 2.165064 0.000000 -2.550000
v 2.251666 0.000000 -2.500000
v 2.338269 0.000000 -2.450000
v 2.424871 0.000000 -2.400000
v 2.511474 0.000000 -2.350000
v 2.598076 0.000000 -2.300000
v 2.684679 0.000000 -2.250000
v 2.771281 0.000000 -2.200000
v 2.857884 0.000000 -2.150000
v 2.944486 0.000000 -2.100000
v 3.031089 0.000000 -2.050000
v 3.117692 0.000000 -2.000000
v 3.204294 0.000000 -1.950000
v 3.290896 0.000000 -1.900000
v 3.290896 0.000000 -1.800000
v 3.290896 0.000000 -1.700000
v 3.290896 0.000000 -1.600000
v 3.290896 0.000000 -1.500000
v 3.290896 0.000000 -1.400000
v 3.290896 0.000000 -1.300000
v 3.290896 0.000000 -1.200000
v 3.290896 0.000000 -1.100000
v 3.290896 0.000000 -1.000000
v 3.290896 0.000000 -0.900000
v 3.290896 0.000000 -0.800000
v 3.290896 0.000000 -0.700000
v 3.290896 0.000000 -0.600000
v 3.290896 0.000000 -0.500000
v 3.290896 0.000000 -0.400000
v 3.290896 0.000000 -0.300000
v 3.290896 0.000000 -0.200000
v 3.290896 0.000000 -0.100000
v 3.290896 0.000000 -0.000000
v 3.290896 0.000000 0.100000
v 3.290896 0.000000 0.200000
v 3.290896 0.000000 0.300000
v 3.290896 0.000000 0.400000
v 3.290896 0.000000 0.500000
v 3.290896 0.000000 0.600000
v 3.290896 0.000000 0.700000
v 3.290896 0.000000 0.800000
v 3.290896 0.000000 0.900000
v 3.290896 0.000000 1.000000
v 3.290896 0.000000 1.100000
v 3.290896 0.000000 1.200000
v 3.290896 0.000000 1.300000
v 3.290896 0.000000 1.400000
v 3.290896 0.000000 1.500000
v 3.290896 0.000000 1.600000
v 3.290896 0.000000 1.700000
v 3.290896 0.000000 1.800000
v 3.290896 0.000000 1.900000
v 3.204294 0.000000 1.950000
v 3.117692 0.000000 2.000000
v 3.031089 0.000000 2.050000
v 2.944486 0.000000 2.100000
v 2.857884 0.000000 2.150000
v 2.771281 0.000000 2.200000
v 2.684679 0.000000 2.250000
v 2.598076 0.000000 2.300000
v 2.511474 0.000000 2.350000
v 2.424871 0.000000 2.400000
v 2.338269 0.000000 2.450000
v 2.251666 0.000000 2.500000
v 2.165064 0.000000 2.550000
v 2.078461 0.000000 2.600000
v 1.991858 0.000000 2.650000
v 1.905256 0.000000 2.700000
v 1.818653 0.000000 2.750000
v 1.732051 0.000000 2.800000
v 1.645448 0.000000 2.850000
v 1.558846 0.000000 2.900000
v 1.472243 0.000000 2.950000
v 1.385641 0.000000 3.000000
v 1.299038 0.000000 3.050000
v 1.212436 0.000000 3.100000
v 1.125833 0.000000 3.150000
v 1.039230 0.000000 3.200000
v 0.952628 0.000000 3.250000
v 0.866025 0.000000 3.300000
v 0.779423 0.000000 3.350000
v 0.692820 0.000000 3.400000
v 0.606218 0.000000 3.450000
v 0.519615 0.000000 3.500000
v 0.433013 0.000000 3.550000
v 0.346410 0.000000 3.600000
v 0.259808 0.000000 3.650000
v 0.173205 0.000000 3.700000
v 0.086603 0.000000 3.750000
v 0.000000 0.000000 3.800000
v -0.086603 0.000000 3.750000
v -0.173205 0.000000 3.700000
v -0.259808 0.000000 3.650000
v -0.346410 0.000000 3.600000
v -0.433013 0.000000 3.550000
v -0.519615 0.000000 3.500000
v -0.606218 0.000000 3.450000
v -0.692820 0.000000 3.400000
v -0.779423 0.000000 3.350000
v -0.866025 0.000000 3.300000
v -0.952628 0.000000 3.250000
v -1.039230 0.000000 3.200000
v -1.125833 0.000000 3.150000
v -1.212436 0.000000 3.100000
v -1.299038 0.000000 3.050000
v -1.385641 0.000000 3.000000
v -1.472243 0.000000 2.950000
v -1.558846 0.000000 2.900000
v -1.645448 0.000000 2.850000
v -1.732051 0.000000 2.800000
v -1.818653 0.000000 2.750000
v -1.905256 0.000000 2.700000
v -1.991858 0.000000 2.650000
v -2.078461 0.000000 2.600000
v -2.165064 0.000000 2.550000
v -2.251666 0.000000 2.500000
v -2.338269 0.000000 2.450000
v -2.424871 0.000000 2.400000
v -2.511474 0.000000 2.350000
v -2.598076 0.000000 2.300000
v -2.684679 0.000000 2.250000
v -2.771281 0.000000 2.200000
v -2.857884 0.000000 2.150000
v -2.944486 0.000000 2.100000
v -3.031089 0.000000 2.050000
v -3.117692 0.000000 2.000000
v -3.204294 0.000000 1.950000
v -3.290896 0.000000 1.900000
v -3.290896 0.000000 1.800000
v -3.290896 0.000000 1.700000
v -3.290896 0.000000 1.600000
v -3.290896 0.000000 1.500000
v -3.290896 0.000000 1.400000
v -3.290896 0.000000 1.300000
v -3.290896 0.000000 1.200000
v -3.290896 0.000000 1.100000
v -3.290896 0.000000 1.000000
v -3.290896 0.000000 0.900000
v -3.290896 0.000000 0.800000
v -3.290896 0.000000 0.700000
v -3.290896 0.000000 0.600000
v -3.290896 0.000000 0.500000
v -3.290896 0.000000 0.400000
v -3.290896 0.000000 0.300000
v -3.290896 0.000000 0.200000
v -3.290896 0.000000 0.100000
v -3.290896 0.000000 0.000000
v -3.290896 0.000000 -0.100000
v -3.290896 0.000000 -0.200000
v -3.290896 0.000000 -0.300000
v -3.290896 0.000000 -0.400000
v -3.290896 0.000000 -0.500000
v -3.290896 0.000000 -0.600000
v -3.290896 0.000000 -0.700000
v -3.290896 0.000000 -0.800000
v -3.290896 0.000000 -0.900000
v -3.290896 0.000000 -1.000000
v -3.290896 0.000000 -1.100000
v -3.290896 0.000000 -1.200000
v -3.290896 0.000000 -1.300000
v -3.290896 0.000000 -1.400000
v -3.290896 0.000000 -1.500000
v -3.290896 0.000000 -1.600000
v -3.290896 0.000000 -1.700000
v -3.290896 0.000000 -1.800000
v -3.290896 0.000000 -1.900000
v -3.204294 0.000000 -1.950000
v -3.117692 0.000000 -2.000000
v -3.031089 0.000000 -2.050000
v -2.944486 0.000000 -2.100000
v -2.857884 0.000000 -2.150000
v -2.771281 0.000000 -2.200000
v -2.684679 0.000000 -2.250000
v -2.598076 0.000000 -2.300000
v -2.511474 0.000000 -2.350000
v -2.424871 0.000000 -2.400000
v -2.338269 0.000000 -2.450000
v -2.251666 0.000000 -2.500000
v -2.165064 0.000000 -2.550000
v -2.078461 0.000000 -2.600000
v -1.991858 0.000000 -2.650000
v -1.905256 0.000000 -2.700000
v -1.818653 0.000000 -2.750000
v -1.732051 0.000000 -2.800000
v -1.645448 0.000000 -2.850000
v -1.558846 0.000000 -2.900000
v -1.472243 0.000000 -2.950000
v -1.385641 0.000000 -3.000000
v -1.299038 0.000000 -3.050000
v -1.212436 0.000000 -3.100000
v -1.125833 0.000000 -3.150000
v -1.039230 0.000000 -3.200000
v -0.952628 0.000000 -3.250000
v -0.866025 0.000000 -3.300000
v -0.779423 0.000000 -3.350000
v -0.692820 0.000000 -3.400000
v -0.606218 0.000000 -3.450000
v -0.519615 0.000000 -3.500000
v -0.433013 0.000000 -3.550000
v -0.346410 0.000000 -3.600000
v -0.259808 0.000000 -3.650000
v -0.173205 0.000000 -3.700000
v -0.086603 0.000000 -3.750000
v 0.000000 0.000000 -3.900000
v 0.086603 0.000000 -3.850000
v 0.173205 0.000000 -3.800000
v 0.259808 0.000000 -3.750000
v 0.346410 0.000000 -3.700000
v 0.433013 0.000000 -3.650000
v 0.519615 0.000000 -3.600000
v 0.606218 0.000000 -3.550000
v 0.692820 0.000000 -3.500000
v 0.779423 0.000000 -3.450000
v 0.866025 0.000000 -3.400000
v 0.952628 0.000000 -3.350000
v 1.039230 0.000000 -3.300000
v 1.125833 0.000000 -3.250000
v 1.212436 0.000000 -3.200000
v 1.299038 0.000000 -3.150000
v 1.385641 0.000000 -3.100000
v 1.472243 0.000000 -3.050000
v 1.558846 0.000000 -3.000000
v 1.645448 0.000000 -2.950000
v 1.732051 0.000000 -2.900000
v 1.818653 0.000000 -2.850000
v 1.905256 0.000000 -2.800000
v 1.991858 0.000000 -2.750000
v 2.078461 0.000000 -2.700000
v 2.165064 0.000000 -2.650000
v 2.251666 0.000000 -2.600000
v 2.338269 0.000000 -2.550000
v 2.424871 0.000000 -2.500000
v 2.511474 0.000000 -2.450000
v 2.598076 0.000000 -2.400000
v 2.684679 0.000000 -2.350000
v 2.771281 0.000000 -2.300000
v 2.857884 0.000000 -2.250000
v 2.944486 0.000000 -2.200000
v 3.031089 0.000000 -2.150000
v 3.117692 0.000000 -2.100000
v 3.204294 0.000000 -2.050000
v 3.290896 0.000000 -2.000000
v 3.377499 0.000000 -1.950000
v 3.377499 0.000000 -1.850000
v 3.377499 0.000000 -1.750000
v 3.377499 0.000000 -1.650000
v 3.377499 0.000000 -1.550000
v 3.377499 0.000000 -1.450000
v 3.377499 0.000000 -1.350000
v 3.377499 0.000000 -1.250000
v 3.377499 0.000000 -1.150000
v 3.377499 0.000000 -1.050000
v 3.377499 0.000000 -0.950000
v 3.377499 0.000000 -0.850000
v 3.377499 0.000000 -0.750000
v 3.377499 0.000000 -0.650000
v 3.377499 0.000000 -0.550000
v 3.377499 0.000000 -0.450000
v 3.377499 0.000000 -0.350000
v 3.377499 0.000000 -0.250000
v 3.377499 0.000000 -0.150000
v 3.377499 0.000000 -0.050000
v 3.377499 0.000000 0.050000
v 3.377499 0.000000 0.150000
v 3.377499 0.000000 0.250000
v 3.377499 0.000000 0.350000
v 3.377499 0.000000 0.450000
v 3.377499 0.000000 0.550000
v 3.377499 0.000000 0.650000
v 3.377499 0.000000 0.750000
v 3.377499 0.000000 0.850000
v 3.377499 0.000000 0.950000
v 3.377499 0.000000 1.050000
v 3.377499 0.000000 1.150000
v 3.377499 0.000000 1.250000
v 3.377499 0.000000 1.350000
v 3.377499 0.000000 1.450000
v 3.377499 0.000000 1.550000
v 3.377499 0.000000 1.650000
v 3.377499 0.000000 1.750000
v 3.377499 0.000000 1.850000
v 3.377499 0.000000 1.950000
v 3.290896 0.000000 2.000000
v 3.204294 0.000000 2.050000
v 3.117692 0.000000 2.100000
v 3.031089 0.000000 2.150000
v 2.944486 0.000000 2.200000
v 2.857884 0.000000 2.250000
v 2.771281 0.000000 2.300000
v 2.684679 0.000000 2.350000
v 2.598076 0.000000 2.400000
v 2.511474 0.000000 2.450000
v 2.424871 0.000000 2.500000
v 2.338269 0.000000 2.550000
v 2.251666 0.000000 2.600000
v 2.165064 0.000000 2.650000
v 2.078461 0.000000 2.700000
v 1.991858 0.000000 2.750000
v 1.905256 0.000000 2.800000
v 1.818653 0.000000 2.850000
v 1.732051 0.000000 2.900000
v 1.645448 0.000000 2.950000
v 1.558846 0.000000 3.000000
v 1.472243 0.000000 3.050000
v 1.385641 0.000000 3.100000
v 1.299038 0.000000 3.150000
v 1.212436 0.000000 3.200000
v 1.125833 0.000000 3.250000
v 1.039230 0.000000 3.300000
v 0.952628 0.000000 3.350000
v 0.866025 0.000000 3.400000
v 0.779423 0.000000 3.450000
v 0.692820 0.000000 3.500000
v 0.606218 0.000000 3.550000
v 0.519615 0.000000 3.600000
v 0.433013 0.000000 3.650000
v 0.346410 0.000000 3.700000
v 0.259808 0.000000 3.750000
v 0.173205 0.000000 3.800000
v 0.086603 0.000000 3.850000
v 0.000000 0.000000 3.900000
v -0.086603 0.000000 3.850000
v -0.173205 0.000000 3.800000
v -0.259808 0.000000 3.750000
v -0.346410 0.000000 3.700000
v -0.433013 0.000000 3.650000
v -0.519615 0.000000 3.600000
v -0.606218 0.000000 3.550000
v -0.692820 0.000000 3.500000
v -0.779423 0.000000 3.450000
v -0.866025 0.000000 3.400000
v -0.952628 0.000000 3.350000
v -1.039230 0.000000 3.300000
v -1.125833 0.000000 3.250000
v -1.212436 0.000000 3.200000
v -1.299038 0.000000 3.150000
v -1.385641 0.000000 3.100000
v -1.472243 0.000000 3.050000
v -1.558846 0.000000 3.000000
v -1.645448 0.000000 2.950000
v -1.732051 0.000000 2.900000
v -1.818653 0.000000 2.850000
v -1.905256 0.000000 2.800000
v -1.991858 0.000000 2.750000
v -2.078461 0.000000 2.700000
v -2.165064 0.000000 2.650000
v -2.251666 0.000000 2.600000
v -2.338269 0.000000 2.550000
v -2.424871 0.000000 2.500000
v -2.511474 0.000000 2.450000
v -2.598076 0.000000 2.400000
v -2.684679 0.000000 2.350000
v -2.771281 0.000000 2.300000
v -2.857884 0.000000 2.250000
v -2.944486 0.000000 2.200000
v -3.031089 0.000000 2.150000
v -3.117692 0.000000 2.100000
v -3.204294 0.000000 2.050000
v -3.290896 0.000000 2.000000
v -3.377499 0.000000 1.950000
v -3.377499 0.000000 1.850000
v -3.377499 0.000000 1.750000
v -3.377499 0.000000 1.650000
v -3.377499 0.000000 1.550000
v -3.377499 0.000000 1.450000
v -3.377499 0.000000 1.350000
v -3.377499 0.000000 1.250000
v -3.377499 0.000000 1.150000
v -3.377499 0.000000 1.050000
v -3.377499 0.000000 0.950000
v -3.377499 0.000000 0.850000
v -3.377499 0.000000 0.750000
v -3.377499 0.000000 0.650000
v -3.377499 0.000000 0.550000
v -3.377499 0.000000 0.450000
v -3.377499 0.000000 0.350000
v -3.377499 0.000000 0.250000
v -3.377499 0.000000 0.150000
v -3.377499 0.000000 0.050000
v -3.377499 0.000000 -0.050000
v -3.377499 0.000000 -0.150000
v -3.377499 0.000000 -0.250000
v -3.377499 0.000000 -0.350000
v -3.377499 0.000000 -0.450000
v -3.377499 0.000000 -0.550000
v -3.377499 0.000000 -0.650000
v -3.377499 0.000000 -0.750000
v -3.377499 0.000000 -0.850000
v -3.377499 0.000000 -0.950000
v -3.377499 0.000000 -1.050000
v -3.377499 0.000000 -1.150000
v -3.377499 0.000000 -1.250000
v -3.377499 0.000000 -1.350000
v -3.377499 0.000000 -1.450000
v -3.377499 0.000000 -1.550000
v -3.377499 0.000000 -1.650000
v -3.377499 0.000000 -1.750000
v -3.377499 0.000000 -1.850000
v -3.377499 0.000000 -1.950000
v -3.290896 0.000000 -2.000000
v -3.204294 0.000000 -2.050000
v -3.117692 0.000000 -2.100000
v -3.031089 0.000000 -2.150000
v -2.944486 0.000000 -2.200000
v -2.857884 0.000000 -2.250000
v -2.771281 0.000000 -2.300000
v -2.684679 0.000000 -2.350000
v -2.598076 0.000000 -2.400000
v -2.511474 0.000000 -2.450000
v -2.424871 0.000000 -2.500000
v -2.338269 0.000000 -2.550000
v -2.251666 0.000000 -2.600000
v -2.165064 0.000000 -2.650000
v -2.078461 0.000000 -2.700000
v -1.991858 0.000000 -2.750000
v -1.905256 0.000000 -2.800000
v -1.818653 0.000000 -2.850000
v -1.732051 0.000000 -2.900000
v -1.645448 0.000000 -2.950000
v -1.558846 0.000000 -3.000000
v -1.472243 0.000000 -3.050000
v -1.385641 0.000000 -3.100000
v -1.299038 0.000000 -3.150000
v -1.212436 0.000000 -3.200000
v -1.125833 0.000000 -3.250000
v -1.039230 0.000000 -3.300000
v -0.952628 0.000000 -3.350000
v -0.866025 0.000000 -3.400000
v -0.779423 0.000000 -3.450000
v -0.692820 0.000000 -3.500000
v -0.606218 0.000000 -3.550000
v -0.519615 0.000000 -3.600000
v -0.433013 0.000000 -3.650000
v -0.346410 0.000000 -3.700000
v -0.259808 0.000000 -3.750000
v -0.173205 0.000000 -3.800000
v -0.086603 0.000000 -3.850000
v 0.000000 0.000000 -4.000000
v 0.086603 0.000000 -3.950000
v 0.173205 0.000000 -3.900000
v 0.259808 0.000000 -3.850000
v 0.346410 0.000000 -3.800000
v 0.433013 0.000000 -3.750000
v 0.519615 0.000000 -3.700000
v 0.606218 0.000000 -3.650000
v 0.692820 0.000000 -3.600000
v 0.779423 0.000000 -3.550000
v 0.866025 0.000000 -3.500000
v 0.952628 0.000000 -3.450000
v 1.039230 0.000000 -3.400000
v 1.125833 0.000000 -3.350000
v 1.212436 0.000000 -3.300000
v 1.299038 0.000000 -3.250000
v 1.385641 0.000000 -3.200000
v 1.472243 0.000000 -3.150000
v 1.558846 0.000000 -3.100000
v 1.645448 0.000000 -3.050000
v 1.732051 0.000000 -3.000000
v 1.818653 0.000000 -2.950000
v 1.905256 0.000000 -2.900000
v 1.991858 0.000000 -2.850000
v 2.078461 0.000000 -2.800000
v 2.165064 0.000000 -2.750000
v 2.251666 0.000000 -2.700000
v 2.338269 0.000000 -2.650000
v 2.424871 0.000000 -2.600000
v 2.511474 0.000000 -2.550000
v 2.598076 0.000000 -2.500000
v 2.684679 0.000000 -2.450000
v 2.771281 0.000000 -2.400000
v 2.857884 0.000000 -2.350000
v 2.944486 0.000000 -2.300000
v 3.031089 0.000000 -2.250000
v 3.117692 0.000000 -2.200000
v 3.204294 0.000000 -2.150000
v 3.290896 0.000000 -2.100000
v 3.377499 0.000000 -2.050000
v 3.464102 0.000000 -2.000000
v 3.464102 0.000000 -1.900000
v 3.464102 0.000000 -1.800000
v 3.464102 0.000000 -1.700000
v 3.464102 0.000000 -1.600000
v 3.464102 0.000000 -1.500000
v 3.464102 0.000000 -1.400000
v 3.464102 0.000000 -1.300000
v 3.464102 0.000000 -1.200000
v 3.464102 0.000000 -1.100000
v 3.464102 0.000000 -1.000000
v 3.464102 0.000000 -0.900000
v 3.464102 0.000000 -0.800000
v 3.464102 0.000000 -0.700000
v 3.464102 0.000000 -0.600000
v 3.464102 0.000000 -0.500000
v 3.464102 0.000000 -0.400000
v 3.464102 0.000000 -0.300000
v 3.464102 0.000000 -0.200000
v 3.464102 0.000000 -0.100000
v 3.464102 0.000000 -0.000000
v 3.464102 0.000000 0.100000
v 3.464102 0.000000 0.200000
v 3.464102 0.000000 0.300000
v 3.464102 0.000000 0.400000
v 3.464102 0.000000 0.500000
v 3.464102 0.000000 0.600000
v 3.464102 0.000000 0.700000
v 3.464102 0.000000 0.800000
v 3.464102 0.000000 0.900000
v 3.464102 0.000000 1.000000
v 3.464102 0.000000 1.100000
v 3.464102 0.000000 1.200000
v 3.464102 0.000000 1.300000
v 3.464102 0.000000 1.400000
v 3.464102 0.000000 1.500000
v 3.464102 0.000000 1.600000
v 3.464102 0.000000 1.700000
v 3.464102 0.000000 1.800000
v 3.464102 0.000000 1.900000
v 3.464102 0.000000 2.000000
v 3.377499 0.000000 2.050000
v 3.290896 0.000000 2.100000
v 3.204294 0.000000 2.150000
v 3.117692 0.000000 2.200000
v 3.031089 0.000000 2.250000
v 2.944486 0.000000 2.300000
v 2.857884 0.000000 2.350000
v 2.771281 0.000000 2.400000
v 2.684679 0.000000 2.450000
v 2.598076 0.000000 2.500000
v 2.511474 0.000000 2.550000
v 2.424871 0.000000 2.600000
v 2.338269 0.000000 2.650000
v 2.251666 0.000000 2.700000
v 2.165064 0.000000 2.750000
v 2.078461 0.000000 2.800000
v 1.991858 0.000000 2.850000
v 1.905256 0.000000 2.900000
v 1.818653 0.000000 2.950000
v 1.732051 0.000000 3.000000
v 1.645448 0.000000 3.050000
v 1.558846 0.000000 3.100000
v 1.472243 0.000000 3.150000
v 1.385641 0.000000 3.200000
v 1.299038 0.000000 3.250000
v 1.212436 0.000000 3.300000
v 1.125833 0.000000 3.350000
v 1.039230 0.000000 3.400000
v 0.952628 0.000000 3.450000
v 0.866025 0.000000 3.500000
v 0.779423 0.000000 3.550000
v 0.692820 0.000000 3.600000
v 0.606218 0.000000 3.650000
v 0.519615 0.000000 3.700000
v 0.433013 0.000000 3.750000
v 0.346410 0.000000 3.800000
v 0.259808 0.000000 3.850000
v 0.173205 0.000000 3.900000
v 0.086603 0.000000 3.950000
v 0.000000 0.000000 4.000000
v -0.086603 0.000000 3.950000
v -0.173205 0.000000 3.900000
v -0.259808 0.000000 3.850000
v -0.346410 0.000000 3.800000
v -0.433013 0.000000 3.750000
v -0.519615 0.000000 3.700000
v -0.606218 0.000000 3.650000
v -0.692820 0.000000 3.600000
v -0.779423 0.000000 3.550000
v -0.866025 0.000000 3.500000
v -0.952628 0.000000 3.450000
v -1.039230 0.000000 3.400000
v -1.125833 0.000000 3.350000
v -1.212436 0.000000 3.300000
v -1.299038 0.000000 3.250000
v -1.385641 0.000000 3.200000
v -1.472243 0.000000 3.150000
v -1.558846 0.000000 3.100000
v -1.645448 0.000000 3.050000
v -1.732051 0.000000 3.000000
v -1.818653 0.000000 2.950000
v -1.905256 0.000000 2.900000
v -1.991858 0.000000 2.850000
v -2.078461 0.000000 2.800000
v -2.165064 0.000000 2.750000
v -2.251666 0.000000 2.700000
v -2.338269 0.000000 2.650000
v -2.424871 0.000000 2.600000
v -2.511474 0.000000 2.550000
v -2.598076 0.000000 2.500000
v -2.684679 0.000000 2.450000
v -2.771281 0.000000 2.400000
v -2.857884 0.000000 2.350000
v -2.944486 0.000000 2.300000
v -3.031089 0.000000 2.250000
v -3.117692 0.000000 2.200000
v -3.204294 0.000000 2.150000
v -3.290896 0.000000 2.100000
v -3.377499 0.000000 2.050000
v -3.464102 0.000000 2.000000
v -3.464102 0.000000 1.900000
v -3.464102 0.000000 1.800000
v -3.464102 0.000000 1.700000
v -3.464102 0.000000 1.600000
v -3.464102 0.000000 1.500000
v -3.464102 0.000000 1.400000
v -3.464102 0.000000 1.300000
v -3.464102 0.000000 1.200000
v -3.464102 0.000000 1.100000
v -3.464102 0.000000 1.000000
v -3.464102 0.000000 0.900000
v -3.464102 0.000000 0.800000
v -3.464102 0.000000 0.700000
v -3.464102 0.000000 0.600000
v -3.464102 0.000000 0.500000
v -3.464102 0.000000 0.400000
v -3.464102 0.000000 0.300000
v -3.464102 0.000000 0.200000
v -3.464102 0.000000 0.100000
v -3.464102 0.000000 0.000000
v -3.464102 0.000000 -0.100000
v -3.464102 0.000000 -0.200000
v -3.464102 0.000000 -0.300000
v -3.464102 0.000000 -0.400000
v -3.464102 0.000000 -0.500000
v -3.464102 0.000000 -0.600000
v -3.464102 0.000000 -0.700000
v -3.464102 0.000000 -0.800000
v -3.464102 0.000000 -0.900000
v -3.464102 0.000000 -1.000000
v -3.464102 0.000000 -1.100000
v -3.464102 0.000000 -1.200000
v -3.464102 0.000000 -1.300000
v -3.464102 0.000000 -1.400000
v -3.464102 0.000000 -1.500000
v -3.464102 0.000000 -1.600000
v -3.464102 0.000000 -1.700000
v -3.464102 0.000000 -1.800000
v -3.464102 0.000000 -1.900000
v -3.464102 0.000000 -2.000000
v -3.377499 0.000000 -2.050000
v -3.290896 0.000000 -2.100000
v -3.204294 0.000000 -2.150000
v -3.117692 0.000000 -2.200000
v -3.031089 0.000000 -2.250000
v -2.944486 0.000000 -2.300000
v -2.857884 0.000000 -2.350000
v -2.771281 0.000000 -2.400000
v -2.684679 0.000000 -2.450000
v -2.598076 0.000000 -2.500000
v -2.511474 0.000000 -2.550000
v -2.424871 0.000000 -2.600000
v -2.338269 0.000000 -2.650000
v -2.251666 0.000000 -2.700000
v -2.165064 0.000000 -2.750000
v -2.078461 0.000000 -2.800000
v -1.991858 0.000000 -2.850000
v -1.905256 0.000000 -2.900000
v -1.818653 0.000000 -2.950000
v -1.732051 0.000000 -3.000000
v -1.645448 0.000000 -3.050000
v -1.558846 0.000000 -3.100000
v -1.472243 0.000000 -3.150000
v -1.385641 0.000000 -3.200000
v -1.299038 0.000000 -3.250000
v -1.212436 0.000000 -3.300000
v -1.125833 0.000000 -3.350000
v -1.039230 0.000000 -3.400000
v -0.952628 0.000000 -3.450000
v -0.866025 0.000000 -3.500000
v -0.779423 0.000000 -3.550000
v -0.692820 0.000000 -3.600000
v -0.606218 0.000000 -3.650000
v -0.519615 0.000000 -3.700000
v -0.433013 0.000000 -3.750000
v -0.346410 0.000000 -3.800000
v -0.259808 0.000000 -3.850000
v -0.173205 0.000000 -3.900000
v -0.086603 0.000000 -3.950000
vn -0.0000 1.0000 -0.0000
vn 0.4929 0.1674 -0.8538
vn -0.4929 0.1674 -0.8538
vn 0.4929 0.1674 0.8538
vn 0.9859 0.1674 -0.0000
vn -0.4929 0.1674 0.8538
vn -0.9859 0.1674 -0.0000
vn -0.0123 0.9997 0.0212
vn -0.0245 0.9997 -0.0000
vn -0.0245 0.9996 -0.0142
vn -0.0123 0.9997 -0.0212
vn -0.0061 0.9999 -0.0106
vn -0.0000 0.9996 -0.0283
vn 0.0123 0.9997 -0.0212
vn 0.0082 0.9999 -0.0142
vn 0.9858 0.1677 -0.0033
vn 0.0245 0.9997 -0.0000
vn 0.0123 0.9997 0.0212
vn 0.9852 0.1712 0.0016
vn 0.9857 0.1687 0.0008
vn 0.9854 0.1695 0.0145
vn -0.0638 0.9918 0.1105
vn -0.0540 0.9941 0.0936
vn -0.0443 0.9961 0.0767
vn -0.9854 0.1695 0.0145
vn -0.9858 0.1680 0.0063
vn -0.9858 0.1681 0.0004
vn 0.4913 0.1712 0.8540
vn 0.4921 0.1687 0.8540
vn 0.4801 0.1695 0.8607
vn -0.1276 0.9918 -0.0000
vn -0.1080 0.9941 -0.0000
vn -0.0787 0.9969 -0.0000
vn -0.0959 0.9939 -0.0553
vn -0.0540 0.9941 -0.0936
vn -0.0540 0.9942 -0.0935
vn 0.4867 0.1681 -0.8573
vn -0.9857 0.1687 -0.0008
vn -0.9857 0.1681 -0.0071
vn -0.9854 0.1695 -0.0145
vn -0.0443 0.9961 -0.0767
vn -0.0000 0.9939 -0.1107
vn 0.0540 0.9941 -0.0936
vn 0.0443 0.9961 -0.0767
vn 0.9854 0.1695 -0.0145
vn 0.9858 0.1681 -0.0004
vn -0.4928 0.1688 -0.8536
vn -0.4921 0.1687 -0.8540
vn -0.4874 0.1682 -0.8568
vn 0.1082 0.9941 -0.0000
vn 0.1080 0.9941 -0.0000
vn 0.1080 0.9942 -0.0000
vn 0.4991 0.1681 0.8501
vn 0.4983 0.1680 0.8505
vn 0.4937 0.1675 0.8534
vn 0.4928 0.1688 -0.8536
vn 0.4936 0.1687 -0.8532
vn 0.4984 0.1682 -0.8505
vn 0.0541 0.9941 0.0937
vn 0.0540 0.9941 0.0936
vn 0.0540 0.9942 0.0935
vn -0.4867 0.1681 0.8573
vn -0.4874 0.1680 0.8568
vn -0.4922 0.1675 0.8542
vn 0.9848 0.1737 -0.0000
vn 0.9849 0.1714 0.0223
vn -0.0859 0.9851 0.1489
vn -0.9849 0.1711 0.0251
vn -0.9856 0.1691 0.0030
vn 0.4906 0.1764 0.8533
vn 0.4711 0.1735 0.8649
vn -0.1736 0.9848 -0.0000
vn -0.1719 0.9851 -0.0000
vn -0.1702 0.9854 -0.0000
vn -0.5135 0.1735 -0.8404
vn -0.5142 0.1711 -0.8404
vn -0.4950 0.1734 -0.8514
vn -0.4950 0.1734 0.8514
vn -0.5142 0.1711 0.8404
vn -0.5135 0.1735 0.8404
vn -0.1307 0.9885 -0.0755
vn -0.0859 0.9851 -0.1489
vn -0.0868 0.9848 -0.1503
vn 0.9845 0.1735 -0.0245
vn 0.9849 0.1734 -0.0030
vn 0.9843 0.1764 -0.0018
vn -0.9852 0.1712 -0.0016
vn -0.9849 0.1714 -0.0223
vn -0.0833 0.9860 -0.1443
vn -0.0846 0.9856 -0.1466
vn -0.0000 0.9885 -0.1509
vn 0.0859 0.9851 -0.1489
vn 0.9849 0.1711 -0.0251
vn 0.9856 0.1691 -0.0030
vn 0.4940 0.1712 -0.8525
vn 0.5115 0.1708 -0.8422
vn 0.5135 0.1735 -0.8404
vn 0.1702 0.9854 -0.0000
vn 0.1719 0.9851 -0.0000
vn 0.1736 0.9848 -0.0000
vn -0.4711 0.1735 0.8649
vn -0.4899 0.1734 0.8544
vn -0.4906 0.1764 0.8533
vn 0.9851 0.1708 0.0219
vn 0.9845 0.1735 0.0245
vn 0.0851 0.9854 0.1474
vn 0.0859 0.9851 0.1489
vn 0.0868 0.9848 0.1503
vn -0.9845 0.1735 0.0245
vn -0.9849 0.1734 0.0030
vn -0.9843 0.1764 0.0018
vn 0.4714 0.1760 0.8642
vn 0.4686 0.1789 0.8651
vn -0.0903 0.9836 0.1564
vn -0.0911 0.9832 0.1579
vn -0.0920 0.9829 0.1593
vn -0.5149 0.1789 -0.8383
vn -0.4948 0.1788 -0.8504
vn -0.4934 0.1823 -0.8505
vn 0.4899 0.1823 0.8525
vn -0.1840 0.9829 -0.0000
vn -0.1823 0.9832 -0.0000
vn -0.1806 0.9836 -0.0000
vn -0.4937 0.1764 -0.8516
vn -0.4937 0.1764 0.8516
vn -0.5149 0.1789 0.8383
vn -0.1386 0.9871 -0.0800
vn -0.0911 0.9832 -0.1579
vn 0.9840 0.1766 -0.0244
vn 0.9838 0.1792 -0.0000
vn -0.4924 0.1737 -0.8529
vn -0.9839 0.1788 -0.0033
vn -0.9840 0.1763 -0.0275
vn -0.9835 0.1789 -0.0268
vn -0.0903 0.9836 -0.1564
vn -0.0000 0.9871 -0.1600
vn 0.0911 0.9832 -0.1579
vn 0.0920 0.9829 -0.1593
vn 0.5149 0.1789 0.8383
vn 0.4948 0.1788 0.8504
vn 0.4934 0.1823 0.8505
vn 0.4937 0.1764 -0.8516
vn 0.5149 0.1789 -0.8383
vn 0.1806 0.9836 -0.0000
vn 0.1823 0.9832 -0.0000
vn 0.1840 0.9829 -0.0000
vn -0.4686 0.1789 0.8651
vn -0.4899 0.1823 0.8525
vn 0.9843 0.1764 0.0018
vn 0.9835 0.1789 0.0268
vn 0.0903 0.9836 0.1564
vn 0.0911 0.9832 0.1579
vn 0.0920 0.9829 0.1593
vn -0.9835 0.1789 0.0268
vn -0.9832 0.1823 0.0020
vn 0.4658 0.1851 0.8653
vn -0.0955 0.9816 0.1653
vn -0.0963 0.9813 0.1668
vn -0.0972 0.9809 0.1683
vn -0.5165 0.1851 -0.8361
vn -0.4930 0.1889 -0.8493
vn 0.4913 0.1854 0.8510
vn 0.4684 0.1825 0.8645
vn -0.1926 0.9813 -0.0000
vn -0.5175 0.1822 -0.8361
vn -0.4951 0.1796 -0.8501
vn -0.4934 0.1823 0.8505
vn -0.5145 0.1825 0.8379
vn -0.1875 0.9823 -0.0000
vn -0.1901 0.9818 -0.0000
vn -0.1464 0.9856 -0.0845
vn -0.0963 0.9813 -0.1668
vn 0.4653 0.1822 -0.8662
vn 0.4690 0.1818 -0.8643
vn 0.4886 0.1796 -0.8538
vn -0.9832 0.1823 -0.0020
vn -0.9823 0.1851 -0.0292
vn -0.0955 0.9816 -0.1653
vn -0.0000 0.9856 -0.1691
vn 0.0963 0.9813 -0.1668
vn 0.5145 0.1825 0.8379
vn 0.4934 0.1823 -0.8505
vn 0.5165 0.1851 -0.8361
vn 0.1909 0.9816 -0.0000
vn 0.1926 0.9813 -0.0000
vn 0.1943 0.9809 -0.0000
vn -0.4658 0.1851 0.8653
vn -0.4890 0.1889 0.8516
vn 0.9832 0.1823 0.0020
vn 0.9823 0.1851 0.0292
vn 0.0955 0.9816 0.1653
vn 0.0963 0.9813 0.1668
vn 0.0972 0.9809 0.1683
vn -0.9823 0.1851 0.0292
vn -0.9820 0.1889 0.0023
vn 0.4876 0.1859 0.8531
vn 0.4622 0.1888 0.8665
vn -0.1014 0.9792 0.1757
vn -0.5159 0.1892 -0.8355
vn -0.4907 0.1925 -0.8498
vn -0.4930 0.1889 0.8493
vn -0.5154 0.1883 0.8360
vn -0.5181 0.1921 0.8335
vn -0.2012 0.9795 -0.0000
vn -0.2029 0.9792 -0.0000
vn -0.2046 0.9789 -0.0000
vn 0.4628 0.1921 -0.8654
vn 0.4870 0.1920 -0.8520
vn 0.4880 0.1965 -0.8504
vn -0.9827 0.1854 -0.0000
vn -0.4944 0.1920 0.8478
vn -0.5193 0.1888 0.8335
vn -0.5159 0.1892 0.8355
vn -0.1978 0.9802 -0.0000
vn -0.1268 0.9830 -0.1331
vn -0.1014 0.9792 -0.1757
vn 0.9815 0.1892 -0.0290
vn 0.9814 0.1920 -0.0043
vn 0.9813 0.1925 -0.0000
vn -0.9820 0.1889 -0.0023
vn -0.9809 0.1921 -0.0319
vn -0.1006 0.9795 -0.1743
vn -0.0000 0.9840 -0.1781
vn 0.1014 0.9792 -0.1757
vn 0.9815 0.1888 -0.0330
vn 0.9817 0.1883 -0.0283
vn 0.9826 0.1859 -0.0043
vn 0.4950 0.1859 -0.8488
vn 0.5193 0.1888 -0.8335
vn 0.2029 0.9792 -0.0000
vn -0.4656 0.1892 0.8645
vn -0.4907 0.1925 0.8498
vn 0.9826 0.1859 0.0043
vn 0.9815 0.1888 0.0330
vn 0.1014 0.9792 0.1757
vn -0.9815 0.1892 0.0290
vn -0.9813 0.1925 -0.0000
vn 0.9787 0.2051 0.0030
vn 0.9798 0.2000 0.0049
vn 0.9792 0.2001 0.0349
vn -0.1074 0.9767 0.1860
vn -0.1065 0.9770 0.1845
vn -0.1057 0.9774 0.1831
vn -0.9792 0.2001 0.0349
vn -0.9802 0.1957 0.0308
vn -0.9805 0.1965 0.0026
vn -0.4925 0.1965 0.8478
vn -0.5198 0.2001 0.8305
vn -0.2114 0.9774 -0.0000
vn -0.2131 0.9770 -0.0000
vn -0.2148 0.9767 -0.0000
vn 0.4593 0.2001 -0.8654
vn 0.4868 0.2051 -0.8491
vn -0.4941 0.2000 0.8461
vn -0.5212 0.1963 0.8305
vn -0.5174 0.1968 0.8328
vn -0.1065 0.9770 -0.1845
vn 0.4586 0.1963 -0.8667
vn 0.4634 0.1957 -0.8643
vn 0.4864 0.1930 -0.8522
vn -0.9805 0.1965 -0.0026
vn -0.9799 0.1968 -0.0317
vn -0.1040 0.9781 -0.1801
vn -0.1053 0.9776 -0.1824
vn -0.0000 0.9823 -0.1871
vn 0.1065 0.9770 -0.1845
vn 0.1074 0.9767 -0.1860
vn 0.5198 0.2001 0.8305
vn 0.4941 0.2000 0.8461
vn 0.4919 0.2051 0.8461
vn -0.4898 0.2005 -0.8484
vn -0.4857 0.2000 -0.8510
vn -0.4625 0.1968 -0.8645
vn 0.2131 0.9770 -0.0000
vn 0.5212 0.1963 0.8305
vn 0.5168 0.1957 0.8334
vn 0.4948 0.1930 0.8473
vn 0.4919 0.2051 -0.8461
vn 0.4941 0.2000 -0.8461
vn 0.5198 0.2001 -0.8305
vn 0.1074 0.9767 0.1860
vn 0.1065 0.9770 0.1845
vn 0.1057 0.9774 0.1831
vn -0.4593 0.2001 0.8654
vn -0.4634 0.1957 0.8643
vn -0.4880 0.1965 0.8504
vn 0.9766 0.2150 0.0034
vn 0.9771 0.2092 0.0382
vn -0.1124 0.9744 0.1948
vn -0.1116 0.9748 0.1933
vn -0.1108 0.9751 0.1919
vn -0.9771 0.2092 0.0382
vn -0.9787 0.2051 0.0030
vn -0.4946 0.2011 0.8455
vn -0.5233 0.2049 0.8271
vn -0.2232 0.9748 -0.0000
vn 0.4591 0.2055 -0.8643
vn 0.4889 0.2097 -0.8468
vn -0.9797 0.2005 -0.0000
vn -0.9784 0.2042 -0.0336
vn -0.9795 0.2011 -0.0055
vn -0.9780 0.2049 -0.0397
vn -0.1116 0.9748 -0.1933
vn 0.9780 0.2055 -0.0346
vn 0.9779 0.2091 -0.0055
vn 0.9778 0.2097 -0.0000
vn -0.9779 0.2091 -0.0055
vn -0.9780 0.2055 -0.0346
vn -0.1091 0.9759 -0.1889
vn 0.0383 0.9805 -0.1929
vn 0.1116 0.9748 -0.1933
vn 0.1124 0.9744 -0.1948
vn 0.5216 0.2092 0.8271
vn 0.4913 0.2150 0.8441
vn 0.5182 0.2042 -0.8305
vn 0.5216 0.2092 -0.8271
vn 0.2216 0.9751 -0.0000
vn 0.2232 0.9748 -0.0000
vn 0.2249 0.9744 -0.0000
vn -0.4555 0.2092 0.8653
vn -0.4841 0.2091 0.8496
vn -0.4853 0.2150 0.8475
vn 0.4913 0.2150 -0.8441
vn 0.1124 0.9744 0.1948
vn 0.1116 0.9748 0.1933
vn 0.1108 0.9751 0.1919
vn -0.4868 0.2051 0.8491
vn 0.9754 0.2203 -0.0000
vn 0.9758 0.2155 0.0378
vn -0.1166 0.9724 0.2020
vn -0.9757 0.2147 0.0436
vn -0.9776 0.2105 0.0063
vn 0.4836 0.2264 0.8455
vn 0.4823 0.2195 0.8481
vn 0.4511 0.2196 0.8650
vn -0.2349 0.9720 -0.0000
vn -0.2333 0.9724 -0.0000
vn -0.2317 0.9728 -0.0000
vn -0.5236 0.2196 -0.8232
vn -0.5198 0.2139 -0.8271
vn -0.4913 0.2150 -0.8441
vn -0.4905 0.2264 0.8415
vn -0.4933 0.2195 0.8417
vn -0.5236 0.2196 0.8232
vn -0.1175 0.9720 -0.2035
vn -0.1166 0.9724 -0.2020
vn -0.1158 0.9728 -0.2006
vn 0.4511 0.2196 -0.8650
vn 0.4564 0.2139 -0.8637
vn 0.4853 0.2150 -0.8475
vn -0.4889 0.2097 -0.8468
vn -0.4725 0.2119 -0.8555
vn -0.4853 0.2150 -0.8475
vn -0.4511 0.2196 -0.8650
vn 0.1158 0.9728 -0.2006
vn 0.1166 0.9724 -0.2020
vn 0.1175 0.9720 -0.2035
vn 0.5236 0.2196 0.8232
vn 0.4905 0.2264 0.8415
vn 0.4943 0.2105 -0.8434
vn 0.5256 0.2147 -0.8232
vn 0.2333 0.9724 -0.0000
vn -0.4552 0.2155 0.8639
vn -0.4877 0.2203 0.8447
vn 0.4877 0.2203 -0.8447
vn 0.5206 0.2155 -0.8262
vn 0.1166 0.9724 0.2020
vn -0.4501 0.2147 0.8668
vn -0.4833 0.2105 0.8498
vn 0.4522 0.2251 0.8630
vn 0.4461 0.2317 0.8645
vn -0.1208 0.9704 0.2093
vn -0.1216 0.9700 0.2107
vn -0.1225 0.9695 0.2121
vn -0.5256 0.2317 -0.8186
vn -0.4928 0.2316 -0.8388
vn -0.4895 0.2397 -0.8385
vn 0.4814 0.2397 0.8431
vn -0.2449 0.9695 -0.0000
vn -0.2433 0.9700 -0.0000
vn -0.2417 0.9704 -0.0000
vn -0.4905 0.2264 -0.8415
vn -0.4895 0.2397 0.8385
vn -0.5256 0.2317 0.8186
vn -0.1225 0.9695 -0.2121
vn -0.1216 0.9700 -0.2107
vn -0.1208 0.9704 -0.2093
vn 0.4461 0.2317 -0.8645
vn 0.4836 0.2264 -0.8455
vn -0.4836 0.2264 -0.8455
vn -0.4461 0.2317 -0.8645
vn 0.1208 0.9704 -0.2093
vn 0.1216 0.9700 -0.2107
vn 0.1225 0.9695 -0.2121
vn 0.5256 0.2317 0.8186
vn 0.4895 0.2397 0.8385
vn -0.4863 0.2325 -0.8423
vn -0.4800 0.2316 -0.8461
vn -0.4507 0.2270 -0.8633
vn 0.2433 0.9700 -0.0000
vn 0.5281 0.2260 0.8186
vn 0.5213 0.2251 0.8231
vn 0.4940 0.2212 0.8409
vn 0.9740 0.2264 0.0040
vn 0.9735 0.2251 0.0399
vn 0.9717 0.2317 0.0459
vn 0.1208 0.9704 0.2093
vn 0.1216 0.9700 0.2107
vn 0.1225 0.9695 0.2121
vn -0.9717 0.2317 0.0459
vn -0.9728 0.2316 0.0074
vn -0.9708 0.2397 0.0047
vn 0.4787 0.2337 0.8463
vn 0.4388 0.2391 0.8662
vn -0.1266 0.9674 0.2193
vn -0.5240 0.2403 -0.8171
vn -0.4845 0.2468 -0.8392
vn 0.4845 0.2468 0.8392
vn 0.4456 0.2403 0.8624
vn -0.2532 0.9674 -0.0000
vn -0.5307 0.2391 -0.8131
vn -0.4935 0.2337 -0.8378
vn -0.4845 0.2468 0.8392
vn -0.5240 0.2403 0.8171
vn -0.1266 0.9674 -0.2193
vn 0.4388 0.2391 -0.8662
vn 0.4787 0.2337 -0.8463
vn -0.4814 0.2397 -0.8431
vn -0.4402 0.2458 -0.8636
vn 0.1258 0.9678 -0.2179
vn 0.1266 0.9674 -0.2193
vn 0.1274 0.9670 -0.2207
vn 0.5278 0.2458 0.8130
vn 0.4882 0.2552 0.8346
vn 0.4935 0.2337 -0.8378
vn 0.5229 0.2380 -0.8185
vn 0.5307 0.2391 -0.8131
vn 0.2532 0.9674 -0.0000
vn -0.4456 0.2403 0.8624
vn -0.4772 0.2456 0.8437
vn 0.9723 0.2337 0.0085
vn 0.9695 0.2391 0.0531
vn 0.1266 0.9674 0.2193
vn -0.9696 0.2403 0.0453
vn -0.9691 0.2468 -0.0000
vn 0.9618 0.2736 0.0066
vn 0.9650 0.2622 0.0101
vn 0.9633 0.2624 0.0558
vn -0.1323 0.9644 0.2292
vn -0.1315 0.9648 0.2278
vn -0.1307 0.9652 0.2264
vn -0.9633 0.2624 0.0558
vn -0.9663 0.2531 0.0477
vn -0.9669 0.2552 0.0055
vn -0.4882 0.2552 0.8346
vn -0.5245 0.2531 0.8129
vn -0.5300 0.2624 0.8064
vn -0.2614 0.9652 -0.0000
vn -0.2630 0.9648 -0.0000
vn -0.2646 0.9644 -0.0000
vn 0.4333 0.2624 -0.8622
vn 0.4738 0.2622 -0.8407
vn 0.4752 0.2736 -0.8362
vn -0.9669 0.2552 -0.0055
vn -0.9663 0.2531 -0.0477
vn -0.9634 0.2624 -0.0558
vn -0.1307 0.9652 -0.2264
vn -0.1315 0.9648 -0.2278
vn -0.1323 0.9644 -0.2292
vn 0.9633 0.2624 -0.0558
vn 0.9650 0.2622 -0.0101
vn 0.9618 0.2736 -0.0066
vn -0.4787 0.2552 -0.8401
vn -0.4333 0.2624 -0.8622
vn 0.1307 0.9652 -0.2264
vn 0.1315 0.9648 -0.2278
vn 0.1323 0.9644 -0.2292
vn 0.5300 0.2624 0.8064
vn 0.4866 0.2736 0.8297
vn -0.4752 0.2736 -0.8362
vn -0.4738 0.2622 -0.8407
vn 0.2646 0.9644 -0.0000
vn 0.2630 0.9648 -0.0000
vn 0.2614 0.9652 -0.0000
vn 0.5245 0.2531 0.8129
vn 0.4866 0.2736 -0.8297
vn 0.4912 0.2622 -0.8307
vn 0.5300 0.2624 -0.8064
vn 0.1323 0.9644 0.2292
vn 0.1315 0.9648 0.2278
vn 0.1307 0.9652 0.2264
vn -0.4333 0.2624 0.8622
vn -0.4418 0.2531 0.8607
vn -0.4787 0.2552 0.8401
vn 0.9553 0.2956 0.0080
vn 0.9574 0.2821 0.0619
vn -0.1372 0.9616 0.2376
vn -0.1364 0.9621 0.2362
vn -0.1356 0.9625 0.2349
vn -0.9574 0.2821 0.0619
vn -0.9618 0.2736 0.0066
vn -0.4866 0.2736 0.8297
vn -0.5323 0.2821 0.7982
vn -0.2712 0.9625 -0.0000
vn -0.2728 0.9621 -0.0000
vn -0.2744 0.9616 -0.0000
vn 0.4251 0.2821 -0.8601
vn 0.4708 0.2956 -0.8313
vn -0.9618 0.2736 -0.0066
vn -0.9574 0.2821 -0.0619
vn -0.1356 0.9625 -0.2349
vn -0.1364 0.9621 -0.2362
vn -0.1372 0.9616 -0.2376
vn 0.9574 0.2821 -0.0619
vn 0.9553 0.2956 -0.0080
vn -0.4251 0.2821 -0.8601
vn 0.1356 0.9625 -0.2349
vn 0.1364 0.9621 -0.2362
vn 0.1372 0.9616 -0.2376
vn 0.5323 0.2821 0.7982
vn 0.4845 0.2956 0.8233
vn -0.4795 0.2836 -0.8305
vn -0.4325 0.2746 -0.8588
vn 0.2728 0.9621 -0.0000
vn 0.5368 0.2727 0.7984
vn 0.4923 0.2654 0.8290
vn 0.4795 0.2836 -0.8305
vn 0.5275 0.2746 -0.8040
vn 0.1364 0.9621 0.2362
vn -0.4231 0.2727 0.8641
vn -0.4717 0.2654 0.8409
vn 0.9515 0.3077 -0.0000
vn 0.9530 0.2969 0.0606
vn -0.1412 0.9593 0.2446
vn -0.9528 0.2944 0.0737
vn -0.9582 0.2859 0.0143
vn -0.4845 0.2956 0.8233
vn -0.5346 0.3057 0.7879
vn -0.2809 0.9597 -0.0000
vn -0.2825 0.9593 -0.0000
vn -0.2840 0.9588 -0.0000
vn 0.4151 0.3057 -0.8569
vn 0.4648 0.3223 -0.8247
vn -0.9553 0.2956 -0.0080
vn -0.9496 0.3057 -0.0690
vn -0.1405 0.9597 -0.2433
vn -0.1412 0.9593 -0.2446
vn -0.1420 0.9588 -0.2460
vn 0.9496 0.3057 -0.0690
vn 0.9466 0.3223 -0.0098
vn -0.4708 0.2956 -0.8313
vn -0.4151 0.3057 -0.8569
vn 0.1405 0.9597 -0.2433
vn 0.1412 0.9593 -0.2446
vn 0.1420 0.9588 -0.2460
vn 0.5346 0.3057 0.7879
vn 0.4818 0.3223 0.8149
vn 0.4845 0.2956 -0.8233
vn 0.5273 0.2922 -0.7978
vn 0.5346 0.3057 -0.7879
vn 0.2809 0.9597 -0.0000
vn 0.2825 0.9593 -0.0000
vn 0.2840 0.9588 -0.0000
vn -0.4151 0.3057 0.8569
vn -0.4636 0.3053 0.8318
vn -0.4648 0.3223 0.8247
vn 0.9582 0.2859 0.0143
vn 0.9546 0.2922 0.0578
vn 0.9528 0.2944 0.0737
vn 0.1412 0.9593 0.2446
vn -0.9530 0.2969 0.0606
vn -0.9522 0.3053 0.0144
vn -0.9515 0.3078 -0.0000
vn 0.4601 0.3107 0.8318
vn 0.4177 0.3179 0.8512
vn 0.3996 0.3207 0.8587
vn -0.1460 0.9564 0.2529
vn -0.5301 0.3241 -0.7835
vn -0.4865 0.3339 -0.8074
vn -0.4707 0.3372 -0.8153
vn -0.4903 0.3106 0.8143
vn -0.5439 0.3207 0.7754
vn -0.2920 0.9564 -0.0000
vn 0.4135 0.3241 -0.8509
vn 0.4707 0.3372 -0.8153
vn -0.9466 0.3223 -0.0098
vn -0.9392 0.3346 -0.0774
vn -0.1453 0.9569 -0.2516
vn -0.1460 0.9564 -0.2529
vn -0.1468 0.9559 -0.2542
vn 0.9392 0.3346 -0.0774
vn 0.9347 0.3553 -0.0123
vn -0.4648 0.3223 -0.8247
vn -0.4026 0.3346 -0.8520
vn 0.1453 0.9569 -0.2516
vn 0.1460 0.9564 -0.2529
vn 0.1468 0.9559 -0.2542
vn 0.5366 0.3346 0.7747
vn 0.4780 0.3553 0.8033
vn 0.4903 0.3106 -0.8143
vn 0.5439 0.3207 -0.7754
vn 0.2920 0.9564 -0.0000
vn -0.4135 0.3241 0.8509
vn -0.4707 0.3372 0.8153
vn 0.4780 0.3553 -0.8033
vn 0.4865 0.3339 -0.8074
vn 0.5366 0.3346 -0.7747
vn 0.1468 0.9559 0.2542
vn 0.1460 0.9564 0.2529
vn 0.1453 0.9569 0.2516
vn -0.4026 0.3346 0.8520
vn -0.4177 0.3179 0.8512
vn 0.9178 0.3967 0.0158
vn 0.9290 0.3694 0.0219
vn 0.9247 0.3704 0.0874
vn -0.1515 0.9530 0.2624
vn -0.1508 0.9535 0.2611
vn -0.1500 0.9539 0.2598
vn -0.9247 0.3704 0.0874
vn -0.9343 0.3493 0.0710
vn -0.9347 0.3553 0.0123
vn 0.4452 0.3967 0.8027
vn 0.4455 0.3694 0.8155
vn 0.3867 0.3704 0.8445
vn -0.3030 0.9530 -0.0000
vn -0.3015 0.9535 -0.0000
vn -0.3000 0.9539 -0.0000
vn -0.5380 0.3704 -0.7572
vn -0.5286 0.3493 -0.7736
vn -0.4780 0.3553 -0.8033
vn -0.9347 0.3553 -0.0123
vn -0.9247 0.3704 -0.0874
vn -0.1500 0.9539 -0.2598
vn -0.1508 0.9535 -0.2611
vn -0.1515 0.9530 -0.2624
vn 0.9247 0.3704 -0.0874
vn 0.9178 0.3967 -0.0158
vn -0.4567 0.3553 -0.8156
vn -0.3867 0.3704 -0.8445
vn 0.1500 0.9539 -0.2598
vn 0.1508 0.9535 -0.2611
vn 0.1515 0.9530 -0.2624
vn 0.5380 0.3704 0.7572
vn 0.4726 0.3967 0.7869
vn -0.4452 0.3967 -0.8027
vn -0.4455 0.3694 -0.8155
vn 0.3030 0.9530 -0.0000
vn 0.3015 0.9535 -0.0000
vn 0.3000 0.9539 -0.0000
vn 0.5286 0.3493 0.7736
vn 0.4726 0.3967 -0.7869
vn 0.5380 0.3704 -0.7572
vn 0.1515 0.9530 0.2624
vn 0.1508 0.9535 0.2611
vn 0.1500 0.9539 0.2598
vn -0.3867 0.3704 0.8445
vn -0.4567 0.3553 0.8156
vn 0.8929 0.4497 0.0209
vn 0.9040 0.4157 0.0995
vn -0.1562 0.9499 0.2706
vn -0.1555 0.9504 0.2693
vn -0.1547 0.9509 0.2680
vn -0.9040 0.4157 0.0995
vn -0.9178 0.3967 0.0158
vn 0.4283 0.4497 0.7837
vn 0.3659 0.4157 0.8327
vn -0.3124 0.9499 -0.0000
vn -0.3109 0.9504 -0.0000
vn -0.3094 0.9509 -0.0000
vn -0.5382 0.4157 -0.7332
vn -0.4726 0.3967 -0.7869
vn -0.9178 0.3967 -0.0158
vn -0.9040 0.4157 -0.0995
vn -0.1547 0.9509 -0.2680
vn -0.1555 0.9504 -0.2693
vn -0.1562 0.9499 -0.2706
vn 0.9040 0.4157 -0.0995
vn 0.8929 0.4497 -0.0209
vn -0.3659 0.4157 -0.8327
vn 0.1547 0.9509 -0.2680
vn 0.1555 0.9504 -0.2693
vn 0.1562 0.9499 -0.2706
vn 0.5382 0.4157 0.7332
vn 0.4646 0.4497 0.7628
vn -0.4537 0.4202 -0.7858
vn -0.3833 0.4001 -0.8325
vn 0.3109 0.9504 -0.0000
vn 0.5513 0.3934 0.7357
vn 0.4862 0.3792 0.7873
vn 0.4537 0.4202 -0.7858
vn 0.5293 0.4001 -0.7482
vn 0.1555 0.9504 0.2693
vn -0.3615 0.3934 0.8453
vn -0.4387 0.3792 0.8147
vn 0.8544 0.5189 0.0286
vn 0.8730 0.4741 0.1143
vn -0.1609 0.9468 0.2786
vn -0.1601 0.9473 0.2773
vn -0.1601 0.9473 0.2774
vn -0.1594 0.9478 0.2761
vn -0.8730 0.4741 0.1143
vn -0.8929 0.4497 0.0209
vn 0.4386 0.4802 0.7596
vn 0.3604 0.4547 0.8145
vn -0.3203 0.9473 -0.0000
vn -0.5542 0.4448 -0.7036
vn -0.4825 0.4278 -0.7643
vn -0.8929 0.4497 -0.0209
vn -0.8730 0.4741 -0.1143
vn -0.1594 0.9478 -0.2761
vn -0.1601 0.9473 -0.2774
vn -0.1601 0.9473 -0.2773
vn -0.1609 0.9468 -0.2786
vn 0.8730 0.4741 -0.1143
vn 0.8544 0.5189 -0.0286
vn -0.4283 0.4497 -0.7837
vn -0.3375 0.4741 -0.8132
vn 0.1594 0.9478 -0.2761
vn 0.1601 0.9473 -0.2774
vn 0.1601 0.9473 -0.2773
vn 0.1609 0.9468 -0.2786
vn 0.5355 0.4741 0.6989
vn 0.4519 0.5189 0.7256
vn 0.4825 0.4278 -0.7643
vn 0.5244 0.4381 -0.7301
vn 0.5542 0.4448 -0.7036
vn 0.3203 0.9473 -0.0000
vn -0.3604 0.4547 0.8145
vn -0.4092 0.4710 0.7814
vn -0.4386 0.4802 0.7596
vn 0.8945 0.4381 0.0891
vn 0.1594 0.9478 0.2761
vn 0.1601 0.9473 0.2774
vn 0.1601 0.9473 0.2773
vn 0.1609 0.9468 0.2786
vn -0.8814 0.4710 0.0363
vn -0.8544 0.5189 0.0286
vn 0.7913 0.6101 0.0403
vn 0.8242 0.5506 0.1325
vn -0.1655 0.9437 0.2866
vn -0.1647 0.9442 0.2853
vn -0.1640 0.9447 0.2841
vn -0.8242 0.5506 0.1325
vn -0.4519 0.5189 0.7256
vn -0.5167 0.5020 0.6935
vn -0.5268 0.5506 0.6476
vn -0.3280 0.9447 -0.0000
vn -0.3295 0.9442 -0.0000
vn -0.3309 0.9437 -0.0000
vn 0.2974 0.5506 -0.7800
vn 0.3763 0.5453 -0.7490
vn 0.3607 0.6101 -0.7055
vn -0.8544 0.5189 -0.0286
vn -0.8242 0.5506 -0.1325
vn -0.1640 0.9447 -0.2841
vn -0.1647 0.9442 -0.2853
vn -0.1655 0.9437 -0.2866
vn 0.8242 0.5506 -0.1325
vn 0.7913 0.6101 -0.0403
vn -0.3937 0.4912 -0.7770
vn -0.2913 0.5112 -0.8086
vn 0.1647 0.9442 -0.2853
vn 0.5149 0.5266 0.6764
vn 0.4146 0.5590 0.7181
vn -0.3607 0.6101 -0.7055
vn -0.3763 0.5453 -0.7490
vn -0.2974 0.5506 -0.7800
vn 0.3309 0.9437 -0.0000
vn 0.3295 0.9442 -0.0000
vn 0.3280 0.9447 -0.0000
vn 0.5268 0.5506 0.6476
vn 0.5167 0.5020 0.6935
vn 0.8698 0.4912 0.0476
vn 0.8459 0.5112 0.1521
vn 0.1647 0.9442 0.2853
vn -0.8432 0.5266 0.1077
vn -0.8291 0.5590 -0.0000
vn 0.6828 0.7283 0.0584
vn 0.7429 0.6513 0.1545
vn -0.1700 0.9404 0.2945
vn -0.1693 0.9409 0.2932
vn -0.1686 0.9414 0.2920
vn -0.7429 0.6513 0.1545
vn -0.7913 0.6101 0.0403
vn -0.4642 0.5752 0.6735
vn -0.5491 0.5976 0.5842
vn -0.3386 0.9409 -0.0000
vn 0.2809 0.6225 -0.7305
vn 0.3742 0.6631 -0.6482
vn -0.7913 0.6101 -0.0403
vn -0.7429 0.6513 -0.1545
vn -0.1686 0.9414 -0.2920
vn -0.1693 0.9409 -0.2932
vn -0.1700 0.9404 -0.2945
vn 0.7429 0.6513 -0.1545
vn 0.6828 0.7283 -0.0584
vn -0.7485 0.6631 -0.0000
vn -0.7636 0.6422 -0.0671
vn -0.7731 0.6225 -0.1220
vn 0.1693 0.9409 -0.2933
vn 0.1693 0.9409 -0.2932
vn 0.7805 0.5976 -0.1834
vn 0.8025 0.5856 -0.1142
vn 0.8154 0.5752 -0.0652
vn -0.2908 0.7283 -0.6205
vn -0.2377 0.6513 -0.7206
vn 0.3401 0.9404 -0.0000
vn 0.3386 0.9409 -0.0000
vn 0.3372 0.9414 -0.0000
vn 0.5053 0.6513 0.5661
vn 0.4306 0.6101 0.6651
vn 0.3920 0.7283 -0.5621
vn 0.4399 0.6422 -0.6277
vn 0.5053 0.6513 -0.5661
vn 0.1700 0.9404 0.2945
vn 0.1693 0.9409 0.2932
vn 0.1686 0.9414 0.2920
vn -0.2377 0.6513 0.7206
vn -0.3024 0.5856 0.7521
vn -0.3607 0.6101 0.7055
vn 0.6068 0.7949 -0.0000
vn 0.6499 0.7475 0.1373
vn -0.0279 0.9062 0.4220
vn -0.1738 0.9376 0.3011
vn -0.6698 0.7080 0.2240
vn -0.7218 0.6861 0.0912
vn -0.1630 0.9749 -0.1514
vn 0.0899 0.9661 0.2421
vn 0.2373 0.7643 0.5996
vn 0.1450 0.7787 0.6105
vn -0.3491 0.9371 -0.0000
vn -0.3477 0.9376 -0.0000
vn -0.4128 0.8836 -0.2212
vn -0.4664 0.6939 -0.5487
vn -0.3920 0.7283 -0.5621
vn -0.6828 0.7283 -0.0584
vn -0.3980 0.8836 -0.2469
vn -0.1738 0.9376 -0.3011
vn -0.1745 0.9371 -0.3023
vn 0.6012 0.7787 -0.1797
vn 0.2546 0.9661 -0.0432
vn -0.2420 0.6939 -0.6782
vn 0.0148 0.8836 -0.4681
vn 0.1738 0.9376 -0.3011
vn 0.1745 0.9371 -0.3023
vn 0.4562 0.7787 0.4308
vn 0.4006 0.7643 0.5053
vn 0.1647 0.9661 0.1989
vn -0.3034 0.7949 -0.5255
vn -0.2060 0.7475 -0.6315
vn 0.3794 0.9062 -0.1868
vn 0.3477 0.9376 -0.0000
vn 0.3476 0.9376 -0.0000
vn 0.5289 0.7080 0.4680
vn 0.4399 0.6861 0.5795
vn -0.0497 0.9749 0.2169
vn 0.3034 0.7949 -0.5255
vn 0.4439 0.7475 -0.4942
vn 0.3515 0.9062 0.2352
vn 0.1738 0.9376 0.3011
vn -0.1409 0.7080 0.6920
vn -0.2819 0.6861 0.6707
vn -0.2126 0.9749 0.0654
vn -0.0886 0.9283 0.3611
vn -0.1783 0.9343 0.3088
vn -0.2774 0.9592 0.0541
vn -0.0936 0.9941 -0.0540
vn -0.0000 0.9941 0.1080
vn -0.1855 0.9592 0.2132
vn -0.3566 0.9343 -0.0000
vn -0.3570 0.9283 -0.1038
vn -0.1647 0.9661 -0.1989
vn -0.2546 0.9661 -0.0432
vn -0.2684 0.9283 -0.2573
vn -0.1783 0.9343 -0.3088
vn 0.0919 0.9592 -0.2672
vn 0.0936 0.9941 -0.0540
vn -0.0899 0.9661 -0.2421
vn 0.0886 0.9283 -0.3611
vn 0.1783 0.9343 -0.3088
vn 0.2774 0.9592 -0.0541
vn 0.0936 0.9941 0.0540
vn 0.1647 0.9661 -0.1989
vn 0.3570 0.9283 -0.1038
vn 0.3566 0.9343 -0.0000
vn 0.1855 0.9592 0.2132
vn 0.2546 0.9661 0.0432
vn 0.2684 0.9283 0.2573
vn 0.1783 0.9343 0.3088
vn -0.0919 0.9592 0.2672
vn -0.0936 0.9941 0.0540
vn -0.0918 0.9830 0.1590
vn -0.1836 0.9830 -0.0000
vn -0.0918 0.9830 -0.1590
vn -0.0000 0.9941 -0.1080
vn 0.0918 0.9830 -0.1590
vn 0.1836 0.9830 -0.0000
vn 0.0918 0.9830 0.1590
vn 0.9857 0.1681 0.0071
vn 0.4867 0.1681 0.8573
vn -0.4867 0.1681 -0.8573
vn 0.4991 0.1681 -0.8501
vn -0.9857 0.1688 -0.0000
vn -0.4708 0.1711 0.8655
vn 0.9857 0.1688 -0.0000
vn 0.4924 0.1737 0.8529
vn -0.5158 0.1763 -0.8384
vn -0.9848 0.1737 -0.0000
vn 0.5158 0.1763 0.8384
vn 0.4919 0.1792 -0.8520
vn -0.4913 0.1854 0.8510
vn 0.4622 0.1888 -0.8665
vn 0.9827 0.1854 -0.0000
vn 0.9799 0.1963 0.0362
vn 0.4907 0.1925 -0.8498
vn -0.4586 0.1963 -0.8667
vn 0.4907 0.1925 0.8498
vn 0.5212 0.1963 -0.8305
vn -0.4898 0.2005 0.8484
vn 0.9780 0.2049 -0.0397
vn 0.4898 0.2005 -0.8484
vn -0.4546 0.2049 0.8668
vn 0.4501 0.2147 0.8668
vn -0.5256 0.2147 0.8232
vn -0.9778 0.2097 -0.0000
vn 0.4877 0.2203 0.8447
vn -0.5281 0.2260 -0.8186
vn -0.4449 0.2260 -0.8666
vn -0.9729 0.2260 0.0480
vn 0.4863 0.2326 -0.8423
vn -0.4388 0.2391 0.8662
vn 0.9653 0.2545 0.0589
vn 0.4316 0.2545 -0.8654
vn 0.9653 0.2545 -0.0589
vn -0.4316 0.2545 -0.8654
vn 0.5336 0.2545 -0.8065
vn -0.4126 0.2944 0.8620
vn 0.9589 0.2836 -0.0000
vn 0.4757 0.3077 0.8240
vn -0.5439 0.3207 -0.7754
vn -0.4757 0.3077 0.8240
vn 0.9308 0.3530 0.0950
vn -0.9414 0.3372 -0.0000
vn 0.3831 0.3530 0.8536
vn -0.3831 0.3530 -0.8536
vn 0.4707 0.3372 0.8153
vn -0.3323 0.4448 0.8317
vn 0.9074 0.4202 -0.0000
vn -0.8864 0.4448 0.1281
vn 0.2913 0.5112 -0.8086
vn -0.7805 0.5976 -0.1834
vn 0.8291 0.5590 -0.0000
vn 0.5491 0.5976 -0.5842
vn -0.4146 0.5590 0.7181
vn 0.1409 0.7080 0.6920
vn -0.3742 0.6631 -0.6482
vn 0.5289 0.7080 0.4681
vn 0.3034 0.7949 0.5255
vn -0.4753 0.8342 -0.2797
vn -0.0045 0.8342 0.5515
vn -0.4799 0.8342 0.2718
s 1
f 2//1 1//1 3//1
f 3//1 1//1 4//1
f 4//1 1//1 5//1
f 5//1 1//1 6//1
f 6//1 1//1 7//1
f 7//1 1//1 2//1
f 8//1 2//1 9//1
f 9//1 3//1 10//1
f 10//1 3//1 11//1
f 11//1 4//1 12//1
f 12//1 4//1 13//1
f 13//1 5//1 14//1
f 14//1 5//1 15//1
f 15//1 6//1 16//1
f 16//1 6//1 17//1
f 17//1 7//1 18//1
f 18//1 7//1 19//1
f 19//1 2//1 8//1
f 20//1 8//1 21//1
f 21//1 9//1 22//1
f 22//1 10//1 23//1
f 23//1 10//1 24//1
f 24//1 11//1 25//1
f 25//1 12//1 26//1
f 26//1 12//1 27//1
f 27//1 13//1 28//1
f 28//1 14//1 29//1
f 29//1 14//1 30//1
f 30//1 15//1 31//1
f 31//1 16//1 32//1
f 32//1 16//1 33//1
f 33//1 17//1 34//1
f 34//1 18//1 35//1
f 35//1 18//1 36//1
f 36//1 19//1 37//1
f 37//1 8//1 20//1
f 38//1 20//1 39//1
f 39//1 21//1 40//1
f 40//1 22//1 41//1
f 41//1 23//1 42//1
f 42//1 23//1 43//1
f 43//1 24//1 44//1
f 44//1 25//1 45//1
f 45//1 26//1 46//1
f 46//2 26//2 47//2
f 47//3 27//3 48//3
f 48//3 28//3 49//3
f 49//3 29//3 50//3
f 50//3 29//3 51//3
f 51//1 30//1 52//1
f 52//1 31//1 53//1
f 53//1 32//1 54//1
f 54//1 32//1 55//1
f 55//1 33//1 56//1
f 56//1 34//1 57//1
f 57//1 35//1 58//1
f 58//1 35//1 59//1
f 59//1 36//1 60//1
f 60//1 37//1 61//1
f 61//1 20//1 38//1
f 62//1 38//1 63//1
f 63//1 39//1 64//1
f 64//1 40//1 65//1
f 65//1 41//1 66//1
f 66//1 42//1 67//1
f 67//1 42//1 68//1
f 68//1 43//1 69//1
f 69//1 44//1 70//1
f 70//1 45//1 71//1
f 71//1 46//1 72//1
f 72//2 46//2 73//2
f 73//1 47//1 74//1
f 74//1 48//1 75//1
f 75//1 49//1 76//1
f 76//1 50//1 77//1
f 77//1 50//1 78//1
f 78//3 51//3 79//3
f 79//1 52//1 80//1
f 80//1 53//1 81//1
f 81//1 54//1 82//1
f 82//1 54//1 83//1
f 83//1 55//1 84//1
f 84//1 56//1 85//1
f 85//4 57//4 86//4
f 86//2 58//2 87//2
f 87//1 58//1 88//1
f 88//1 59//1 89//1
f 89//1 60//1 90//1
f 90//1 61//1 91//1
f 91//1 38//1 62//1
f 92//1 62//1 93//1
f 93//1 63//1 94//1
f 94//1 64//1 95//1
f 95//1 65//1 96//1
f 96//1 66//1 97//1
f 97//1 67//1 98//1
f 98//1 67//1 99//1
f 99//1 68//1 100//1
f 100//1 69//1 101//1
f 101//1 70//1 102//1
f 102//1 71//1 103//1
f 103//1 72//1 104//1
f 104//1 72//1 105//1
f 105//5 73//5 106//5
f 106//1 74//1 107//1
f 107//1 75//1 108//1
f 108//1 76//1 109//1
f 109//1 77//1 110//1
f 110//1 77//1 111//1
f 111//1 78//1 112//1
f 112//3 79//3 113//3
f 113//1 80//1 114//1
f 114//1 81//1 115//1
f 115//1 82//1 116//1
f 116//1 82//1 117//1
f 117//1 83//1 118//1
f 118//1 84//1 119//1
f 119//1 85//1 120//1
f 120//6 86//6 121//6
f 121//5 87//5 122//5
f 122//5 87//5 123//5
f 123//1 88//1 124//1
f 124//1 89//1 125//1
f 125//1 90//1 126//1
f 126//1 91//1 127//1
f 127//1 62//1 92//1
f 128//1 92//1 129//1
f 129//7 93//7 130//7
f 130//6 94//6 131//6
f 131//4 95//4 132//4
f 132//1 96//1 133//1
f 133//1 97//1 134//1
f 134//1 98//1 135//1
f 135//1 98//1 136//1
f 136//1 99//1 137//1
f 137//1 100//1 138//1
f 138//1 101//1 139//1
f 139//1 102//1 140//1
f 140//1 103//1 141//1
f 141//1 104//1 142//1
f 142//1 104//1 143//1
f 143//1 105//1 144//1
f 144//5 106//5 145//5
f 145//1 107//1 146//1
f 146//1 108//1 147//1
f 147//1 109//1 148//1
f 148//1 110//1 149//1
f 149//1 110//1 150//1
f 150//1 111//1 151//1
f 151//1 112//1 152//1
f 152//3 113//3 153//3
f 153//1 114//1 154//1
f 154//1 115//1 155//1
f 155//1 116//1 156//1
f 156//1 116//1 157//1
f 157//1 117//1 158//1
f 158//1 118//1 159//1
f 159//1 119//1 160//1
f 160//1 120//1 161//1
f 161//6 121//6 162//6
f 162//1 122//1 163//1
f 163//2 122//2 164//2
f 164//1 123//1 165//1
f 165//1 124//1 166//1
f 166//1 125//1 167//1
f 167//1 126//1 168//1
f 168//1 127//1 169//1
f 169//1 92//1 128//1
f 170//7 128//7 171//7
f 171//6 129//6 172//6
f 172//1 130//1 173//1
f 173//1 131//1 174//1
f 174//4 132//4 175//4
f 175//1 133//1 176//1
f 176//1 134//1 177//1
f 177//1 135//1 178//1
f 178//1 135//1 179//1
f 179//1 136//1 180//1
f 180//1 137//1 181//1
f 181//1 138//1 182//1
f 182//1 139//1 183//1
f 183//1 140//1 184//1
f 184//1 141//1 185//1
f 185//1 142//1 186//1
f 186//1 142//1 187//1
f 187//1 143//1 188//1
f 188//1 144//1 189//1
f 189//4 145//4 190//4
f 190//4 146//4 191//4
f 191//5 147//5 192//5
f 192//1 148//1 193//1
f 193//1 149//1 194//1
f 194//1 149//1 195//1
f 195//1 150//1 196//1
f 196//1 151//1 197//1
f 197//1 152//1 198//1
f 198//3 153//3 199//3
f 199//1 154//1 200//1
f 200//1 155//1 201//1
f 201//1 156//1 202//1
f 202//1 156//1 203//1
f 203//1 157//1 204//1
f 204//1 158//1 205//1
f 205//1 159//1 206//1
f 206//1 160//1 207//1
f 207//1 161//1 208//1
f 208//6 162//6 209//6
f 209//1 163//1 210//1
f 210//1 163//1 211//1
f 211//5 164//5 212//5
f 212//1 165//1 213//1
f 213//1 166//1 214//1
f 214//1 167//1 215//1
f 215//1 168//1 216//1
f 216//1 169//1 217//1
f 217//1 128//1 170//1
f 218//7 170//7 219//7
f 219//1 171//1 220//1
f 220//1 172//1 221//1
f 221//1 173//1 222//1
f 222//5 174//5 223//5
f 223//1 175//1 224//1
f 224//1 176//1 225//1
f 225//1 177//1 226//1
f 226//1 178//1 227//1
f 227//1 178//1 228//1
f 228//1 179//1 229//1
f 229//1 180//1 230//1
f 230//1 181//1 231//1
f 231//1 182//1 232//1
f 232//1 183//1 233//1
f 233//1 184//1 234//1
f 234//1 185//1 235//1
f 235//1 186//1 236//1
f 236//1 186//1 237//1
f 237//1 187//1 238//1
f 238//1 188//1 239//1
f 239//1 189//1 240//1
f 240//1 190//1 241//1
f 241//1 191//1 242//1
f 242//5 192//5 243//5
f 243//1 193//1 244//1
f 244//1 194//1 245//1
f 245//1 194//1 246//1
f 246//1 195//1 247//1
f 247//1 196//1 248//1
f 248//1 197//1 249//1
f 249//1 198//1 250//1
f 250//2 199//2 251//2
f 251//2 200//2 252//2
f 252//2 201//2 253//2
f 253//2 202//2 254//2
f 254//2 202//2 255//2
f 255//1 203//1 256//1
f 256//1 204//1 257//1
f 257//1 205//1 258//1
f 258//1 206//1 259//1
f 259//1 207//1 260//1
f 260//1 208//1 261//1
f 261//6 209//6 262//6
f 262//1 210//1 263//1
f 263//1 210//1 264//1
f 264//1 211//1 265//1
f 265//5 212//5 266//5
f 266//1 213//1 267//1
f 267//1 214//1 268//1
f 268//1 215//1 269//1
f 269//1 216//1 270//1
f 270//1 217//1 271//1
f 271//1 170//1 218//1
f 272//6 218//6 273//6
f 273//1 219//1 274//1
f 274//1 220//1 275//1
f 275//1 221//1 276//1
f 276//5 222//5 277//5
f 277//1 223//1 278//1
f 278//1 224//1 279//1
f 279//1 225//1 280//1
f 280//1 226//1 281//1
f 281//1 227//1 282//1
f 282//1 227//1 283//1
f 283//1 228//1 284//1
f 284//1 229//1 285//1
f 285//1 230//1 286//1
f 286//1 231//1 287//1
f 287//1 232//1 288//1
f 288//1 233//1 289//1
f 289//1 234//1 290//1
f 290//1 235//1 291//1
f 291//1 236//1 292//1
f 292//1 236//1 293//1
f 293//1 237//1 294//1
f 294//1 238//1 295//1
f 295//1 239//1 296//1
f 296//1 240//1 297//1
f 297//1 241//1 298//1
f 298//1 242//1 299//1
f 299//4 243//4 300//4
f 300//4 244//4 301//4
f 301//4 245//4 302//4
f 302//4 245//4 303//4
f 303//1 246//1 304//1
f 304//1 247//1 305//1
f 305//1 248//1 306//1
f 306//1 249//1 307//1
f 307//1 250//1 308//1
f 308//1 251//1 309//1
f 309//1 252//1 310//1
f 310//1 253//1 311//1
f 311//1 254//1 312//1
f 312//1 254//1 313//1
f 313//2 255//2 314//2
f 314//1 256//1 315//1
f 315//1 257//1 316//1
f 316//1 258//1 317//1
f 317//1 259//1 318//1
f 318//1 260//1 319//1
f 319//1 261//1 320//1
f 320//6 262//6 321//6
f 321//1 263//1 322//1
f 322//1 263//1 323//1
f 323//1 264//1 324//1
f 324//2 265//2 325//2
f 325//1 266//1 326//1
f 326//1 267//1 327//1
f 327//1 268//1 328//1
f 328//1 269//1 329//1
f 329//1 270//1 330//1
f 330//1 271//1 331//1
f 331//6 218//6 272//6
f 332//1 272//1 333//1
f 333//1 273//1 334//1
f 334//1 274//1 335//1
f 335//1 275//1 336//1
f 336//5 276//5 337//5
f 337//1 277//1 338//1
f 338//1 278//1 339//1
f 339//1 279//1 340//1
f 340//1 280//1 341//1
f 341//1 281//1 342//1
f 342//1 282//1 343//1
f 343//1 282//1 344//1
f 344//1 283//1 345//1
f 345//1 284//1 346//1
f 346//1 285//1 347//1
f 347//1 286//1 348//1
f 348//1 287//1 349//1
f 349//1 288//1 350//1
f 350//1 289//1 351//1
f 351//1 290//1 352//1
f 352//1 291//1 353//1
f 353//1 292//1 354//1
f 354//1 292//1 355//1
f 355//1 293//1 356//1
f 356//1 294//1 357//1
f 357//1 295//1 358//1
f 358//1 296//1 359//1
f 359//1 297//1 360//1
f 360//1 298//1 361//1
f 361//1 299//1 362//1
f 362//1 300//1 363//1
f 363//1 301//1 364//1
f 364//1 302//1 365//1
f 365//1 302//1 366//1
f 366//4 303//4 367//4
f 367//1 304//1 368//1
f 368//1 305//1 369//1
f 369//1 306//1 370//1
f 370//1 307//1 371//1
f 371//1 308//1 372//1
f 372//1 309//1 373//1
f 373//1 310//1 374//1
f 374//1 311//1 375//1
f 375//1 312//1 376//1
f 376//1 312//1 377//1
f 377//1 313//1 378//1
f 378//2 314//2 379//2
f 379//1 315//1 380//1
f 380//1 316//1 381//1
f 381//1 317//1 382//1
f 382//1 318//1 383//1
f 383//1 319//1 384//1
f 384//1 320//1 385//1
f 385//6 321//6 386//6
f 386//1 322//1 387//1
f 387//1 322//1 388//1
f 388//1 323//1 389//1
f 389//2 324//2 390//2
f 390//1 325//1 391//1
f 391//1 326//1 392//1
f 392//1 327//1 393//1
f 393//1 328//1 394//1
f 394//1 329//1 395//1
f 395//1 330//1 396//1
f 396//6 331//6 397//6
f 397//1 272//1 332//1
f 398//1 332//1 399//1
f 399//1 333//1 400//1
f 400//1 334//1 401//1
f 401//1 335//1 402//1
f 402//1 336//1 403//1
f 403//4 337//4 404//4
f 404//1 338//1 405//1
f 405//1 339//1 406//1
f 406//1 340//1 407//1
f 407//1 341//1 408//1
f 408//1 342//1 409//1
f 409//1 343//1 410//1
f 410//3 343//3 411//3
f 411//7 344//7 412//7
f 412//7 345//7 413//7
f 413//6 346//6 414//6
f 414//1 347//1 415//1
f 415//1 348//1 416//1
f 416//1 349//1 417//1
f 417//1 350//1 418//1
f 418//1 351//1 419//1
f 419//1 352//1 420//1
f 420//1 353//1 421//1
f 421//1 354//1 422//1
f 422//1 354//1 423//1
f 423//1 355//1 424//1
f 424//1 356//1 425//1
f 425//1 357//1 426//1
f 426//1 358//1 427//1
f 427//1 359//1 428//1
f 428//1 360//1 429//1
f 429//1 361//1 430//1
f 430//1 362//1 431//1
f 431//1 363//1 432//1
f 432//1 364//1 433//1
f 433//1 365//1 434//1
f 434//1 365//1 435//1
f 435//1 366//1 436//1
f 436//4 367//4 437//4
f 437//1 368//1 438//1
f 438//1 369//1 439//1
f 439//1 370//1 440//1
f 440//1 371//1 441//1
f 441//1 372//1 442//1
f 442//1 373//1 443//1
f 443//1 374//1 444//1
f 444//1 375//1 445//1
f 445//1 376//1 446//1
f 446//1 376//1 447//1
f 447//1 377//1 448//1
f 448//1 378//1 449//1
f 449//2 379//2 450//2
f 450//1 380//1 451//1
f 451//1 381//1 452//1
f 452//1 382//1 453//1
f 453//1 383//1 454//1
f 454//1 384//1 455//1
f 455//1 385//1 456//1
f 456//6 386//6 457//6
f 457//1 387//1 458//1
f 458//1 387//1 459//1
f 459//1 388//1 460//1
f 460//2 389//2 461//2
f 461//1 390//1 462//1
f 462//1 391//1 463//1
f 463//1 392//1 464//1
f 464//1 393//1 465//1
f 465//1 394//1 466//1
f 466//1 395//1 467//1
f 467//6 396//6 468//6
f 468//1 397//1 469//1
f 469//1 332//1 398//1
f 470//1 398//1 471//1
f 471//1 399//1 472//1
f 472//1 400//1 473//1
f 473//1 401//1 474//1
f 474//1 402//1 475//1
f 475//1 403//1 476//1
f 476//4 404//4 477//4
f 477//1 405//1 478//1
f 478//1 406//1 479//1
f 479//1 407//1 480//1
f 480//1 408//1 481//1
f 481//1 409//1 482//1
f 482//1 410//1 483//1
f 483//3 410//3 484//3
f 484//1 411//1 485//1
f 485//1 412//1 486//1
f 486//4 413//4 487//4
f 487//1 414//1 488//1
f 488//1 415//1 489//1
f 489//1 416//1 490//1
f 490//1 417//1 491//1
f 491//1 418//1 492//1
f 492//1 419//1 493//1
f 493//1 420//1 494//1
f 494//1 421//1 495//1
f 495//1 422//1 496//1
f 496//1 422//1 497//1
f 497//1 423//1 498//1
f 498//1 424//1 499//1
f 499//1 425//1 500//1
f 500//1 426//1 501//1
f 501//1 427//1 502//1
f 502//1 428//1 503//1
f 503//1 429//1 504//1
f 504//1 430//1 505//1
f 505//1 431//1 506//1
f 506//1 432//1 507//1
f 507//1 433//1 508//1
f 508//1 434//1 509//1
f 509//1 434//1 510//1
f 510//1 435//1 511//1
f 511//5 436//5 512//5
f 512//1 437//1 513//1
f 513//1 438//1 514//1
f 514//1 439//1 515//1
f 515//1 440//1 516//1
f 516//1 441//1 517//1
f 517//1 442//1 518//1
f 518//1 443//1 519//1
f 519//1 444//1 520//1
f 520//1 445//1 521//1
f 521//1 446//1 522//1
f 522//1 446//1 523//1
f 523//1 447//1 524//1
f 524//1 448//1 525//1
f 525//3 449//3 526//3
f 526//1 450//1 527//1
f 527//1 451//1 528//1
f 528//1 452//1 529//1
f 529//1 453//1 530//1
f 530//1 454//1 531//1
f 531//1 455//1 532//1
f 532//4 456//4 533//4
f 533//1 457//1 534//1
f 534//1 458//1 535//1
f 535//1 458//1 536//1
f 536//1 459//1 537//1
f 537//1 460//1 538//1
f 538//5 461//5 539//5
f 539//1 462//1 540//1
f 540//1 463//1 541//1
f 541//1 464//1 542//1
f 542//1 465//1 543//1
f 543//1 466//1 544//1
f 544//1 467//1 545//1
f 545//7 468//7 546//7
f 546//1 469//1 547//1
f 547//1 398//1 470//1
f 548//1 470//1 549//1
f 549//1 471//1 550//1
f 550//1 472//1 551//1
f 551//1 473//1 552//1
f 552//1 474//1 553//1
f 553//1 475//1 554//1
f 554//1 476//1 555//1
f 555//4 477//4 556//4
f 556//8 478//1 557//8
f 557//8 479//1 558//8
f 558//8 480//1 559//8
f 559//8 481//1 560//8
f 560//8 482//1 561//8
f 561//8 483//1 562//8
f 562//3 483//3 563//3
f 563//1 484//1 564//1
f 564//1 485//1 565//1
f 565//1 486//1 566//1
f 566//6 487//6 567//6
f 567//9 488//1 568//9
f 568//9 489//1 569//9
f 569//9 490//1 570//9
f 570//9 491//1 571//9
f 571//9 492//1 572//9
f 572//9 493//1 573//9
f 573//9 494//1 574//9
f 574//9 495//1 575//9
f 575//9 496//1 576//10
f 576//10 496//1 577//11
f 577//11 497//1 578//11
f 578//11 498//1 579//12
f 579//12 499//1 580//1
f 580//1 500//1 581//12
f 581//12 501//1 582//11
f 582//11 502//1 583//11
f 583//11 503//1 584//11
f 584//11 504//1 585//11
f 585//11 505//1 586//11
f 586//11 506//1 587//11
f 587//11 507//1 588//11
f 588//11 508//1 589//11
f 589//11 509//1 590//13
f 590//13 509//1 591//14
f 591//14 510//1 592//15
f 592//16 511//5 593//5
f 593//1 512//1 594//1
f 594//1 513//1 595//1
f 595//1 514//1 596//1
f 596//1 515//1 597//1
f 597//1 516//1 598//1
f 598//1 517//1 599//1
f 599//1 518//1 600//1
f 600//1 519//1 601//1
f 601//1 520//1 602//1
f 602//1 521//1 603//1
f 603//1 522//1 604//1
f 604//1 522//1 605//1
f 605//1 523//1 606//1
f 606//1 524//1 607//1
f 607//1 525//1 608//1
f 608//2 526//2 609//2
f 609//17 527//1 610//17
f 610//17 528//1 611//17
f 611//17 529//1 612//17
f 612//17 530//1 613//17
f 613//17 531//1 614//17
f 614//17 532//1 615//17
f 615//6 533//6 616//6
f 616//1 534//1 617//1
f 617//1 535//1 618//1
f 618//1 535//1 619//1
f 619//1 536//1 620//1
f 620//1 537//1 621//1
f 621//1 538//1 622//1
f 622//5 539//5 623//5
f 623//18 540//1 624//18
f 624//18 541//1 625//18
f 625//18 542//1 626//18
f 626//18 543//1 627//18
f 627//18 544//1 628//18
f 628//18 545//1 629//18
f 629//7 546//7 630//7
f 630//1 547//1 631//1
f 631//1 470//1 548//1
f 632//1 548//1 633//1
f 633//1 549//1 634//1
f 634//1 550//1 635//1
f 635//1 551//1 636//1
f 636//1 552//1 637//1
f 637//1 553//1 638//1
f 638//1 554//1 639//1
f 639//19 555//20 640//21
f 640//22 556//8 641//23
f 641//23 557//8 642//23
f 642//23 558//8 643//23
f 643//23 559//8 644//23
f 644//23 560//8 645//23
f 645//23 561//8 646//24
f 646//25 562//26 647//27
f 647//27 562//26 648//7
f 648//1 563//1 649//1
f 649//1 564//1 650//1
f 650//1 565//1 651//1
f 651//28 566//29 652//30
f 652//31 567//9 653//32
f 653//32 568//9 654//32
f 654//32 569//9 655//32
f 655//32 570//9 656//32
f 656//32 571//9 657//32
f 657//32 572//9 658//33
f 658//33 573//9 659//33
f 659//33 574//9 660//32
f 660//32 575//9 661//32
f 661//32 576//10 662//34
f 662//34 576//10 663//35
f 663//35 577//11 664//35
f 664//35 578//11 665//36
f 665//37 579//37 666//37
f 666//3 580//3 667//3
f 667//38 581//39 668//40
f 668//41 582//11 669//35
f 669//35 583//11 670//35
f 670//35 584//11 671//35
f 671//35 585//11 672//35
f 672//35 586//11 673//35
f 673//35 587//11 674//35
f 674//35 588//11 675//35
f 675//35 589//11 676//35
f 676//35 590//13 677//42
f 677//42 590//13 678//43
f 678//43 591//14 679//44
f 679//45 592//16 680//46
f 680//1 593//1 681//1
f 681//1 594//1 682//1
f 682//1 595//1 683//1
f 683//1 596//1 684//1
f 684//1 597//1 685//1
f 685//1 598//1 686//1
f 686//1 599//1 687//1
f 687//1 600//1 688//1
f 688//1 601//1 689//1
f 689//1 602//1 690//1
f 690//1 603//1 691//1
f 691//1 604//1 692//1
f 692//1 604//1 693//1
f 693//1 605//1 694//1
f 694//1 606//1 695//1
f 695//1 607//1 696//1
f 696//47 608//48 697//49
f 697//50 609//17 698//51
f 698//51 610//17 699//51
f 699//51 611//17 700//51
f 700//51 612//17 701//51
f 701//51 613//17 702//51
f 702//51 614//17 703//52
f 703//53 615//54 704//55
f 704//1 616//1 705//1
f 705//1 617//1 706//1
f 706//1 618//1 707//1
f 707//1 618//1 708//1
f 708//1 619//1 709//1
f 709//1 620//1 710//1
f 710//1 621//1 711//1
f 711//56 622//57 712//58
f 712//59 623//18 713//60
f 713//60 624//18 714//60
f 714//60 625//18 715//60
f 715//60 626//18 716//60
f 716//60 627//18 717//60
f 717//60 628//18 718//61
f 718//62 629//63 719//64
f 719//1 630//1 720//1
f 720//1 631//1 721//1
f 721//1 548//1 632//1
f 722//1 632//1 723//1
f 723//1 633//1 724//1
f 724//1 634//1 725//1
f 725//1 635//1 726//1
f 726//1 636//1 727//1
f 727//1 637//1 728//1
f 728//1 638//1 729//1
f 729//65 639//19 730//66
f 730//67 640//22 731//67
f 731//67 641//23 732//67
f 732//67 642//23 733//67
f 733//67 643//23 734//67
f 734//67 644//23 735//67
f 735//67 645//23 736//67
f 736//68 646//25 737//69
f 737//1 647//1 738//1
f 738//1 647//1 739//1
f 739//1 648//1 740//1
f 740//1 649//1 741//1
f 741//1 650//1 742//1
f 742//70 651//28 743//71
f 743//72 652//31 744//73
f 744//73 653//32 745//73
f 745//73 654//32 746//73
f 746//73 655//32 747//73
f 747//73 656//32 748//73
f 748//73 657//32 749//74
f 749//75 658//76 750//77
f 750//78 659//79 751//80
f 751//74 660//32 752//73
f 752//73 661//32 753//73
f 753//73 662//34 754//81
f 754//81 662//34 755//82
f 755//82 663//35 756//82
f 756//82 664//35 757//82
f 757//82 665//36 758//83
f 758//84 666//85 759//86
f 759//1 667//1 760//1
f 760//87 668//40 761//88
f 761//89 669//35 762//89
f 762//89 670//35 763//89
f 763//89 671//35 764//89
f 764//89 672//35 765//89
f 765//89 673//35 766//90
f 766//90 674//35 767//82
f 767//82 675//35 768//82
f 768//82 676//35 769//82
f 769//82 677//42 770//91
f 770//91 677//42 771//92
f 771//92 678//43 772//92
f 772//93 679//45 773//94
f 773//1 680//1 774//1
f 774//1 681//1 775//1
f 775//1 682//1 776//1
f 776//1 683//1 777//1
f 777//1 684//1 778//1
f 778//1 685//1 779//1
f 779//1 686//1 780//1
f 780//1 687//1 781//1
f 781//1 688//1 782//1
f 782//1 689//1 783//1
f 783//1 690//1 784//1
f 784//1 691//1 785//1
f 785//1 692//1 786//1
f 786//1 692//1 787//1
f 787//1 693//1 788//1
f 788//1 694//1 789//1
f 789//1 695//1 790//1
f 790//1 696//1 791//1
f 791//95 697//96 792//97
f 792//98 698//51 793//99
f 793//99 699//51 794//99
f 794//99 700//51 795//99
f 795//99 701//51 796//99
f 796//99 702//51 797//99
f 797//99 703//52 798//100
f 798//101 704//102 799//103
f 799//1 705//1 800//1
f 800//1 706//1 801//1
f 801//1 707//1 802//1
f 802//1 707//1 803//1
f 803//1 708//1 804//1
f 804//1 709//1 805//1
f 805//1 710//1 806//1
f 806//1 711//1 807//1
f 807//19 712//104 808//105
f 808//106 713//60 809//107
f 809//107 714//60 810//107
f 810//107 715//60 811//107
f 811//107 716//60 812//107
f 812//107 717//60 813//107
f 813//107 718//61 814//108
f 814//109 719//110 815//111
f 815//1 720//1 816//1
f 816//1 721//1 817//1
f 817//1 632//1 722//1
f 818//1 722//1 819//1
f 819//1 723//1 820//1
f 820//1 724//1 821//1
f 821//1 725//1 822//1
f 822//1 726//1 823//1
f 823//1 727//1 824//1
f 824//1 728//1 825//1
f 825//1 729//1 826//1
f 826//70 730//112 827//113
f 827//114 731//67 828//115
f 828//115 732//67 829//115
f 829//115 733//67 830//115
f 830//115 734//67 831//115
f 831//115 735//67 832//115
f 832//115 736//67 833//116
f 833//117 737//118 834//119
f 834//1 738//1 835//1
f 835//1 738//1 836//1
f 836//1 739//1 837//1
f 837//1 740//1 838//1
f 838//1 741//1 839//1
f 839//120 742//70 840//113
f 840//121 743//72 841//122
f 841//122 744//73 842//122
f 842//122 745//73 843//122
f 843//122 746//73 844//122
f 844//122 747//73 845//122
f 845//122 748//73 846//123
f 846//117 749//75 847//124
f 847//1 750//1 848//1
f 848//125 751//80 849//126
f 849//123 752//73 850//122
f 850//122 753//73 851//122
f 851//122 754//81 852//127
f 852//127 754//81 853//128
f 853//128 755//82 854//128
f 854//128 756//82 855//128
f 855//128 757//82 856//128
f 856//128 758//83 857//128
f 857//129 759//86 858//130
f 858//1 760//1 859//1
f 859//131 761//131 860//131
f 860//131 762//131 861//131
f 861//131 763//131 862//131
f 862//131 764//131 863//131
f 863//131 765//131 864//131
f 864//132 766//133 865//134
f 865//135 767//82 866//128
f 866//128 768//82 867//128
f 867//128 769//82 868//128
f 868//128 770//91 869//136
f 869//136 770//91 870//137
f 870//137 771//92 871//137
f 871//137 772//92 872//138
f 872//139 773//140 873//141
f 873//1 774//1 874//1
f 874//1 775//1 875//1
f 875//1 776//1 876//1
f 876//1 777//1 877//1
f 877//1 778//1 878//1
f 878//1 779//1 879//1
f 879//1 780//1 880//1
f 880//1 781//1 881//1
f 881//1 782//1 882//1
f 882//1 783//1 883//1
f 883//1 784//1 884//1
f 884//1 785//1 885//1
f 885//1 786//1 886//1
f 886//1 786//1 887//1
f 887//1 787//1 888//1
f 888//1 788//1 889//1
f 889//1 789//1 890//1
f 890//1 790//1 891//1
f 891//1 791//1 892//1
f 892//142 792//97 893//143
f 893//144 793//99 894//145
f 894//145 794//99 895//145
f 895//145 795//99 896//145
f 896//145 796//99 897//145
f 897//145 797//99 898//145
f 898//145 798//100 899//146
f 899//147 799//103 900//148
f 900//1 800//1 901//1
f 901//1 801//1 902//1
f 902//1 802//1 903//1
f 903//1 802//1 904//1
f 904//1 803//1 905//1
f 905//1 804//1 906//1
f 906//1 805//1 907//1
f 907//1 806//1 908//1
f 908//1 807//1 909//1
f 909//149 808//105 910//150
f 910//151 809//107 911//152
f 911//152 810//107 912//152
f 912//152 811//107 913//152
f 913//152 812//107 914//152
f 914//152 813//107 915//152
f 915//152 814//108 916//153
f 916//154 815//111 917//155
f 917//1 816//1 918//1
f 918//1 817//1 919//1
f 919//1 722//1 818//1
f 920//1 818//1 921//1
f 921//1 819//1 922//1
f 922//1 820//1 923//1
f 923//1 821//1 924//1
f 924//1 822//1 925//1
f 925//1 823//1 926//1
f 926//1 824//1 927//1
f 927//1 825//1 928//1
f 928//1 826//1 929//1
f 929//120 827//113 930//156
f 930//157 828//115 931//158
f 931//158 829//115 932//158
f 932//158 830//115 933//158
f 933//158 831//115 934//158
f 934//158 832//115 935//158
f 935//158 833//116 936//159
f 936//160 834//119 937//161
f 937//1 835//1 938//1
f 938//1 835//1 939//1
f 939//1 836//1 940//1
f 940//1 837//1 941//1
f 941//1 838//1 942//1
f 942//162 839//120 943//163
f 943//164 840//121 944//164
f 944//164 841//122 945//164
f 945//164 842//122 946//164
f 946//164 843//122 947//164
f 947//164 844//122 948//164
f 948//164 845//122 949//164
f 949//165 846//117 950//166
f 950//1 847//1 951//1
f 951//1 848//1 952//1
f 952//167 849//126 953//168
f 953//169 850//122 954//169
f 954//169 851//122 955//170
f 955//170 852//127 956//171
f 956//171 852//127 957//172
f 957//172 853//128 958//172
f 958//172 854//128 959//172
f 959//172 855//128 960//172
f 960//172 856//128 961//172
f 961//173 857//174 962//175
f 962//1 858//1 963//1
f 963//1 859//1 964//1
f 964//1 860//1 965//1
f 965//1 861//1 966//1
f 966//1 862//1 967//1
f 967//1 863//1 968//1
f 968//1 864//1 969//1
f 969//176 865//134 970//177
f 970//178 866//128 971//172
f 971//172 867//128 972//172
f 972//172 868//128 973//172
f 973//172 869//136 974//179
f 974//179 869//136 975//180
f 975//180 870//137 976//180
f 976//180 871//137 977//180
f 977//180 872//138 978//180
f 978//181 873//141 979//162
f 979//1 874//1 980//1
f 980//1 875//1 981//1
f 981//1 876//1 982//1
f 982//1 877//1 983//1
f 983//1 878//1 984//1
f 984//1 879//1 985//1
f 985//1 880//1 986//1
f 986//1 881//1 987//1
f 987//1 882//1 988//1
f 988//1 883//1 989//1
f 989//1 884//1 990//1
f 990//1 885//1 991//1
f 991//1 886//1 992//1
f 992//1 886//1 993//1
f 993//1 887//1 994//1
f 994//1 888//1 995//1
f 995//1 889//1 996//1
f 996//1 890//1 997//1
f 997//1 891//1 998//1
f 998//1 892//1 999//1
f 999//182 893//143 1000//183
f 1000//184 894//145 1001//185
f 1001//185 895//145 1002//185
f 1002//185 896//145 1003//185
f 1003//185 897//145 1004//185
f 1004//185 898//145 1005//185
f 1005//185 899//146 1006//186
f 1006//187 900//148 1007//188
f 1007//1 901//1 1008//1
f 1008//1 902//1 1009//1
f 1009//1 903//1 1010//1
f 1010//1 903//1 1011//1
f 1011//1 904//1 1012//1
f 1012//1 905//1 1013//1
f 1013//1 906//1 1014//1
f 1014//1 907//1 1015//1
f 1015//1 908//1 1016//1
f 1016//1 909//1 1017//1
f 1017//189 910//150 1018//190
f 1018//191 911//152 1019//192
f 1019//192 912//152 1020//192
f 1020//192 913//152 1021//192
f 1021//192 914//152 1022//192
f 1022//192 915//152 1023//192
f 1023//192 916//153 1024//193
f 1024//194 917//155 1025//195
f 1025//1 918//1 1026//1
f 1026//1 919//1 1027//1
f 1027//1 818//1 920//1
f 1028//1 920//1 1029//1
f 1029//1 921//1 1030//1
f 1030//1 922//1 1031//1
f 1031//1 923//1 1032//1
f 1032//1 924//1 1033//1
f 1033//1 925//1 1034//1
f 1034//1 926//1 1035//1
f 1035//1 927//1 1036//1
f 1036//1 928//1 1037//1
f 1037//1 929//1 1038//1
f 1038//196 930//156 1039//197
f 1039//198 931//158 1040//198
f 1040//198 932//158 1041//198
f 1041//198 933//158 1042//198
f 1042//198 934//158 1043//198
f 1043//198 935//158 1044//198
f 1044//198 936//159 1045//198
f 1045//199 937//161 1046//200
f 1046//1 938//1 1047//1
f 1047//1 938//1 1048//1
f 1048//1 939//1 1049//1
f 1049//1 940//1 1050//1
f 1050//1 941//1 1051//1
f 1051//1 942//1 1052//1
f 1052//201 943//202 1053//203
f 1053//204 944//164 1054//205
f 1054//205 945//164 1055//205
f 1055//205 946//164 1056//205
f 1056//205 947//164 1057//205
f 1057//205 948//164 1058//205
f 1058//205 949//164 1059//206
f 1059//207 950//208 1060//209
f 1060//1 951//1 1061//1
f 1061//1 952//1 1062//1
f 1062//210 953//210 1063//210
f 1063//210 954//210 1064//210
f 1064//211 955//212 1065//213
f 1065//214 956//171 1066//215
f 1066//215 956//171 1067//216
f 1067//216 957//172 1068//216
f 1068//216 958//172 1069//216
f 1069//216 959//172 1070//216
f 1070//216 960//172 1071//216
f 1071//216 961//172 1072//216
f 1072//217 962//218 1073//219
f 1073//1 963//1 1074//1
f 1074//1 964//1 1075//1
f 1075//1 965//1 1076//1
f 1076//1 966//1 1077//1
f 1077//1 967//1 1078//1
f 1078//1 968//1 1079//1
f 1079//1 969//1 1080//1
f 1080//220 970//177 1081//221
f 1081//222 971//172 1082//216
f 1082//216 972//172 1083//216
f 1083//216 973//172 1084//216
f 1084//216 974//179 1085//223
f 1085//223 974//179 1086//224
f 1086//224 975//180 1087//224
f 1087//224 976//180 1088//224
f 1088//224 977//180 1089//224
f 1089//225 978//226 1090//227
f 1090//1 979//1 1091//1
f 1091//1 980//1 1092//1
f 1092//1 981//1 1093//1
f 1093//1 982//1 1094//1
f 1094//1 983//1 1095//1
f 1095//1 984//1 1096//1
f 1096//1 985//1 1097//1
f 1097//1 986//1 1098//1
f 1098//1 987//1 1099//1
f 1099//1 988//1 1100//1
f 1100//1 989//1 1101//1
f 1101//1 990//1 1102//1
f 1102//1 991//1 1103//1
f 1103//1 992//1 1104//1
f 1104//1 992//1 1105//1
f 1105//1 993//1 1106//1
f 1106//1 994//1 1107//1
f 1107//1 995//1 1108//1
f 1108//1 996//1 1109//1
f 1109//1 997//1 1110//1
f 1110//1 998//1 1111//1
f 1111//1 999//1 1112//1
f 1112//228 1000//183 1113//229
f 1113//230 1001//185 1114//230
f 1114//230 1002//185 1115//230
f 1115//230 1003//185 1116//230
f 1116//230 1004//185 1117//230
f 1117//230 1005//185 1118//230
f 1118//230 1006//186 1119//230
f 1119//231 1007//188 1120//232
f 1120//1 1008//1 1121//1
f 1121//1 1009//1 1122//1
f 1122//1 1010//1 1123//1
f 1123//1 1010//1 1124//1
f 1124//1 1011//1 1125//1
f 1125//1 1012//1 1126//1
f 1126//1 1013//1 1127//1
f 1127//1 1014//1 1128//1
f 1128//1 1015//1 1129//1
f 1129//1 1016//1 1130//1
f 1130//1 1017//1 1131//1
f 1131//233 1018//190 1132//234
f 1132//235 1019//192 1133//235
f 1133//235 1020//192 1134//235
f 1134//235 1021//192 1135//235
f 1135//235 1022//192 1136//235
f 1136//235 1023//192 1137//235
f 1137//235 1024//193 1138//235
f 1138//236 1025//195 1139//237
f 1139//1 1026//1 1140//1
f 1140//1 1027//1 1141//1
f 1141//1 920//1 1028//1
f 1142//1 1028//1 1143//1
f 1143//1 1029//1 1144//1
f 1144//1 1030//1 1145//1
f 1145//1 1031//1 1146//1
f 1146//1 1032//1 1147//1
f 1147//1 1033//1 1148//1
f 1148//1 1034//1 1149//1
f 1149//1 1035//1 1150//1
f 1150//1 1036//1 1151//1
f 1151//1 1037//1 1152//1
f 1152//238 1038//239 1153//240
f 1153//241 1039//198 1154//242
f 1154//242 1040//198 1155//242
f 1155//242 1041//198 1156//242
f 1156//242 1042//198 1157//242
f 1157//242 1043//198 1158//242
f 1158//242 1044//198 1159//243
f 1159//244 1045//245 1160//246
f 1160//1 1046//1 1161//1
f 1161//1 1047//1 1162//1
f 1162//1 1047//1 1163//1
f 1163//1 1048//1 1164//1
f 1164//1 1049//1 1165//1
f 1165//1 1050//1 1166//1
f 1166//1 1051//1 1167//1
f 1167//1 1052//1 1168//1
f 1168//247 1053//203 1169//248
f 1169//249 1054//205 1170//250
f 1170//250 1055//205 1171//250
f 1171//250 1056//205 1172//250
f 1172//250 1057//205 1173//250
f 1173//250 1058//205 1174//250
f 1174//250 1059//206 1175//251
f 1175//252 1060//209 1176//253
f 1176//1 1061//1 1177//1
f 1177//1 1062//1 1178//1
f 1178//1 1063//1 1179//1
f 1179//1 1064//1 1180//1
f 1180//237 1065//237 1181//237
f 1181//254 1066//255 1182//256
f 1182//257 1066//215 1183//257
f 1183//257 1067//216 1184//257
f 1184//257 1068//216 1185//257
f 1185//257 1069//216 1186//257
f 1186//257 1070//216 1187//257
f 1187//257 1071//216 1188//257
f 1188//258 1072//259 1189//260
f 1189//1 1073//1 1190//1
f 1190//1 1074//1 1191//1
f 1191//1 1075//1 1192//1
f 1192//1 1076//1 1193//1
f 1193//1 1077//1 1194//1
f 1194//1 1078//1 1195//1
f 1195//1 1079//1 1196//1
f 1196//1 1080//1 1197//1
f 1197//261 1081//221 1198//262
f 1198//263 1082//216 1199//263
f 1199//263 1083//216 1200//264
f 1200//264 1084//216 1201//257
f 1201//257 1085//223 1202//265
f 1202//265 1085//223 1203//266
f 1203//266 1086//224 1204//266
f 1204//266 1087//224 1205//266
f 1205//266 1088//224 1206//266
f 1206//266 1089//224 1207//267
f 1207//268 1090//269 1208//270
f 1208//1 1091//1 1209//1
f 1209//1 1092//1 1210//1
f 1210//1 1093//1 1211//1
f 1211//1 1094//1 1212//1
f 1212//1 1095//1 1213//1
f 1213//1 1096//1 1214//1
f 1214//1 1097//1 1215//1
f 1215//1 1098//1 1216//1
f 1216//1 1099//1 1217//1
f 1217//1 1100//1 1218//1
f 1218//1 1101//1 1219//1
f 1219//1 1102//1 1220//1
f 1220//1 1103//1 1221//1
f 1221//1 1104//1 1222//1
f 1222//1 1104//1 1223//1
f 1223//1 1105//1 1224//1
f 1224//1 1106//1 1225//1
f 1225//1 1107//1 1226//1
f 1226//1 1108//1 1227//1
f 1227//1 1109//1 1228//1
f 1228//1 1110//1 1229//1
f 1229//1 1111//1 1230//1
f 1230//271 1112//272 1231//273
f 1231//274 1113//230 1232//274
f 1232//274 1114//230 1233//274
f 1233//274 1115//230 1234//274
f 1234//274 1116//230 1235//274
f 1235//274 1117//230 1236//274
f 1236//274 1118//230 1237//274
f 1237//275 1119//276 1238//277
f 1238//1 1120//1 1239//1
f 1239//1 1121//1 1240//1
f 1240//1 1122//1 1241//1
f 1241//1 1123//1 1242//1
f 1242//1 1123//1 1243//1
f 1243//1 1124//1 1244//1
f 1244//1 1125//1 1245//1
f 1245//1 1126//1 1246//1
f 1246//1 1127//1 1247//1
f 1247//1 1128//1 1248//1
f 1248//1 1129//1 1249//1
f 1249//1 1130//1 1250//1
f 1250//278 1131//279 1251//280
f 1251//281 1132//235 1252//282
f 1252//282 1133//235 1253//282
f 1253//282 1134//235 1254//282
f 1254//282 1135//235 1255//282
f 1255//282 1136//235 1256//282
f 1256//282 1137//235 1257//283
f 1257//284 1138//285 1258//286
f 1258//1 1139//1 1259//1
f 1259//1 1140//1 1260//1
f 1260//1 1141//1 1261//1
f 1261//1 1028//1 1142//1
f 1262//1 1142//1 1263//1
f 1263//1 1143//1 1264//1
f 1264//1 1144//1 1265//1
f 1265//1 1145//1 1266//1
f 1266//1 1146//1 1267//1
f 1267//1 1147//1 1268//1
f 1268//1 1148//1 1269//1
f 1269//1 1149//1 1270//1
f 1270//1 1150//1 1271//1
f 1271//1 1151//1 1272//1
f 1272//287 1152//238 1273//288
f 1273//289 1153//241 1274//290
f 1274//290 1154//242 1275//290
f 1275//290 1155//242 1276//290
f 1276//290 1156//242 1277//290
f 1277//290 1157//242 1278//290
f 1278//290 1158//242 1279//291
f 1279//292 1159//244 1280//293
f 1280//1 1160//1 1281//1
f 1281//1 1161//1 1282//1
f 1282//1 1162//1 1283//1
f 1283//1 1162//1 1284//1
f 1284//1 1163//1 1285//1
f 1285//1 1164//1 1286//1
f 1286//1 1165//1 1287//1
f 1287//1 1166//1 1288//1
f 1288//1 1167//1 1289//1
f 1289//1 1168//1 1290//1
f 1290//294 1169//248 1291//295
f 1291//296 1170//250 1292//296
f 1292//296 1171//250 1293//296
f 1293//296 1172//250 1294//296
f 1294//296 1173//250 1295//296
f 1295//296 1174//250 1296//296
f 1296//296 1175//251 1297//296
f 1297//297 1176//253 1298//298
f 1298//1 1177//1 1299//1
f 1299//1 1178//1 1300//1
f 1300//1 1179//1 1301//1
f 1301//1 1180//1 1302//1
f 1302//1 1181//1 1303//1
f 1303//299 1182//300 1304//301
f 1304//301 1182//300 1305//302
f 1305//303 1183//257 1306//303
f 1306//303 1184//257 1307//303
f 1307//303 1185//257 1308//303
f 1308//303 1186//257 1309//303
f 1309//303 1187//257 1310//303
f 1310//303 1188//257 1311//303
f 1311//304 1189//305 1312//306
f 1312//1 1190//1 1313//1
f 1313//1 1191//1 1314//1
f 1314//1 1192//1 1315//1
f 1315//1 1193//1 1316//1
f 1316//1 1194//1 1317//1
f 1317//1 1195//1 1318//1
f 1318//1 1196//1 1319//1
f 1319//1 1197//1 1320//1
f 1320//271 1198//271 1321//271
f 1321//271 1199//271 1322//271
f 1322//307 1200//302 1323//308
f 1323//309 1201//257 1324//309
f 1324//309 1202//265 1325//310
f 1325//310 1202//265 1326//311
f 1326//311 1203//266 1327//311
f 1327//311 1204//266 1328//311
f 1328//311 1205//266 1329//311
f 1329//311 1206//266 1330//311
f 1330//311 1207//267 1331//312
f 1331//313 1208//270 1332//314
f 1332//1 1209//1 1333//1
f 1333//1 1210//1 1334//1
f 1334//1 1211//1 1335//1
f 1335//1 1212//1 1336//1
f 1336//1 1213//1 1337//1
f 1337//1 1214//1 1338//1
f 1338//1 1215//1 1339//1
f 1339//1 1216//1 1340//1
f 1340//1 1217//1 1341//1
f 1341//1 1218//1 1342//1
f 1342//1 1219//1 1343//1
f 1343//1 1220//1 1344//1
f 1344//1 1221//1 1345//1
f 1345//1 1222//1 1346//1
f 1346//1 1222//1 1347//1
f 1347//1 1223//1 1348//1
f 1348//1 1224//1 1349//1
f 1349//1 1225//1 1350//1
f 1350//1 1226//1 1351//1
f 1351//1 1227//1 1352//1
f 1352//1 1228//1 1353//1
f 1353//1 1229//1 1354//1
f 1354//1 1230//1 1355//1
f 1355//278 1231//315 1356//316
f 1356//317 1232//274 1357//318
f 1357//318 1233//274 1358//318
f 1358//318 1234//274 1359//318
f 1359//318 1235//274 1360//318
f 1360//318 1236//274 1361//318
f 1361//318 1237//274 1362//319
f 1362//320 1238//321 1363//322
f 1363//1 1239//1 1364//1
f 1364//1 1240//1 1365//1
f 1365//1 1241//1 1366//1
f 1366//1 1242//1 1367//1
f 1367//1 1242//1 1368//1
f 1368//1 1243//1 1369//1
f 1369//1 1244//1 1370//1
f 1370//1 1245//1 1371//1
f 1371//1 1246//1 1372//1
f 1372//1 1247//1 1373//1
f 1373//1 1248//1 1374//1
f 1374//1 1249//1 1375//1
f 1375//323 1250//278 1376//316
f 1376//324 1251//281 1377//325
f 1377//325 1252//282 1378//325
f 1378//325 1253//282 1379//325
f 1379//325 1254//282 1380//325
f 1380//325 1255//282 1381//325
f 1381//325 1256//282 1382//326
f 1382//320 1257//284 1383//327
f 1383//1 1258//1 1384//1
f 1384//1 1259//1 1385//1
f 1385//1 1260//1 1386//1
f 1386//1 1261//1 1387//1
f 1387//1 1142//1 1262//1
f 1388//1 1262//1 1389//1
f 1389//1 1263//1 1390//1
f 1390//1 1264//1 1391//1
f 1391//1 1265//1 1392//1
f 1392//1 1266//1 1393//1
f 1393//1 1267//1 1394//1
f 1394//1 1268//1 1395//1
f 1395//1 1269//1 1396//1
f 1396//1 1270//1 1397//1
f 1397//1 1271//1 1398//1
f 1398//328 1272//287 1399//329
f 1399//330 1273//289 1400//330
f 1400//330 1274//290 1401//330
f 1401//330 1275//290 1402//330
f 1402//330 1276//290 1403//330
f 1403//330 1277//290 1404//330
f 1404//330 1278//290 1405//330
f 1405//331 1279//292 1406//332
f 1406//1 1280//1 1407//1
f 1407//1 1281//1 1408//1
f 1408//1 1282//1 1409//1
f 1409//1 1283//1 1410//1
f 1410//1 1283//1 1411//1
f 1411//1 1284//1 1412//1
f 1412//1 1285//1 1413//1
f 1413//1 1286//1 1414//1
f 1414//1 1287//1 1415//1
f 1415//1 1288//1 1416//1
f 1416//1 1289//1 1417//1
f 1417//333 1290//334 1418//335
f 1418//336 1291//296 1419//337
f 1419//337 1292//296 1420//337
f 1420//337 1293//296 1421//337
f 1421//337 1294//296 1422//337
f 1422//337 1295//296 1423//337
f 1423//337 1296//296 1424//338
f 1424//339 1297//340 1425//341
f 1425//1 1298//1 1426//1
f 1426//1 1299//1 1427//1
f 1427//1 1300//1 1428//1
f 1428//1 1301//1 1429//1
f 1429//1 1302//1 1430//1
f 1430//1 1303//1 1431//1
f 1431//1 1304//1 1432//1
f 1432//342 1304//343 1433//344
f 1433//345 1305//303 1434//346
f 1434//346 1306//303 1435//346
f 1435//346 1307//303 1436//346
f 1436//346 1308//303 1437//346
f 1437//346 1309//303 1438//346
f 1438//346 1310//303 1439//347
f 1439//348 1311//349 1440//350
f 1440//1 1312//1 1441//1
f 1441//1 1313//1 1442//1
f 1442//1 1314//1 1443//1
f 1443//1 1315//1 1444//1
f 1444//1 1316//1 1445//1
f 1445//1 1317//1 1446//1
f 1446//1 1318//1 1447//1
f 1447//1 1319//1 1448//1
f 1448//1 1320//1 1449//1
f 1449//1 1321//1 1450//1
f 1450//1 1322//1 1451//1
f 1451//351 1323//351 1452//351
f 1452//351 1324//351 1453//351
f 1453//351 1325//352 1454//353
f 1454//353 1325//352 1455//354
f 1455//355 1326//311 1456//356
f 1456//356 1327//311 1457//356
f 1457//356 1328//311 1458//356
f 1458//356 1329//311 1459//356
f 1459//356 1330//311 1460//356
f 1460//356 1331//312 1461//357
f 1461//358 1332//314 1462//359
f 1462//1 1333//1 1463//1
f 1463//1 1334//1 1464//1
f 1464//1 1335//1 1465//1
f 1465//1 1336//1 1466//1
f 1466//1 1337//1 1467//1
f 1467//1 1338//1 1468//1
f 1468//1 1339//1 1469//1
f 1469//1 1340//1 1470//1
f 1470//1 1341//1 1471//1
f 1471//1 1342//1 1472//1
f 1472//1 1343//1 1473//1
f 1473//1 1344//1 1474//1
f 1474//1 1345//1 1475//1
f 1475//1 1346//1 1476//1
f 1476//1 1346//1 1477//1
f 1477//1 1347//1 1478//1
f 1478//1 1348//1 1479//1
f 1479//1 1349//1 1480//1
f 1480//1 1350//1 1481//1
f 1481//1 1351//1 1482//1
f 1482//1 1352//1 1483//1
f 1483//1 1353//1 1484//1
f 1484//1 1354//1 1485//1
f 1485//1 1355//1 1486//1
f 1486//360 1356//316 1487//361
f 1487//362 1357//318 1488//362
f 1488//362 1358//318 1489//362
f 1489//362 1359//318 1490//362
f 1490//362 1360//318 1491//362
f 1491//362 1361//318 1492//362
f 1492//362 1362//319 1493//362
f 1493//363 1363//322 1494//364
f 1494//1 1364//1 1495//1
f 1495//1 1365//1 1496//1
f 1496//1 1366//1 1497//1
f 1497//1 1367//1 1498//1
f 1498//1 1367//1 1499//1
f 1499//1 1368//1 1500//1
f 1500//1 1369//1 1501//1
f 1501//1 1370//1 1502//1
f 1502//1 1371//1 1503//1
f 1503//1 1372//1 1504//1
f 1504//1 1373//1 1505//1
f 1505//1 1374//1 1506//1
f 1506//365 1375//323 1507//366
f 1507//367 1376//324 1508//367
f 1508//367 1377//325 1509//367
f 1509//367 1378//325 1510//367
f 1510//367 1379//325 1511//367
f 1511//367 1380//325 1512//367
f 1512//367 1381//325 1513//367
f 1513//368 1382//320 1514//369
f 1514//1 1383//1 1515//1
f 1515//1 1384//1 1516//1
f 1516//1 1385//1 1517//1
f 1517//1 1386//1 1518//1
f 1518//1 1387//1 1519//1
f 1519//1 1262//1 1388//1
f 1520//1 1388//1 1521//1
f 1521//1 1389//1 1522//1
f 1522//1 1390//1 1523//1
f 1523//1 1391//1 1524//1
f 1524//1 1392//1 1525//1
f 1525//1 1393//1 1526//1
f 1526//1 1394//1 1527//1
f 1527//1 1395//1 1528//1
f 1528//1 1396//1 1529//1
f 1529//1 1397//1 1530//1
f 1530//1 1398//1 1531//1
f 1531//333 1399//370 1532//371
f 1532//372 1400//330 1533//373
f 1533//373 1401//330 1534//373
f 1534//373 1402//330 1535//373
f 1535//373 1403//330 1536//373
f 1536//373 1404//330 1537//373
f 1537//373 1405//330 1538//374
f 1538//375 1406//376 1539//377
f 1539//1 1407//1 1540//1
f 1540//1 1408//1 1541//1
f 1541//1 1409//1 1542//1
f 1542//1 1410//1 1543//1
f 1543//1 1410//1 1544//1
f 1544//1 1411//1 1545//1
f 1545//1 1412//1 1546//1
f 1546//1 1413//1 1547//1
f 1547//1 1414//1 1548//1
f 1548//1 1415//1 1549//1
f 1549//1 1416//1 1550//1
f 1550//378 1417//333 1551//371
f 1551//379 1418//336 1552//380
f 1552//380 1419//337 1553//380
f 1553//380 1420//337 1554//380
f 1554//380 1421//337 1555//380
f 1555//380 1422//337 1556//380
f 1556//380 1423//337 1557//381
f 1557//375 1424//339 1558//382
f 1558//1 1425//1 1559//1
f 1559//1 1426//1 1560//1
f 1560//1 1427//1 1561//1
f 1561//1 1428//1 1562//1
f 1562//1 1429//1 1563//1
f 1563//1 1430//1 1564//1
f 1564//1 1431//1 1565//1
f 1565//1 1432//1 1566//1
f 1566//383 1432//342 1567//384
f 1567//385 1433//345 1568//386
f 1568//386 1434//346 1569//386
f 1569//386 1435//346 1570//386
f 1570//386 1436//346 1571//386
f 1571//386 1437//346 1572//386
f 1572//386 1438//346 1573//387
f 1573//388 1439//348 1574//389
f 1574//1 1440//1 1575//1
f 1575//1 1441//1 1576//1
f 1576//1 1442//1 1577//1
f 1577//1 1443//1 1578//1
f 1578//1 1444//1 1579//1
f 1579//1 1445//1 1580//1
f 1580//1 1446//1 1581//1
f 1581//1 1447//1 1582//1
f 1582//1 1448//1 1583//1
f 1583//1 1449//1 1584//1
f 1584//1 1450//1 1585//1
f 1585//1 1451//1 1586//1
f 1586//1 1452//1 1587//1
f 1587//1 1453//1 1588//1
f 1588//1 1454//1 1589//1
f 1589//1 1454//1 1590//1
f 1590//390 1455//354 1591//391
f 1591//392 1456//356 1592//393
f 1592//393 1457//356 1593//393
f 1593//393 1458//356 1594//393
f 1594//393 1459//356 1595//393
f 1595//393 1460//356 1596//393
f 1596//393 1461//357 1597//394
f 1597//395 1462//359 1598//396
f 1598//1 1463//1 1599//1
f 1599//1 1464//1 1600//1
f 1600//1 1465//1 1601//1
f 1601//1 1466//1 1602//1
f 1602//1 1467//1 1603//1
f 1603//1 1468//1 1604//1
f 1604//1 1469//1 1605//1
f 1605//1 1470//1 1606//1
f 1606//1 1471//1 1607//1
f 1607//1 1472//1 1608//1
f 1608//1 1473//1 1609//1
f 1609//1 1474//1 1610//1
f 1610//1 1475//1 1611//1
f 1611//1 1476//1 1612//1
f 1612//1 1476//1 1613//1
f 1613//1 1477//1 1614//1
f 1614//1 1478//1 1615//1
f 1615//1 1479//1 1616//1
f 1616//1 1480//1 1617//1
f 1617//1 1481//1 1618//1
f 1618//1 1482//1 1619//1
f 1619//1 1483//1 1620//1
f 1620//1 1484//1 1621//1
f 1621//1 1485//1 1622//1
f 1622//397 1486//398 1623//399
f 1623//400 1487//362 1624//400
f 1624//400 1488//362 1625//400
f 1625//400 1489//362 1626//400
f 1626//400 1490//362 1627//400
f 1627//400 1491//362 1628//400
f 1628//400 1492//362 1629//400
f 1629//401 1493//402 1630//403
f 1630//1 1494//1 1631//1
f 1631//1 1495//1 1632//1
f 1632//1 1496//1 1633//1
f 1633//1 1497//1 1634//1
f 1634//1 1498//1 1635//1
f 1635//1 1498//1 1636//1
f 1636//1 1499//1 1637//1
f 1637//1 1500//1 1638//1
f 1638//1 1501//1 1639//1
f 1639//1 1502//1 1640//1
f 1640//1 1503//1 1641//1
f 1641//1 1504//1 1642//1
f 1642//1 1505//1 1643//1
f 1643//1 1506//1 1644//1
f 1644//404 1507//405 1645//406
f 1645//407 1508//367 1646//408
f 1646//408 1509//367 1647//408
f 1647//408 1510//367 1648//408
f 1648//408 1511//367 1649//408
f 1649//408 1512//367 1650//408
f 1650//408 1513//367 1651//409
f 1651//410 1514//411 1652//412
f 1652//1 1515//1 1653//1
f 1653//1 1516//1 1654//1
f 1654//1 1517//1 1655//1
f 1655//1 1518//1 1656//1
f 1656//1 1519//1 1657//1
f 1657//1 1388//1 1520//1
f 1658//1 1520//1 1659//1
f 1659//1 1521//1 1660//1
f 1660//1 1522//1 1661//1
f 1661//1 1523//1 1662//1
f 1662//1 1524//1 1663//1
f 1663//1 1525//1 1664//1
f 1664//1 1526//1 1665//1
f 1665//1 1527//1 1666//1
f 1666//1 1528//1 1667//1
f 1667//1 1529//1 1668//1
f 1668//1 1530//1 1669//1
f 1669//1 1531//1 1670//1
f 1670//413 1532//371 1671//414
f 1671//415 1533//373 1672//415
f 1672//415 1534//373 1673//415
f 1673//415 1535//373 1674//415
f 1674//415 1536//373 1675//415
f 1675//415 1537//373 1676//415
f 1676//415 1538//374 1677//415
f 1677//416 1539//377 1678//417
f 1678//1 1540//1 1679//1
f 1679//1 1541//1 1680//1
f 1680//1 1542//1 1681//1
f 1681//1 1543//1 1682//1
f 1682//1 1543//1 1683//1
f 1683//1 1544//1 1684//1
f 1684//1 1545//1 1685//1
f 1685//1 1546//1 1686//1
f 1686//1 1547//1 1687//1
f 1687//1 1548//1 1688//1
f 1688//1 1549//1 1689//1
f 1689//418 1550//378 1690//419
f 1690//420 1551//379 1691//420
f 1691//420 1552//380 1692//420
f 1692//420 1553//380 1693//420
f 1693//420 1554//380 1694//420
f 1694//420 1555//380 1695//420
f 1695//420 1556//380 1696//420
f 1696//421 1557//375 1697//422
f 1697//1 1558//1 1698//1
f 1698//1 1559//1 1699//1
f 1699//1 1560//1 1700//1
f 1700//1 1561//1 1701//1
f 1701//1 1562//1 1702//1
f 1702//1 1563//1 1703//1
f 1703//1 1564//1 1704//1
f 1704//1 1565//1 1705//1
f 1705//1 1566//1 1706//1
f 1706//423 1566//383 1707//424
f 1707//425 1567//385 1708//425
f 1708//425 1568//386 1709//425
f 1709//425 1569//386 1710//425
f 1710//425 1570//386 1711//425
f 1711//425 1571//386 1712//425
f 1712//425 1572//386 1713//425
f 1713//426 1573//388 1714//427
f 1714//1 1574//1 1715//1
f 1715//1 1575//1 1716//1
f 1716//1 1576//1 1717//1
f 1717//1 1577//1 1718//1
f 1718//1 1578//1 1719//1
f 1719//1 1579//1 1720//1
f 1720//1 1580//1 1721//1
f 1721//1 1581//1 1722//1
f 1722//1 1582//1 1723//1
f 1723//1 1583//1 1724//1
f 1724//1 1584//1 1725//1
f 1725//1 1585//1 1726//1
f 1726//1 1586//1 1727//1
f 1727//1 1587//1 1728//1
f 1728//1 1588//1 1729//1
f 1729//1 1589//1 1730//1
f 1730//1 1589//1 1731//1
f 1731//1 1590//1 1732//1
f 1732//428 1591//391 1733//429
f 1733//430 1592//393 1734//431
f 1734//431 1593//393 1735//431
f 1735//431 1594//393 1736//431
f 1736//431 1595//393 1737//431
f 1737//431 1596//393 1738//431
f 1738//431 1597//394 1739//432
f 1739//433 1598//396 1740//434
f 1740//1 1599//1 1741//1
f 1741//1 1600//1 1742//1
f 1742//1 1601//1 1743//1
f 1743//1 1602//1 1744//1
f 1744//1 1603//1 1745//1
f 1745//1 1604//1 1746//1
f 1746//1 1605//1 1747//1
f 1747//1 1606//1 1748//1
f 1748//1 1607//1 1749//1
f 1749//1 1608//1 1750//1
f 1750//1 1609//1 1751//1
f 1751//1 1610//1 1752//1
f 1752//1 1611//1 1753//1
f 1753//1 1612//1 1754//1
f 1754//1 1612//1 1755//1
f 1755//1 1613//1 1756//1
f 1756//1 1614//1 1757//1
f 1757//1 1615//1 1758//1
f 1758//1 1616//1 1759//1
f 1759//1 1617//1 1760//1
f 1760//1 1618//1 1761//1
f 1761//1 1619//1 1762//1
f 1762//1 1620//1 1763//1
f 1763//1 1621//1 1764//1
f 1764//1 1622//1 1765//1
f 1765//435 1623//436 1766//437
f 1766//438 1624//400 1767//438
f 1767//438 1625//400 1768//438
f 1768//438 1626//400 1769//438
f 1769//438 1627//400 1770//438
f 1770//438 1628//400 1771//438
f 1771//438 1629//400 1772//438
f 1772//439 1630//440 1773//423
f 1773//1 1631//1 1774//1
f 1774//1 1632//1 1775//1
f 1775//1 1633//1 1776//1
f 1776//1 1634//1 1777//1
f 1777//1 1635//1 1778//1
f 1778//1 1635//1 1779//1
f 1779//1 1636//1 1780//1
f 1780//1 1637//1 1781//1
f 1781//1 1638//1 1782//1
f 1782//1 1639//1 1783//1
f 1783//1 1640//1 1784//1
f 1784//1 1641//1 1785//1
f 1785//1 1642//1 1786//1
f 1786//1 1643//1 1787//1
f 1787//1 1644//1 1788//1
f 1788//441 1645//406 1789//442
f 1789//443 1646//408 1790//443
f 1790//443 1647//408 1791//443
f 1791//443 1648//408 1792//443
f 1792//443 1649//408 1793//443
f 1793//443 1650//408 1794//443
f 1794//443 1651//409 1795//443
f 1795//444 1652//412 1796//445
f 1796//1 1653//1 1797//1
f 1797//1 1654//1 1798//1
f 1798//1 1655//1 1799//1
f 1799//1 1656//1 1800//1
f 1800//1 1657//1 1801//1
f 1801//1 1520//1 1658//1
f 1802//1 1658//1 1803//1
f 1803//1 1659//1 1804//1
f 1804//1 1660//1 1805//1
f 1805//1 1661//1 1806//1
f 1806//1 1662//1 1807//1
f 1807//1 1663//1 1808//1
f 1808//1 1664//1 1809//1
f 1809//1 1665//1 1810//1
f 1810//1 1666//1 1811//1
f 1811//1 1667//1 1812//1
f 1812//1 1668//1 1813//1
f 1813//1 1669//1 1814//1
f 1814//446 1670//447 1815//448
f 1815//449 1671//415 1816//450
f 1816//450 1672//415 1817//450
f 1817//450 1673//415 1818//450
f 1818//450 1674//415 1819//450
f 1819//450 1675//415 1820//450
f 1820//450 1676//415 1821//451
f 1821//452 1677//453 1822//454
f 1822//1 1678//1 1823//1
f 1823//1 1679//1 1824//1
f 1824//1 1680//1 1825//1
f 1825//1 1681//1 1826//1
f 1826//1 1682//1 1827//1
f 1827//1 1682//1 1828//1
f 1828//1 1683//1 1829//1
f 1829//1 1684//1 1830//1
f 1830//1 1685//1 1831//1
f 1831//1 1686//1 1832//1
f 1832//1 1687//1 1833//1
f 1833//1 1688//1 1834//1
f 1834//1 1689//1 1835//1
f 1835//455 1690//456 1836//457
f 1836//458 1691//420 1837//459
f 1837//459 1692//420 1838//459
f 1838//459 1693//420 1839//459
f 1839//459 1694//420 1840//459
f 1840//459 1695//420 1841//459
f 1841//459 1696//420 1842//460
f 1842//461 1697//462 1843//463
f 1843//1 1698//1 1844//1
f 1844//1 1699//1 1845//1
f 1845//1 1700//1 1846//1
f 1846//1 1701//1 1847//1
f 1847//1 1702//1 1848//1
f 1848//1 1703//1 1849//1
f 1849//1 1704//1 1850//1
f 1850//1 1705//1 1851//1
f 1851//1 1706//1 1852//1
f 1852//1 1706//1 1853//1
f 1853//464 1707//465 1854//466
f 1854//467 1708//425 1855//468
f 1855//468 1709//425 1856//468
f 1856//468 1710//425 1857//468
f 1857//468 1711//425 1858//468
f 1858//468 1712//425 1859//468
f 1859//468 1713//425 1860//469
f 1860//470 1714//471 1861//472
f 1861//1 1715//1 1862//1
f 1862//1 1716//1 1863//1
f 1863//1 1717//1 1864//1
f 1864//1 1718//1 1865//1
f 1865//1 1719//1 1866//1
f 1866//1 1720//1 1867//1
f 1867//1 1721//1 1868//1
f 1868//1 1722//1 1869//1
f 1869//1 1723//1 1870//1
f 1870//1 1724//1 1871//1
f 1871//1 1725//1 1872//1
f 1872//1 1726//1 1873//1
f 1873//1 1727//1 1874//1
f 1874//1 1728//1 1875//1
f 1875//1 1729//1 1876//1
f 1876//1 1730//1 1877//1
f 1877//1 1730//1 1878//1
f 1878//1 1731//1 1879//1
f 1879//1 1732//1 1880//1
f 1880//473 1733//429 1881//474
f 1881//475 1734//431 1882//476
f 1882//476 1735//431 1883//476
f 1883//476 1736//431 1884//476
f 1884//476 1737//431 1885//476
f 1885//476 1738//431 1886//476
f 1886//476 1739//432 1887//477
f 1887//478 1740//434 1888//479
f 1888//1 1741//1 1889//1
f 1889//1 1742//1 1890//1
f 1890//1 1743//1 1891//1
f 1891//1 1744//1 1892//1
f 1892//1 1745//1 1893//1
f 1893//1 1746//1 1894//1
f 1894//1 1747//1 1895//1
f 1895//1 1748//1 1896//1
f 1896//1 1749//1 1897//1
f 1897//1 1750//1 1898//1
f 1898//1 1751//1 1899//1
f 1899//1 1752//1 1900//1
f 1900//1 1753//1 1901//1
f 1901//1 1754//1 1902//1
f 1902//1 1754//1 1903//1
f 1903//1 1755//1 1904//1
f 1904//1 1756//1 1905//1
f 1905//1 1757//1 1906//1
f 1906//1 1758//1 1907//1
f 1907//1 1759//1 1908//1
f 1908//1 1760//1 1909//1
f 1909//1 1761//1 1910//1
f 1910//1 1762//1 1911//1
f 1911//1 1763//1 1912//1
f 1912//1 1764//1 1913//1
f 1913//480 1765//481 1914//474
f 1914//482 1766//438 1915//483
f 1915//483 1767//438 1916//483
f 1916//483 1768//438 1917//483
f 1917//483 1769//438 1918//483
f 1918//483 1770//438 1919//483
f 1919//483 1771//438 1920//484
f 1920//478 1772//485 1921//434
f 1921//1 1773//1 1922//1
f 1922//1 1774//1 1923//1
f 1923//1 1775//1 1924//1
f 1924//1 1776//1 1925//1
f 1925//1 1777//1 1926//1
f 1926//1 1778//1 1927//1
f 1927//1 1778//1 1928//1
f 1928//1 1779//1 1929//1
f 1929//1 1780//1 1930//1
f 1930//1 1781//1 1931//1
f 1931//1 1782//1 1932//1
f 1932//1 1783//1 1933//1
f 1933//1 1784//1 1934//1
f 1934//1 1785//1 1935//1
f 1935//1 1786//1 1936//1
f 1936//1 1787//1 1937//1
f 1937//486 1788//487 1938//488
f 1938//489 1789//443 1939//490
f 1939//490 1790//443 1940//490
f 1940//490 1791//443 1941//490
f 1941//490 1792//443 1942//490
f 1942//490 1793//443 1943//490
f 1943//490 1794//443 1944//491
f 1944//492 1795//493 1945//494
f 1945//1 1796//1 1946//1
f 1946//1 1797//1 1947//1
f 1947//1 1798//1 1948//1
f 1948//1 1799//1 1949//1
f 1949//1 1800//1 1950//1
f 1950//1 1801//1 1951//1
f 1951//1 1658//1 1802//1
f 1952//1 1802//1 1953//1
f 1953//1 1803//1 1954//1
f 1954//1 1804//1 1955//1
f 1955//1 1805//1 1956//1
f 1956//1 1806//1 1957//1
f 1957//1 1807//1 1958//1
f 1958//1 1808//1 1959//1
f 1959//1 1809//1 1960//1
f 1960//1 1810//1 1961//1
f 1961//1 1811//1 1962//1
f 1962//1 1812//1 1963//1
f 1963//1 1813//1 1964//1
f 1964//495 1814//446 1965//496
f 1965//497 1815//449 1966//498
f 1966//498 1816//450 1967//498
f 1967//498 1817//450 1968//498
f 1968//498 1818//450 1969//498
f 1969//498 1819//450 1970//498
f 1970//498 1820//450 1971//499
f 1971//500 1821//452 1972//501
f 1972//1 1822//1 1973//1
f 1973//1 1823//1 1974//1
f 1974//1 1824//1 1975//1
f 1975//1 1825//1 1976//1
f 1976//1 1826//1 1977//1
f 1977//1 1827//1 1978//1
f 1978//1 1827//1 1979//1
f 1979//1 1828//1 1980//1
f 1980//1 1829//1 1981//1
f 1981//1 1830//1 1982//1
f 1982//1 1831//1 1983//1
f 1983//1 1832//1 1984//1
f 1984//1 1833//1 1985//1
f 1985//1 1834//1 1986//1
f 1986//1 1835//1 1987//1
f 1987//502 1836//457 1988//503
f 1988//504 1837//459 1989//505
f 1989//505 1838//459 1990//505
f 1990//505 1839//459 1991//505
f 1991//505 1840//459 1992//505
f 1992//505 1841//459 1993//505
f 1993//505 1842//460 1994//506
f 1994//507 1843//463 1995//508
f 1995//1 1844//1 1996//1
f 1996//1 1845//1 1997//1
f 1997//1 1846//1 1998//1
f 1998//1 1847//1 1999//1
f 1999//1 1848//1 2000//1
f 2000//1 1849//1 2001//1
f 2001//1 1850//1 2002//1
f 2002//1 1851//1 2003//1
f 2003//1 1852//1 2004//1
f 2004//1 1852//1 2005//1
f 2005//1 1853//1 2006//1
f 2006//509 1854//466 2007//510
f 2007//511 1855//468 2008//512
f 2008//512 1856//468 2009//512
f 2009//512 1857//468 2010//512
f 2010//512 1858//468 2011//512
f 2011//512 1859//468 2012//512
f 2012//512 1860//469 2013//513
f 2013//514 1861//472 2014//515
f 2014//1 1862//1 2015//1
f 2015//1 1863//1 2016//1
f 2016//1 1864//1 2017//1
f 2017//1 1865//1 2018//1
f 2018//1 1866//1 2019//1
f 2019//1 1867//1 2020//1
f 2020//1 1868//1 2021//1
f 2021//1 1869//1 2022//1
f 2022//1 1870//1 2023//1
f 2023//1 1871//1 2024//1
f 2024//1 1872//1 2025//1
f 2025//1 1873//1 2026//1
f 2026//1 1874//1 2027//1
f 2027//1 1875//1 2028//1
f 2028//1 1876//1 2029//1
f 2029//1 1877//1 2030//1
f 2030//1 1877//1 2031//1
f 2031//1 1878//1 2032//1
f 2032//1 1879//1 2033//1
f 2033//1 1880//1 2034//1
f 2034//480 1881//474 2035//516
f 2035//517 1882//476 2036//518
f 2036//518 1883//476 2037//518
f 2037//518 1884//476 2038//518
f 2038//518 1885//476 2039//518
f 2039//518 1886//476 2040//518
f 2040//518 1887//477 2041//519
f 2041//520 1888//479 2042//521
f 2042//1 1889//1 2043//1
f 2043//1 1890//1 2044//1
f 2044//1 1891//1 2045//1
f 2045//1 1892//1 2046//1
f 2046//1 1893//1 2047//1
f 2047//1 1894//1 2048//1
f 2048//1 1895//1 2049//1
f 2049//1 1896//1 2050//1
f 2050//1 1897//1 2051//1
f 2051//1 1898//1 2052//1
f 2052//1 1899//1 2053//1
f 2053//1 1900//1 2054//1
f 2054//1 1901//1 2055//1
f 2055//1 1902//1 2056//1
f 2056//1 1902//1 2057//1
f 2057//1 1903//1 2058//1
f 2058//1 1904//1 2059//1
f 2059//1 1905//1 2060//1
f 2060//1 1906//1 2061//1
f 2061//1 1907//1 2062//1
f 2062//1 1908//1 2063//1
f 2063//1 1909//1 2064//1
f 2064//1 1910//1 2065//1
f 2065//1 1911//1 2066//1
f 2066//1 1912//1 2067//1
f 2067//522 1913//480 2068//523
f 2068//524 1914//482 2069//524
f 2069//524 1915//483 2070//524
f 2070//524 1916//483 2071//524
f 2071//524 1917//483 2072//524
f 2072//524 1918//483 2073//524
f 2073//524 1919//483 2074//524
f 2074//525 1920//478 2075//526
f 2075//1 1921//1 2076//1
f 2076//1 1922//1 2077//1
f 2077//1 1923//1 2078//1
f 2078//1 1924//1 2079//1
f 2079//1 1925//1 2080//1
f 2080//1 1926//1 2081//1
f 2081//1 1927//1 2082//1
f 2082//1 1927//1 2083//1
f 2083//1 1928//1 2084//1
f 2084//1 1929//1 2085//1
f 2085//1 1930//1 2086//1
f 2086//1 1931//1 2087//1
f 2087//1 1932//1 2088//1
f 2088//1 1933//1 2089//1
f 2089//1 1934//1 2090//1
f 2090//1 1935//1 2091//1
f 2091//1 1936//1 2092//1
f 2092//527 1937//486 2093//528
f 2093//529 1938//489 2094//529
f 2094//529 1939//490 2095//529
f 2095//529 1940//490 2096//529
f 2096//529 1941//490 2097//529
f 2097//529 1942//490 2098//529
f 2098//529 1943//490 2099//529
f 2099//530 1944//492 2100//531
f 2100//1 1945//1 2101//1
f 2101//1 1946//1 2102//1
f 2102//1 1947//1 2103//1
f 2103//1 1948//1 2104//1
f 2104//1 1949//1 2105//1
f 2105//1 1950//1 2106//1
f 2106//1 1951//1 2107//1
f 2107//1 1802//1 1952//1
f 2108//1 1952//1 2109//1
f 2109//1 1953//1 2110//1
f 2110//1 1954//1 2111//1
f 2111//1 1955//1 2112//1
f 2112//1 1956//1 2113//1
f 2113//1 1957//1 2114//1
f 2114//1 1958//1 2115//1
f 2115//1 1959//1 2116//1
f 2116//1 1960//1 2117//1
f 2117//1 1961//1 2118//1
f 2118//1 1962//1 2119//1
f 2119//1 1963//1 2120//1
f 2120//532 1964//495 2121//533
f 2121//534 1965//497 2122//534
f 2122//534 1966//498 2123//534
f 2123//534 1967//498 2124//534
f 2124//534 1968//498 2125//534
f 2125//534 1969//498 2126//534
f 2126//534 1970//498 2127//534
f 2127//535 1971//500 2128//536
f 2128//1 1972//1 2129//1
f 2129//1 1973//1 2130//1
f 2130//1 1974//1 2131//1
f 2131//1 1975//1 2132//1
f 2132//1 1976//1 2133//1
f 2133//1 1977//1 2134//1
f 2134//1 1978//1 2135//1
f 2135//1 1978//1 2136//1
f 2136//1 1979//1 2137//1
f 2137//1 1980//1 2138//1
f 2138//1 1981//1 2139//1
f 2139//1 1982//1 2140//1
f 2140//1 1983//1 2141//1
f 2141//1 1984//1 2142//1
f 2142//1 1985//1 2143//1
f 2143//1 1986//1 2144//1
f 2144//1 1987//1 2145//1
f 2145//537 1988//503 2146//538
f 2146//539 1989//505 2147//540
f 2147//540 1990//505 2148//540
f 2148//540 1991//505 2149//540
f 2149//540 1992//505 2150//540
f 2150//540 1993//505 2151//540
f 2151//540 1994//506 2152//541
f 2152//542 1995//508 2153//543
f 2153//1 1996//1 2154//1
f 2154//1 1997//1 2155//1
f 2155//1 1998//1 2156//1
f 2156//1 1999//1 2157//1
f 2157//1 2000//1 2158//1
f 2158//1 2001//1 2159//1
f 2159//1 2002//1 2160//1
f 2160//1 2003//1 2161//1
f 2161//1 2004//1 2162//1
f 2162//1 2004//1 2163//1
f 2163//1 2005//1 2164//1
f 2164//1 2006//1 2165//1
f 2165//544 2007//510 2166//545
f 2166//546 2008//512 2167//547
f 2167//547 2009//512 2168//547
f 2168//547 2010//512 2169//547
f 2169//547 2011//512 2170//547
f 2170//547 2012//512 2171//547
f 2171//547 2013//513 2172//548
f 2172//549 2014//515 2173//550
f 2173//1 2015//1 2174//1
f 2174//1 2016//1 2175//1
f 2175//1 2017//1 2176//1
f 2176//1 2018//1 2177//1
f 2177//1 2019//1 2178//1
f 2178//1 2020//1 2179//1
f 2179//1 2021//1 2180//1
f 2180//1 2022//1 2181//1
f 2181//1 2023//1 2182//1
f 2182//1 2024//1 2183//1
f 2183//1 2025//1 2184//1
f 2184//1 2026//1 2185//1
f 2185//1 2027//1 2186//1
f 2186//1 2028//1 2187//1
f 2187//1 2029//1 2188//1
f 2188//1 2030//1 2189//1
f 2189//1 2030//1 2190//1
f 2190//1 2031//1 2191//1
f 2191//1 2032//1 2192//1
f 2192//1 2033//1 2193//1
f 2193//1 2034//1 2194//1
f 2194//551 2035//516 2195//552
f 2195//553 2036//518 2196//554
f 2196//554 2037//518 2197//554
f 2197//554 2038//518 2198//554
f 2198//554 2039//518 2199//554
f 2199//554 2040//518 2200//554
f 2200//554 2041//519 2201//555
f 2201//556 2042//521 2202//557
f 2202//1 2043//1 2203//1
f 2203//1 2044//1 2204//1
f 2204//1 2045//1 2205//1
f 2205//1 2046//1 2206//1
f 2206//1 2047//1 2207//1
f 2207//1 2048//1 2208//1
f 2208//1 2049//1 2209//1
f 2209//1 2050//1 2210//1
f 2210//1 2051//1 2211//1
f 2211//1 2052//1 2212//1
f 2212//1 2053//1 2213//1
f 2213//1 2054//1 2214//1
f 2214//1 2055//1 2215//1
f 2215//1 2056//1 2216//1
f 2216//1 2056//1 2217//1
f 2217//1 2057//1 2218//1
f 2218//1 2058//1 2219//1
f 2219//1 2059//1 2220//1
f 2220//1 2060//1 2221//1
f 2221//1 2061//1 2222//1
f 2222//1 2062//1 2223//1
f 2223//1 2063//1 2224//1
f 2224//1 2064//1 2225//1
f 2225//1 2065//1 2226//1
f 2226//1 2066//1 2227//1
f 2227//1 2067//1 2228//1
f 2228//558 2068//559 2229//560
f 2229//561 2069//524 2230//562
f 2230//562 2070//524 2231//562
f 2231//562 2071//524 2232//562
f 2232//562 2072//524 2233//562
f 2233//562 2073//524 2234//562
f 2234//562 2074//524 2235//563
f 2235//564 2075//565 2236//566
f 2236//1 2076//1 2237//1
f 2237//1 2077//1 2238//1
f 2238//1 2078//1 2239//1
f 2239//1 2079//1 2240//1
f 2240//1 2080//1 2241//1
f 2241//1 2081//1 2242//1
f 2242//1 2082//1 2243//1
f 2243//1 2082//1 2244//1
f 2244//1 2083//1 2245//1
f 2245//1 2084//1 2246//1
f 2246//1 2085//1 2247//1
f 2247//1 2086//1 2248//1
f 2248//1 2087//1 2249//1
f 2249//1 2088//1 2250//1
f 2250//1 2089//1 2251//1
f 2251//1 2090//1 2252//1
f 2252//1 2091//1 2253//1
f 2253//1 2092//1 2254//1
f 2254//567 2093//568 2255//569
f 2255//570 2094//529 2256//570
f 2256//570 2095//529 2257//570
f 2257//570 2096//529 2258//570
f 2258//570 2097//529 2259//570
f 2259//570 2098//529 2260//570
f 2260//570 2099//529 2261//570
f 2261//571 2100//572 2262//573
f 2262//1 2101//1 2263//1
f 2263//1 2102//1 2264//1
f 2264//1 2103//1 2265//1
f 2265//1 2104//1 2266//1
f 2266//1 2105//1 2267//1
f 2267//1 2106//1 2268//1
f 2268//1 2107//1 2269//1
f 2269//1 1952//1 2108//1
f 2270//1 2108//1 2271//1
f 2271//1 2109//1 2272//1
f 2272//1 2110//1 2273//1
f 2273//1 2111//1 2274//1
f 2274//1 2112//1 2275//1
f 2275//1 2113//1 2276//1
f 2276//1 2114//1 2277//1
f 2277//1 2115//1 2278//1
f 2278//1 2116//1 2279//1
f 2279//1 2117//1 2280//1
f 2280//1 2118//1 2281//1
f 2281//1 2119//1 2282//1
f 2282//1 2120//1 2283//1
f 2283//574 2121//575 2284//576
f 2284//577 2122//534 2285//577
f 2285//577 2123//534 2286//577
f 2286//577 2124//534 2287//577
f 2287//577 2125//534 2288//577
f 2288//577 2126//534 2289//577
f 2289//577 2127//534 2290//577
f 2290//578 2128//579 2291//580
f 2291//1 2129//1 2292//1
f 2292//1 2130//1 2293//1
f 2293//1 2131//1 2294//1
f 2294//1 2132//1 2295//1
f 2295//1 2133//1 2296//1
f 2296//1 2134//1 2297//1
f 2297//1 2135//1 2298//1
f 2298//1 2135//1 2299//1
f 2299//1 2136//1 2300//1
f 2300//1 2137//1 2301//1
f 2301//1 2138//1 2302//1
f 2302//1 2139//1 2303//1
f 2303//1 2140//1 2304//1
f 2304//1 2141//1 2305//1
f 2305//1 2142//1 2306//1
f 2306//1 2143//1 2307//1
f 2307//1 2144//1 2308//1
f 2308//1 2145//1 2309//1
f 2309//581 2146//538 2310//582
f 2310//583 2147//540 2311//583
f 2311//583 2148//540 2312//583
f 2312//583 2149//540 2313//583
f 2313//583 2150//540 2314//583
f 2314//583 2151//540 2315//583
f 2315//583 2152//541 2316//583
f 2316//584 2153//543 2317//585
f 2317//1 2154//1 2318//1
f 2318//1 2155//1 2319//1
f 2319//1 2156//1 2320//1
f 2320//1 2157//1 2321//1
f 2321//1 2158//1 2322//1
f 2322//1 2159//1 2323//1
f 2323//1 2160//1 2324//1
f 2324//1 2161//1 2325//1
f 2325//1 2162//1 2326//1
f 2326//1 2162//1 2327//1
f 2327//1 2163//1 2328//1
f 2328//1 2164//1 2329//1
f 2329//1 2165//1 2330//1
f 2330//586 2166//545 2331//587
f 2331//588 2167//547 2332//589
f 2332//589 2168//547 2333//589
f 2333//589 2169//547 2334//589
f 2334//589 2170//547 2335//589
f 2335//589 2171//547 2336//589
f 2336//589 2172//548 2337//590
f 2337//591 2173//550 2338//592
f 2338//1 2174//1 2339//1
f 2339//1 2175//1 2340//1
f 2340//1 2176//1 2341//1
f 2341//1 2177//1 2342//1
f 2342//1 2178//1 2343//1
f 2343//1 2179//1 2344//1
f 2344//1 2180//1 2345//1
f 2345//1 2181//1 2346//1
f 2346//1 2182//1 2347//1
f 2347//1 2183//1 2348//1
f 2348//1 2184//1 2349//1
f 2349//1 2185//1 2350//1
f 2350//1 2186//1 2351//1
f 2351//1 2187//1 2352//1
f 2352//1 2188//1 2353//1
f 2353//1 2189//1 2354//1
f 2354//1 2189//1 2355//1
f 2355//1 2190//1 2356//1
f 2356//1 2191//1 2357//1
f 2357//1 2192//1 2358//1
f 2358//1 2193//1 2359//1
f 2359//1 2194//1 2360//1
f 2360//593 2195//552 2361//594
f 2361//595 2196//554 2362//596
f 2362//596 2197//554 2363//596
f 2363//596 2198//554 2364//596
f 2364//596 2199//554 2365//596
f 2365//596 2200//554 2366//596
f 2366//596 2201//555 2367//597
f 2367//598 2202//557 2368//599
f 2368//1 2203//1 2369//1
f 2369//1 2204//1 2370//1
f 2370//1 2205//1 2371//1
f 2371//1 2206//1 2372//1
f 2372//1 2207//1 2373//1
f 2373//1 2208//1 2374//1
f 2374//1 2209//1 2375//1
f 2375//1 2210//1 2376//1
f 2376//1 2211//1 2377//1
f 2377//1 2212//1 2378//1
f 2378//1 2213//1 2379//1
f 2379//1 2214//1 2380//1
f 2380//1 2215//1 2381//1
f 2381//1 2216//1 2382//1
f 2382//1 2216//1 2383//1
f 2383//1 2217//1 2384//1
f 2384//1 2218//1 2385//1
f 2385//1 2219//1 2386//1
f 2386//1 2220//1 2387//1
f 2387//1 2221//1 2388//1
f 2388//1 2222//1 2389//1
f 2389//1 2223//1 2390//1
f 2390//1 2224//1 2391//1
f 2391//1 2225//1 2392//1
f 2392//1 2226//1 2393//1
f 2393//1 2227//1 2394//1
f 2394//1 2228//1 2395//1
f 2395//600 2229//560 2396//601
f 2396//602 2230//562 2397//602
f 2397//602 2231//562 2398//602
f 2398//602 2232//562 2399//602
f 2399//602 2233//562 2400//602
f 2400//602 2234//562 2401//602
f 2401//602 2235//563 2402//602
f 2402//603 2236//566 2403//604
f 2403//1 2237//1 2404//1
f 2404//1 2238//1 2405//1
f 2405//1 2239//1 2406//1
f 2406//1 2240//1 2407//1
f 2407//1 2241//1 2408//1
f 2408//1 2242//1 2409//1
f 2409//1 2243//1 2410//1
f 2410//1 2243//1 2411//1
f 2411//1 2244//1 2412//1
f 2412//1 2245//1 2413//1
f 2413//1 2246//1 2414//1
f 2414//1 2247//1 2415//1
f 2415//1 2248//1 2416//1
f 2416//1 2249//1 2417//1
f 2417//1 2250//1 2418//1
f 2418//1 2251//1 2419//1
f 2419//1 2252//1 2420//1
f 2420//1 2253//1 2421//1
f 2421//605 2254//606 2422//607
f 2422//608 2255//570 2423//609
f 2423//609 2256//570 2424//609
f 2424//609 2257//570 2425//609
f 2425//609 2258//570 2426//609
f 2426//609 2259//570 2427//609
f 2427//609 2260//570 2428//610
f 2428//611 2261//612 2429//566
f 2429//1 2262//1 2430//1
f 2430//1 2263//1 2431//1
f 2431//1 2264//1 2432//1
f 2432//1 2265//1 2433//1
f 2433//1 2266//1 2434//1
f 2434//1 2267//1 2435//1
f 2435//1 2268//1 2436//1
f 2436//1 2269//1 2437//1
f 2437//1 2108//1 2270//1
f 2438//1 2270//1 2439//1
f 2439//1 2271//1 2440//1
f 2440//1 2272//1 2441//1
f 2441//1 2273//1 2442//1
f 2442//1 2274//1 2443//1
f 2443//1 2275//1 2444//1
f 2444//1 2276//1 2445//1
f 2445//1 2277//1 2446//1
f 2446//1 2278//1 2447//1
f 2447//1 2279//1 2448//1
f 2448//1 2280//1 2449//1
f 2449//1 2281//1 2450//1
f 2450//1 2282//1 2451//1
f 2451//613 2283//614 2452//615
f 2452//616 2284//577 2453//617
f 2453//617 2285//577 2454//617
f 2454//617 2286//577 2455//617
f 2455//617 2287//577 2456//617
f 2456//617 2288//577 2457//617
f 2457//617 2289//577 2458//618
f 2458//619 2290//620 2459//621
f 2459//1 2291//1 2460//1
f 2460//1 2292//1 2461//1
f 2461//1 2293//1 2462//1
f 2462//1 2294//1 2463//1
f 2463//1 2295//1 2464//1
f 2464//1 2296//1 2465//1
f 2465//1 2297//1 2466//1
f 2466//1 2298//1 2467//1
f 2467//1 2298//1 2468//1
f 2468//1 2299//1 2469//1
f 2469//1 2300//1 2470//1
f 2470//1 2301//1 2471//1
f 2471//1 2302//1 2472//1
f 2472//1 2303//1 2473//1
f 2473//1 2304//1 2474//1
f 2474//1 2305//1 2475//1
f 2475//1 2306//1 2476//1
f 2476//1 2307//1 2477//1
f 2477//1 2308//1 2478//1
f 2478//622 2309//623 2479//624
f 2479//625 2310//583 2480//626
f 2480//626 2311//583 2481//626
f 2481//626 2312//583 2482//626
f 2482//626 2313//583 2483//626
f 2483//626 2314//583 2484//626
f 2484//626 2315//583 2485//627
f 2485//628 2316//629 2486//630
f 2486//1 2317//1 2487//1
f 2487//1 2318//1 2488//1
f 2488//1 2319//1 2489//1
f 2489//1 2320//1 2490//1
f 2490//1 2321//1 2491//1
f 2491//1 2322//1 2492//1
f 2492//1 2323//1 2493//1
f 2493//1 2324//1 2494//1
f 2494//1 2325//1 2495//1
f 2495//1 2326//1 2496//1
f 2496//1 2326//1 2497//1
f 2497//1 2327//1 2498//1
f 2498//1 2328//1 2499//1
f 2499//1 2329//1 2500//1
f 2500//1 2330//1 2501//1
f 2501//631 2331//587 2502//632
f 2502//633 2332//589 2503//634
f 2503//634 2333//589 2504//634
f 2504//634 2334//589 2505//634
f 2505//634 2335//589 2506//634
f 2506//634 2336//589 2507//634
f 2507//634 2337//590 2508//635
f 2508//636 2338//592 2509//637
f 2509//1 2339//1 2510//1
f 2510//1 2340//1 2511//1
f 2511//1 2341//1 2512//1
f 2512//1 2342//1 2513//1
f 2513//1 2343//1 2514//1
f 2514//1 2344//1 2515//1
f 2515//1 2345//1 2516//1
f 2516//1 2346//1 2517//1
f 2517//1 2347//1 2518//1
f 2518//1 2348//1 2519//1
f 2519//1 2349//1 2520//1
f 2520//1 2350//1 2521//1
f 2521//1 2351//1 2522//1
f 2522//1 2352//1 2523//1
f 2523//1 2353//1 2524//1
f 2524//1 2354//1 2525//1
f 2525//1 2354//1 2526//1
f 2526//1 2355//1 2527//1
f 2527//1 2356//1 2528//1
f 2528//1 2357//1 2529//1
f 2529//1 2358//1 2530//1
f 2530//1 2359//1 2531//1
f 2531//1 2360//1 2532//1
f 2532//638 2361//594 2533//639
f 2533//640 2362//596 2534//641
f 2534//641 2363//596 2535//641
f 2535//641 2364//596 2536//641
f 2536//641 2365//596 2537//641
f 2537//641 2366//596 2538//641
f 2538//641 2367//597 2539//642
f 2539//643 2368//599 2540//644
f 2540//1 2369//1 2541//1
f 2541//1 2370//1 2542//1
f 2542//1 2371//1 2543//1
f 2543//1 2372//1 2544//1
f 2544//1 2373//1 2545//1
f 2545//1 2374//1 2546//1
f 2546//1 2375//1 2547//1
f 2547//1 2376//1 2548//1
f 2548//1 2377//1 2549//1
f 2549//1 2378//1 2550//1
f 2550//1 2379//1 2551//1
f 2551//1 2380//1 2552//1
f 2552//1 2381//1 2553//1
f 2553//1 2382//1 2554//1
f 2554//1 2382//1 2555//1
f 2555//1 2383//1 2556//1
f 2556//1 2384//1 2557//1
f 2557//1 2385//1 2558//1
f 2558//1 2386//1 2559//1
f 2559//1 2387//1 2560//1
f 2560//1 2388//1 2561//1
f 2561//1 2389//1 2562//1
f 2562//1 2390//1 2563//1
f 2563//1 2391//1 2564//1
f 2564//1 2392//1 2565//1
f 2565//1 2393//1 2566//1
f 2566//1 2394//1 2567//1
f 2567//645 2395//646 2568//639
f 2568//647 2396//602 2569//648
f 2569//648 2397//602 2570//648
f 2570//648 2398//602 2571//648
f 2571//648 2399//602 2572//648
f 2572//648 2400//602 2573//648
f 2573//648 2401//602 2574//649
f 2574//643 2402//650 2575//599
f 2575//1 2403//1 2576//1
f 2576//1 2404//1 2577//1
f 2577//1 2405//1 2578//1
f 2578//1 2406//1 2579//1
f 2579//1 2407//1 2580//1
f 2580//1 2408//1 2581//1
f 2581//1 2409//1 2582//1
f 2582//1 2410//1 2583//1
f 2583//1 2410//1 2584//1
f 2584//1 2411//1 2585//1
f 2585//1 2412//1 2586//1
f 2586//1 2413//1 2587//1
f 2587//1 2414//1 2588//1
f 2588//1 2415//1 2589//1
f 2589//1 2416//1 2590//1
f 2590//1 2417//1 2591//1
f 2591//1 2418//1 2592//1
f 2592//1 2419//1 2593//1
f 2593//1 2420//1 2594//1
f 2594//651 2421//605 2595//652
f 2595//653 2422//608 2596//654
f 2596//654 2423//609 2597//654
f 2597//654 2424//609 2598//654
f 2598//654 2425//609 2599//654
f 2599//654 2426//609 2600//654
f 2600//654 2427//609 2601//655
f 2601//656 2428//611 2602//657
f 2602//1 2429//1 2603//1
f 2603//1 2430//1 2604//1
f 2604//1 2431//1 2605//1
f 2605//1 2432//1 2606//1
f 2606//1 2433//1 2607//1
f 2607//1 2434//1 2608//1
f 2608//1 2435//1 2609//1
f 2609//1 2436//1 2610//1
f 2610//1 2437//1 2611//1
f 2611//1 2270//1 2438//1
f 2612//1 2438//1 2613//1
f 2613//1 2439//1 2614//1
f 2614//1 2440//1 2615//1
f 2615//1 2441//1 2616//1
f 2616//1 2442//1 2617//1
f 2617//1 2443//1 2618//1
f 2618//1 2444//1 2619//1
f 2619//1 2445//1 2620//1
f 2620//1 2446//1 2621//1
f 2621//1 2447//1 2622//1
f 2622//1 2448//1 2623//1
f 2623//1 2449//1 2624//1
f 2624//1 2450//1 2625//1
f 2625//658 2451//613 2626//659
f 2626//660 2452//616 2627//661
f 2627//661 2453//617 2628//661
f 2628//661 2454//617 2629//661
f 2629//661 2455//617 2630//661
f 2630//661 2456//617 2631//661
f 2631//661 2457//617 2632//662
f 2632//663 2458//619 2633//664
f 2633//1 2459//1 2634//1
f 2634//1 2460//1 2635//1
f 2635//1 2461//1 2636//1
f 2636//1 2462//1 2637//1
f 2637//1 2463//1 2638//1
f 2638//1 2464//1 2639//1
f 2639//1 2465//1 2640//1
f 2640//1 2466//1 2641//1
f 2641//1 2467//1 2642//1
f 2642//1 2467//1 2643//1
f 2643//1 2468//1 2644//1
f 2644//1 2469//1 2645//1
f 2645//1 2470//1 2646//1
f 2646//1 2471//1 2647//1
f 2647//1 2472//1 2648//1
f 2648//1 2473//1 2649//1
f 2649//1 2474//1 2650//1
f 2650//1 2475//1 2651//1
f 2651//1 2476//1 2652//1
f 2652//1 2477//1 2653//1
f 2653//665 2478//622 2654//666
f 2654//667 2479//625 2655//668
f 2655//668 2480//626 2656//668
f 2656//668 2481//626 2657//668
f 2657//668 2482//626 2658//668
f 2658//668 2483//626 2659//668
f 2659//668 2484//626 2660//669
f 2660//670 2485//628 2661//671
f 2661//1 2486//1 2662//1
f 2662//1 2487//1 2663//1
f 2663//1 2488//1 2664//1
f 2664//1 2489//1 2665//1
f 2665//1 2490//1 2666//1
f 2666//1 2491//1 2667//1
f 2667//1 2492//1 2668//1
f 2668//1 2493//1 2669//1
f 2669//1 2494//1 2670//1
f 2670//1 2495//1 2671//1
f 2671//1 2496//1 2672//1
f 2672//1 2496//1 2673//1
f 2673//1 2497//1 2674//1
f 2674//1 2498//1 2675//1
f 2675//1 2499//1 2676//1
f 2676//1 2500//1 2677//1
f 2677//1 2501//1 2678//1
f 2678//672 2502//632 2679//673
f 2679//674 2503//634 2680//675
f 2680//675 2504//634 2681//675
f 2681//675 2505//634 2682//675
f 2682//675 2506//634 2683//675
f 2683//675 2507//634 2684//675
f 2684//675 2508//635 2685//676
f 2685//677 2509//637 2686//678
f 2686//1 2510//1 2687//1
f 2687//1 2511//1 2688//1
f 2688//1 2512//1 2689//1
f 2689//1 2513//1 2690//1
f 2690//1 2514//1 2691//1
f 2691//1 2515//1 2692//1
f 2692//1 2516//1 2693//1
f 2693//1 2517//1 2694//1
f 2694//1 2518//1 2695//1
f 2695//1 2519//1 2696//1
f 2696//1 2520//1 2697//1
f 2697//1 2521//1 2698//1
f 2698//1 2522//1 2699//1
f 2699//1 2523//1 2700//1
f 2700//1 2524//1 2701//1
f 2701//1 2525//1 2702//1
f 2702//1 2525//1 2703//1
f 2703//1 2526//1 2704//1
f 2704//1 2527//1 2705//1
f 2705//1 2528//1 2706//1
f 2706//1 2529//1 2707//1
f 2707//1 2530//1 2708//1
f 2708//1 2531//1 2709//1
f 2709//1 2532//1 2710//1
f 2710//645 2533//639 2711//679
f 2711//680 2534//641 2712//681
f 2712//681 2535//641 2713//681
f 2713//681 2536//641 2714//681
f 2714//681 2537//641 2715//681
f 2715//681 2538//641 2716//681
f 2716//681 2539//642 2717//682
f 2717//683 2540//644 2718//684
f 2718//1 2541//1 2719//1
f 2719//1 2542//1 2720//1
f 2720//1 2543//1 2721//1
f 2721//1 2544//1 2722//1
f 2722//1 2545//1 2723//1
f 2723//1 2546//1 2724//1
f 2724//1 2547//1 2725//1
f 2725//1 2548//1 2726//1
f 2726//1 2549//1 2727//1
f 2727//1 2550//1 2728//1
f 2728//1 2551//1 2729//1
f 2729//1 2552//1 2730//1
f 2730//1 2553//1 2731//1
f 2731//1 2554//1 2732//1
f 2732//1 2554//1 2733//1
f 2733//1 2555//1 2734//1
f 2734//1 2556//1 2735//1
f 2735//1 2557//1 2736//1
f 2736//1 2558//1 2737//1
f 2737//1 2559//1 2738//1
f 2738//1 2560//1 2739//1
f 2739//1 2561//1 2740//1
f 2740//1 2562//1 2741//1
f 2741//1 2563//1 2742//1
f 2742//1 2564//1 2743//1
f 2743//1 2565//1 2744//1
f 2744//1 2566//1 2745//1
f 2745//685 2567//645 2746//686
f 2746//687 2568//647 2747//687
f 2747//687 2569//648 2748//687
f 2748//687 2570//648 2749//687
f 2749//687 2571//648 2750//687
f 2750//687 2572//648 2751//687
f 2751//687 2573//648 2752//687
f 2752//688 2574//643 2753//689
f 2753//1 2575//1 2754//1
f 2754//1 2576//1 2755//1
f 2755//1 2577//1 2756//1
f 2756//1 2578//1 2757//1
f 2757//1 2579//1 2758//1
f 2758//1 2580//1 2759//1
f 2759//1 2581//1 2760//1
f 2760//1 2582//1 2761//1
f 2761//1 2583//1 2762//1
f 2762//1 2583//1 2763//1
f 2763//1 2584//1 2764//1
f 2764//1 2585//1 2765//1
f 2765//1 2586//1 2766//1
f 2766//1 2587//1 2767//1
f 2767//1 2588//1 2768//1
f 2768//1 2589//1 2769//1
f 2769//1 2590//1 2770//1
f 2770//1 2591//1 2771//1
f 2771//1 2592//1 2772//1
f 2772//1 2593//1 2773//1
f 2773//690 2594//651 2774//691
f 2774//692 2595//653 2775//692
f 2775//692 2596//654 2776//692
f 2776//692 2597//654 2777//692
f 2777//692 2598//654 2778//692
f 2778//692 2599//654 2779//692
f 2779//692 2600//654 2780//692
f 2780//693 2601//656 2781//694
f 2781//1 2602//1 2782//1
f 2782//1 2603//1 2783//1
f 2783//1 2604//1 2784//1
f 2784//1 2605//1 2785//1
f 2785//1 2606//1 2786//1
f 2786//1 2607//1 2787//1
f 2787//1 2608//1 2788//1
f 2788//1 2609//1 2789//1
f 2789//1 2610//1 2790//1
f 2790//1 2611//1 2791//1
f 2791//1 2438//1 2612//1
f 2792//1 2612//1 2793//1
f 2793//1 2613//1 2794//1
f 2794//1 2614//1 2795//1
f 2795//1 2615//1 2796//1
f 2796//1 2616//1 2797//1
f 2797//1 2617//1 2798//1
f 2798//1 2618//1 2799//1
f 2799//1 2619//1 2800//1
f 2800//1 2620//1 2801//1
f 2801//1 2621//1 2802//1
f 2802//1 2622//1 2803//1
f 2803//1 2623//1 2804//1
f 2804//1 2624//1 2805//1
f 2805//695 2625//658 2806//696
f 2806//697 2626//660 2807//698
f 2807//698 2627//661 2808//698
f 2808//698 2628//661 2809//699
f 2809//699 2629//661 2810//698
f 2810//698 2630//661 2811//698
f 2811//698 2631//661 2812//700
f 2812//701 2632//663 2813//702
f 2813//1 2633//1 2814//1
f 2814//1 2634//1 2815//1
f 2815//1 2635//1 2816//1
f 2816//1 2636//1 2817//1
f 2817//1 2637//1 2818//1
f 2818//1 2638//1 2819//1
f 2819//1 2639//1 2820//1
f 2820//1 2640//1 2821//1
f 2821//1 2641//1 2822//1
f 2822//1 2642//1 2823//1
f 2823//1 2642//1 2824//1
f 2824//1 2643//1 2825//1
f 2825//1 2644//1 2826//1
f 2826//1 2645//1 2827//1
f 2827//1 2646//1 2828//1
f 2828//1 2647//1 2829//1
f 2829//1 2648//1 2830//1
f 2830//1 2649//1 2831//1
f 2831//1 2650//1 2832//1
f 2832//1 2651//1 2833//1
f 2833//1 2652//1 2834//1
f 2834//703 2653//665 2835//704
f 2835//705 2654//667 2836//705
f 2836//705 2655//668 2837//705
f 2837//705 2656//668 2838//705
f 2838//705 2657//668 2839//705
f 2839//705 2658//668 2840//705
f 2840//705 2659//668 2841//705
f 2841//706 2660//670 2842//707
f 2842//1 2661//1 2843//1
f 2843//1 2662//1 2844//1
f 2844//1 2663//1 2845//1
f 2845//1 2664//1 2846//1
f 2846//1 2665//1 2847//1
f 2847//1 2666//1 2848//1
f 2848//1 2667//1 2849//1
f 2849//1 2668//1 2850//1
f 2850//1 2669//1 2851//1
f 2851//1 2670//1 2852//1
f 2852//1 2671//1 2853//1
f 2853//1 2672//1 2854//1
f 2854//1 2672//1 2855//1
f 2855//1 2673//1 2856//1
f 2856//1 2674//1 2857//1
f 2857//1 2675//1 2858//1
f 2858//1 2676//1 2859//1
f 2859//1 2677//1 2860//1
f 2860//1 2678//1 2861//1
f 2861//708 2679//673 2862//709
f 2862//710 2680//675 2863//711
f 2863//711 2681//675 2864//711
f 2864//711 2682//675 2865//712
f 2865//712 2683//675 2866//712
f 2866//712 2684//675 2867//712
f 2867//712 2685//676 2868//713
f 2868//714 2686//678 2869//715
f 2869//1 2687//1 2870//1
f 2870//1 2688//1 2871//1
f 2871//1 2689//1 2872//1
f 2872//1 2690//1 2873//1
f 2873//1 2691//1 2874//1
f 2874//1 2692//1 2875//1
f 2875//1 2693//1 2876//1
f 2876//1 2694//1 2877//1
f 2877//1 2695//1 2878//1
f 2878//1 2696//1 2879//1
f 2879//1 2697//1 2880//1
f 2880//1 2698//1 2881//1
f 2881//1 2699//1 2882//1
f 2882//1 2700//1 2883//1
f 2883//1 2701//1 2884//1
f 2884//1 2702//1 2885//1
f 2885//1 2702//1 2886//1
f 2886//1 2703//1 2887//1
f 2887//1 2704//1 2888//1
f 2888//1 2705//1 2889//1
f 2889//1 2706//1 2890//1
f 2890//1 2707//1 2891//1
f 2891//1 2708//1 2892//1
f 2892//1 2709//1 2893//1
f 2893//1 2710//1 2894//1
f 2894//716 2711//679 2895//717
f 2895//718 2712//681 2896//719
f 2896//719 2713//681 2897//719
f 2897//719 2714//681 2898//719
f 2898//719 2715//681 2899//720
f 2899//720 2716//681 2900//720
f 2900//720 2717//682 2901//721
f 2901//722 2718//684 2902//723
f 2902//1 2719//1 2903//1
f 2903//1 2720//1 2904//1
f 2904//1 2721//1 2905//1
f 2905//1 2722//1 2906//1
f 2906//1 2723//1 2907//1
f 2907//1 2724//1 2908//1
f 2908//1 2725//1 2909//1
f 2909//1 2726//1 2910//1
f 2910//1 2727//1 2911//1
f 2911//1 2728//1 2912//1
f 2912//1 2729//1 2913//1
f 2913//1 2730//1 2914//1
f 2914//1 2731//1 2915//1
f 2915//1 2732//1 2916//1
f 2916//1 2732//1 2917//1
f 2917//1 2733//1 2918//1
f 2918//1 2734//1 2919//1
f 2919//1 2735//1 2920//1
f 2920//1 2736//1 2921//1
f 2921//1 2737//1 2922//1
f 2922//1 2738//1 2923//1
f 2923//1 2739//1 2924//1
f 2924//1 2740//1 2925//1
f 2925//1 2741//1 2926//1
f 2926//1 2742//1 2927//1
f 2927//1 2743//1 2928//1
f 2928//1 2744//1 2929//1
f 2929//1 2745//1 2930//1
f 2930//724 2746//725 2931//726
f 2931//727 2747//687 2932//727
f 2932//727 2748//687 2933//727
f 2933//727 2749//687 2934//727
f 2934//727 2750//687 2935//727
f 2935//727 2751//687 2936//727
f 2936//727 2752//687 2937//727
f 2937//728 2753//729 2938//730
f 2938//1 2754//1 2939//1
f 2939//1 2755//1 2940//1
f 2940//1 2756//1 2941//1
f 2941//1 2757//1 2942//1
f 2942//1 2758//1 2943//1
f 2943//1 2759//1 2944//1
f 2944//1 2760//1 2945//1
f 2945//1 2761//1 2946//1
f 2946//1 2762//1 2947//1
f 2947//1 2762//1 2948//1
f 2948//1 2763//1 2949//1
f 2949//1 2764//1 2950//1
f 2950//1 2765//1 2951//1
f 2951//1 2766//1 2952//1
f 2952//1 2767//1 2953//1
f 2953//1 2768//1 2954//1
f 2954//1 2769//1 2955//1
f 2955//1 2770//1 2956//1
f 2956//1 2771//1 2957//1
f 2957//1 2772//1 2958//1
f 2958//1 2773//1 2959//1
f 2959//658 2774//731 2960//696
f 2960//732 2775//692 2961//733
f 2961//733 2776//692 2962//734
f 2962//734 2777//692 2963//734
f 2963//734 2778//692 2964//734
f 2964//734 2779//692 2965//734
f 2965//734 2780//692 2966//735
f 2966//701 2781//736 2967//737
f 2967//1 2782//1 2968//1
f 2968//1 2783//1 2969//1
f 2969//1 2784//1 2970//1
f 2970//1 2785//1 2971//1
f 2971//1 2786//1 2972//1
f 2972//1 2787//1 2973//1
f 2973//1 2788//1 2974//1
f 2974//1 2789//1 2975//1
f 2975//1 2790//1 2976//1
f 2976//1 2791//1 2977//1
f 2977//1 2612//1 2792//1
f 2978//1 2792//1 2979//1
f 2979//1 2793//1 2980//1
f 2980//1 2794//1 2981//1
f 2981//1 2795//1 2982//1
f 2982//1 2796//1 2983//1
f 2983//1 2797//1 2984//1
f 2984//1 2798//1 2985//1
f 2985//1 2799//1 2986//1
f 2986//1 2800//1 2987//1
f 2987//1 2801//1 2988//1
f 2988//1 2802//1 2989//1
f 2989//1 2803//1 2990//1
f 2990//1 2804//1 2991//1
f 2991//738 2805//695 2992//739
f 2992//740 2806//697 2993//741
f 2993//741 2807//698 2994//741
f 2994//741 2808//698 2995//741
f 2995//741 2809//699 2996//741
f 2996//741 2810//698 2997//741
f 2997//741 2811//698 2998//742
f 2998//743 2812//701 2999//737
f 2999//1 2813//1 3000//1
f 3000//1 2814//1 3001//1
f 3001//1 2815//1 3002//1
f 3002//1 2816//1 3003//1
f 3003//1 2817//1 3004//1
f 3004//1 2818//1 3005//1
f 3005//1 2819//1 3006//1
f 3006//1 2820//1 3007//1
f 3007//1 2821//1 3008//1
f 3008//1 2822//1 3009//1
f 3009//1 2823//1 3010//1
f 3010//1 2823//1 3011//1
f 3011//1 2824//1 3012//1
f 3012//1 2825//1 3013//1
f 3013//1 2826//1 3014//1
f 3014//1 2827//1 3015//1
f 3015//1 2828//1 3016//1
f 3016//1 2829//1 3017//1
f 3017//1 2830//1 3018//1
f 3018//1 2831//1 3019//1
f 3019//1 2832//1 3020//1
f 3020//1 2833//1 3021//1
f 3021//1 2834//1 3022//1
f 3022//744 2835//745 3023//746
f 3023//747 2836//705 3024//748
f 3024//748 2837//705 3025//748
f 3025//748 2838//705 3026//748
f 3026//748 2839//705 3027//748
f 3027//748 2840//705 3028//748
f 3028//748 2841//705 3029//749
f 3029//750 2842//751 3030//752
f 3030//1 2843//1 3031//1
f 3031//1 2844//1 3032//1
f 3032//1 2845//1 3033//1
f 3033//1 2846//1 3034//1
f 3034//1 2847//1 3035//1
f 3035//1 2848//1 3036//1
f 3036//1 2849//1 3037//1
f 3037//1 2850//1 3038//1
f 3038//1 2851//1 3039//1
f 3039//1 2852//1 3040//1
f 3040//1 2853//1 3041//1
f 3041//1 2854//1 3042//1
f 3042//1 2854//1 3043//1
f 3043//1 2855//1 3044//1
f 3044//1 2856//1 3045//1
f 3045//1 2857//1 3046//1
f 3046//1 2858//1 3047//1
f 3047//1 2859//1 3048//1
f 3048//1 2860//1 3049//1
f 3049//1 2861//1 3050//1
f 3050//753 2862//709 3051//754
f 3051//755 2863//711 3052//756
f 3052//756 2864//711 3053//756
f 3053//756 2865//712 3054//756
f 3054//756 2866//712 3055//756
f 3055//756 2867//712 3056//756
f 3056//756 2868//713 3057//757
f 3057//758 2869//715 3058//759
f 3058//1 2870//1 3059//1
f 3059//1 2871//1 3060//1
f 3060//1 2872//1 3061//1
f 3061//1 2873//1 3062//1
f 3062//1 2874//1 3063//1
f 3063//1 2875//1 3064//1
f 3064//1 2876//1 3065//1
f 3065//1 2877//1 3066//1
f 3066//1 2878//1 3067//1
f 3067//1 2879//1 3068//1
f 3068//1 2880//1 3069//1
f 3069//1 2881//1 3070//1
f 3070//1 2882//1 3071//1
f 3071//1 2883//1 3072//1
f 3072//1 2884//1 3073//1
f 3073//1 2885//1 3074//1
f 3074//1 2885//1 3075//1
f 3075//1 2886//1 3076//1
f 3076//1 2887//1 3077//1
f 3077//1 2888//1 3078//1
f 3078//1 2889//1 3079//1
f 3079//1 2890//1 3080//1
f 3080//1 2891//1 3081//1
f 3081//1 2892//1 3082//1
f 3082//1 2893//1 3083//1
f 3083//1 2894//1 3084//1
f 3084//760 2895//717 3085//761
f 3085//762 2896//719 3086//762
f 3086//762 2897//719 3087//762
f 3087//762 2898//719 3088//762
f 3088//762 2899//720 3089//762
f 3089//762 2900//720 3090//762
f 3090//762 2901//721 3091//762
f 3091//763 2902//723 3092//764
f 3092//1 2903//1 3093//1
f 3093//1 2904//1 3094//1
f 3094//1 2905//1 3095//1
f 3095//1 2906//1 3096//1
f 3096//1 2907//1 3097//1
f 3097//1 2908//1 3098//1
f 3098//1 2909//1 3099//1
f 3099//1 2910//1 3100//1
f 3100//1 2911//1 3101//1
f 3101//1 2912//1 3102//1
f 3102//1 2913//1 3103//1
f 3103//1 2914//1 3104//1
f 3104//1 2915//1 3105//1
f 3105//1 2916//1 3106//1
f 3106//1 2916//1 3107//1
f 3107//1 2917//1 3108//1
f 3108//1 2918//1 3109//1
f 3109//1 2919//1 3110//1
f 3110//1 2920//1 3111//1
f 3111//1 2921//1 3112//1
f 3112//1 2922//1 3113//1
f 3113//1 2923//1 3114//1
f 3114//1 2924//1 3115//1
f 3115//1 2925//1 3116//1
f 3116//1 2926//1 3117//1
f 3117//1 2927//1 3118//1
f 3118//1 2928//1 3119//1
f 3119//1 2929//1 3120//1
f 3120//765 2930//766 3121//767
f 3121//768 2931//727 3122//769
f 3122//769 2932//727 3123//769
f 3123//769 2933//727 3124//769
f 3124//769 2934//727 3125//769
f 3125//769 2935//727 3126//769
f 3126//769 2936//727 3127//770
f 3127//771 2937//772 3128//723
f 3128//1 2938//1 3129//1
f 3129//1 2939//1 3130//1
f 3130//1 2940//1 3131//1
f 3131//1 2941//1 3132//1
f 3132//1 2942//1 3133//1
f 3133//1 2943//1 3134//1
f 3134//1 2944//1 3135//1
f 3135//1 2945//1 3136//1
f 3136//1 2946//1 3137//1
f 3137//1 2947//1 3138//1
f 3138//1 2947//1 3139//1
f 3139//1 2948//1 3140//1
f 3140//1 2949//1 3141//1
f 3141//1 2950//1 3142//1
f 3142//1 2951//1 3143//1
f 3143//1 2952//1 3144//1
f 3144//1 2953//1 3145//1
f 3145//1 2954//1 3146//1
f 3146//1 2955//1 3147//1
f 3147//1 2956//1 3148//1
f 3148//1 2957//1 3149//1
f 3149//1 2958//1 3150//1
f 3150//1 2959//1 3151//1
f 3151//773 2960//696 3152//774
f 3152//775 2961//733 3153//775
f 3153//775 2962//734 3154//775
f 3154//775 2963//734 3155//775
f 3155//775 2964//734 3156//775
f 3156//775 2965//734 3157//775
f 3157//775 2966//735 3158//775
f 3158//776 2967//737 3159//777
f 3159//1 2968//1 3160//1
f 3160//1 2969//1 3161//1
f 3161//1 2970//1 3162//1
f 3162//1 2971//1 3163//1
f 3163//1 2972//1 3164//1
f 3164//1 2973//1 3165//1
f 3165//1 2974//1 3166//1
f 3166//1 2975//1 3167//1
f 3167//1 2976//1 3168//1
f 3168//1 2977//1 3169//1
f 3169//1 2792//1 2978//1
f 3170//1 2978//1 3171//1
f 3171//1 2979//1 3172//1
f 3172//1 2980//1 3173//1
f 3173//1 2981//1 3174//1
f 3174//1 2982//1 3175//1
f 3175//1 2983//1 3176//1
f 3176//1 2984//1 3177//1
f 3177//1 2985//1 3178//1
f 3178//1 2986//1 3179//1
f 3179//1 2987//1 3180//1
f 3180//1 2988//1 3181//1
f 3181//1 2989//1 3182//1
f 3182//1 2990//1 3183//1
f 3183//778 2991//738 3184//779
f 3184//780 2992//740 3185//781
f 3185//781 2993//741 3186//781
f 3186//781 2994//741 3187//781
f 3187//781 2995//741 3188//781
f 3188//781 2996//741 3189//781
f 3189//781 2997//741 3190//782
f 3190//783 2998//743 3191//784
f 3191//1 2999//1 3192//1
f 3192//1 3000//1 3193//1
f 3193//1 3001//1 3194//1
f 3194//1 3002//1 3195//1
f 3195//1 3003//1 3196//1
f 3196//1 3004//1 3197//1
f 3197//1 3005//1 3198//1
f 3198//1 3006//1 3199//1
f 3199//1 3007//1 3200//1
f 3200//1 3008//1 3201//1
f 3201//1 3009//1 3202//1
f 3202//1 3010//1 3203//1
f 3203//1 3010//1 3204//1
f 3204//1 3011//1 3205//1
f 3205//1 3012//1 3206//1
f 3206//1 3013//1 3207//1
f 3207//1 3014//1 3208//1
f 3208//1 3015//1 3209//1
f 3209//1 3016//1 3210//1
f 3210//1 3017//1 3211//1
f 3211//1 3018//1 3212//1
f 3212//1 3019//1 3213//1
f 3213//1 3020//1 3214//1
f 3214//1 3021//1 3215//1
f 3215//1 3022//1 3216//1
f 3216//785 3023//746 3217//786
f 3217//787 3024//748 3218//787
f 3218//787 3025//748 3219//787
f 3219//787 3026//748 3220//787
f 3220//787 3027//748 3221//787
f 3221//787 3028//748 3222//787
f 3222//787 3029//749 3223//787
f 3223//788 3030//752 3224//789
f 3224//1 3031//1 3225//1
f 3225//1 3032//1 3226//1
f 3226//1 3033//1 3227//1
f 3227//1 3034//1 3228//1
f 3228//1 3035//1 3229//1
f 3229//1 3036//1 3230//1
f 3230//1 3037//1 3231//1
f 3231//1 3038//1 3232//1
f 3232//1 3039//1 3233//1
f 3233//1 3040//1 3234//1
f 3234//1 3041//1 3235//1
f 3235//1 3042//1 3236//1
f 3236//1 3042//1 3237//1
f 3237//1 3043//1 3238//1
f 3238//1 3044//1 3239//1
f 3239//1 3045//1 3240//1
f 3240//1 3046//1 3241//1
f 3241//1 3047//1 3242//1
f 3242//1 3048//1 3243//1
f 3243//1 3049//1 3244//1
f 3244//1 3050//1 3245//1
f 3245//790 3051//754 3246//791
f 3246//792 3052//756 3247//793
f 3247//793 3053//756 3248//793
f 3248//793 3054//756 3249//793
f 3249//793 3055//756 3250//793
f 3250//793 3056//756 3251//793
f 3251//793 3057//757 3252//794
f 3252//795 3058//759 3253//796
f 3253//1 3059//1 3254//1
f 3254//1 3060//1 3255//1
f 3255//1 3061//1 3256//1
f 3256//1 3062//1 3257//1
f 3257//1 3063//1 3258//1
f 3258//1 3064//1 3259//1
f 3259//1 3065//1 3260//1
f 3260//1 3066//1 3261//1
f 3261//1 3067//1 3262//1
f 3262//1 3068//1 3263//1
f 3263//1 3069//1 3264//1
f 3264//1 3070//1 3265//1
f 3265//1 3071//1 3266//1
f 3266//1 3072//1 3267//1
f 3267//1 3073//1 3268//1
f 3268//1 3074//1 3269//1
f 3269//1 3074//1 3270//1
f 3270//1 3075//1 3271//1
f 3271//1 3076//1 3272//1
f 3272//1 3077//1 3273//1
f 3273//1 3078//1 3274//1
f 3274//1 3079//1 3275//1
f 3275//1 3080//1 3276//1
f 3276//1 3081//1 3277//1
f 3277//1 3082//1 3278//1
f 3278//1 3083//1 3279//1
f 3279//797 3084//798 3280//799
f 3280//800 3085//762 3281//801
f 3281//801 3086//762 3282//801
f 3282//801 3087//762 3283//801
f 3283//801 3088//762 3284//801
f 3284//801 3089//762 3285//801
f 3285//801 3090//762 3286//801
f 3286//802 3091//803 3287//804
f 3287//1 3092//1 3288//1
f 3288//1 3093//1 3289//1
f 3289//1 3094//1 3290//1
f 3290//1 3095//1 3291//1
f 3291//1 3096//1 3292//1
f 3292//1 3097//1 3293//1
f 3293//1 3098//1 3294//1
f 3294//1 3099//1 3295//1
f 3295//1 3100//1 3296//1
f 3296//1 3101//1 3297//1
f 3297//1 3102//1 3298//1
f 3298//1 3103//1 3299//1
f 3299//1 3104//1 3300//1
f 3300//1 3105//1 3301//1
f 3301//1 3106//1 3302//1
f 3302//1 3106//1 3303//1
f 3303//1 3107//1 3304//1
f 3304//1 3108//1 3305//1
f 3305//1 3109//1 3306//1
f 3306//1 3110//1 3307//1
f 3307//1 3111//1 3308//1
f 3308//1 3112//1 3309//1
f 3309//1 3113//1 3310//1
f 3310//1 3114//1 3311//1
f 3311//1 3115//1 3312//1
f 3312//1 3116//1 3313//1
f 3313//1 3117//1 3314//1
f 3314//1 3118//1 3315//1
f 3315//1 3119//1 3316//1
f 3316//805 3120//765 3317//806
f 3317//807 3121//768 3318//808
f 3318//808 3122//769 3319//808
f 3319//808 3123//769 3320//808
f 3320//808 3124//769 3321//808
f 3321//808 3125//769 3322//808
f 3322//808 3126//769 3323//809
f 3323//810 3127//771 3324//811
f 3324//1 3128//1 3325//1
f 3325//1 3129//1 3326//1
f 3326//1 3130//1 3327//1
f 3327//1 3131//1 3328//1
f 3328//1 3132//1 3329//1
f 3329//1 3133//1 3330//1
f 3330//1 3134//1 3331//1
f 3331//1 3135//1 3332//1
f 3332//1 3136//1 3333//1
f 3333//1 3137//1 3334//1
f 3334//1 3138//1 3335//1
f 3335//1 3138//1 3336//1
f 3336//1 3139//1 3337//1
f 3337//1 3140//1 3338//1
f 3338//1 3141//1 3339//1
f 3339//1 3142//1 3340//1
f 3340//1 3143//1 3341//1
f 3341//1 3144//1 3342//1
f 3342//1 3145//1 3343//1
f 3343//1 3146//1 3344//1
f 3344//1 3147//1 3345//1
f 3345//1 3148//1 3346//1
f 3346//1 3149//1 3347//1
f 3347//1 3150//1 3348//1
f 3348//812 3151//813 3349//814
f 3349//815 3152//775 3350//816
f 3350//816 3153//775 3351//816
f 3351//816 3154//775 3352//816
f 3352//816 3155//775 3353//816
f 3353//816 3156//775 3354//816
f 3354//816 3157//775 3355//817
f 3355//818 3158//819 3356//820
f 3356//1 3159//1 3357//1
f 3357//1 3160//1 3358//1
f 3358//1 3161//1 3359//1
f 3359//1 3162//1 3360//1
f 3360//1 3163//1 3361//1
f 3361//1 3164//1 3362//1
f 3362//1 3165//1 3363//1
f 3363//1 3166//1 3364//1
f 3364//1 3167//1 3365//1
f 3365//1 3168//1 3366//1
f 3366//1 3169//1 3367//1
f 3367//1 2978//1 3170//1
f 3368//1 3170//1 3369//1
f 3369//1 3171//1 3370//1
f 3370//1 3172//1 3371//1
f 3371//1 3173//1 3372//1
f 3372//1 3174//1 3373//1
f 3373//1 3175//1 3374//1
f 3374//1 3176//1 3375//1
f 3375//1 3177//1 3376//1
f 3376//1 3178//1 3377//1
f 3377//1 3179//1 3378//1
f 3378//1 3180//1 3379//1
f 3379//1 3181//1 3380//1
f 3380//1 3182//1 3381//1
f 3381//821 3183//778 3382//822
f 3382//823 3184//780 3383//824
f 3383//824 3185//781 3384//824
f 3384//824 3186//781 3385//824
f 3385//824 3187//781 3386//824
f 3386//824 3188//781 3387//824
f 3387//824 3189//781 3388//824
f 3388//825 3190//783 3389//826
f 3389//827 3191//1 3390//1
f 3390//1 3192//1 3391//1
f 3391//1 3193//1 3392//1
f 3392//1 3194//1 3393//1
f 3393//1 3195//1 3394//1
f 3394//1 3196//1 3395//1
f 3395//1 3197//1 3396//1
f 3396//1 3198//1 3397//1
f 3397//1 3199//1 3398//1
f 3398//1 3200//1 3399//1
f 3399//1 3201//1 3400//1
f 3400//1 3202//1 3401//1
f 3401//1 3203//1 3402//1
f 3402//1 3203//1 3403//1
f 3403//1 3204//1 3404//1
f 3404//1 3205//1 3405//1
f 3405//1 3206//1 3406//1
f 3406//1 3207//1 3407//1
f 3407//1 3208//1 3408//1
f 3408//1 3209//1 3409//1
f 3409//1 3210//1 3410//1
f 3410//1 3211//1 3411//1
f 3411//1 3212//1 3412//1
f 3412//1 3213//1 3413//1
f 3413//1 3214//1 3414//1
f 3414//1 3215//1 3415//828
f 3415//828 3216//829 3416//830
f 3416//831 3217//787 3417//832
f 3417//832 3218//787 3418//832
f 3418//832 3219//787 3419//832
f 3419//832 3220//787 3420//832
f 3420//832 3221//787 3421//832
f 3421//832 3222//787 3422//833
f 3422//833 3223//834 3423//835
f 3423//1 3224//1 3424//1
f 3424//1 3225//1 3425//1
f 3425//1 3226//1 3426//1
f 3426//1 3227//1 3427//1
f 3427//1 3228//1 3428//1
f 3428//1 3229//1 3429//1
f 3429//1 3230//1 3430//1
f 3430//1 3231//1 3431//1
f 3431//1 3232//1 3432//1
f 3432//1 3233//1 3433//1
f 3433//1 3234//1 3434//1
f 3434//1 3235//1 3435//1
f 3435//1 3236//1 3436//1
f 3436//1 3236//1 3437//1
f 3437//1 3237//1 3438//1
f 3438//1 3238//1 3439//1
f 3439//1 3239//1 3440//1
f 3440//1 3240//1 3441//1
f 3441//1 3241//1 3442//1
f 3442//1 3242//1 3443//1
f 3443//1 3243//1 3444//1
f 3444//1 3244//1 3445//1
f 3445//1 3245//1 3446//1
f 3446//836 3246//791 3447//837
f 3447//837 3247//793 3448//838
f 3448//838 3248//793 3449//838
f 3449//838 3249//793 3450//838
f 3450//838 3250//793 3451//838
f 3451//838 3251//793 3452//838
f 3452//838 3252//794 3453//839
f 3453//840 3253//796 3454//841
f 3454//841 3254//1 3455//1
f 3455//1 3255//1 3456//1
f 3456//1 3256//1 3457//1
f 3457//1 3257//1 3458//1
f 3458//1 3258//1 3459//1
f 3459//1 3259//1 3460//1
f 3460//1 3260//1 3461//1
f 3461//1 3261//1 3462//1
f 3462//1 3262//1 3463//1
f 3463//1 3263//1 3464//1
f 3464//1 3264//1 3465//1
f 3465//1 3265//1 3466//1
f 3466//1 3266//1 3467//1
f 3467//1 3267//1 3468//1
f 3468//1 3268//1 3469//1
f 3469//1 3269//1 3470//1
f 3470//1 3269//1 3471//1
f 3471//1 3270//1 3472//1
f 3472//1 3271//1 3473//1
f 3473//1 3272//1 3474//1
f 3474//1 3273//1 3475//1
f 3475//1 3274//1 3476//1
f 3476//1 3275//1 3477//1
f 3477//1 3276//1 3478//1
f 3478//1 3277//1 3479//1
f 3479//1 3278//1 3480//1
f 3480//1 3279//1 3481//1
f 3481//805 3280//842 3482//843
f 3482//843 3281//801 3483//844
f 3483//844 3282//801 3484//844
f 3484//844 3283//801 3485//844
f 3485//844 3284//801 3486//844
f 3486//844 3285//801 3487//844
f 3487//844 3286//801 3488//845
f 3488//846 3287//847 3489//848
f 3489//848 3288//1 3490//1
f 3490//1 3289//1 3491//1
f 3491//1 3290//1 3492//1
f 3492//1 3291//1 3493//1
f 3493//1 3292//1 3494//1
f 3494//1 3293//1 3495//1
f 3495//1 3294//1 3496//1
f 3496//1 3295//1 3497//1
f 3497//1 3296//1 3498//1
f 3498//1 3297//1 3499//1
f 3499//1 3298//1 3500//1
f 3500//1 3299//1 3501//1
f 3501//1 3300//1 3502//1
f 3502//1 3301//1 3503//1
f 3503//1 3302//1 3504//1
f 3504//1 3302//1 3505//1
f 3505//1 3303//1 3506//1
f 3506//1 3304//1 3507//1
f 3507//1 3305//1 3508//1
f 3508//1 3306//1 3509//1
f 3509//1 3307//1 3510//1
f 3510//1 3308//1 3511//1
f 3511//1 3309//1 3512//1
f 3512//1 3310//1 3513//1
f 3513//1 3311//1 3514//1
f 3514//1 3312//1 3515//1
f 3515//1 3313//1 3516//1
f 3516//1 3314//1 3517//1
f 3517//1 3315//1 3518//1
f 3518//849 3316//805 3519//850
f 3519//851 3317//807 3520//852
f 3520//852 3318//808 3521//852
f 3521//852 3319//808 3522//852
f 3522//852 3320//808 3523//852
f 3523//852 3321//808 3524//852
f 3524//852 3322//808 3525//853
f 3525//854 3323//810 3526//855
f 3526//856 3324//1 3527//1
f 3527//1 3325//1 3528//1
f 3528//1 3326//1 3529//1
f 3529//1 3327//1 3530//1
f 3530//1 3328//1 3531//1
f 3531//1 3329//1 3532//1
f 3532//1 3330//1 3533//1
f 3533//1 3331//1 3534//1
f 3534//1 3332//1 3535//1
f 3535//1 3333//1 3536//1
f 3536//1 3334//1 3537//1
f 3537//1 3335//1 3538//1
f 3538//1 3335//1 3539//1
f 3539//1 3336//1 3540//1
f 3540//1 3337//1 3541//1
f 3541//1 3338//1 3542//1
f 3542//1 3339//1 3543//1
f 3543//1 3340//1 3544//1
f 3544//1 3341//1 3545//1
f 3545//1 3342//1 3546//1
f 3546//1 3343//1 3547//1
f 3547//1 3344//1 3548//1
f 3548//1 3345//1 3549//1
f 3549//1 3346//1 3550//1
f 3550//1 3347//1 3551//1
f 3551//857 3348//812 3552//858
f 3552//859 3349//815 3553//860
f 3553//860 3350//816 3554//860
f 3554//860 3351//816 3555//860
f 3555//860 3352//816 3556//860
f 3556//860 3353//816 3557//860
f 3557//860 3354//816 3558//860
f 3558//861 3355//818 3559//862
f 3559//863 3356//1 3560//1
f 3560//1 3357//1 3561//1
f 3561//1 3358//1 3562//1
f 3562//1 3359//1 3563//1
f 3563//1 3360//1 3564//1
f 3564//1 3361//1 3565//1
f 3565//1 3362//1 3566//1
f 3566//1 3363//1 3567//1
f 3567//1 3364//1 3568//1
f 3568//1 3365//1 3569//1
f 3569//1 3366//1 3570//1
f 3570//1 3367//1 3571//1
f 3571//1 3170//1 3368//1
f 3572//1 3368//1 3573//1
f 3573//1 3369//1 3574//1
f 3574//1 3370//1 3575//1
f 3575//1 3371//1 3576//1
f 3576//1 3372//1 3577//1
f 3577//1 3373//1 3578//1
f 3578//1 3374//1 3579//1
f 3579//1 3375//1 3580//1
f 3580//1 3376//1 3581//1
f 3581//1 3377//1 3582//1
f 3582//1 3378//1 3583//1
f 3583//1 3379//1 3584//1
f 3584//1 3380//1 3585//1
f 3585//1 3381//1 3586//828
f 3586//828 3382//823 3587//864
f 3587//864 3383//824 3588//865
f 3588//865 3384//824 3589//865
f 3589//865 3385//824 3590//865
f 3590//865 3386//824 3591//865
f 3591//865 3387//824 3592//865
f 3592//865 3388//824 3593//866
f 3593//866 3389//827 3594//867
f 3594//867 3390//1 3595//1
f 3595//1 3391//1 3596//1
f 3596//1 3392//1 3597//1
f 3597//1 3393//1 3598//1
f 3598//1 3394//1 3599//1
f 3599//1 3395//1 3600//1
f 3600//1 3396//1 3601//1
f 3601//1 3397//1 3602//1
f 3602//1 3398//1 3603//1
f 3603//1 3399//1 3604//1
f 3604//1 3400//1 3605//1
f 3605//1 3401//1 3606//1
f 3606//1 3402//1 3607//1
f 3607//1 3402//1 3608//1
f 3608//1 3403//1 3609//1
f 3609//1 3404//1 3610//1
f 3610//1 3405//1 3611//1
f 3611//1 3406//1 3612//1
f 3612//1 3407//1 3613//1
f 3613//1 3408//1 3614//1
f 3614//1 3409//1 3615//1
f 3615//1 3410//1 3616//1
f 3616//1 3411//1 3617//1
f 3617//1 3412//1 3618//1
f 3618//1 3413//1 3619//1
f 3619//1 3414//1 3620//868
f 3620//868 3415//828 3621//869
f 3621//869 3416//831 3622//870
f 3622//870 3417//832 3623//870
f 3623//870 3418//832 3624//870
f 3624//870 3419//832 3625//870
f 3625//870 3420//832 3626//870
f 3626//870 3421//832 3627//871
f 3627//871 3422//833 3628//872
f 3628//872 3423//1 3629//1
f 3629//1 3424//1 3630//1
f 3630//1 3425//1 3631//1
f 3631//1 3426//1 3632//1
f 3632//1 3427//1 3633//1
f 3633//1 3428//1 3634//1
f 3634//1 3429//1 3635//1
f 3635//1 3430//1 3636//1
f 3636//1 3431//1 3637//1
f 3637//1 3432//1 3638//1
f 3638//1 3433//1 3639//1
f 3639//1 3434//1 3640//1
f 3640//1 3435//1 3641//1
f 3641//1 3436//1 3642//1
f 3642//1 3436//1 3643//1
f 3643//1 3437//1 3644//1
f 3644//1 3438//1 3645//1
f 3645//1 3439//1 3646//1
f 3646//1 3440//1 3647//1
f 3647//1 3441//1 3648//1
f 3648//1 3442//1 3649//1
f 3649//1 3443//1 3650//1
f 3650//1 3444//1 3651//1
f 3651//1 3445//1 3652//1
f 3652//1 3446//1 3653//873
f 3653//873 3447//837 3654//874
f 3654//874 3448//838 3655//875
f 3655//875 3449//838 3656//875
f 3656//875 3450//838 3657//875
f 3657//875 3451//838 3658//875
f 3658//875 3452//838 3659//875
f 3659//875 3453//839 3660//876
f 3660//876 3454//841 3661//877
f 3661//877 3455//1 3662//1
f 3662//1 3456//1 3663//1
f 3663//1 3457//1 3664//1
f 3664//1 3458//1 3665//1
f 3665//1 3459//1 3666//1
f 3666//1 3460//1 3667//1
f 3667//1 3461//1 3668//1
f 3668//1 3462//1 3669//1
f 3669//1 3463//1 3670//1
f 3670//1 3464//1 3671//1
f 3671//1 3465//1 3672//1
f 3672//1 3466//1 3673//1
f 3673//1 3467//1 3674//1
f 3674//1 3468//1 3675//1
f 3675//1 3469//1 3676//1
f 3676//1 3470//1 3677//1
f 3677//1 3470//1 3678//1
f 3678//1 3471//1 3679//1
f 3679//1 3472//1 3680//1
f 3680//1 3473//1 3681//1
f 3681//1 3474//1 3682//1
f 3682//1 3475//1 3683//1
f 3683//1 3476//1 3684//1
f 3684//1 3477//1 3685//1
f 3685//1 3478//1 3686//1
f 3686//1 3479//1 3687//1
f 3687//1 3480//1 3688//1
f 3688//1 3481//1 3689//878
f 3689//878 3482//843 3690//879
f 3690//879 3483//844 3691//880
f 3691//880 3484//844 3692//880
f 3692//880 3485//844 3693//880
f 3693//880 3486//844 3694//880
f 3694//880 3487//844 3695//880
f 3695//880 3488//845 3696//881
f 3696//881 3489//848 3697//882
f 3697//882 3490//1 3698//1
f 3698//1 3491//1 3699//1
f 3699//1 3492//1 3700//1
f 3700//1 3493//1 3701//1
f 3701//1 3494//1 3702//1
f 3702//1 3495//1 3703//1
f 3703//1 3496//1 3704//1
f 3704//1 3497//1 3705//1
f 3705//1 3498//1 3706//1
f 3706//1 3499//1 3707//1
f 3707//1 3500//1 3708//1
f 3708//1 3501//1 3709//1
f 3709//1 3502//1 3710//1
f 3710//1 3503//1 3711//1
f 3711//1 3504//1 3712//1
f 3712//1 3504//1 3713//1
f 3713//1 3505//1 3714//1
f 3714//1 3506//1 3715//1
f 3715//1 3507//1 3716//1
f 3716//1 3508//1 3717//1
f 3717//1 3509//1 3718//1
f 3718//1 3510//1 3719//1
f 3719//1 3511//1 3720//1
f 3720//1 3512//1 3721//1
f 3721//1 3513//1 3722//1
f 3722//1 3514//1 3723//1
f 3723//1 3515//1 3724//1
f 3724//1 3516//1 3725//1
f 3725//1 3517//1 3726//1
f 3726//1 3518//1 3727//883
f 3727//883 3519//851 3728//884
f 3728//884 3520//852 3729//885
f 3729//885 3521//852 3730//885
f 3730//885 3522//852 3731//885
f 3731//885 3523//852 3732//885
f 3732//885 3524//852 3733//885
f 3733//885 3525//853 3734//886
f 3734//886 3526//856 3735//868
f 3735//868 3527//1 3736//1
f 3736//1 3528//1 3737//1
f 3737//1 3529//1 3738//1
f 3738//1 3530//1 3739//1
f 3739//1 3531//1 3740//1
f 3740//1 3532//1 3741//1
f 3741//1 3533//1 3742//1
f 3742//1 3534//1 3743//1
f 3743//1 3535//1 3744//1
f 3744//1 3536//1 3745//1
f 3745//1 3537//1 3746//1
f 3746//1 3538//1 3747//1
f 3747//1 3538//1 3748//1
f 3748//1 3539//1 3749//1
f 3749//1 3540//1 3750//1
f 3750//1 3541//1 3751//1
f 3751//1 3542//1 3752//1
f 3752//1 3543//1 3753//1
f 3753//1 3544//1 3754//1
f 3754//1 3545//1 3755//1
f 3755//1 3546//1 3756//1
f 3756//1 3547//1 3757//1
f 3757//1 3548//1 3758//1
f 3758//1 3549//1 3759//1
f 3759//1 3550//1 3760//1
f 3760//1 3551//1 3761//887
f 3761//887 3552//859 3762//888
f 3762//888 3553//860 3763//889
f 3763//889 3554//860 3764//889
f 3764//889 3555//860 3765//889
f 3765//889 3556//860 3766//889
f 3766//889 3557//860 3767//889
f 3767//889 3558//860 3768//890
f 3768//890 3559//863 3769//891
f 3769//891 3560//1 3770//1
f 3770//1 3561//1 3771//1
f 3771//1 3562//1 3772//1
f 3772//1 3563//1 3773//1
f 3773//1 3564//1 3774//1
f 3774//1 3565//1 3775//1
f 3775//1 3566//1 3776//1
f 3776//1 3567//1 3777//1
f 3777//1 3568//1 3778//1
f 3778//1 3569//1 3779//1
f 3779//1 3570//1 3780//1
f 3780//1 3571//1 3781//1
f 3781//1 3368//1 3572//1
f 3782//1 3572//1 3783//1
f 3783//1 3573//1 3784//1
f 3784//1 3574//1 3785//1
f 3785//1 3575//1 3786//1
f 3786//1 3576//1 3787//1
f 3787//1 3577//1 3788//1
f 3788//1 3578//1 3789//1
f 3789//1 3579//1 3790//1
f 3790//1 3580//1 3791//1
f 3791//1 3581//1 3792//1
f 3792//1 3582//1 3793//1
f 3793//1 3583//1 3794//1
f 3794//1 3584//1 3795//1
f 3795//1 3585//1 3796//1
f 3796//1 3586//828 3797//868
f 3797//868 3587//864 3798//892
f 3798//892 3588//865 3799//892
f 3799//892 3589//865 3800//892
f 3800//892 3590//865 3801//892
f 3801//892 3591//865 3802//892
f 3802//892 3592//865 3803//892
f 3803//892 3593//866 3804//891
f 3804//891 3594//867 3805//1
f 3805//1 3595//1 3806//1
f 3806//1 3596//1 3807//1
f 3807//1 3597//1 3808//1
f 3808//1 3598//1 3809//1
f 3809//1 3599//1 3810//1
f 3810//1 3600//1 3811//1
f 3811//1 3601//1 3812//1
f 3812//1 3602//1 3813//1
f 3813//1 3603//1 3814//1
f 3814//1 3604//1 3815//1
f 3815//1 3605//1 3816//1
f 3816//1 3606//1 3817//1
f 3817//1 3607//1 3818//1
f 3818//1 3607//1 3819//1
f 3819//1 3608//1 3820//1
f 3820//1 3609//1 3821//1
f 3821//1 3610//1 3822//1
f 3822//1 3611//1 3823//1
f 3823//1 3612//1 3824//1
f 3824//1 3613//1 3825//1
f 3825//1 3614//1 3826//1
f 3826//1 3615//1 3827//1
f 3827//1 3616//1 3828//1
f 3828//1 3617//1 3829//1
f 3829//1 3618//1 3830//1
f 3830//1 3619//1 3831//1
f 3831//1 3620//868 3832//891
f 3832//891 3621//869 3833//893
f 3833//893 3622//870 3834//893
f 3834//893 3623//870 3835//893
f 3835//893 3624//870 3836//893
f 3836//893 3625//870 3837//893
f 3837//893 3626//870 3838//893
f 3838//893 3627//871 3839//867
f 3839//867 3628//872 3840//1
f 3840//1 3629//1 3841//1
f 3841//1 3630//1 3842//1
f 3842//1 3631//1 3843//1
f 3843//1 3632//1 3844//1
f 3844//1 3633//1 3845//1
f 3845//1 3634//1 3846//1
f 3846//1 3635//1 3847//1
f 3847//1 3636//1 3848//1
f 3848//1 3637//1 3849//1
f 3849//1 3638//1 3850//1
f 3850//1 3639//1 3851//1
f 3851//1 3640//1 3852//1
f 3852//1 3641//1 3853//1
f 3853//1 3642//1 3854//1
f 3854//1 3642//1 3855//1
f 3855//1 3643//1 3856//1
f 3856//1 3644//1 3857//1
f 3857//1 3645//1 3858//1
f 3858//1 3646//1 3859//1
f 3859//1 3647//1 3860//1
f 3860//1 3648//1 3861//1
f 3861//1 3649//1 3862//1
f 3862//1 3650//1 3863//1
f 3863//1 3651//1 3864//1
f 3864//1 3652//1 3865//1
f 3865//1 3653//873 3866//867
f 3866//867 3654//874 3867//894
f 3867//894 3655//875 3868//894
f 3868//894 3656//875 3869//894
f 3869//894 3657//875 3870//894
f 3870//894 3658//875 3871//894
f 3871//894 3659//875 3872//894
f 3872//894 3660//876 3873//895
f 3873//895 3661//877 3874//1
f 3874//1 3662//1 3875//1
f 3875//1 3663//1 3876//1
f 3876//1 3664//1 3877//1
f 3877//1 3665//1 3878//1
f 3878//1 3666//1 3879//1
f 3879//1 3667//1 3880//1
f 3880//1 3668//1 3881//1
f 3881//1 3669//1 3882//1
f 3882//1 3670//1 3883//1
f 3883//1 3671//1 3884//1
f 3884//1 3672//1 3885//1
f 3885//1 3673//1 3886//1
f 3886//1 3674//1 3887//1
f 3887//1 3675//1 3888//1
f 3888//1 3676//1 3889//1
f 3889//1 3677//1 3890//1
f 3890//1 3677//1 3891//1
f 3891//1 3678//1 3892//1
f 3892//1 3679//1 3893//1
f 3893//1 3680//1 3894//1
f 3894//1 3681//1 3895//1
f 3895//1 3682//1 3896//1
f 3896//1 3683//1 3897//1
f 3897//1 3684//1 3898//1
f 3898//1 3685//1 3899//1
f 3899//1 3686//1 3900//1
f 3900//1 3687//1 3901//1
f 3901//1 3688//1 3902//1
f 3902//1 3689//878 3903//895
f 3903//895 3690//879 3904//896
f 3904//896 3691//880 3905//896
f 3905//896 3692//880 3906//896
f 3906//896 3693//880 3907//896
f 3907//896 3694//880 3908//896
f 3908//896 3695//880 3909//896
f 3909//896 3696//881 3910//877
f 3910//877 3697//882 3911//1
f 3911//1 3698//1 3912//1
f 3912//1 3699//1 3913//1
f 3913//1 3700//1 3914//1
f 3914//1 3701//1 3915//1
f 3915//1 3702//1 3916//1
f 3916//1 3703//1 3917//1
f 3917//1 3704//1 3918//1
f 3918//1 3705//1 3919//1
f 3919//1 3706//1 3920//1
f 3920//1 3707//1 3921//1
f 3921//1 3708//1 3922//1
f 3922//1 3709//1 3923//1
f 3923//1 3710//1 3924//1
f 3924//1 3711//1 3925//1
f 3925//1 3712//1 3926//1
f 3926//1 3712//1 3927//1
f 3927//1 3713//1 3928//1
f 3928//1 3714//1 3929//1
f 3929//1 3715//1 3930//1
f 3930//1 3716//1 3931//1
f 3931//1 3717//1 3932//1
f 3932//1 3718//1 3933//1
f 3933//1 3719//1 3934//1
f 3934//1 3720//1 3935//1
f 3935//1 3721//1 3936//1
f 3936//1 3722//1 3937//1
f 3937//1 3723//1 3938//1
f 3938//1 3724//1 3939//1
f 3939//1 3725//1 3940//1
f 3940//1 3726//1 3941//1
f 3941//1 3727//883 3942//877
f 3942//877 3728//884 3943//897
f 3943//897 3729//885 3944//897
f 3944//897 3730//885 3945//897
f 3945//897 3731//885 3946//897
f 3946//897 3732//885 3947//897
f 3947//897 3733//885 3948//897
f 3948//897 3734//886 3949//882
f 3949//882 3735//868 3950//1
f 3950//1 3736//1 3951//1
f 3951//1 3737//1 3952//1
f 3952//1 3738//1 3953//1
f 3953//1 3739//1 3954//1
f 3954//1 3740//1 3955//1
f 3955//1 3741//1 3956//1
f 3956//1 3742//1 3957//1
f 3957//1 3743//1 3958//1
f 3958//1 3744//1 3959//1
f 3959//1 3745//1 3960//1
f 3960//1 3746//1 3961//1
f 3961//1 3747//1 3962//1
f 3962//1 3747//1 3963//1
f 3963//1 3748//1 3964//1
f 3964//1 3749//1 3965//1
f 3965//1 3750//1 3966//1
f 3966//1 3751//1 3967//1
f 3967//1 3752//1 3968//1
f 3968//1 3753//1 3969//1
f 3969//1 3754//1 3970//1
f 3970//1 3755//1 3971//1
f 3971//1 3756//1 3972//1
f 3972//1 3757//1 3973//1
f 3973//1 3758//1 3974//1
f 3974//1 3759//1 3975//1
f 3975//1 3760//1 3976//1
f 3976//1 3761//887 3977//882
f 3977//882 3762//888 3978//898
f 3978//898 3763//889 3979//898
f 3979//898 3764//889 3980//898
f 3980//898 3765//889 3981//898
f 3981//898 3766//889 3982//898
f 3982//898 3767//889 3983//898
f 3983//898 3768//890 3984//868
f 3984//868 3769//891 3985//1
f 3985//1 3770//1 3986//1
f 3986//1 3771//1 3987//1
f 3987//1 3772//1 3988//1
f 3988//1 3773//1 3989//1
f 3989//1 3774//1 3990//1
f 3990//1 3775//1 3991//1
f 3991//1 3776//1 3992//1
f 3992//1 3777//1 3993//1
f 3993//1 3778//1 3994//1
f 3994//1 3779//1 3995//1
f 3995//1 3780//1 3996//1
f 3996//1 3781//1 3997//1
f 3997//1 3572//1 3782//1
f 3998//1 3782//1 3999//1
f 3999//1 3783//1 4000//1
f 4000//1 3784//1 4001//1
f 4001//1 3785//1 4002//1
f 4002//1 3786//1 4003//1
f 4003//1 3787//1 4004//1
f 4004//1 3788//1 4005//1
f 4005//1 3789//1 4006//1
f 4006//1 3790//1 4007//1
f 4007//1 3791//1 4008//1
f 4008//1 3792//1 4009//1
f 4009//1 3793//1 4010//1
f 4010//1 3794//1 4011//1
f 4011//1 3795//1 4012//1
f 4012//1 3796//1 4013//1
f 4013//1 3797//868 4014//1
f 4014//1 3798//892 4015//1
f 4015//1 3799//892 4016//1
f 4016//1 3800//892 4017//1
f 4017//1 3801//892 4018//1
f 4018//1 3802//892 4019//1
f 4019//1 3803//892 4020//1
f 4020//1 3804//891 4021//1
f 4021//1 3805//1 4022//1
f 4022//1 3806//1 4023//1
f 4023//1 3807//1 4024//1
f 4024//1 3808//1 4025//1
f 4025//1 3809//1 4026//1
f 4026//1 3810//1 4027//1
f 4027//1 3811//1 4028//1
f 4028//1 3812//1 4029//1
f 4029//1 3813//1 4030//1
f 4030//1 3814//1 4031//1
f 4031//1 3815//1 4032//1
f 4032//1 3816//1 4033//1
f 4033//1 3817//1 4034//1
f 4034//1 3818//1 4035//1
f 4035//1 3818//1 4036//1
f 4036//1 3819//1 4037//1
f 4037//1 3820//1 4038//1
f 4038//1 3821//1 4039//1
f 4039//1 3822//1 4040//1
f 4040//1 3823//1 4041//1
f 4041//1 3824//1 4042//1
f 4042//1 3825//1 4043//1
f 4043//1 3826//1 4044//1
f 4044//1 3827//1 4045//1
f 4045//1 3828//1 4046//1
f 4046//1 3829//1 4047//1
f 4047//1 3830//1 4048//1
f 4048//1 3831//1 4049//1
f 4049//1 3832//891 4050//1
f 4050//1 3833//893 4051//1
f 4051//1 3834//893 4052//1
f 4052//1 3835//893 4053//1
f 4053//1 3836//893 4054//1
f 4054//1 3837//893 4055//1
f 4055//1 3838//893 4056//1
f 4056//1 3839//867 4057//1
f 4057//1 3840//1 4058//1
f 4058//1 3841//1 4059//1
f 4059//1 3842//1 4060//1
f 4060//1 3843//1 4061//1
f 4061//1 3844//1 4062//1
f 4062//1 3845//1 4063//1
f 4063//1 3846//1 4064//1
f 4064//1 3847//1 4065//1
f 4065//1 3848//1 4066//1
f 4066//1 3849//1 4067//1
f 4067//1 3850//1 4068//1
f 4068//1 3851//1 4069//1
f 4069//1 3852//1 4070//1
f 4070//1 3853//1 4071//1
f 4071//1 3854//1 4072//1
f 4072//1 3854//1 4073//1
f 4073//1 3855//1 4074//1
f 4074//1 3856//1 4075//1
f 4075//1 3857//1 4076//1
f 4076//1 3858//1 4077//1
f 4077//1 3859//1 4078//1
f 4078//1 3860//1 4079//1
f 4079//1 3861//1 4080//1
f 4080//1 3862//1 4081//1
f 4081//1 3863//1 4082//1
f 4082//1 3864//1 4083//1
f 4083//1 3865//1 4084//1
f 4084//1 3866//867 4085//1
f 4085//1 3867//894 4086//1
f 4086//1 3868//894 4087//1
f 4087//1 3869//894 4088//1
f 4088//1 3870//894 4089//1
f 4089//1 3871//894 4090//1
f 4090//1 3872//894 4091//1
f 4091//1 3873//895 4092//1
f 4092//1 3874//1 4093//1
f 4093//1 3875//1 4094//1
f 4094//1 3876//1 4095//1
f 4095//1 3877//1 4096//1
f 4096//1 3878//1 4097//1
f 4097//1 3879//1 4098//1
f 4098//1 3880//1 4099//1
f 4099//1 3881//1 4100//1
f 4100//1 3882//1 4101//1
f 4101//1 3883//1 4102//1
f 4102//1 3884//1 4103//1
f 4103//1 3885//1 4104//1
f 4104//1 3886//1 4105//1
f 4105//1 3887//1 4106//1
f 4106//1 3888//1 4107//1
f 4107//1 3889//1 4108//1
f 4108//1 3890//1 4109//1
f 4109//1 3890//1 4110//1
f 4110//1 3891//1 4111//1
f 4111//1 3892//1 4112//1
f 4112//1 3893//1 4113//1
f 4113//1 3894//1 4114//1
f 4114//1 3895//1 4115//1
f 4115//1 3896//1 4116//1
f 4116//1 3897//1 4117//1
f 4117//1 3898//1 4118//1
f 4118//1 3899//1 4119//1
f 4119//1 3900//1 4120//1
f 4120//1 3901//1 4121//1
f 4121//1 3902//1 4122//1
f 4122//1 3903//895 4123//1
f 4123//1 3904//896 4124//1
f 4124//1 3905//896 4125//1
f 4125//1 3906//896 4126//1
f 4126//1 3907//896 4127//1
f 4127//1 3908//896 4128//1
f 4128//1 3909//896 4129//1
f 4129//1 3910//877 4130//1
f 4130//1 3911//1 4131//1
f 4131//1 3912//1 4132//1
f 4132//1 3913//1 4133//1
f 4133//1 3914//1 4134//1
f 4134//1 3915//1 4135//1
f 4135//1 3916//1 4136//1
f 4136//1 3917//1 4137//1
f 4137//1 3918//1 4138//1
f 4138//1 3919//1 4139//1
f 4139//1 3920//1 4140//1
f 4140//1 3921//1 4141//1
f 4141//1 3922//1 4142//1
f 4142//1 3923//1 4143//1
f 4143//1 3924//1 4144//1
f 4144//1 3925//1 4145//1
f 4145//1 3926//1 4146//1
f 4146//1 3926//1 4147//1
f 4147//1 3927//1 4148//1
f 4148//1 3928//1 4149//1
f 4149//1 3929//1 4150//1
f 4150//1 3930//1 4151//1
f 4151//1 3931//1 4152//1
f 4152//1 3932//1 4153//1
f 4153//1 3933//1 4154//1
f 4154//1 3934//1 4155//1
f 4155//1 3935//1 4156//1
f 4156//1 3936//1 4157//1
f 4157//1 3937//1 4158//1
f 4158//1 3938//1 4159//1
f 4159//1 3939//1 4160//1
f 4160//1 3940//1 4161//1
f 4161//1 3941//1 4162//1
f 4162//1 3942//877 4163//1
f 4163//1 3943//897 4164//1
f 4164//1 3944//897 4165//1
f 4165//1 3945//897 4166//1
f 4166//1 3946//897 4167//1
f 4167//1 3947//897 4168//1
f 4168//1 3948//897 4169//1
f 4169//1 3949//882 4170//1
f 4170//1 3950//1 4171//1
f 4171//1 3951//1 4172//1
f 4172//1 3952//1 4173//1
f 4173//1 3953//1 4174//1
f 4174//1 3954//1 4175//1
f 4175//1 3955//1 4176//1
f 4176//1 3956//1 4177//1
f 4177//1 3957//1 4178//1
f 4178//1 3958//1 4179//1
f 4179//1 3959//1 4180//1
f 4180//1 3960//1 4181//1
f 4181//1 3961//1 4182//1
f 4182//1 3962//1 4183//1
f 4183//1 3962//1 4184//1
f 4184//1 3963//1 4185//1
f 4185//1 3964//1 4186//1
f 4186//1 3965//1 4187//1
f 4187//1 3966//1 4188//1
f 4188//1 3967//1 4189//1
f 4189//1 3968//1 4190//1
f 4190//1 3969//1 4191//1
f 4191//1 3970//1 4192//1
f 4192//1 3971//1 4193//1
f 4193//1 3972//1 4194//1
f 4194//1 3973//1 4195//1
f 4195//1 3974//1 4196//1
f 4196//1 3975//1 4197//1
f 4197//1 3976//1 4198//1
f 4198//1 3977//882 4199//1
f 4199//1 3978//898 4200//1
f 4200//1 3979//898 4201//1
f 4201//1 3980//898 4202//1
f 4202//1 3981//898 4203//1
f 4203//1 3982//898 4204//1
f 4204//1 3983//898 4205//1
f 4205//1 3984//868 4206//1
f 4206//1 3985//1 4207//1
f 4207//1 3986//1 4208//1
f 4208//1 3987//1 4209//1
f 4209//1 3988//1 4210//1
f 4210//1 3989//1 4211//1
f 4211//1 3990//1 4212//1
f 4212//1 3991//1 4213//1
f 4213//1 3992//1 4214//1
f 4214//1 3993//1 4215//1
f 4215//1 3994//1 4216//1
f 4216//1 3995//1 4217//1
f 4217//1 3996//1 4218//1
f 4218//1 3997//1 4219//1
f 4219//1 3782//1 3998//1
f 4220//1 3998//1 4221//1
f 4221//1 3999//1 4222//1
f 4222//1 4000//1 4223//1
f 4223//1 4001//1 4224//1
f 4224//1 4002//1 4225//1
f 4225//1 4003//1 4226//1
f 4226//1 4004//1 4227//1
f 4227//1 4005//1 4228//1
f 4228//1 4006//1 4229//1
f 4229//1 4007//1 4230//1
f 4230//1 4008//1 4231//1
f 4231//1 4009//1 4232//1
f 4232//1 4010//1 4233//1
f 4233//1 4011//1 4234//1
f 4234//1 4012//1 4235//1
f 4235//1 4013//1 4236//1
f 4236//1 4014//1 4237//1
f 4237//1 4015//1 4238//1
f 4238//1 4016//1 4239//1
f 4239//1 4017//1 4240//1
f 4240//1 4018//1 4241//1
f 4241//1 4019//1 4242//1
f 4242//1 4020//1 4243//1
f 4243//1 4021//1 4244//1
f 4244//1 4022//1 4245//1
f 4245//1 4023//1 4246//1
f 4246//1 4024//1 4247//1
f 4247//1 4025//1 4248//1
f 4248//1 4026//1 4249//1
f 4249//1 4027//1 4250//1
f 4250//1 4028//1 4251//1
f 4251//1 4029//1 4252//1
f 4252//1 4030//1 4253//1
f 4253//1 4031//1 4254//1
f 4254//1 4032//1 4255//1
f 4255//1 4033//1 4256//1
f 4256//1 4034//1 4257//1
f 4257//1 4035//1 4258//1
f 4258//1 4035//1 4259//1
f 4259//1 4036//1 4260//1
f 4260//1 4037//1 4261//1
f 4261//1 4038//1 4262//1
f 4262//1 4039//1 4263//1
f 4263//1 4040//1 4264//1
f 4264//1 4041//1 4265//1
f 4265//1 4042//1 4266//1
f 4266//1 4043//1 4267//1
f 4267//1 4044//1 4268//1
f 4268//1 4045//1 4269//1
f 4269//1 4046//1 4270//1
f 4270//1 4047//1 4271//1
f 4271//1 4048//1 4272//1
f 4272//1 4049//1 4273//1
f 4273//1 4050//1 4274//1
f 4274//1 4051//1 4275//1
f 4275//1 4052//1 4276//1
f 4276//1 4053//1 4277//1
f 4277//1 4054//1 4278//1
f 4278//1 4055//1 4279//1
f 4279//1 4056//1 4280//1
f 4280//1 4057//1 4281//1
f 4281//1 4058//1 4282//1
f 4282//1 4059//1 4283//1
f 4283//1 4060//1 4284//1
f 4284//1 4061//1 4285//1
f 4285//1 4062//1 4286//1
f 4286//1 4063//1 4287//1
f 4287//1 4064//1 4288//1
f 4288//1 4065//1 4289//1
f 4289//1 4066//1 4290//1
f 4290//1 4067//1 4291//1
f 4291//1 4068//1 4292//1
f 4292//1 4069//1 4293//1
f 4293//1 4070//1 4294//1
f 4294//1 4071//1 4295//1
f 4295//1 4072//1 4296//1
f 4296//1 4072//1 4297//1
f 4297//1 4073//1 4298//1
f 4298//1 4074//1 4299//1
f 4299//1 4075//1 4300//1
f 4300//1 4076//1 4301//1
f 4301//1 4077//1 4302//1
f 4302//1 4078//1 4303//1
f 4303//1 4079//1 4304//1
f 4304//1 4080//1 4305//1
f 4305//1 4081//1 4306//1
f 4306//1 4082//1 4307//1
f 4307//1 4083//1 4308//1
f 4308//1 4084//1 4309//1
f 4309//1 4085//1 4310//1
f 4310//1 4086//1 4311//1
f 4311//1 4087//1 4312//1
f 4312//1 4088//1 4313//1
f 4313//1 4089//1 4314//1
f 4314//1 4090//1 4315//1
f 4315//1 4091//1 4316//1
f 4316//1 4092//1 4317//1
f 4317//1 4093//1 4318//1
f 4318//1 4094//1 4319//1
f 4319//1 4095//1 4320//1
f 4320//1 4096//1 4321//1
f 4321//1 4097//1 4322//1
f 4322//1 4098//1 4323//1
f 4323//1 4099//1 4324//1
f 4324//1 4100//1 4325//1
f 4325//1 4101//1 4326//1
f 4326//1 4102//1 4327//1
f 4327//1 4103//1 4328//1
f 4328//1 4104//1 4329//1
f 4329//1 4105//1 4330//1
f 4330//1 4106//1 4331//1
f 4331//1 4107//1 4332//1
f 4332//1 4108//1 4333//1
f 4333//1 4109//1 4334//1
f 4334//1 4109//1 4335//1
f 4335//1 4110//1 4336//1
f 4336//1 4111//1 4337//1
f 4337//1 4112//1 4338//1
f 4338//1 4113//1 4339//1
f 4339//1 4114//1 4340//1
f 4340//1 4115//1 4341//1
f 4341//1 4116//1 4342//1
f 4342//1 4117//1 4343//1
f 4343//1 4118//1 4344//1
f 4344//1 4119//1 4345//1
f 4345//1 4120//1 4346//1
f 4346//1 4121//1 4347//1
f 4347//1 4122//1 4348//1
f 4348//1 4123//1 4349//1
f 4349//1 4124//1 4350//1
f 4350//1 4125//1 4351//1
f 4351//1 4126//1 4352//1
f 4352//1 4127//1 4353//1
f 4353//1 4128//1 4354//1
f 4354//1 4129//1 4355//1
f 4355//1 4130//1 4356//1
f 4356//1 4131//1 4357//1
f 4357//1 4132//1 4358//1
f 4358//1 4133//1 4359//1
f 4359//1 4134//1 4360//1
f 4360//1 4135//1 4361//1
f 4361//1 4136//1 4362//1
f 4362//1 4137//1 4363//1
f 4363//1 4138//1 4364//1
f 4364//1 4139//1 4365//1
f 4365//1 4140//1 4366//1
f 4366//1 4141//1 4367//1
f 4367//1 4142//1 4368//1
f 4368//1 4143//1 4369//1
f 4369//1 4144//1 4370//1
f 4370//1 4145//1 4371//1
f 4371//1 4146//1 4372//1
f 4372//1 4146//1 4373//1
f 4373//1 4147//1 4374//1
f 4374//1 4148//1 4375//1
f 4375//1 4149//1 4376//1
f 4376//1 4150//1 4377//1
f 4377//1 4151//1 4378//1
f 4378//1 4152//1 4379//1
f 4379//1 4153//1 4380//1
f 4380//1 4154//1 4381//1
f 4381//1 4155//1 4382//1
f 4382//1 4156//1 4383//1
f 4383//1 4157//1 4384//1
f 4384//1 4158//1 4385//1
f 4385//1 4159//1 4386//1
f 4386//1 4160//1 4387//1
f 4387//1 4161//1 4388//1
f 4388//1 4162//1 4389//1
f 4389//1 4163//1 4390//1
f 4390//1 4164//1 4391//1
f 4391//1 4165//1 4392//1
f 4392//1 4166//1 4393//1
f 4393//1 4167//1 4394//1
f 4394//1 4168//1 4395//1
f 4395//1 4169//1 4396//1
f 4396//1 4170//1 4397//1
f 4397//1 4171//1 4398//1
f 4398//1 4172//1 4399//1
f 4399//1 4173//1 4400//1
f 4400//1 4174//1 4401//1
f 4401//1 4175//1 4402//1
f 4402//1 4176//1 4403//1
f 4403//1 4177//1 4404//1
f 4404//1 4178//1 4405//1
f 4405//1 4179//1 4406//1
f 4406//1 4180//1 4407//1
f 4407//1 4181//1 4408//1
f 4408//1 4182//1 4409//1
f 4409//1 4183//1 4410//1
f 4410//1 4183//1 4411//1
f 4411//1 4184//1 4412//1
f 4412//1 4185//1 4413//1
f 4413//1 4186//1 4414//1
f 4414//1 4187//1 4415//1
f 4415//1 4188//1 4416//1
f 4416//1 4189//1 4417//1
f 4417//1 4190//1 4418//1
f 4418//1 4191//1 4419//1
f 4419//1 4192//1 4420//1
f 4420//1 4193//1 4421//1
f 4421//1 4194//1 4422//1
f 4422//1 4195//1 4423//1
f 4423//1 4196//1 4424//1
f 4424//1 4197//1 4425//1
f 4425//1 4198//1 4426//1
f 4426//1 4199//1 4427//1
f 4427//1 4200//1 4428//1
f 4428//1 4201//1 4429//1
f 4429//1 4202//1 4430//1
f 4430//1 4203//1 4431//1
f 4431//1 4204//1 4432//1
f 4432//1 4205//1 4433//1
f 4433//1 4206//1 4434//1
f 4434//1 4207//1 4435//1
f 4435//1 4208//1 4436//1
f 4436//1 4209//1 4437//1
f 4437//1 4210//1 4438//1
f 4438//1 4211//1 4439//1
f 4439//1 4212//1 4440//1
f 4440//1 4213//1 4441//1
f 4441//1 4214//1 4442//1
f 4442//1 4215//1 4443//1
f 4443//1 4216//1 4444//1
f 4444//1 4217//1 4445//1
f 4445//1 4218//1 4446//1
f 4446//1 4219//1 4447//1
f 4447//1 3998//1 4220//1
f 4448//1 4220//1 4449//1
f 4449//1 4221//1 4450//1
f 4450//1 4222//1 4451//1
f 4451//1 4223//1 4452//1
f 4452//1 4224//1 4453//1
f 4453//1 4225//1 4454//1
f 4454//1 4226//1 4455//1
f 4455//1 4227//1 4456//1
f 4456//1 4228//1 4457//1
f 4457//1 4229//1 4458//1
f 4458//1 4230//1 4459//1
f 4459//1 4231//1 4460//1
f 4460//1 4232//1 4461//1
f 4461//1 4233//1 4462//1
f 4462//1 4234//1 4463//1
f 4463//1 4235//1 4464//1
f 4464//1 4236//1 4465//1
f 4465//1 4237//1 4466//1
f 4466//1 4238//1 4467//1
f 4467//1 4239//1 4468//1
f 4468//1 4240//1 4469//1
f 4469//1 4241//1 4470//1
f 4470//1 4242//1 4471//1
f 4471//1 4243//1 4472//1
f 4472//1 4244//1 4473//1
f 4473//1 4245//1 4474//1
f 4474//1 4246//1 4475//1
f 4475//1 4247//1 4476//1
f 4476//1 4248//1 4477//1
f 4477//1 4249//1 4478//1
f 4478//1 4250//1 4479//1
f 4479//1 4251//1 4480//1
f 4480//1 4252//1 4481//1
f 4481//1 4253//1 4482//1
f 4482//1 4254//1 4483//1
f 4483//1 4255//1 4484//1
f 4484//1 4256//1 4485//1
f 4485//1 4257//1 4486//1
f 4486//1 4258//1 4487//1
f 4487//1 4258//1 4488//1
f 4488//1 4259//1 4489//1
f 4489//1 4260//1 4490//1
f 4490//1 4261//1 4491//1
f 4491//1 4262//1 4492//1
f 4492//1 4263//1 4493//1
f 4493//1 4264//1 4494//1
f 4494//1 4265//1 4495//1
f 4495//1 4266//1 4496//1
f 4496//1 4267//1 4497//1
f 4497//1 4268//1 4498//1
f 4498//1 4269//1 4499//1
f 4499//1 4270//1 4500//1
f 4500//1 4271//1 4501//1
f 4501//1 4272//1 4502//1
f 4502//1 4273//1 4503//1
f 4503//1 4274//1 4504//1
f 4504//1 4275//1 4505//1
f 4505//1 4276//1 4506//1
f 4506//1 4277//1 4507//1
f 4507//1 4278//1 4508//1
f 4508//1 4279//1 4509//1
f 4509//1 4280//1 4510//1
f 4510//1 4281//1 4511//1
f 4511//1 4282//1 4512//1
f 4512//1 4283//1 4513//1
f 4513//1 4284//1 4514//1
f 4514//1 4285//1 4515//1
f 4515//1 4286//1 4516//1
f 4516//1 4287//1 4517//1
f 4517//1 4288//1 4518//1
f 4518//1 4289//1 4519//1
f 4519//1 4290//1 4520//1
f 4520//1 4291//1 4521//1
f 4521//1 4292//1 4522//1
f 4522//1 4293//1 4523//1
f 4523//1 4294//1 4524//1
f 4524//1 4295//1 4525//1
f 4525//1 4296//1 4526//1
f 4526//1 4296//1 4527//1
f 4527//1 4297//1 4528//1
f 4528//1 4298//1 4529//1
f 4529//1 4299//1 4530//1
f 4530//1 4300//1 4531//1
f 4531//1 4301//1 4532//1
f 4532//1 4302//1 4533//1
f 4533//1 4303//1 4534//1
f 4534//1 4304//1 4535//1
f 4535//1 4305//1 4536//1
f 4536//1 4306//1 4537//1
f 4537//1 4307//1 4538//1
f 4538//1 4308//1 4539//1
f 4539//1 4309//1 4540//1
f 4540//1 4310//1 4541//1
f 4541//1 4311//1 4542//1
f 4542//1 4312//1 4543//1
f 4543//1 4313//1 4544//1
f 4544//1 4314//1 4545//1
f 4545//1 4315//1 4546//1
f 4546//1 4316//1 4547//1
f 4547//1 4317//1 4548//1
f 4548//1 4318//1 4549//1
f 4549//1 4319//1 4550//1
f 4550//1 4320//1 4551//1
f 4551//1 4321//1 4552//1
f 4552//1 4322//1 4553//1
f 4553//1 4323//1 4554//1
f 4554//1 4324//1 4555//1
f 4555//1 4325//1 4556//1
f 4556//1 4326//1 4557//1
f 4557//1 4327//1 4558//1
f 4558//1 4328//1 4559//1
f 4559//1 4329//1 4560//1
f 4560//1 4330//1 4561//1
f 4561//1 4331//1 4562//1
f 4562//1 4332//1 4563//1
f 4563//1 4333//1 4564//1
f 4564//1 4334//1 4565//1
f 4565//1 4334//1 4566//1
f 4566//1 4335//1 4567//1
f 4567//1 4336//1 4568//1
f 4568//1 4337//1 4569//1
f 4569//1 4338//1 4570//1
f 4570//1 4339//1 4571//1
f 4571//1 4340//1 4572//1
f 4572//1 4341//1 4573//1
f 4573//1 4342//1 4574//1
f 4574//1 4343//1 4575//1
f 4575//1 4344//1 4576//1
f 4576//1 4345//1 4577//1
f 4577//1 4346//1 4578//1
f 4578//1 4347//1 4579//1
f 4579//1 4348//1 4580//1
f 4580//1 4349//1 4581//1
f 4581//1 4350//1 4582//1
f 4582//1 4351//1 4583//1
f 4583//1 4352//1 4584//1
f 4584//1 4353//1 4585//1
f 4585//1 4354//1 4586//1
f 4586//1 4355//1 4587//1
f 4587//1 4356//1 4588//1
f 4588//1 4357//1 4589//1
f 4589//1 4358//1 4590//1
f 4590//1 4359//1 4591//1
f 4591//1 4360//1 4592//1
f 4592//1 4361//1 4593//1
f 4593//1 4362//1 4594//1
f 4594//1 4363//1 4595//1
f 4595//1 4364//1 4596//1
f 4596//1 4365//1 4597//1
f 4597//1 4366//1 4598//1
f 4598//1 4367//1 4599//1
f 4599//1 4368//1 4600//1
f 4600//1 4369//1 4601//1
f 4601//1 4370//1 4602//1
f 4602//1 4371//1 4603//1
f 4603//1 4372//1 4604//1
f 4604//1 4372//1 4605//1
f 4605//1 4373//1 4606//1
f 4606//1 4374//1 4607//1
f 4607//1 4375//1 4608//1
f 4608//1 4376//1 4609//1
f 4609//1 4377//1 4610//1
f 4610//1 4378//1 4611//1
f 4611//1 4379//1 4612//1
f 4612//1 4380//1 4613//1
f 4613//1 4381//1 4614//1
f 4614//1 4382//1 4615//1
f 4615//1 4383//1 4616//1
f 4616//1 4384//1 4617//1
f 4617//1 4385//1 4618//1
f 4618//1 4386//1 4619//1
f 4619//1 4387//1 4620//1
f 4620//1 4388//1 4621//1
f 4621//1 4389//1 4622//1
f 4622//1 4390//1 4623//1
f 4623//1 4391//1 4624//1
f 4624//1 4392//1 4625//1
f 4625//1 4393//1 4626//1
f 4626//1 4394//1 4627//1
f 4627//1 4395//1 4628//1
f 4628//1 4396//1 4629//1
f 4629//1 4397//1 4630//1
f 4630//1 4398//1 4631//1
f 4631//1 4399//1 4632//1
f 4632//1 4400//1 4633//1
f 4633//1 4401//1 4634//1
f 4634//1 4402//1 4635//1
f 4635//1 4403//1 4636//1
f 4636//1 4404//1 4637//1
f 4637//1 4405//1 4638//1
f 4638//1 4406//1 4639//1
f 4639//1 4407//1 4640//1
f 4640//1 4408//1 4641//1
f 4641//1 4409//1 4642//1
f 4642//1 4410//1 4643//1
f 4643//1 4410//1 4644//1
f 4644//1 4411//1 4645//1
f 4645//1 4412//1 4646//1
f 4646//1 4413//1 4647//1
f 4647//1 4414//1 4648//1
f 4648//1 4415//1 4649//1
f 4649//1 4416//1 4650//1
f 4650//1 4417//1 4651//1
f 4651//1 4418//1 4652//1
f 4652//1 4419//1 4653//1
f 4653//1 4420//1 4654//1
f 4654//1 4421//1 4655//1
f 4655//1 4422//1 4656//1
f 4656//1 4423//1 4657//1
f 4657//1 4424//1 4658//1
f 4658//1 4425//1 4659//1
f 4659//1 4426//1 4660//1
f 4660//1 4427//1 4661//1
f 4661//1 4428//1 4662//1
f 4662//1 4429//1 4663//1
f 4663//1 4430//1 4664//1
f 4664//1 4431//1 4665//1
f 4665//1 4432//1 4666//1
f 4666//1 4433//1 4667//1
f 4667//1 4434//1 4668//1
f 4668//1 4435//1 4669//1
f 4669//1 4436//1 4670//1
f 4670//1 4437//1 4671//1
f 4671//1 4438//1 4672//1
f 4672//1 4439//1 4673//1
f 4673//1 4440//1 4674//1
f 4674//1 4441//1 4675//1
f 4675//1 4442//1 4676//1
f 4676//1 4443//1 4677//1
f 4677//1 4444//1 4678//1
f 4678//1 4445//1 4679//1
f 4679//1 4446//1 4680//1
f 4680//1 4447//1 4681//1
f 4681//1 4220//1 4448//1
f 4682//1 4448//1 4683//1
f 4683//1 4449//1 4684//1
f 4684//1 4450//1 4685//1
f 4685//1 4451//1 4686//1
f 4686//1 4452//1 4687//1
f 4687//1 4453//1 4688//1
f 4688//1 4454//1 4689//1
f 4689//1 4455//1 4690//1
f 4690//1 4456//1 4691//1
f 4691//1 4457//1 4692//1
f 4692//1 4458//1 4693//1
f 4693//1 4459//1 4694//1
f 4694//1 4460//1 4695//1
f 4695//1 4461//1 4696//1
f 4696//1 4462//1 4697//1
f 4697//1 4463//1 4698//1
f 4698//1 4464//1 4699//1
f 4699//1 4465//1 4700//1
f 4700//1 4466//1 4701//1
f 4701//1 4467//1 4702//1
f 4702//1 4468//1 4703//1
f 4703//1 4469//1 4704//1
f 4704//1 4470//1 4705//1
f 4705//1 4471//1 4706//1
f 4706//1 4472//1 4707//1
f 4707//1 4473//1 4708//1
f 4708//1 4474//1 4709//1
f 4709//1 4475//1 4710//1
f 4710//1 4476//1 4711//1
f 4711//1 4477//1 4712//1
f 4712//1 4478//1 4713//1
f 4713//1 4479//1 4714//1
f 4714//1 4480//1 4715//1
f 4715//1 4481//1 4716//1
f 4716//1 4482//1 4717//1
f 4717//1 4483//1 4718//1
f 4718//1 4484//1 4719//1
f 4719//1 4485//1 4720//1
f 4720//1 4486//1 4721//1
f 4721//1 4487//1 4722//1
f 4722//1 4487//1 4723//1
f 4723//1 4488//1 4724//1
f 4724//1 4489//1 4725//1
f 4725//1 4490//1 4726//1
f 4726//1 4491//1 4727//1
f 4727//1 4492//1 4728//1
f 4728//1 4493//1 4729//1
f 4729//1 4494//1 4730//1
f 4730//1 4495//1 4731//1
f 4731//1 4496//1 4732//1
f 4732//1 4497//1 4733//1
f 4733//1 4498//1 4734//1
f 4734//1 4499//1 4735//1
f 4735//1 4500//1 4736//1
f 4736//1 4501//1 4737//1
f 4737//1 4502//1 4738//1
f 4738//1 4503//1 4739//1
f 4739//1 4504//1 4740//1
f 4740//1 4505//1 4741//1
f 4741//1 4506//1 4742//1
f 4742//1 4507//1 4743//1
f 4743//1 4508//1 4744//1
f 4744//1 4509//1 4745//1
f 4745//1 4510//1 4746//1
f 4746//1 4511//1 4747//1
f 4747//1 4512//1 4748//1
f 4748//1 4513//1 4749//1
f 4749//1 4514//1 4750//1
f 4750//1 4515//1 4751//1
f 4751//1 4516//1 4752//1
f 4752//1 4517//1 4753//1
f 4753//1 4518//1 4754//1
f 4754//1 4519//1 4755//1
f 4755//1 4520//1 4756//1
f 4756//1 4521//1 4757//1
f 4757//1 4522//1 4758//1
f 4758//1 4523//1 4759//1
f 4759//1 4524//1 4760//1
f 4760//1 4525//1 4761//1
f 4761//1 4526//1 4762//1
f 4762//1 4526//1 4763//1
f 4763//1 4527//1 4764//1
f 4764//1 4528//1 4765//1
f 4765//1 4529//1 4766//1
f 4766//1 4530//1 4767//1
f 4767//1 4531//1 4768//1
f 4768//1 4532//1 4769//1
f 4769//1 4533//1 4770//1
f 4770//1 4534//1 4771//1
f 4771//1 4535//1 4772//1
f 4772//1 4536//1 4773//1
f 4773//1 4537//1 4774//1
f 4774//1 4538//1 4775//1
f 4775//1 4539//1 4776//1
f 4776//1 4540//1 4777//1
f 4777//1 4541//1 4778//1
f 4778//1 4542//1 4779//1
f 4779//1 4543//1 4780//1
f 4780//1 4544//1 4781//1
f 4781//1 4545//1 4782//1
f 4782//1 4546//1 4783//1
f 4783//1 4547//1 4784//1
f 4784//1 4548//1 4785//1
f 4785//1 4549//1 4786//1
f 4786//1 4550//1 4787//1
f 4787//1 4551//1 4788//1
f 4788//1 4552//1 4789//1
f 4789//1 4553//1 4790//1
f 4790//1 4554//1 4791//1
f 4791//1 4555//1 4792//1
f 4792//1 4556//1 4793//1
f 4793//1 4557//1 4794//1
f 4794//1 4558//1 4795//1
f 4795//1 4559//1 4796//1
f 4796//1 4560//1 4797//1
f 4797//1 4561//1 4798//1
f 4798//1 4562//1 4799//1
f 4799//1 4563//1 4800//1
f 4800//1 4564//1 4801//1
f 4801//1 4565//1 4802//1
f 4802//1 4565//1 4803//1
f 4803//1 4566//1 4804//1
f 4804//1 4567//1 4805//1
f 4805//1 4568//1 4806//1
f 4806//1 4569//1 4807//1
f 4807//1 4570//1 4808//1
f 4808//1 4571//1 4809//1
f 4809//1 4572//1 4810//1
f 4810//1 4573//1 4811//1
f 4811//1 4574//1 4812//1
f 4812//1 4575//1 4813//1
f 4813//1 4576//1 4814//1
f 4814//1 4577//1 4815//1
f 4815//1 4578//1 4816//1
f 4816//1 4579//1 4817//1
f 4817//1 4580//1 4818//1
f 4818//1 4581//1 4819//1
f 4819//1 4582//1 4820//1
f 4820//1 4583//1 4821//1
f 4821//1 4584//1 4822//1
f 4822//1 4585//1 4823//1
f 4823//1 4586//1 4824//1
f 4824//1 4587//1 4825//1
f 4825//1 4588//1 4826//1
f 4826//1 4589//1 4827//1
f 4827//1 4590//1 4828//1
f 4828//1 4591//1 4829//1
f 4829//1 4592//1 4830//1
f 4830//1 4593//1 4831//1
f 4831//1 4594//1 4832//1
f 4832//1 4595//1 4833//1
f 4833//1 4596//1 4834//1
f 4834//1 4597//1 4835//1
f 4835//1 4598//1 4836//1
f 4836//1 4599//1 4837//1
f 4837//1 4600//1 4838//1
f 4838//1 4601//1 4839//1
f 4839//1 4602//1 4840//1
f 4840//1 4603//1 4841//1
f 4841//1 4604//1 4842//1
f 4842//1 4604//1 4843//1
f 4843//1 4605//1 4844//1
f 4844//1 4606//1 4845//1
f 4845//1 4607//1 4846//1
f 4846//1 4608//1 4847//1
f 4847//1 4609//1 4848//1
f 4848//1 4610//1 4849//1
f 4849//1 4611//1 4850//1
f 4850//1 4612//1 4851//1
f 4851//1 4613//1 4852//1
f 4852//1 4614//1 4853//1
f 4853//1 4615//1 4854//1
f 4854//1 4616//1 4855//1
f 4855//1 4617//1 4856//1
f 4856//1 4618//1 4857//1
f 4857//1 4619//1 4858//1
f 4858//1 4620//1 4859//1
f 4859//1 4621//1 4860//1
f 4860//1 4622//1 4861//1
f 4861//1 4623//1 4862//1
f 4862//1 4624//1 4863//1
f 4863//1 4625//1 4864//1
f 4864//1 4626//1 4865//1
f 4865//1 4627//1 4866//1
f 4866//1 4628//1 4867//1
f 4867//1 4629//1 4868//1
f 4868//1 4630//1 4869//1
f 4869//1 4631//1 4870//1
f 4870//1 4632//1 4871//1
f 4871//1 4633//1 4872//1
f 4872//1 4634//1 4873//1
f 4873//1 4635//1 4874//1
f 4874//1 4636//1 4875//1
f 4875//1 4637//1 4876//1
f 4876//1 4638//1 4877//1
f 4877//1 4639//1 4878//1
f 4878//1 4640//1 4879//1
f 4879//1 4641//1 4880//1
f 4880//1 4642//1 4881//1
f 4881//1 4643//1 4882//1
f 4882//1 4643//1 4883//1
f 4883//1 4644//1 4884//1
f 4884//1 4645//1 4885//1
f 4885//1 4646//1 4886//1
f 4886//1 4647//1 4887//1
f 4887//1 4648//1 4888//1
f 4888//1 4649//1 4889//1
f 4889//1 4650//1 4890//1
f 4890//1 4651//1 4891//1
f 4891//1 4652//1 4892//1
f 4892//1 4653//1 4893//1
f 4893//1 4654//1 4894//1
f 4894//1 4655//1 4895//1
f 4895//1 4656//1 4896//1
f 4896//1 4657//1 4897//1
f 4897//1 4658//1 4898//1
f 4898//1 4659//1 4899//1
f 4899//1 4660//1 4900//1
f 4900//1 4661//1 4901//1
f 4901//1 4662//1 4902//1
f 4902//1 4663//1 4903//1
f 4903//1 4664//1 4904//1
f 4904//1 4665//1 4905//1
f 4905//1 4666//1 4906//1
f 4906//1 4667//1 4907//1
f 4907//1 4668//1 4908//1
f 4908//1 4669//1 4909//1
f 4909//1 4670//1 4910//1
f 4910//1 4671//1 4911//1
f 4911//1 4672//1 4912//1
f 4912//1 4673//1 4913//1
f 4913//1 4674//1 4914//1
f 4914//1 4675//1 4915//1
f 4915//1 4676//1 4916//1
f 4916//1 4677//1 4917//1
f 4917//1 4678//1 4918//1
f 4918//1 4679//1 4919//1
f 4919//1 4680//1 4920//1
f 4920//1 4681//1 4921//1
f 4921//1 4448//1 4682//1
f 3//1 9//1 2//1
f 4//1 11//1 3//1
f 5//1 13//1 4//1
f 6//1 15//1 5//1
f 7//1 17//1 6//1
f 2//1 19//1 7//1
f 9//1 21//1 8//1
f 10//1 22//1 9//1
f 11//1 24//1 10//1
f 12//1 25//1 11//1
f 13//1 27//1 12//1
f 14//1 28//1 13//1
f 15//1 30//1 14//1
f 16//1 31//1 15//1
f 17//1 33//1 16//1
f 18//1 34//1 17//1
f 19//1 36//1 18//1
f 8//1 37//1 19//1
f 21//1 39//1 20//1
f 22//1 40//1 21//1
f 23//1 41//1 22//1
f 24//1 43//1 23//1
f 25//1 44//1 24//1
f 26//1 45//1 25//1
f 27//3 47//3 26//3
f 28//3 48//3 27//3
f 29//3 49//3 28//3
f 30//1 51//1 29//1
f 31//1 52//1 30//1
f 32//1 53//1 31//1
f 33//1 55//1 32//1
f 34//1 56//1 33//1
f 35//1 57//1 34//1
f 36//1 59//1 35//1
f 37//1 60//1 36//1
f 20//1 61//1 37//1
f 39//1 63//1 38//1
f 40//1 64//1 39//1
f 41//1 65//1 40//1
f 42//1 66//1 41//1
f 43//1 68//1 42//1
f 44//1 69//1 43//1
f 45//1 70//1 44//1
f 46//1 71//1 45//1
f 47//2 73//2 46//2
f 48//1 74//1 47//1
f 49//1 75//1 48//1
f 50//1 76//1 49//1
f 51//3 78//3 50//3
f 52//1 79//1 51//1
f 53//1 80//1 52//1
f 54//1 81//1 53//1
f 55//1 83//1 54//1
f 56//1 84//1 55//1
f 57//1 85//1 56//1
f 58//5 86//5 57//5
f 59//1 88//1 58//1
f 60//1 89//1 59//1
f 61//1 90//1 60//1
f 38//1 91//1 61//1
f 63//1 93//1 62//1
f 64//1 94//1 63//1
f 65//1 95//1 64//1
f 66//1 96//1 65//1
f 67//1 97//1 66//1
f 68//1 99//1 67//1
f 69//1 100//1 68//1
f 70//1 101//1 69//1
f 71//1 102//1 70//1
f 72//1 103//1 71//1
f 73//5 105//5 72//5
f 74//1 106//1 73//1
f 75//1 107//1 74//1
f 76//1 108//1 75//1
f 77//1 109//1 76//1
f 78//1 111//1 77//1
f 79//3 112//3 78//3
f 80//1 113//1 79//1
f 81//1 114//1 80//1
f 82//1 115//1 81//1
f 83//1 117//1 82//1
f 84//1 118//1 83//1
f 85//1 119//1 84//1
f 86//6 120//6 85//6
f 87//2 121//2 86//2
f 88//1 123//1 87//1
f 89//1 124//1 88//1
f 90//1 125//1 89//1
f 91//1 126//1 90//1
f 62//1 127//1 91//1
f 93//1 129//1 92//1
f 94//6 130//6 93//6
f 95//6 131//6 94//6
f 96//1 132//1 95//1
f 97//1 133//1 96//1
f 98//1 134//1 97//1
f 99//1 136//1 98//1
f 100//1 137//1 99//1
f 101//1 138//1 100//1
f 102//1 139//1 101//1
f 103//1 140//1 102//1
f 104//1 141//1 103//1
f 105//1 143//1 104//1
f 106//5 144//5 105//5
f 107//1 145//1 106//1
f 108//1 146//1 107//1
f 109//1 147//1 108//1
f 110//1 148//1 109//1
f 111//1 150//1 110//1
f 112//1 151//1 111//1
f 113//3 152//3 112//3
f 114//1 153//1 113//1
f 115//1 154//1 114//1
f 116//1 155//1 115//1
f 117//1 157//1 116//1
f 118//1 158//1 117//1
f 119//1 159//1 118//1
f 120//1 160//1 119//1
f 121//6 161//6 120//6
f 122//1 162//1 121//1
f 123//2 164//2 122//2
f 124//1 165//1 123//1
f 125//1 166//1 124//1
f 126//1 167//1 125//1
f 127//1 168//1 126//1
f 92//1 169//1 127//1
f 129//6 171//6 128//6
f 130//7 172//7 129//7
f 131//1 173//1 130//1
f 132//4 174//4 131//4
f 133//1 175//1 132//1
f 134//1 176//1 133//1
f 135//1 177//1 134//1
f 136//1 179//1 135//1
f 137//1 180//1 136//1
f 138//1 181//1 137//1
f 139//1 182//1 138//1
f 140//1 183//1 139//1
f 141//1 184//1 140//1
f 142//1 185//1 141//1
f 143//1 187//1 142//1
f 144//1 188//1 143//1
f 145//5 189//5 144//5
f 146//4 190//4 145//4
f 147//4 191//4 146//4
f 148//1 192//1 147//1
f 149//1 193//1 148//1
f 150//1 195//1 149//1
f 151//1 196//1 150//1
f 152//1 197//1 151//1
f 153//3 198//3 152//3
f 154//1 199//1 153//1
f 155//1 200//1 154//1
f 156//1 201//1 155//1
f 157//1 203//1 156//1
f 158//1 204//1 157//1
f 159//1 205//1 158//1
f 160//1 206//1 159//1
f 161//1 207//1 160//1
f 162//6 208//6 161//6
f 163//1 209//1 162//1
f 164//5 211//5 163//5
f 165//1 212//1 164//1
f 166//1 213//1 165//1
f 167//1 214//1 166//1
f 168//1 215//1 167//1
f 169//1 216//1 168//1
f 128//1 217//1 169//1
f 171//7 219//7 170//7
f 172//1 220//1 171//1
f 173//1 221//1 172//1
f 174//1 222//1 173//1
f 175//5 223//5 174//5
f 176//1 224//1 175//1
f 177//1 225//1 176//1
f 178//1 226//1 177//1
f 179//1 228//1 178//1
f 180//1 229//1 179//1
f 181//1 230//1 180//1
f 182//1 231//1 181//1
f 183//1 232//1 182//1
f 184//1 233//1 183//1
f 185//1 234//1 184//1
f 186//1 235//1 185//1
f 187//1 237//1 186//1
f 188//1 238//1 187//1
f 189//1 239//1 188//1
f 190//1 240//1 189//1
f 191//1 241//1 190//1
f 192//5 242//5 191//5
f 193//1 243//1 192//1
f 194//1 244//1 193//1
f 195//1 246//1 194//1
f 196//1 247//1 195//1
f 197//1 248//1 196//1
f 198//1 249//1 197//1
f 199//3 250//3 198//3
f 200//2 251//2 199//2
f 201//2 252//2 200//2
f 202//2 253//2 201//2
f 203//1 255//1 202//1
f 204//1 256//1 203//1
f 205//1 257//1 204//1
f 206//1 258//1 205//1
f 207//1 259//1 206//1
f 208//1 260//1 207//1
f 209//6 261//6 208//6
f 210//1 262//1 209//1
f 211//1 264//1 210//1
f 212//5 265//5 211//5
f 213//1 266//1 212//1
f 214//1 267//1 213//1
f 215//1 268//1 214//1
f 216//1 269//1 215//1
f 217//1 270//1 216//1
f 170//1 271//1 217//1
f 219//7 273//7 218//7
f 220//1 274//1 219//1
f 221//1 275//1 220//1
f 222//1 276//1 221//1
f 223//5 277//5 222//5
f 224//1 278//1 223//1
f 225//1 279//1 224//1
f 226//1 280//1 225//1
f 227//1 281//1 226//1
f 228//1 283//1 227//1
f 229//1 284//1 228//1
f 230//1 285//1 229//1
f 231//1 286//1 230//1
f 232//1 287//1 231//1
f 233//1 288//1 232//1
f 234//1 289//1 233//1
f 235//1 290//1 234//1
f 236//1 291//1 235//1
f 237//1 293//1 236//1
f 238//1 294//1 237//1
f 239//1 295//1 238//1
f 240//1 296//1 239//1
f 241//1 297//1 240//1
f 242//1 298//1 241//1
f 243//5 299//5 242//5
f 244//4 300//4 243//4
f 245//4 301//4 244//4
f 246//1 303//1 245//1
f 247//1 304//1 246//1
f 248//1 305//1 247//1
f 249//1 306//1 248//1
f 250//1 307//1 249//1
f 251//1 308//1 250//1
f 252//1 309//1 251//1
f 253//1 310//1 252//1
f 254//1 311//1 253//1
f 255//2 313//2 254//2
f 256//1 314//1 255//1
f 257//1 315//1 256//1
f 258//1 316//1 257//1
f 259//1 317//1 258//1
f 260//1 318//1 259//1
f 261//1 319//1 260//1
f 262//6 320//6 261//6
f 263//1 321//1 262//1
f 264//1 323//1 263//1
f 265//1 324//1 264//1
f 266//2 325//2 265//2
f 267//1 326//1 266//1
f 268//1 327//1 267//1
f 269//1 328//1 268//1
f 270//1 329//1 269//1
f 271//1 330//1 270//1
f 218//1 331//1 271//1
f 273//1 333//1 272//1
f 274//1 334//1 273//1
f 275//1 335//1 274//1
f 276//1 336//1 275//1
f 277//5 337//5 276//5
f 278//1 338//1 277//1
f 279//1 339//1 278//1
f 280//1 340//1 279//1
f 281//1 341//1 280//1
f 282//1 342//1 281//1
f 283//1 344//1 282//1
f 284//1 345//1 283//1
f 285//1 346//1 284//1
f 286//1 347//1 285//1
f 287//1 348//1 286//1
f 288//1 349//1 287//1
f 289//1 350//1 288//1
f 290//1 351//1 289//1
f 291//1 352//1 290//1
f 292//1 353//1 291//1
f 293//1 355//1 292//1
f 294//1 356//1 293//1
f 295//1 357//1 294//1
f 296//1 358//1 295//1
f 297//1 359//1 296//1
f 298//1 360//1 297//1
f 299//1 361//1 298//1
f 300//1 362//1 299//1
f 301//1 363//1 300//1
f 302//1 364//1 301//1
f 303//4 366//4 302//4
f 304//1 367//1 303//1
f 305//1 368//1 304//1
f 306//1 369//1 305//1
f 307//1 370//1 306//1
f 308//1 371//1 307//1
f 309//1 372//1 308//1
f 310//1 373//1 309//1
f 311//1 374//1 310//1
f 312//1 375//1 311//1
f 313//1 377//1 312//1
f 314//2 378//2 313//2
f 315//1 379//1 314//1
f 316//1 380//1 315//1
f 317//1 381//1 316//1
f 318//1 382//1 317//1
f 319//1 383//1 318//1
f 320//1 384//1 319//1
f 321//6 385//6 320//6
f 322//1 386//1 321//1
f 323//1 388//1 322//1
f 324//1 389//1 323//1
f 325//2 390//2 324//2
f 326//1 391//1 325//1
f 327//1 392//1 326//1
f 328//1 393//1 327//1
f 329//1 394//1 328//1
f 330//1 395//1 329//1
f 331//1 396//1 330//1
f 272//6 397//6 331//6
f 333//1 399//1 332//1
f 334//1 400//1 333//1
f 335//1 401//1 334//1
f 336//1 402//1 335//1
f 337//4 403//4 336//4
f 338//1 404//1 337//1
f 339//1 405//1 338//1
f 340//1 406//1 339//1
f 341//1 407//1 340//1
f 342//1 408//1 341//1
f 343//1 409//1 342//1
f 344//7 411//7 343//7
f 345//7 412//7 344//7
f 346//7 413//7 345//7
f 347//1 414//1 346//1
f 348//1 415//1 347//1
f 349//1 416//1 348//1
f 350//1 417//1 349//1
f 351//1 418//1 350//1
f 352//1 419//1 351//1
f 353//1 420//1 352//1
f 354//1 421//1 353//1
f 355//1 423//1 354//1
f 356//1 424//1 355//1
f 357//1 425//1 356//1
f 358//1 426//1 357//1
f 359//1 427//1 358//1
f 360//1 428//1 359//1
f 361//1 429//1 360//1
f 362//1 430//1 361//1
f 363//1 431//1 362//1
f 364//1 432//1 363//1
f 365//1 433//1 364//1
f 366//1 435//1 365//1
f 367//4 436//4 366//4
f 368//1 437//1 367//1
f 369//1 438//1 368//1
f 370//1 439//1 369//1
f 371//1 440//1 370//1
f 372//1 441//1 371//1
f 373//1 442//1 372//1
f 374//1 443//1 373//1
f 375//1 444//1 374//1
f 376//1 445//1 375//1
f 377//1 447//1 376//1
f 378//1 448//1 377//1
f 379//2 449//2 378//2
f 380//1 450//1 379//1
f 381//1 451//1 380//1
f 382//1 452//1 381//1
f 383//1 453//1 382//1
f 384//1 454//1 383//1
f 385//1 455//1 384//1
f 386//6 456//6 385//6
f 387//1 457//1 386//1
f 388//1 459//1 387//1
f 389//1 460//1 388//1
f 390//2 461//2 389//2
f 391//1 462//1 390//1
f 392//1 463//1 391//1
f 393//1 464//1 392//1
f 394//1 465//1 393//1
f 395//1 466//1 394//1
f 396//1 467//1 395//1
f 397//6 468//6 396//6
f 332//1 469//1 397//1
f 399//1 471//1 398//1
f 400//1 472//1 399//1
f 401//1 473//1 400//1
f 402//1 474//1 401//1
f 403//1 475//1 402//1
f 404//4 476//4 403//4
f 405//1 477//1 404//1
f 406//1 478//1 405//1
f 407//1 479//1 406//1
f 408//1 480//1 407//1
f 409//1 481//1 408//1
f 410//1 482//1 409//1
f 411//3 484//3 410//3
f 412//1 485//1 411//1
f 413//1 486//1 412//1
f 414//4 487//4 413//4
f 415//1 488//1 414//1
f 416//1 489//1 415//1
f 417//1 490//1 416//1
f 418//1 491//1 417//1
f 419//1 492//1 418//1
f 420//1 493//1 419//1
f 421//1 494//1 420//1
f 422//1 495//1 421//1
f 423//1 497//1 422//1
f 424//1 498//1 423//1
f 425//1 499//1 424//1
f 426//1 500//1 425//1
f 427//1 501//1 426//1
f 428//1 502//1 427//1
f 429//1 503//1 428//1
f 430//1 504//1 429//1
f 431//1 505//1 430//1
f 432//1 506//1 431//1
f 433//1 507//1 432//1
f 434//1 508//1 433//1
f 435//1 510//1 434//1
f 436//1 511//1 435//1
f 437//5 512//5 436//5
f 438//1 513//1 437//1
f 439//1 514//1 438//1
f 440//1 515//1 439//1
f 441//1 516//1 440//1
f 442//1 517//1 441//1
f 443//1 518//1 442//1
f 444//1 519//1 443//1
f 445//1 520//1 444//1
f 446//1 521//1 445//1
f 447//1 523//1 446//1
f 448//1 524//1 447//1
f 449//1 525//1 448//1
f 450//3 526//3 449//3
f 451//1 527//1 450//1
f 452//1 528//1 451//1
f 453//1 529//1 452//1
f 454//1 530//1 453//1
f 455//1 531//1 454//1
f 456//1 532//1 455//1
f 457//4 533//4 456//4
f 458//1 534//1 457//1
f 459//1 536//1 458//1
f 460//1 537//1 459//1
f 461//5 538//5 460//5
f 462//1 539//1 461//1
f 463//1 540//1 462//1
f 464//1 541//1 463//1
f 465//1 542//1 464//1
f 466//1 543//1 465//1
f 467//1 544//1 466//1
f 468//7 545//7 467//7
f 469//1 546//1 468//1
f 398//1 547//1 469//1
f 471//1 549//1 470//1
f 472//1 550//1 471//1
f 473//1 551//1 472//1
f 474//1 552//1 473//1
f 475//1 553//1 474//1
f 476//1 554//1 475//1
f 477//4 555//4 476//4
f 478//1 556//8 477//1
f 479//1 557//8 478//1
f 480//1 558//8 479//1
f 481//1 559//8 480//1
f 482//1 560//8 481//1
f 483//1 561//8 482//1
f 484//3 563//3 483//3
f 485//1 564//1 484//1
f 486//1 565//1 485//1
f 487//6 566//6 486//6
f 488//1 567//9 487//1
f 489//1 568//9 488//1
f 490//1 569//9 489//1
f 491//1 570//9 490//1
f 492//1 571//9 491//1
f 493//1 572//9 492//1
f 494//1 573//9 493//1
f 495//1 574//9 494//1
f 496//1 575//9 495//1
f 497//1 577//11 496//1
f 498//1 578//11 497//1
f 499//1 579//12 498//1
f 500//1 580//1 499//1
f 501//1 581//12 500//1
f 502//1 582//11 501//1
f 503//1 583//11 502//1
f 504//1 584//11 503//1
f 505//1 585//11 504//1
f 506//1 586//11 505//1
f 507//1 587//11 506//1
f 508//1 588//11 507//1
f 509//1 589//11 508//1
f 510//1 591//14 509//1
f 511//1 592//15 510//1
f 512//5 593//5 511//5
f 513//1 594//1 512//1
f 514//1 595//1 513//1
f 515//1 596//1 514//1
f 516//1 597//1 515//1
f 517//1 598//1 516//1
f 518//1 599//1 517//1
f 519//1 600//1 518//1
f 520//1 601//1 519//1
f 521//1 602//1 520//1
f 522//1 603//1 521//1
f 523//1 605//1 522//1
f 524//1 606//1 523//1
f 525//1 607//1 524//1
f 526//2 608//2 525//2
f 527//1 609//17 526//1
f 528//1 610//17 527//1
f 529//1 611//17 528//1
f 530//1 612//17 529//1
f 531//1 613//17 530//1
f 532//1 614//17 531//1
f 533//6 615//6 532//6
f 534//1 616//1 533//1
f 535//1 617//1 534//1
f 536//1 619//1 535//1
f 537//1 620//1 536//1
f 538//1 621//1 537//1
f 539//5 622//5 538//5
f 540//1 623//18 539//1
f 541//1 624//18 540//1
f 542//1 625//18 541//1
f 543//1 626//18 542//1
f 544//1 627//18 543//1
f 545//1 628//18 544//1
f 546//7 629//7 545//7
f 547//1 630//1 546//1
f 470//1 631//1 547//1
f 549//1 633//1 548//1
f 550//1 634//1 549//1
f 551//1 635//1 550//1
f 552//1 636//1 551//1
f 553//1 637//1 552//1
f 554//1 638//1 553//1
f 555//1 639//1 554//1
f 556//899 640//21 555//20
f 557//8 641//23 556//8
f 558//8 642//23 557//8
f 559//8 643//23 558//8
f 560//8 644//23 559//8
f 561//8 645//23 560//8
f 562//8 646//24 561//8
f 563//3 648//3 562//3
f 564//1 649//1 563//1
f 565//1 650//1 564//1
f 566//1 651//1 565//1
f 567//900 652//30 566//29
f 568//9 653//32 567//9
f 569//9 654//32 568//9
f 570//9 655//32 569//9
f 571//9 656//32 570//9
f 572//9 657//32 571//9
f 573//9 658//33 572//9
f 574//9 659//33 573//9
f 575//9 660//32 574//9
f 576//10 661//32 575//9
f 577//11 663//35 576//10
f 578//11 664//35 577//11
f 579//12 665//36 578//11
f 580//3 666//3 579//3
f 581//3 667//3 580//3
f 582//11 668//41 581//12
f 583//11 669//35 582//11
f 584//11 670//35 583//11
f 585//11 671//35 584//11
f 586//11 672//35 585//11
f 587//11 673//35 586//11
f 588//11 674//35 587//11
f 589//11 675//35 588//11
f 590//13 676//35 589//11
f 591//14 678//43 590//13
f 592//15 679//44 591//14
f 593//5 680//46 592//16
f 594//1 681//1 593//1
f 595//1 682//1 594//1
f 596//1 683//1 595//1
f 597//1 684//1 596//1
f 598//1 685//1 597//1
f 599//1 686//1 598//1
f 600//1 687//1 599//1
f 601//1 688//1 600//1
f 602//1 689//1 601//1
f 603//1 690//1 602//1
f 604//1 691//1 603//1
f 605//1 693//1 604//1
f 606//1 694//1 605//1
f 607//1 695//1 606//1
f 608//1 696//1 607//1
f 609//901 697//49 608//48
f 610//17 698//51 609//17
f 611//17 699//51 610//17
f 612//17 700//51 611//17
f 613//17 701//51 612//17
f 614//17 702//51 613//17
f 615//17 703//52 614//17
f 616//4 704//55 615//54
f 617//1 705//1 616//1
f 618//1 706//1 617//1
f 619//1 708//1 618//1
f 620//1 709//1 619//1
f 621//1 710//1 620//1
f 622//1 711//1 621//1
f 623//902 712//58 622//57
f 624//18 713//60 623//18
f 625//18 714//60 624//18
f 626//18 715//60 625//18
f 627//18 716//60 626//18
f 628//18 717//60 627//18
f 629//18 718//61 628//18
f 630//6 719//64 629//63
f 631//1 720//1 630//1
f 548//1 721//1 631//1
f 633//1 723//1 632//1
f 634//1 724//1 633//1
f 635//1 725//1 634//1
f 636//1 726//1 635//1
f 637//1 727//1 636//1
f 638//1 728//1 637//1
f 639//1 729//1 638//1
f 640//21 730//66 639//19
f 641//23 731//67 640//22
f 642//23 732//67 641//23
f 643//23 733//67 642//23
f 644//23 734//67 643//23
f 645//23 735//67 644//23
f 646//24 736//67 645//23
f 647//27 737//69 646//25
f 648//1 739//1 647//1
f 649//1 740//1 648//1
f 650//1 741//1 649//1
f 651//1 742//1 650//1
f 652//30 743//71 651//28
f 653//32 744//73 652//31
f 654//32 745//73 653//32
f 655//32 746//73 654//32
f 656//32 747//73 655//32
f 657//32 748//73 656//32
f 658//33 749//74 657//32
f 659//903 750//903 658//903
f 660//32 751//74 659//33
f 661//32 752//73 660//32
f 662//34 753//73 661//32
f 663//35 755//82 662//34
f 664//35 756//82 663//35
f 665//36 757//82 664//35
f 666//85 758//84 665//93
f 667//1 759//1 666//1
f 668//40 760//87 667//38
f 669//35 761//89 668//41
f 670//35 762//89 669//35
f 671//35 763//89 670//35
f 672//35 764//89 671//35
f 673//35 765//89 672//35
f 674//35 766//90 673//35
f 675//35 767//82 674//35
f 676//35 768//82 675//35
f 677//42 769//82 676//35
f 678//43 771//92 677//42
f 679//44 772//92 678//43
f 680//46 773//94 679//45
f 681//1 774//1 680//1
f 682//1 775//1 681//1
f 683//1 776//1 682//1
f 684//1 777//1 683//1
f 685//1 778//1 684//1
f 686//1 779//1 685//1
f 687//1 780//1 686//1
f 688//1 781//1 687//1
f 689//1 782//1 688//1
f 690//1 783//1 689//1
f 691//1 784//1 690//1
f 692//1 785//1 691//1
f 693//1 787//1 692//1
f 694//1 788//1 693//1
f 695//1 789//1 694//1
f 696//1 790//1 695//1
f 697//96 791//95 696//56
f 698//51 792//98 697//50
f 699//51 793//99 698//51
f 700//51 794//99 699//51
f 701//51 795//99 700//51
f 702//51 796//99 701//51
f 703//52 797//99 702//51
f 704//102 798//101 703//904
f 705//1 799//1 704//1
f 706//1 800//1 705//1
f 707//1 801//1 706//1
f 708//1 803//1 707//1
f 709//1 804//1 708//1
f 710//1 805//1 709//1
f 711//1 806//1 710//1
f 712//104 807//19 711//905
f 713//60 808//106 712//59
f 714//60 809//107 713//60
f 715//60 810//107 714//60
f 716//60 811//107 715//60
f 717//60 812//107 716//60
f 718//61 813//107 717//60
f 719//110 814//109 718//68
f 720//1 815//1 719//1
f 721//1 816//1 720//1
f 632//1 817//1 721//1
f 723//1 819//1 722//1
f 724//1 820//1 723//1
f 725//1 821//1 724//1
f 726//1 822//1 725//1
f 727//1 823//1 726//1
f 728//1 824//1 727//1
f 729//1 825//1 728//1
f 730//112 826//70 729//906
f 731//67 827//114 730//67
f 732//67 828//115 731//67
f 733//67 829//115 732//67
f 734//67 830//115 733//67
f 735//67 831//115 734//67
f 736//67 832//115 735//67
f 737//118 833//117 736//907
f 738//1 834//1 737//1
f 739//1 836//1 738//1
f 740//1 837//1 739//1
f 741//1 838//1 740//1
f 742//1 839//1 741//1
f 743//71 840//113 742//70
f 744//73 841//122 743//72
f 745//73 842//122 744//73
f 746//73 843//122 745//73
f 747//73 844//122 746//73
f 748//73 845//122 747//73
f 749//74 846//123 748//73
f 750//77 847//124 749//75
f 751//80 848//125 750//78
f 752//73 849//123 751//74
f 753//73 850//122 752//73
f 754//81 851//122 753//73
f 755//82 853//128 754//81
f 756//82 854//128 755//82
f 757//82 855//128 756//82
f 758//83 856//128 757//82
f 759//86 857//129 758//84
f 760//1 858//1 759//1
f 761//88 859//908 760//87
f 762//131 860//131 761//131
f 763//131 861//131 762//131
f 764//131 862//131 763//131
f 765//131 863//131 764//131
f 766//131 864//131 765//131
f 767//82 865//135 766//90
f 768//82 866//128 767//82
f 769//82 867//128 768//82
f 770//91 868//128 769//82
f 771//92 870//137 770//91
f 772//92 871//137 771//92
f 773//140 872//139 772//909
f 774//1 873//1 773//1
f 775//1 874//1 774//1
f 776//1 875//1 775//1
f 777//1 876//1 776//1
f 778//1 877//1 777//1
f 779//1 878//1 778//1
f 780//1 879//1 779//1
f 781//1 880//1 780//1
f 782//1 881//1 781//1
f 783//1 882//1 782//1
f 784//1 883//1 783//1
f 785//1 884//1 784//1
f 786//1 885//1 785//1
f 787//1 887//1 786//1
f 788//1 888//1 787//1
f 789//1 889//1 788//1
f 790//1 890//1 789//1
f 791//1 891//1 790//1
f 792//97 892//142 791//95
f 793//99 893//144 792//98
f 794//99 894//145 793//99
f 795//99 895//145 794//99
f 796//99 896//145 795//99
f 797//99 897//145 796//99
f 798//100 898//145 797//99
f 799//103 899//147 798//101
f 800//1 900//1 799//1
f 801//1 901//1 800//1
f 802//1 902//1 801//1
f 803//1 904//1 802//1
f 804//1 905//1 803//1
f 805//1 906//1 804//1
f 806//1 907//1 805//1
f 807//1 908//1 806//1
f 808//105 909//149 807//19
f 809//107 910//151 808//106
f 810//107 911//152 809//107
f 811//107 912//152 810//107
f 812//107 913//152 811//107
f 813//107 914//152 812//107
f 814//108 915//152 813//107
f 815//111 916//154 814//109
f 816//1 917//1 815//1
f 817//1 918//1 816//1
f 722//1 919//1 817//1
f 819//1 921//1 818//1
f 820//1 922//1 819//1
f 821//1 923//1 820//1
f 822//1 924//1 821//1
f 823//1 925//1 822//1
f 824//1 926//1 823//1
f 825//1 927//1 824//1
f 826//1 928//1 825//1
f 827//113 929//120 826//70
f 828//115 930//157 827//114
f 829//115 931//158 828//115
f 830//115 932//158 829//115
f 831//115 933//158 830//115
f 832//115 934//158 831//115
f 833//116 935//158 832//115
f 834//119 936//160 833//117
f 835//1 937//1 834//1
f 836//1 939//1 835//1
f 837//1 940//1 836//1
f 838//1 941//1 837//1
f 839//1 942//1 838//1
f 840//113 943//163 839//120
f 841//122 944//164 840//121
f 842//122 945//164 841//122
f 843//122 946//164 842//122
f 844//122 947//164 843//122
f 845//122 948//164 844//122
f 846//123 949//164 845//122
f 847//124 950//166 846//117
f 848//1 951//1 847//1
f 849//126 952//167 848//125
f 850//122 953//169 849//123
f 851//122 954//169 850//122
f 852//127 955//170 851//122
f 853//128 957//172 852//127
f 854//128 958//172 853//128
f 855//128 959//172 854//128
f 856//128 960//172 855//128
f 857//128 961//172 856//128
f 858//910 962//175 857//174
f 859//1 963//1 858//1
f 860//1 964//1 859//1
f 861//1 965//1 860//1
f 862//1 966//1 861//1
f 863//1 967//1 862//1
f 864//1 968//1 863//1
f 865//134 969//176 864//132
f 866//128 970//178 865//135
f 867//128 971//172 866//128
f 868//128 972//172 867//128
f 869//136 973//172 868//128
f 870//137 975//180 869//136
f 871//137 976//180 870//137
f 872//138 977//180 871//137
f 873//141 978//181 872//139
f 874//1 979//1 873//1
f 875//1 980//1 874//1
f 876//1 981//1 875//1
f 877//1 982//1 876//1
f 878//1 983//1 877//1
f 879//1 984//1 878//1
f 880//1 985//1 879//1
f 881//1 986//1 880//1
f 882//1 987//1 881//1
f 883//1 988//1 882//1
f 884//1 989//1 883//1
f 885//1 990//1 884//1
f 886//1 991//1 885//1
f 887//1 993//1 886//1
f 888//1 994//1 887//1
f 889//1 995//1 888//1
f 890//1 996//1 889//1
f 891//1 997//1 890//1
f 892//1 998//1 891//1
f 893//143 999//182 892//142
f 894//145 1000//184 893//144
f 895//145 1001//185 894//145
f 896//145 1002//185 895//145
f 897//145 1003//185 896//145
f 898//145 1004//185 897//145
f 899//146 1005//185 898//145
f 900//148 1006//187 899//147
f 901//1 1007//1 900//1
f 902//1 1008//1 901//1
f 903//1 1009//1 902//1
f 904//1 1011//1 903//1
f 905//1 1012//1 904//1
f 906//1 1013//1 905//1
f 907//1 1014//1 906//1
f 908//1 1015//1 907//1
f 909//1 1016//1 908//1
f 910//150 1017//189 909//149
f 911//152 1018//191 910//151
f 912//152 1019//192 911//152
f 913//152 1020//192 912//152
f 914//152 1021//192 913//152
f 915//152 1022//192 914//152
f 916//153 1023//192 915//152
f 917//155 1024//194 916//154
f 918//1 1025//1 917//1
f 919//1 1026//1 918//1
f 818//1 1027//1 919//1
f 921//1 1029//1 920//1
f 922//1 1030//1 921//1
f 923//1 1031//1 922//1
f 924//1 1032//1 923//1
f 925//1 1033//1 924//1
f 926//1 1034//1 925//1
f 927//1 1035//1 926//1
f 928//1 1036//1 927//1
f 929//1 1037//1 928//1
f 930//156 1038//196 929//120
f 931//158 1039//198 930//157
f 932//158 1040//198 931//158
f 933//158 1041//198 932//158
f 934//158 1042//198 933//158
f 935//158 1043//198 934//158
f 936//159 1044//198 935//158
f 937//161 1045//199 936//160
f 938//1 1046//1 937//1
f 939//1 1048//1 938//1
f 940//1 1049//1 939//1
f 941//1 1050//1 940//1
f 942//1 1051//1 941//1
f 943//202 1052//201 942//911
f 944//164 1053//204 943//164
f 945//164 1054//205 944//164
f 946//164 1055//205 945//164
f 947//164 1056//205 946//164
f 948//164 1057//205 947//164
f 949//164 1058//205 948//164
f 950//208 1059//207 949//912
f 951//1 1060//1 950//1
f 952//1 1061//1 951//1
f 953//168 1062//911 952//167
f 954//210 1063//210 953//210
f 955//210 1064//210 954//210
f 956//171 1065//214 955//170
f 957//172 1067//216 956//171
f 958//172 1068//216 957//172
f 959//172 1069//216 958//172
f 960//172 1070//216 959//172
f 961//172 1071//216 960//172
f 962//218 1072//217 961//225
f 963//1 1073//1 962//1
f 964//1 1074//1 963//1
f 965//1 1075//1 964//1
f 966//1 1076//1 965//1
f 967//1 1077//1 966//1
f 968//1 1078//1 967//1
f 969//1 1079//1 968//1
f 970//177 1080//220 969//176
f 971//172 1081//222 970//178
f 972//172 1082//216 971//172
f 973//172 1083//216 972//172
f 974//179 1084//216 973//172
f 975//180 1086//224 974//179
f 976//180 1087//224 975//180
f 977//180 1088//224 976//180
f 978//180 1089//224 977//180
f 979//913 1090//227 978//226
f 980//1 1091//1 979//1
f 981//1 1092//1 980//1
f 982//1 1093//1 981//1
f 983//1 1094//1 982//1
f 984//1 1095//1 983//1
f 985//1 1096//1 984//1
f 986//1 1097//1 985//1
f 987//1 1098//1 986//1
f 988//1 1099//1 987//1
f 989//1 1100//1 988//1
f 990//1 1101//1 989//1
f 991//1 1102//1 990//1
f 992//1 1103//1 991//1
f 993//1 1105//1 992//1
f 994//1 1106//1 993//1
f 995//1 1107//1 994//1
f 996//1 1108//1 995//1
f 997//1 1109//1 996//1
f 998//1 1110//1 997//1
f 999//1 1111//1 998//1
f 1000//183 1112//228 999//182
f 1001//185 1113//230 1000//184
f 1002//185 1114//230 1001//185
f 1003//185 1115//230 1002//185
f 1004//185 1116//230 1003//185
f 1005//185 1117//230 1004//185
f 1006//186 1118//230 1005//185
f 1007//188 1119//231 1006//187
f 1008//1 1120//1 1007//1
f 1009//1 1121//1 1008//1
f 1010//1 1122//1 1009//1
f 1011//1 1124//1 1010//1
f 1012//1 1125//1 1011//1
f 1013//1 1126//1 1012//1
f 1014//1 1127//1 1013//1
f 1015//1 1128//1 1014//1
f 1016//1 1129//1 1015//1
f 1017//1 1130//1 1016//1
f 1018//190 1131//233 1017//189
f 1019//192 1132//235 1018//191
f 1020//192 1133//235 1019//192
f 1021//192 1134//235 1020//192
f 1022//192 1135//235 1021//192
f 1023//192 1136//235 1022//192
f 1024//193 1137//235 1023//192
f 1025//195 1138//236 1024//194
f 1026//1 1139//1 1025//1
f 1027//1 1140//1 1026//1
f 920//1 1141//1 1027//1
f 1029//1 1143//1 1028//1
f 1030//1 1144//1 1029//1
f 1031//1 1145//1 1030//1
f 1032//1 1146//1 1031//1
f 1033//1 1147//1 1032//1
f 1034//1 1148//1 1033//1
f 1035//1 1149//1 1034//1
f 1036//1 1150//1 1035//1
f 1037//1 1151//1 1036//1
f 1038//1 1152//1 1037//1
f 1039//914 1153//240 1038//239
f 1040//198 1154//242 1039//198
f 1041//198 1155//242 1040//198
f 1042//198 1156//242 1041//198
f 1043//198 1157//242 1042//198
f 1044//198 1158//242 1043//198
f 1045//198 1159//243 1044//198
f 1046//237 1160//246 1045//245
f 1047//1 1161//1 1046//1
f 1048//1 1163//1 1047//1
f 1049//1 1164//1 1048//1
f 1050//1 1165//1 1049//1
f 1051//1 1166//1 1050//1
f 1052//1 1167//1 1051//1
f 1053//203 1168//247 1052//201
f 1054//205 1169//249 1053//204
f 1055//205 1170//250 1054//205
f 1056//205 1171//250 1055//205
f 1057//205 1172//250 1056//205
f 1058//205 1173//250 1057//205
f 1059//206 1174//250 1058//205
f 1060//209 1175//252 1059//207
f 1061//1 1176//1 1060//1
f 1062//1 1177//1 1061//1
f 1063//1 1178//1 1062//1
f 1064//1 1179//1 1063//1
f 1065//213 1180//232 1064//211
f 1066//237 1181//237 1065//237
f 1067//216 1183//257 1066//215
f 1068//216 1184//257 1067//216
f 1069//216 1185//257 1068//216
f 1070//216 1186//257 1069//216
f 1071//216 1187//257 1070//216
f 1072//216 1188//257 1071//216
f 1073//915 1189//260 1072//259
f 1074//1 1190//1 1073//1
f 1075//1 1191//1 1074//1
f 1076//1 1192//1 1075//1
f 1077//1 1193//1 1076//1
f 1078//1 1194//1 1077//1
f 1079//1 1195//1 1078//1
f 1080//1 1196//1 1079//1
f 1081//221 1197//261 1080//220
f 1082//216 1198//263 1081//222
f 1083//216 1199//263 1082//216
f 1084//216 1200//264 1083//216
f 1085//223 1201//257 1084//216
f 1086//224 1203//266 1085//223
f 1087//224 1204//266 1086//224
f 1088//224 1205//266 1087//224
f 1089//224 1206//266 1088//224
f 1090//269 1207//268 1089//275
f 1091//1 1208//1 1090//1
f 1092//1 1209//1 1091//1
f 1093//1 1210//1 1092//1
f 1094//1 1211//1 1093//1
f 1095//1 1212//1 1094//1
f 1096//1 1213//1 1095//1
f 1097//1 1214//1 1096//1
f 1098//1 1215//1 1097//1
f 1099//1 1216//1 1098//1
f 1100//1 1217//1 1099//1
f 1101//1 1218//1 1100//1
f 1102//1 1219//1 1101//1
f 1103//1 1220//1 1102//1
f 1104//1 1221//1 1103//1
f 1105//1 1223//1 1104//1
f 1106//1 1224//1 1105//1
f 1107//1 1225//1 1106//1
f 1108//1 1226//1 1107//1
f 1109//1 1227//1 1108//1
f 1110//1 1228//1 1109//1
f 1111//1 1229//1 1110//1
f 1112//1 1230//1 1111//1
f 1113//916 1231//273 1112//272
f 1114//230 1232//274 1113//230
f 1115//230 1233//274 1114//230
f 1116//230 1234//274 1115//230
f 1117//230 1235//274 1116//230
f 1118//230 1236//274 1117//230
f 1119//230 1237//274 1118//230
f 1120//917 1238//277 1119//276
f 1121//1 1239//1 1120//1
f 1122//1 1240//1 1121//1
f 1123//1 1241//1 1122//1
f 1124//1 1243//1 1123//1
f 1125//1 1244//1 1124//1
f 1126//1 1245//1 1125//1
f 1127//1 1246//1 1126//1
f 1128//1 1247//1 1127//1
f 1129//1 1248//1 1128//1
f 1130//1 1249//1 1129//1
f 1131//1 1250//1 1130//1
f 1132//918 1251//280 1131//279
f 1133//235 1252//282 1132//235
f 1134//235 1253//282 1133//235
f 1135//235 1254//282 1134//235
f 1136//235 1255//282 1135//235
f 1137//235 1256//282 1136//235
f 1138//235 1257//283 1137//235
f 1139//232 1258//286 1138//285
f 1140//1 1259//1 1139//1
f 1141//1 1260//1 1140//1
f 1028//1 1261//1 1141//1
f 1143//1 1263//1 1142//1
f 1144//1 1264//1 1143//1
f 1145//1 1265//1 1144//1
f 1146//1 1266//1 1145//1
f 1147//1 1267//1 1146//1
f 1148//1 1268//1 1147//1
f 1149//1 1269//1 1148//1
f 1150//1 1270//1 1149//1
f 1151//1 1271//1 1150//1
f 1152//1 1272//1 1151//1
f 1153//240 1273//288 1152//238
f 1154//242 1274//290 1153//241
f 1155//242 1275//290 1154//242
f 1156//242 1276//290 1155//242
f 1157//242 1277//290 1156//242
f 1158//242 1278//290 1157//242
f 1159//243 1279//291 1158//242
f 1160//246 1280//293 1159//244
f 1161//1 1281//1 1160//1
f 1162//1 1282//1 1161//1
f 1163//1 1284//1 1162//1
f 1164//1 1285//1 1163//1
f 1165//1 1286//1 1164//1
f 1166//1 1287//1 1165//1
f 1167//1 1288//1 1166//1
f 1168//1 1289//1 1167//1
f 1169//248 1290//294 1168//247
f 1170//250 1291//296 1169//249
f 1171//250 1292//296 1170//250
f 1172//250 1293//296 1171//250
f 1173//250 1294//296 1172//250
f 1174//250 1295//296 1173//250
f 1175//251 1296//296 1174//250
f 1176//253 1297//297 1175//252
f 1177//1 1298//1 1176//1
f 1178//1 1299//1 1177//1
f 1179//1 1300//1 1178//1
f 1180//1 1301//1 1179//1
f 1181//1 1302//1 1180//1
f 1182//256 1303//919 1181//254
f 1183//257 1305//303 1182//257
f 1184//257 1306//303 1183//257
f 1185//257 1307//303 1184//257
f 1186//257 1308//303 1185//257
f 1187//257 1309//303 1186//257
f 1188//257 1310//303 1187//257
f 1189//305 1311//304 1188//920
f 1190//1 1312//1 1189//1
f 1191//1 1313//1 1190//1
f 1192//1 1314//1 1191//1
f 1193//1 1315//1 1192//1
f 1194//1 1316//1 1193//1
f 1195//1 1317//1 1194//1
f 1196//1 1318//1 1195//1
f 1197//1 1319//1 1196//1
f 1198//262 1320//299 1197//261
f 1199//271 1321//271 1198//271
f 1200//271 1322//271 1199//271
f 1201//257 1323//309 1200//264
f 1202//265 1324//309 1201//257
f 1203//266 1326//311 1202//265
f 1204//266 1327//311 1203//266
f 1205//266 1328//311 1204//266
f 1206//266 1329//311 1205//266
f 1207//267 1330//311 1206//266
f 1208//270 1331//313 1207//268
f 1209//1 1332//1 1208//1
f 1210//1 1333//1 1209//1
f 1211//1 1334//1 1210//1
f 1212//1 1335//1 1211//1
f 1213//1 1336//1 1212//1
f 1214//1 1337//1 1213//1
f 1215//1 1338//1 1214//1
f 1216//1 1339//1 1215//1
f 1217//1 1340//1 1216//1
f 1218//1 1341//1 1217//1
f 1219//1 1342//1 1218//1
f 1220//1 1343//1 1219//1
f 1221//1 1344//1 1220//1
f 1222//1 1345//1 1221//1
f 1223//1 1347//1 1222//1
f 1224//1 1348//1 1223//1
f 1225//1 1349//1 1224//1
f 1226//1 1350//1 1225//1
f 1227//1 1351//1 1226//1
f 1228//1 1352//1 1227//1
f 1229//1 1353//1 1228//1
f 1230//1 1354//1 1229//1
f 1231//315 1355//278 1230//921
f 1232//274 1356//317 1231//274
f 1233//274 1357//318 1232//274
f 1234//274 1358//318 1233//274
f 1235//274 1359//318 1234//274
f 1236//274 1360//318 1235//274
f 1237//274 1361//318 1236//274
f 1238//321 1362//320 1237//922
f 1239//1 1363//1 1238//1
f 1240//1 1364//1 1239//1
f 1241//1 1365//1 1240//1
f 1242//1 1366//1 1241//1
f 1243//1 1368//1 1242//1
f 1244//1 1369//1 1243//1
f 1245//1 1370//1 1244//1
f 1246//1 1371//1 1245//1
f 1247//1 1372//1 1246//1
f 1248//1 1373//1 1247//1
f 1249//1 1374//1 1248//1
f 1250//1 1375//1 1249//1
f 1251//280 1376//316 1250//278
f 1252//282 1377//325 1251//281
f 1253//282 1378//325 1252//282
f 1254//282 1379//325 1253//282
f 1255//282 1380//325 1254//282
f 1256//282 1381//325 1255//282
f 1257//283 1382//326 1256//282
f 1258//286 1383//327 1257//284
f 1259//1 1384//1 1258//1
f 1260//1 1385//1 1259//1
f 1261//1 1386//1 1260//1
f 1142//1 1387//1 1261//1
f 1263//1 1389//1 1262//1
f 1264//1 1390//1 1263//1
f 1265//1 1391//1 1264//1
f 1266//1 1392//1 1265//1
f 1267//1 1393//1 1266//1
f 1268//1 1394//1 1267//1
f 1269//1 1395//1 1268//1
f 1270//1 1396//1 1269//1
f 1271//1 1397//1 1270//1
f 1272//1 1398//1 1271//1
f 1273//288 1399//329 1272//287
f 1274//290 1400//330 1273//289
f 1275//290 1401//330 1274//290
f 1276//290 1402//330 1275//290
f 1277//290 1403//330 1276//290
f 1278//290 1404//330 1277//290
f 1279//291 1405//330 1278//290
f 1280//293 1406//332 1279//292
f 1281//1 1407//1 1280//1
f 1282//1 1408//1 1281//1
f 1283//1 1409//1 1282//1
f 1284//1 1411//1 1283//1
f 1285//1 1412//1 1284//1
f 1286//1 1413//1 1285//1
f 1287//1 1414//1 1286//1
f 1288//1 1415//1 1287//1
f 1289//1 1416//1 1288//1
f 1290//1 1417//1 1289//1
f 1291//923 1418//335 1290//334
f 1292//296 1419//337 1291//296
f 1293//296 1420//337 1292//296
f 1294//296 1421//337 1293//296
f 1295//296 1422//337 1294//296
f 1296//296 1423//337 1295//296
f 1297//296 1424//338 1296//296
f 1298//351 1425//341 1297//340
f 1299//1 1426//1 1298//1
f 1300//1 1427//1 1299//1
f 1301//1 1428//1 1300//1
f 1302//1 1429//1 1301//1
f 1303//1 1430//1 1302//1
f 1304//1 1431//1 1303//1
f 1305//924 1433//344 1304//343
f 1306//303 1434//346 1305//303
f 1307//303 1435//346 1306//303
f 1308//303 1436//346 1307//303
f 1309//303 1437//346 1308//303
f 1310//303 1438//346 1309//303
f 1311//303 1439//347 1310//303
f 1312//298 1440//350 1311//349
f 1313//1 1441//1 1312//1
f 1314//1 1442//1 1313//1
f 1315//1 1443//1 1314//1
f 1316//1 1444//1 1315//1
f 1317//1 1445//1 1316//1
f 1318//1 1446//1 1317//1
f 1319//1 1447//1 1318//1
f 1320//1 1448//1 1319//1
f 1321//1 1449//1 1320//1
f 1322//1 1450//1 1321//1
f 1323//308 1451//925 1322//307
f 1324//351 1452//351 1323//351
f 1325//352 1453//351 1324//351
f 1326//311 1455//355 1325//310
f 1327//311 1456//356 1326//311
f 1328//311 1457//356 1327//311
f 1329//311 1458//356 1328//311
f 1330//311 1459//356 1329//311
f 1331//312 1460//356 1330//311
f 1332//314 1461//358 1331//313
f 1333//1 1462//1 1332//1
f 1334//1 1463//1 1333//1
f 1335//1 1464//1 1334//1
f 1336//1 1465//1 1335//1
f 1337//1 1466//1 1336//1
f 1338//1 1467//1 1337//1
f 1339//1 1468//1 1338//1
f 1340//1 1469//1 1339//1
f 1341//1 1470//1 1340//1
f 1342//1 1471//1 1341//1
f 1343//1 1472//1 1342//1
f 1344//1 1473//1 1343//1
f 1345//1 1474//1 1344//1
f 1346//1 1475//1 1345//1
f 1347//1 1477//1 1346//1
f 1348//1 1478//1 1347//1
f 1349//1 1479//1 1348//1
f 1350//1 1480//1 1349//1
f 1351//1 1481//1 1350//1
f 1352//1 1482//1 1351//1
f 1353//1 1483//1 1352//1
f 1354//1 1484//1 1353//1
f 1355//1 1485//1 1354//1
f 1356//316 1486//360 1355//278
f 1357//318 1487//362 1356//317
f 1358//318 1488//362 1357//318
f 1359//318 1489//362 1358//318
f 1360//318 1490//362 1359//318
f 1361//318 1491//362 1360//318
f 1362//319 1492//362 1361//318
f 1363//322 1493//363 1362//320
f 1364//1 1494//1 1363//1
f 1365//1 1495//1 1364//1
f 1366//1 1496//1 1365//1
f 1367//1 1497//1 1366//1
f 1368//1 1499//1 1367//1
f 1369//1 1500//1 1368//1
f 1370//1 1501//1 1369//1
f 1371//1 1502//1 1370//1
f 1372//1 1503//1 1371//1
f 1373//1 1504//1 1372//1
f 1374//1 1505//1 1373//1
f 1375//1 1506//1 1374//1
f 1376//316 1507//366 1375//323
f 1377//325 1508//367 1376//324
f 1378//325 1509//367 1377//325
f 1379//325 1510//367 1378//325
f 1380//325 1511//367 1379//325
f 1381//325 1512//367 1380//325
f 1382//326 1513//367 1381//325
f 1383//327 1514//369 1382//320
f 1384//1 1515//1 1383//1
f 1385//1 1516//1 1384//1
f 1386//1 1517//1 1385//1
f 1387//1 1518//1 1386//1
f 1262//1 1519//1 1387//1
f 1389//1 1521//1 1388//1
f 1390//1 1522//1 1389//1
f 1391//1 1523//1 1390//1
f 1392//1 1524//1 1391//1
f 1393//1 1525//1 1392//1
f 1394//1 1526//1 1393//1
f 1395//1 1527//1 1394//1
f 1396//1 1528//1 1395//1
f 1397//1 1529//1 1396//1
f 1398//1 1530//1 1397//1
f 1399//370 1531//333 1398//926
f 1400//330 1532//372 1399//330
f 1401//330 1533//373 1400//330
f 1402//330 1534//373 1401//330
f 1403//330 1535//373 1402//330
f 1404//330 1536//373 1403//330
f 1405//330 1537//373 1404//330
f 1406//376 1538//375 1405//927
f 1407//1 1539//1 1406//1
f 1408//1 1540//1 1407//1
f 1409//1 1541//1 1408//1
f 1410//1 1542//1 1409//1
f 1411//1 1544//1 1410//1
f 1412//1 1545//1 1411//1
f 1413//1 1546//1 1412//1
f 1414//1 1547//1 1413//1
f 1415//1 1548//1 1414//1
f 1416//1 1549//1 1415//1
f 1417//1 1550//1 1416//1
f 1418//335 1551//371 1417//333
f 1419//337 1552//380 1418//336
f 1420//337 1553//380 1419//337
f 1421//337 1554//380 1420//337
f 1422//337 1555//380 1421//337
f 1423//337 1556//380 1422//337
f 1424//338 1557//381 1423//337
f 1425//341 1558//382 1424//339
f 1426//1 1559//1 1425//1
f 1427//1 1560//1 1426//1
f 1428//1 1561//1 1427//1
f 1429//1 1562//1 1428//1
f 1430//1 1563//1 1429//1
f 1431//1 1564//1 1430//1
f 1432//1 1565//1 1431//1
f 1433//344 1567//384 1432//342
f 1434//346 1568//386 1433//345
f 1435//346 1569//386 1434//346
f 1436//346 1570//386 1435//346
f 1437//346 1571//386 1436//346
f 1438//346 1572//386 1437//346
f 1439//347 1573//387 1438//346
f 1440//350 1574//389 1439//348
f 1441//1 1575//1 1440//1
f 1442//1 1576//1 1441//1
f 1443//1 1577//1 1442//1
f 1444//1 1578//1 1443//1
f 1445//1 1579//1 1444//1
f 1446//1 1580//1 1445//1
f 1447//1 1581//1 1446//1
f 1448//1 1582//1 1447//1
f 1449//1 1583//1 1448//1
f 1450//1 1584//1 1449//1
f 1451//1 1585//1 1450//1
f 1452//1 1586//1 1451//1
f 1453//1 1587//1 1452//1
f 1454//1 1588//1 1453//1
f 1455//354 1590//390 1454//353
f 1456//356 1591//392 1455//355
f 1457//356 1592//393 1456//356
f 1458//356 1593//393 1457//356
f 1459//356 1594//393 1458//356
f 1460//356 1595//393 1459//356
f 1461//357 1596//393 1460//356
f 1462//359 1597//395 1461//358
f 1463//1 1598//1 1462//1
f 1464//1 1599//1 1463//1
f 1465//1 1600//1 1464//1
f 1466//1 1601//1 1465//1
f 1467//1 1602//1 1466//1
f 1468//1 1603//1 1467//1
f 1469//1 1604//1 1468//1
f 1470//1 1605//1 1469//1
f 1471//1 1606//1 1470//1
f 1472//1 1607//1 1471//1
f 1473//1 1608//1 1472//1
f 1474//1 1609//1 1473//1
f 1475//1 1610//1 1474//1
f 1476//1 1611//1 1475//1
f 1477//1 1613//1 1476//1
f 1478//1 1614//1 1477//1
f 1479//1 1615//1 1478//1
f 1480//1 1616//1 1479//1
f 1481//1 1617//1 1480//1
f 1482//1 1618//1 1481//1
f 1483//1 1619//1 1482//1
f 1484//1 1620//1 1483//1
f 1485//1 1621//1 1484//1
f 1486//1 1622//1 1485//1
f 1487//928 1623//399 1486//398
f 1488//362 1624//400 1487//362
f 1489//362 1625//400 1488//362
f 1490//362 1626//400 1489//362
f 1491//362 1627//400 1490//362
f 1492//362 1628//400 1491//362
f 1493//362 1629//400 1492//362
f 1494//926 1630//403 1493//402
f 1495//1 1631//1 1494//1
f 1496//1 1632//1 1495//1
f 1497//1 1633//1 1496//1
f 1498//1 1634//1 1497//1
f 1499//1 1636//1 1498//1
f 1500//1 1637//1 1499//1
f 1501//1 1638//1 1500//1
f 1502//1 1639//1 1501//1
f 1503//1 1640//1 1502//1
f 1504//1 1641//1 1503//1
f 1505//1 1642//1 1504//1
f 1506//1 1643//1 1505//1
f 1507//405 1644//404 1506//328
f 1508//367 1645//407 1507//367
f 1509//367 1646//408 1508//367
f 1510//367 1647//408 1509//367
f 1511//367 1648//408 1510//367
f 1512//367 1649//408 1511//367
f 1513//367 1650//408 1512//367
f 1514//411 1651//410 1513//929
f 1515//1 1652//1 1514//1
f 1516//1 1653//1 1515//1
f 1517//1 1654//1 1516//1
f 1518//1 1655//1 1517//1
f 1519//1 1656//1 1518//1
f 1388//1 1657//1 1519//1
f 1521//1 1659//1 1520//1
f 1522//1 1660//1 1521//1
f 1523//1 1661//1 1522//1
f 1524//1 1662//1 1523//1
f 1525//1 1663//1 1524//1
f 1526//1 1664//1 1525//1
f 1527//1 1665//1 1526//1
f 1528//1 1666//1 1527//1
f 1529//1 1667//1 1528//1
f 1530//1 1668//1 1529//1
f 1531//1 1669//1 1530//1
f 1532//371 1670//413 1531//333
f 1533//373 1671//415 1532//372
f 1534//373 1672//415 1533//373
f 1535//373 1673//415 1534//373
f 1536//373 1674//415 1535//373
f 1537//373 1675//415 1536//373
f 1538//374 1676//415 1537//373
f 1539//377 1677//416 1538//375
f 1540//1 1678//1 1539//1
f 1541//1 1679//1 1540//1
f 1542//1 1680//1 1541//1
f 1543//1 1681//1 1542//1
f 1544//1 1683//1 1543//1
f 1545//1 1684//1 1544//1
f 1546//1 1685//1 1545//1
f 1547//1 1686//1 1546//1
f 1548//1 1687//1 1547//1
f 1549//1 1688//1 1548//1
f 1550//1 1689//1 1549//1
f 1551//371 1690//419 1550//378
f 1552//380 1691//420 1551//379
f 1553//380 1692//420 1552//380
f 1554//380 1693//420 1553//380
f 1555//380 1694//420 1554//380
f 1556//380 1695//420 1555//380
f 1557//381 1696//420 1556//380
f 1558//382 1697//422 1557//375
f 1559//1 1698//1 1558//1
f 1560//1 1699//1 1559//1
f 1561//1 1700//1 1560//1
f 1562//1 1701//1 1561//1
f 1563//1 1702//1 1562//1
f 1564//1 1703//1 1563//1
f 1565//1 1704//1 1564//1
f 1566//1 1705//1 1565//1
f 1567//384 1707//424 1566//383
f 1568//386 1708//425 1567//385
f 1569//386 1709//425 1568//386
f 1570//386 1710//425 1569//386
f 1571//386 1711//425 1570//386
f 1572//386 1712//425 1571//386
f 1573//387 1713//425 1572//386
f 1574//389 1714//427 1573//388
f 1575//1 1715//1 1574//1
f 1576//1 1716//1 1575//1
f 1577//1 1717//1 1576//1
f 1578//1 1718//1 1577//1
f 1579//1 1719//1 1578//1
f 1580//1 1720//1 1579//1
f 1581//1 1721//1 1580//1
f 1582//1 1722//1 1581//1
f 1583//1 1723//1 1582//1
f 1584//1 1724//1 1583//1
f 1585//1 1725//1 1584//1
f 1586//1 1726//1 1585//1
f 1587//1 1727//1 1586//1
f 1588//1 1728//1 1587//1
f 1589//1 1729//1 1588//1
f 1590//1 1731//1 1589//1
f 1591//391 1732//428 1590//390
f 1592//393 1733//430 1591//392
f 1593//393 1734//431 1592//393
f 1594//393 1735//431 1593//393
f 1595//393 1736//431 1594//393
f 1596//393 1737//431 1595//393
f 1597//394 1738//431 1596//393
f 1598//396 1739//433 1597//395
f 1599//1 1740//1 1598//1
f 1600//1 1741//1 1599//1
f 1601//1 1742//1 1600//1
f 1602//1 1743//1 1601//1
f 1603//1 1744//1 1602//1
f 1604//1 1745//1 1603//1
f 1605//1 1746//1 1604//1
f 1606//1 1747//1 1605//1
f 1607//1 1748//1 1606//1
f 1608//1 1749//1 1607//1
f 1609//1 1750//1 1608//1
f 1610//1 1751//1 1609//1
f 1611//1 1752//1 1610//1
f 1612//1 1753//1 1611//1
f 1613//1 1755//1 1612//1
f 1614//1 1756//1 1613//1
f 1615//1 1757//1 1614//1
f 1616//1 1758//1 1615//1
f 1617//1 1759//1 1616//1
f 1618//1 1760//1 1617//1
f 1619//1 1761//1 1618//1
f 1620//1 1762//1 1619//1
f 1621//1 1763//1 1620//1
f 1622//1 1764//1 1621//1
f 1623//436 1765//435 1622//930
f 1624//400 1766//438 1623//400
f 1625//400 1767//438 1624//400
f 1626//400 1768//438 1625//400
f 1627//400 1769//438 1626//400
f 1628//400 1770//438 1627//400
f 1629//400 1771//438 1628//400
f 1630//440 1772//439 1629//931
f 1631//1 1773//1 1630//1
f 1632//1 1774//1 1631//1
f 1633//1 1775//1 1632//1
f 1634//1 1776//1 1633//1
f 1635//1 1777//1 1634//1
f 1636//1 1779//1 1635//1
f 1637//1 1780//1 1636//1
f 1638//1 1781//1 1637//1
f 1639//1 1782//1 1638//1
f 1640//1 1783//1 1639//1
f 1641//1 1784//1 1640//1
f 1642//1 1785//1 1641//1
f 1643//1 1786//1 1642//1
f 1644//1 1787//1 1643//1
f 1645//406 1788//441 1644//404
f 1646//408 1789//443 1645//407
f 1647//408 1790//443 1646//408
f 1648//408 1791//443 1647//408
f 1649//408 1792//443 1648//408
f 1650//408 1793//443 1649//408
f 1651//409 1794//443 1650//408
f 1652//412 1795//444 1651//410
f 1653//1 1796//1 1652//1
f 1654//1 1797//1 1653//1
f 1655//1 1798//1 1654//1
f 1656//1 1799//1 1655//1
f 1657//1 1800//1 1656//1
f 1520//1 1801//1 1657//1
f 1659//1 1803//1 1658//1
f 1660//1 1804//1 1659//1
f 1661//1 1805//1 1660//1
f 1662//1 1806//1 1661//1
f 1663//1 1807//1 1662//1
f 1664//1 1808//1 1663//1
f 1665//1 1809//1 1664//1
f 1666//1 1810//1 1665//1
f 1667//1 1811//1 1666//1
f 1668//1 1812//1 1667//1
f 1669//1 1813//1 1668//1
f 1670//1 1814//1 1669//1
f 1671//932 1815//448 1670//447
f 1672//415 1816//450 1671//415
f 1673//415 1817//450 1672//415
f 1674//415 1818//450 1673//415
f 1675//415 1819//450 1674//415
f 1676//415 1820//450 1675//415
f 1677//415 1821//451 1676//415
f 1678//445 1822//454 1677//453
f 1679//1 1823//1 1678//1
f 1680//1 1824//1 1679//1
f 1681//1 1825//1 1680//1
f 1682//1 1826//1 1681//1
f 1683//1 1828//1 1682//1
f 1684//1 1829//1 1683//1
f 1685//1 1830//1 1684//1
f 1686//1 1831//1 1685//1
f 1687//1 1832//1 1686//1
f 1688//1 1833//1 1687//1
f 1689//1 1834//1 1688//1
f 1690//456 1835//455 1689//423
f 1691//420 1836//458 1690//420
f 1692//420 1837//459 1691//420
f 1693//420 1838//459 1692//420
f 1694//420 1839//459 1693//420
f 1695//420 1840//459 1694//420
f 1696//420 1841//459 1695//420
f 1697//462 1842//461 1696//933
f 1698//1 1843//1 1697//1
f 1699//1 1844//1 1698//1
f 1700//1 1845//1 1699//1
f 1701//1 1846//1 1700//1
f 1702//1 1847//1 1701//1
f 1703//1 1848//1 1702//1
f 1704//1 1849//1 1703//1
f 1705//1 1850//1 1704//1
f 1706//1 1851//1 1705//1
f 1707//465 1853//464 1706//445
f 1708//425 1854//467 1707//425
f 1709//425 1855//468 1708//425
f 1710//425 1856//468 1709//425
f 1711//425 1857//468 1710//425
f 1712//425 1858//468 1711//425
f 1713//425 1859//468 1712//425
f 1714//471 1860//470 1713//934
f 1715//1 1861//1 1714//1
f 1716//1 1862//1 1715//1
f 1717//1 1863//1 1716//1
f 1718//1 1864//1 1717//1
f 1719//1 1865//1 1718//1
f 1720//1 1866//1 1719//1
f 1721//1 1867//1 1720//1
f 1722//1 1868//1 1721//1
f 1723//1 1869//1 1722//1
f 1724//1 1870//1 1723//1
f 1725//1 1871//1 1724//1
f 1726//1 1872//1 1725//1
f 1727//1 1873//1 1726//1
f 1728//1 1874//1 1727//1
f 1729//1 1875//1 1728//1
f 1730//1 1876//1 1729//1
f 1731//1 1878//1 1730//1
f 1732//1 1879//1 1731//1
f 1733//429 1880//473 1732//428
f 1734//431 1881//475 1733//430
f 1735//431 1882//476 1734//431
f 1736//431 1883//476 1735//431
f 1737//431 1884//476 1736//431
f 1738//431 1885//476 1737//431
f 1739//432 1886//476 1738//431
f 1740//434 1887//478 1739//433
f 1741//1 1888//1 1740//1
f 1742//1 1889//1 1741//1
f 1743//1 1890//1 1742//1
f 1744//1 1891//1 1743//1
f 1745//1 1892//1 1744//1
f 1746//1 1893//1 1745//1
f 1747//1 1894//1 1746//1
f 1748//1 1895//1 1747//1
f 1749//1 1896//1 1748//1
f 1750//1 1897//1 1749//1
f 1751//1 1898//1 1750//1
f 1752//1 1899//1 1751//1
f 1753//1 1900//1 1752//1
f 1754//1 1901//1 1753//1
f 1755//1 1903//1 1754//1
f 1756//1 1904//1 1755//1
f 1757//1 1905//1 1756//1
f 1758//1 1906//1 1757//1
f 1759//1 1907//1 1758//1
f 1760//1 1908//1 1759//1
f 1761//1 1909//1 1760//1
f 1762//1 1910//1 1761//1
f 1763//1 1911//1 1762//1
f 1764//1 1912//1 1763//1
f 1765//1 1913//1 1764//1
f 1766//935 1914//474 1765//481
f 1767//438 1915//483 1766//438
f 1768//438 1916//483 1767//438
f 1769//438 1917//483 1768//438
f 1770//438 1918//483 1769//438
f 1771//438 1919//483 1770//438
f 1772//438 1920//484 1771//438
f 1773//418 1921//434 1772//485
f 1774//1 1922//1 1773//1
f 1775//1 1923//1 1774//1
f 1776//1 1924//1 1775//1
f 1777//1 1925//1 1776//1
f 1778//1 1926//1 1777//1
f 1779//1 1928//1 1778//1
f 1780//1 1929//1 1779//1
f 1781//1 1930//1 1780//1
f 1782//1 1931//1 1781//1
f 1783//1 1932//1 1782//1
f 1784//1 1933//1 1783//1
f 1785//1 1934//1 1784//1
f 1786//1 1935//1 1785//1
f 1787//1 1936//1 1786//1
f 1788//1 1937//1 1787//1
f 1789//936 1938//488 1788//487
f 1790//443 1939//490 1789//443
f 1791//443 1940//490 1790//443
f 1792//443 1941//490 1791//443
f 1793//443 1942//490 1792//443
f 1794//443 1943//490 1793//443
f 1795//443 1944//491 1794//443
f 1796//423 1945//494 1795//493
f 1797//1 1946//1 1796//1
f 1798//1 1947//1 1797//1
f 1799//1 1948//1 1798//1
f 1800//1 1949//1 1799//1
f 1801//1 1950//1 1800//1
f 1658//1 1951//1 1801//1
f 1803//1 1953//1 1802//1
f 1804//1 1954//1 1803//1
f 1805//1 1955//1 1804//1
f 1806//1 1956//1 1805//1
f 1807//1 1957//1 1806//1
f 1808//1 1958//1 1807//1
f 1809//1 1959//1 1808//1
f 1810//1 1960//1 1809//1
f 1811//1 1961//1 1810//1
f 1812//1 1962//1 1811//1
f 1813//1 1963//1 1812//1
f 1814//1 1964//1 1813//1
f 1815//448 1965//496 1814//446
f 1816//450 1966//498 1815//449
f 1817//450 1967//498 1816//450
f 1818//450 1968//498 1817//450
f 1819//450 1969//498 1818//450
f 1820//450 1970//498 1819//450
f 1821//451 1971//499 1820//450
f 1822//454 1972//501 1821//452
f 1823//1 1973//1 1822//1
f 1824//1 1974//1 1823//1
f 1825//1 1975//1 1824//1
f 1826//1 1976//1 1825//1
f 1827//1 1977//1 1826//1
f 1828//1 1979//1 1827//1
f 1829//1 1980//1 1828//1
f 1830//1 1981//1 1829//1
f 1831//1 1982//1 1830//1
f 1832//1 1983//1 1831//1
f 1833//1 1984//1 1832//1
f 1834//1 1985//1 1833//1
f 1835//1 1986//1 1834//1
f 1836//457 1987//502 1835//455
f 1837//459 1988//504 1836//458
f 1838//459 1989//505 1837//459
f 1839//459 1990//505 1838//459
f 1840//459 1991//505 1839//459
f 1841//459 1992//505 1840//459
f 1842//460 1993//505 1841//459
f 1843//463 1994//507 1842//461
f 1844//1 1995//1 1843//1
f 1845//1 1996//1 1844//1
f 1846//1 1997//1 1845//1
f 1847//1 1998//1 1846//1
f 1848//1 1999//1 1847//1
f 1849//1 2000//1 1848//1
f 1850//1 2001//1 1849//1
f 1851//1 2002//1 1850//1
f 1852//1 2003//1 1851//1
f 1853//1 2005//1 1852//1
f 1854//466 2006//509 1853//464
f 1855//468 2007//511 1854//467
f 1856//468 2008//512 1855//468
f 1857//468 2009//512 1856//468
f 1858//468 2010//512 1857//468
f 1859//468 2011//512 1858//468
f 1860//469 2012//512 1859//468
f 1861//472 2013//514 1860//470
f 1862//1 2014//1 1861//1
f 1863//1 2015//1 1862//1
f 1864//1 2016//1 1863//1
f 1865//1 2017//1 1864//1
f 1866//1 2018//1 1865//1
f 1867//1 2019//1 1866//1
f 1868//1 2020//1 1867//1
f 1869//1 2021//1 1868//1
f 1870//1 2022//1 1869//1
f 1871//1 2023//1 1870//1
f 1872//1 2024//1 1871//1
f 1873//1 2025//1 1872//1
f 1874//1 2026//1 1873//1
f 1875//1 2027//1 1874//1
f 1876//1 2028//1 1875//1
f 1877//1 2029//1 1876//1
f 1878//1 2031//1 1877//1
f 1879//1 2032//1 1878//1
f 1880//1 2033//1 1879//1
f 1881//474 2034//480 1880//473
f 1882//476 2035//517 1881//475
f 1883//476 2036//518 1882//476
f 1884//476 2037//518 1883//476
f 1885//476 2038//518 1884//476
f 1886//476 2039//518 1885//476
f 1887//477 2040//518 1886//476
f 1888//479 2041//520 1887//478
f 1889//1 2042//1 1888//1
f 1890//1 2043//1 1889//1
f 1891//1 2044//1 1890//1
f 1892//1 2045//1 1891//1
f 1893//1 2046//1 1892//1
f 1894//1 2047//1 1893//1
f 1895//1 2048//1 1894//1
f 1896//1 2049//1 1895//1
f 1897//1 2050//1 1896//1
f 1898//1 2051//1 1897//1
f 1899//1 2052//1 1898//1
f 1900//1 2053//1 1899//1
f 1901//1 2054//1 1900//1
f 1902//1 2055//1 1901//1
f 1903//1 2057//1 1902//1
f 1904//1 2058//1 1903//1
f 1905//1 2059//1 1904//1
f 1906//1 2060//1 1905//1
f 1907//1 2061//1 1906//1
f 1908//1 2062//1 1907//1
f 1909//1 2063//1 1908//1
f 1910//1 2064//1 1909//1
f 1911//1 2065//1 1910//1
f 1912//1 2066//1 1911//1
f 1913//1 2067//1 1912//1
f 1914//474 2068//523 1913//480
f 1915//483 2069//524 1914//482
f 1916//483 2070//524 1915//483
f 1917//483 2071//524 1916//483
f 1918//483 2072//524 1917//483
f 1919//483 2073//524 1918//483
f 1920//484 2074//524 1919//483
f 1921//434 2075//526 1920//478
f 1922//1 2076//1 1921//1
f 1923//1 2077//1 1922//1
f 1924//1 2078//1 1923//1
f 1925//1 2079//1 1924//1
f 1926//1 2080//1 1925//1
f 1927//1 2081//1 1926//1
f 1928//1 2083//1 1927//1
f 1929//1 2084//1 1928//1
f 1930//1 2085//1 1929//1
f 1931//1 2086//1 1930//1
f 1932//1 2087//1 1931//1
f 1933//1 2088//1 1932//1
f 1934//1 2089//1 1933//1
f 1935//1 2090//1 1934//1
f 1936//1 2091//1 1935//1
f 1937//1 2092//1 1936//1
f 1938//488 2093//528 1937//486
f 1939//490 2094//529 1938//489
f 1940//490 2095//529 1939//490
f 1941//490 2096//529 1940//490
f 1942//490 2097//529 1941//490
f 1943//490 2098//529 1942//490
f 1944//491 2099//529 1943//490
f 1945//494 2100//531 1944//492
f 1946//1 2101//1 1945//1
f 1947//1 2102//1 1946//1
f 1948//1 2103//1 1947//1
f 1949//1 2104//1 1948//1
f 1950//1 2105//1 1949//1
f 1951//1 2106//1 1950//1
f 1802//1 2107//1 1951//1
f 1953//1 2109//1 1952//1
f 1954//1 2110//1 1953//1
f 1955//1 2111//1 1954//1
f 1956//1 2112//1 1955//1
f 1957//1 2113//1 1956//1
f 1958//1 2114//1 1957//1
f 1959//1 2115//1 1958//1
f 1960//1 2116//1 1959//1
f 1961//1 2117//1 1960//1
f 1962//1 2118//1 1961//1
f 1963//1 2119//1 1962//1
f 1964//1 2120//1 1963//1
f 1965//496 2121//533 1964//495
f 1966//498 2122//534 1965//497
f 1967//498 2123//534 1966//498
f 1968//498 2124//534 1967//498
f 1969//498 2125//534 1968//498
f 1970//498 2126//534 1969//498
f 1971//499 2127//534 1970//498
f 1972//501 2128//536 1971//500
f 1973//1 2129//1 1972//1
f 1974//1 2130//1 1973//1
f 1975//1 2131//1 1974//1
f 1976//1 2132//1 1975//1
f 1977//1 2133//1 1976//1
f 1978//1 2134//1 1977//1
f 1979//1 2136//1 1978//1
f 1980//1 2137//1 1979//1
f 1981//1 2138//1 1980//1
f 1982//1 2139//1 1981//1
f 1983//1 2140//1 1982//1
f 1984//1 2141//1 1983//1
f 1985//1 2142//1 1984//1
f 1986//1 2143//1 1985//1
f 1987//1 2144//1 1986//1
f 1988//503 2145//537 1987//502
f 1989//505 2146//539 1988//504
f 1990//505 2147//540 1989//505
f 1991//505 2148//540 1990//505
f 1992//505 2149//540 1991//505
f 1993//505 2150//540 1992//505
f 1994//506 2151//540 1993//505
f 1995//508 2152//542 1994//507
f 1996//1 2153//1 1995//1
f 1997//1 2154//1 1996//1
f 1998//1 2155//1 1997//1
f 1999//1 2156//1 1998//1
f 2000//1 2157//1 1999//1
f 2001//1 2158//1 2000//1
f 2002//1 2159//1 2001//1
f 2003//1 2160//1 2002//1
f 2004//1 2161//1 2003//1
f 2005//1 2163//1 2004//1
f 2006//1 2164//1 2005//1
f 2007//510 2165//544 2006//509
f 2008//512 2166//546 2007//511
f 2009//512 2167//547 2008//512
f 2010//512 2168//547 2009//512
f 2011//512 2169//547 2010//512
f 2012//512 2170//547 2011//512
f 2013//513 2171//547 2012//512
f 2014//515 2172//549 2013//514
f 2015//1 2173//1 2014//1
f 2016//1 2174//1 2015//1
f 2017//1 2175//1 2016//1
f 2018//1 2176//1 2017//1
f 2019//1 2177//1 2018//1
f 2020//1 2178//1 2019//1
f 2021//1 2179//1 2020//1
f 2022//1 2180//1 2021//1
f 2023//1 2181//1 2022//1
f 2024//1 2182//1 2023//1
f 2025//1 2183//1 2024//1
f 2026//1 2184//1 2025//1
f 2027//1 2185//1 2026//1
f 2028//1 2186//1 2027//1
f 2029//1 2187//1 2028//1
f 2030//1 2188//1 2029//1
f 2031//1 2190//1 2030//1
f 2032//1 2191//1 2031//1
f 2033//1 2192//1 2032//1
f 2034//1 2193//1 2033//1
f 2035//516 2194//551 2034//480
f 2036//518 2195//553 2035//517
f 2037//518 2196//554 2036//518
f 2038//518 2197//554 2037//518
f 2039//518 2198//554 2038//518
f 2040//518 2199//554 2039//518
f 2041//519 2200//554 2040//518
f 2042//521 2201//556 2041//520
f 2043//1 2202//1 2042//1
f 2044//1 2203//1 2043//1
f 2045//1 2204//1 2044//1
f 2046//1 2205//1 2045//1
f 2047//1 2206//1 2046//1
f 2048//1 2207//1 2047//1
f 2049//1 2208//1 2048//1
f 2050//1 2209//1 2049//1
f 2051//1 2210//1 2050//1
f 2052//1 2211//1 2051//1
f 2053//1 2212//1 2052//1
f 2054//1 2213//1 2053//1
f 2055//1 2214//1 2054//1
f 2056//1 2215//1 2055//1
f 2057//1 2217//1 2056//1
f 2058//1 2218//1 2057//1
f 2059//1 2219//1 2058//1
f 2060//1 2220//1 2059//1
f 2061//1 2221//1 2060//1
f 2062//1 2222//1 2061//1
f 2063//1 2223//1 2062//1
f 2064//1 2224//1 2063//1
f 2065//1 2225//1 2064//1
f 2066//1 2226//1 2065//1
f 2067//1 2227//1 2066//1
f 2068//559 2228//558 2067//527
f 2069//524 2229//561 2068//524
f 2070//524 2230//562 2069//524
f 2071//524 2231//562 2070//524
f 2072//524 2232//562 2071//524
f 2073//524 2233//562 2072//524
f 2074//524 2234//562 2073//524
f 2075//565 2235//564 2074//937
f 2076//1 2236//1 2075//1
f 2077//1 2237//1 2076//1
f 2078//1 2238//1 2077//1
f 2079//1 2239//1 2078//1
f 2080//1 2240//1 2079//1
f 2081//1 2241//1 2080//1
f 2082//1 2242//1 2081//1
f 2083//1 2244//1 2082//1
f 2084//1 2245//1 2083//1
f 2085//1 2246//1 2084//1
f 2086//1 2247//1 2085//1
f 2087//1 2248//1 2086//1
f 2088//1 2249//1 2087//1
f 2089//1 2250//1 2088//1
f 2090//1 2251//1 2089//1
f 2091//1 2252//1 2090//1
f 2092//1 2253//1 2091//1
f 2093//568 2254//567 2092//938
f 2094//529 2255//570 2093//529
f 2095//529 2256//570 2094//529
f 2096//529 2257//570 2095//529
f 2097//529 2258//570 2096//529
f 2098//529 2259//570 2097//529
f 2099//529 2260//570 2098//529
f 2100//572 2261//571 2099//535
f 2101//1 2262//1 2100//1
f 2102//1 2263//1 2101//1
f 2103//1 2264//1 2102//1
f 2104//1 2265//1 2103//1
f 2105//1 2266//1 2104//1
f 2106//1 2267//1 2105//1
f 2107//1 2268//1 2106//1
f 1952//1 2269//1 2107//1
f 2109//1 2271//1 2108//1
f 2110//1 2272//1 2109//1
f 2111//1 2273//1 2110//1
f 2112//1 2274//1 2111//1
f 2113//1 2275//1 2112//1
f 2114//1 2276//1 2113//1
f 2115//1 2277//1 2114//1
f 2116//1 2278//1 2115//1
f 2117//1 2279//1 2116//1
f 2118//1 2280//1 2117//1
f 2119//1 2281//1 2118//1
f 2120//1 2282//1 2119//1
f 2121//575 2283//574 2120//939
f 2122//534 2284//577 2121//534
f 2123//534 2285//577 2122//534
f 2124//534 2286//577 2123//534
f 2125//534 2287//577 2124//534
f 2126//534 2288//577 2125//534
f 2127//534 2289//577 2126//534
f 2128//579 2290//578 2127//940
f 2129//1 2291//1 2128//1
f 2130//1 2292//1 2129//1
f 2131//1 2293//1 2130//1
f 2132//1 2294//1 2131//1
f 2133//1 2295//1 2132//1
f 2134//1 2296//1 2133//1
f 2135//1 2297//1 2134//1
f 2136//1 2299//1 2135//1
f 2137//1 2300//1 2136//1
f 2138//1 2301//1 2137//1
f 2139//1 2302//1 2138//1
f 2140//1 2303//1 2139//1
f 2141//1 2304//1 2140//1
f 2142//1 2305//1 2141//1
f 2143//1 2306//1 2142//1
f 2144//1 2307//1 2143//1
f 2145//1 2308//1 2144//1
f 2146//538 2309//581 2145//537
f 2147//540 2310//583 2146//539
f 2148//540 2311//583 2147//540
f 2149//540 2312//583 2148//540
f 2150//540 2313//583 2149//540
f 2151//540 2314//583 2150//540
f 2152//541 2315//583 2151//540
f 2153//543 2316//584 2152//542
f 2154//1 2317//1 2153//1
f 2155//1 2318//1 2154//1
f 2156//1 2319//1 2155//1
f 2157//1 2320//1 2156//1
f 2158//1 2321//1 2157//1
f 2159//1 2322//1 2158//1
f 2160//1 2323//1 2159//1
f 2161//1 2324//1 2160//1
f 2162//1 2325//1 2161//1
f 2163//1 2327//1 2162//1
f 2164//1 2328//1 2163//1
f 2165//1 2329//1 2164//1
f 2166//545 2330//586 2165//544
f 2167//547 2331//588 2166//546
f 2168//547 2332//589 2167//547
f 2169//547 2333//589 2168//547
f 2170//547 2334//589 2169//547
f 2171//547 2335//589 2170//547
f 2172//548 2336//589 2171//547
f 2173//550 2337//591 2172//549
f 2174//1 2338//1 2173//1
f 2175//1 2339//1 2174//1
f 2176//1 2340//1 2175//1
f 2177//1 2341//1 2176//1
f 2178//1 2342//1 2177//1
f 2179//1 2343//1 2178//1
f 2180//1 2344//1 2179//1
f 2181//1 2345//1 2180//1
f 2182//1 2346//1 2181//1
f 2183//1 2347//1 2182//1
f 2184//1 2348//1 2183//1
f 2185//1 2349//1 2184//1
f 2186//1 2350//1 2185//1
f 2187//1 2351//1 2186//1
f 2188//1 2352//1 2187//1
f 2189//1 2353//1 2188//1
f 2190//1 2355//1 2189//1
f 2191//1 2356//1 2190//1
f 2192//1 2357//1 2191//1
f 2193//1 2358//1 2192//1
f 2194//1 2359//1 2193//1
f 2195//552 2360//593 2194//551
f 2196//554 2361//595 2195//553
f 2197//554 2362//596 2196//554
f 2198//554 2363//596 2197//554
f 2199//554 2364//596 2198//554
f 2200//554 2365//596 2199//554
f 2201//555 2366//596 2200//554
f 2202//557 2367//598 2201//556
f 2203//1 2368//1 2202//1
f 2204//1 2369//1 2203//1
f 2205//1 2370//1 2204//1
f 2206//1 2371//1 2205//1
f 2207//1 2372//1 2206//1
f 2208//1 2373//1 2207//1
f 2209//1 2374//1 2208//1
f 2210//1 2375//1 2209//1
f 2211//1 2376//1 2210//1
f 2212//1 2377//1 2211//1
f 2213//1 2378//1 2212//1
f 2214//1 2379//1 2213//1
f 2215//1 2380//1 2214//1
f 2216//1 2381//1 2215//1
f 2217//1 2383//1 2216//1
f 2218//1 2384//1 2217//1
f 2219//1 2385//1 2218//1
f 2220//1 2386//1 2219//1
f 2221//1 2387//1 2220//1
f 2222//1 2388//1 2221//1
f 2223//1 2389//1 2222//1
f 2224//1 2390//1 2223//1
f 2225//1 2391//1 2224//1
f 2226//1 2392//1 2225//1
f 2227//1 2393//1 2226//1
f 2228//1 2394//1 2227//1
f 2229//560 2395//600 2228//558
f 2230//562 2396//602 2229//561
f 2231//562 2397//602 2230//562
f 2232//562 2398//602 2231//562
f 2233//562 2399//602 2232//562
f 2234//562 2400//602 2233//562
f 2235//563 2401//602 2234//562
f 2236//566 2402//603 2235//564
f 2237//1 2403//1 2236//1
f 2238//1 2404//1 2237//1
f 2239//1 2405//1 2238//1
f 2240//1 2406//1 2239//1
f 2241//1 2407//1 2240//1
f 2242//1 2408//1 2241//1
f 2243//1 2409//1 2242//1
f 2244//1 2411//1 2243//1
f 2245//1 2412//1 2244//1
f 2246//1 2413//1 2245//1
f 2247//1 2414//1 2246//1
f 2248//1 2415//1 2247//1
f 2249//1 2416//1 2248//1
f 2250//1 2417//1 2249//1
f 2251//1 2418//1 2250//1
f 2252//1 2419//1 2251//1
f 2253//1 2420//1 2252//1
f 2254//1 2421//1 2253//1
f 2255//601 2422//607 2254//606
f 2256//570 2423//609 2255//570
f 2257//570 2424//609 2256//570
f 2258//570 2425//609 2257//570
f 2259//570 2426//609 2258//570
f 2260//570 2427//609 2259//570
f 2261//570 2428//610 2260//570
f 2262//941 2429//566 2261//612
f 2263//1 2430//1 2262//1
f 2264//1 2431//1 2263//1
f 2265//1 2432//1 2264//1
f 2266//1 2433//1 2265//1
f 2267//1 2434//1 2266//1
f 2268//1 2435//1 2267//1
f 2269//1 2436//1 2268//1
f 2108//1 2437//1 2269//1
f 2271//1 2439//1 2270//1
f 2272//1 2440//1 2271//1
f 2273//1 2441//1 2272//1
f 2274//1 2442//1 2273//1
f 2275//1 2443//1 2274//1
f 2276//1 2444//1 2275//1
f 2277//1 2445//1 2276//1
f 2278//1 2446//1 2277//1
f 2279//1 2447//1 2278//1
f 2280//1 2448//1 2279//1
f 2281//1 2449//1 2280//1
f 2282//1 2450//1 2281//1
f 2283//1 2451//1 2282//1
f 2284//942 2452//615 2283//614
f 2285//577 2453//617 2284//577
f 2286//577 2454//617 2285//577
f 2287//577 2455//617 2286//577
f 2288//577 2456//617 2287//577
f 2289//577 2457//617 2288//577
f 2290//577 2458//618 2289//577
f 2291//943 2459//621 2290//620
f 2292//1 2460//1 2291//1
f 2293//1 2461//1 2292//1
f 2294//1 2462//1 2293//1
f 2295//1 2463//1 2294//1
f 2296//1 2464//1 2295//1
f 2297//1 2465//1 2296//1
f 2298//1 2466//1 2297//1
f 2299//1 2468//1 2298//1
f 2300//1 2469//1 2299//1
f 2301//1 2470//1 2300//1
f 2302//1 2471//1 2301//1
f 2303//1 2472//1 2302//1
f 2304//1 2473//1 2303//1
f 2305//1 2474//1 2304//1
f 2306//1 2475//1 2305//1
f 2307//1 2476//1 2306//1
f 2308//1 2477//1 2307//1
f 2309//1 2478//1 2308//1
f 2310//944 2479//624 2309//623
f 2311//583 2480//626 2310//583
f 2312//583 2481//626 2311//583
f 2313//583 2482//626 2312//583
f 2314//583 2483//626 2313//583
f 2315//583 2484//626 2314//583
f 2316//583 2485//627 2315//583
f 2317//580 2486//630 2316//629
f 2318//1 2487//1 2317//1
f 2319//1 2488//1 2318//1
f 2320//1 2489//1 2319//1
f 2321//1 2490//1 2320//1
f 2322//1 2491//1 2321//1
f 2323//1 2492//1 2322//1
f 2324//1 2493//1 2323//1
f 2325//1 2494//1 2324//1
f 2326//1 2495//1 2325//1
f 2327//1 2497//1 2326//1
f 2328//1 2498//1 2327//1
f 2329//1 2499//1 2328//1
f 2330//1 2500//1 2329//1
f 2331//587 2501//631 2330//586
f 2332//589 2502//633 2331//588
f 2333//589 2503//634 2332//589
f 2334//589 2504//634 2333//589
f 2335//589 2505//634 2334//589
f 2336//589 2506//634 2335//589
f 2337//590 2507//634 2336//589
f 2338//592 2508//636 2337//591
f 2339//1 2509//1 2338//1
f 2340//1 2510//1 2339//1
f 2341//1 2511//1 2340//1
f 2342//1 2512//1 2341//1
f 2343//1 2513//1 2342//1
f 2344//1 2514//1 2343//1
f 2345//1 2515//1 2344//1
f 2346//1 2516//1 2345//1
f 2347//1 2517//1 2346//1
f 2348//1 2518//1 2347//1
f 2349//1 2519//1 2348//1
f 2350//1 2520//1 2349//1
f 2351//1 2521//1 2350//1
f 2352//1 2522//1 2351//1
f 2353//1 2523//1 2352//1
f 2354//1 2524//1 2353//1
f 2355//1 2526//1 2354//1
f 2356//1 2527//1 2355//1
f 2357//1 2528//1 2356//1
f 2358//1 2529//1 2357//1
f 2359//1 2530//1 2358//1
f 2360//1 2531//1 2359//1
f 2361//594 2532//638 2360//593
f 2362//596 2533//640 2361//595
f 2363//596 2534//641 2362//596
f 2364//596 2535//641 2363//596
f 2365//596 2536//641 2364//596
f 2366//596 2537//641 2365//596
f 2367//597 2538//641 2366//596
f 2368//599 2539//643 2367//598
f 2369//1 2540//1 2368//1
f 2370//1 2541//1 2369//1
f 2371//1 2542//1 2370//1
f 2372//1 2543//1 2371//1
f 2373//1 2544//1 2372//1
f 2374//1 2545//1 2373//1
f 2375//1 2546//1 2374//1
f 2376//1 2547//1 2375//1
f 2377//1 2548//1 2376//1
f 2378//1 2549//1 2377//1
f 2379//1 2550//1 2378//1
f 2380//1 2551//1 2379//1
f 2381//1 2552//1 2380//1
f 2382//1 2553//1 2381//1
f 2383//1 2555//1 2382//1
f 2384//1 2556//1 2383//1
f 2385//1 2557//1 2384//1
f 2386//1 2558//1 2385//1
f 2387//1 2559//1 2386//1
f 2388//1 2560//1 2387//1
f 2389//1 2561//1 2388//1
f 2390//1 2562//1 2389//1
f 2391//1 2563//1 2390//1
f 2392//1 2564//1 2391//1
f 2393//1 2565//1 2392//1
f 2394//1 2566//1 2393//1
f 2395//1 2567//1 2394//1
f 2396//945 2568//639 2395//646
f 2397//602 2569//648 2396//602
f 2398//602 2570//648 2397//602
f 2399//602 2571//648 2398//602
f 2400//602 2572//648 2399//602
f 2401//602 2573//648 2400//602
f 2402//602 2574//649 2401//602
f 2403//946 2575//599 2402//650
f 2404//1 2576//1 2403//1
f 2405//1 2577//1 2404//1
f 2406//1 2578//1 2405//1
f 2407//1 2579//1 2406//1
f 2408//1 2580//1 2407//1
f 2409//1 2581//1 2408//1
f 2410//1 2582//1 2409//1
f 2411//1 2584//1 2410//1
f 2412//1 2585//1 2411//1
f 2413//1 2586//1 2412//1
f 2414//1 2587//1 2413//1
f 2415//1 2588//1 2414//1
f 2416//1 2589//1 2415//1
f 2417//1 2590//1 2416//1
f 2418//1 2591//1 2417//1
f 2419//1 2592//1 2418//1
f 2420//1 2593//1 2419//1
f 2421//1 2594//1 2420//1
f 2422//607 2595//652 2421//605
f 2423//609 2596//654 2422//608
f 2424//609 2597//654 2423//609
f 2425//609 2598//654 2424//609
f 2426//609 2599//654 2425//609
f 2427//609 2600//654 2426//609
f 2428//610 2601//655 2427//609
f 2429//566 2602//657 2428//611
f 2430//1 2603//1 2429//1
f 2431//1 2604//1 2430//1
f 2432//1 2605//1 2431//1
f 2433//1 2606//1 2432//1
f 2434//1 2607//1 2433//1
f 2435//1 2608//1 2434//1
f 2436//1 2609//1 2435//1
f 2437//1 2610//1 2436//1
f 2270//1 2611//1 2437//1
f 2439//1 2613//1 2438//1
f 2440//1 2614//1 2439//1
f 2441//1 2615//1 2440//1
f 2442//1 2616//1 2441//1
f 2443//1 2617//1 2442//1
f 2444//1 2618//1 2443//1
f 2445//1 2619//1 2444//1
f 2446//1 2620//1 2445//1
f 2447//1 2621//1 2446//1
f 2448//1 2622//1 2447//1
f 2449//1 2623//1 2448//1
f 2450//1 2624//1 2449//1
f 2451//1 2625//1 2450//1
f 2452//615 2626//659 2451//613
f 2453//617 2627//661 2452//616
f 2454//617 2628//661 2453//617
f 2455//617 2629//661 2454//617
f 2456//617 2630//661 2455//617
f 2457//617 2631//661 2456//617
f 2458//618 2632//662 2457//617
f 2459//621 2633//664 2458//619
f 2460//1 2634//1 2459//1
f 2461//1 2635//1 2460//1
f 2462//1 2636//1 2461//1
f 2463//1 2637//1 2462//1
f 2464//1 2638//1 2463//1
f 2465//1 2639//1 2464//1
f 2466//1 2640//1 2465//1
f 2467//1 2641//1 2466//1
f 2468//1 2643//1 2467//1
f 2469//1 2644//1 2468//1
f 2470//1 2645//1 2469//1
f 2471//1 2646//1 2470//1
f 2472//1 2647//1 2471//1
f 2473//1 2648//1 2472//1
f 2474//1 2649//1 2473//1
f 2475//1 2650//1 2474//1
f 2476//1 2651//1 2475//1
f 2477//1 2652//1 2476//1
f 2478//1 2653//1 2477//1
f 2479//624 2654//666 2478//622
f 2480//626 2655//668 2479//625
f 2481//626 2656//668 2480//626
f 2482//626 2657//668 2481//626
f 2483//626 2658//668 2482//626
f 2484//626 2659//668 2483//626
f 2485//627 2660//669 2484//626
f 2486//630 2661//671 2485//628
f 2487//1 2662//1 2486//1
f 2488//1 2663//1 2487//1
f 2489//1 2664//1 2488//1
f 2490//1 2665//1 2489//1
f 2491//1 2666//1 2490//1
f 2492//1 2667//1 2491//1
f 2493//1 2668//1 2492//1
f 2494//1 2669//1 2493//1
f 2495//1 2670//1 2494//1
f 2496//1 2671//1 2495//1
f 2497//1 2673//1 2496//1
f 2498//1 2674//1 2497//1
f 2499//1 2675//1 2498//1
f 2500//1 2676//1 2499//1
f 2501//1 2677//1 2500//1
f 2502//632 2678//672 2501//631
f 2503//634 2679//674 2502//633
f 2504//634 2680//675 2503//634
f 2505//634 2681//675 2504//634
f 2506//634 2682//675 2505//634
f 2507//634 2683//675 2506//634
f 2508//635 2684//675 2507//634
f 2509//637 2685//677 2508//636
f 2510//1 2686//1 2509//1
f 2511//1 2687//1 2510//1
f 2512//1 2688//1 2511//1
f 2513//1 2689//1 2512//1
f 2514//1 2690//1 2513//1
f 2515//1 2691//1 2514//1
f 2516//1 2692//1 2515//1
f 2517//1 2693//1 2516//1
f 2518//1 2694//1 2517//1
f 2519//1 2695//1 2518//1
f 2520//1 2696//1 2519//1
f 2521//1 2697//1 2520//1
f 2522//1 2698//1 2521//1
f 2523//1 2699//1 2522//1
f 2524//1 2700//1 2523//1
f 2525//1 2701//1 2524//1
f 2526//1 2703//1 2525//1
f 2527//1 2704//1 2526//1
f 2528//1 2705//1 2527//1
f 2529//1 2706//1 2528//1
f 2530//1 2707//1 2529//1
f 2531//1 2708//1 2530//1
f 2532//1 2709//1 2531//1
f 2533//639 2710//645 2532//638
f 2534//641 2711//680 2533//640
f 2535//641 2712//681 2534//641
f 2536//641 2713//681 2535//641
f 2537//641 2714//681 2536//641
f 2538//641 2715//681 2537//641
f 2539//642 2716//681 2538//641
f 2540//644 2717//683 2539//643
f 2541//1 2718//1 2540//1
f 2542//1 2719//1 2541//1
f 2543//1 2720//1 2542//1
f 2544//1 2721//1 2543//1
f 2545//1 2722//1 2544//1
f 2546//1 2723//1 2545//1
f 2547//1 2724//1 2546//1
f 2548//1 2725//1 2547//1
f 2549//1 2726//1 2548//1
f 2550//1 2727//1 2549//1
f 2551//1 2728//1 2550//1
f 2552//1 2729//1 2551//1
f 2553//1 2730//1 2552//1
f 2554//1 2731//1 2553//1
f 2555//1 2733//1 2554//1
f 2556//1 2734//1 2555//1
f 2557//1 2735//1 2556//1
f 2558//1 2736//1 2557//1
f 2559//1 2737//1 2558//1
f 2560//1 2738//1 2559//1
f 2561//1 2739//1 2560//1
f 2562//1 2740//1 2561//1
f 2563//1 2741//1 2562//1
f 2564//1 2742//1 2563//1
f 2565//1 2743//1 2564//1
f 2566//1 2744//1 2565//1
f 2567//1 2745//1 2566//1
f 2568//639 2746//686 2567//645
f 2569//648 2747//687 2568//647
f 2570//648 2748//687 2569//648
f 2571//648 2749//687 2570//648
f 2572//648 2750//687 2571//648
f 2573//648 2751//687 2572//648
f 2574//649 2752//687 2573//648
f 2575//599 2753//689 2574//643
f 2576//1 2754//1 2575//1
f 2577//1 2755//1 2576//1
f 2578//1 2756//1 2577//1
f 2579//1 2757//1 2578//1
f 2580//1 2758//1 2579//1
f 2581//1 2759//1 2580//1
f 2582//1 2760//1 2581//1
f 2583//1 2761//1 2582//1
f 2584//1 2763//1 2583//1
f 2585//1 2764//1 2584//1
f 2586//1 2765//1 2585//1
f 2587//1 2766//1 2586//1
f 2588//1 2767//1 2587//1
f 2589//1 2768//1 2588//1
f 2590//1 2769//1 2589//1
f 2591//1 2770//1 2590//1
f 2592//1 2771//1 2591//1
f 2593//1 2772//1 2592//1
f 2594//1 2773//1 2593//1
f 2595//652 2774//691 2594//651
f 2596//654 2775//692 2595//653
f 2597//654 2776//692 2596//654
f 2598//654 2777//692 2597//654
f 2599//654 2778//692 2598//654
f 2600//654 2779//692 2599//654
f 2601//655 2780//692 2600//654
f 2602//657 2781//694 2601//656
f 2603//1 2782//1 2602//1
f 2604//1 2783//1 2603//1
f 2605//1 2784//1 2604//1
f 2606//1 2785//1 2605//1
f 2607//1 2786//1 2606//1
f 2608//1 2787//1 2607//1
f 2609//1 2788//1 2608//1
f 2610//1 2789//1 2609//1
f 2611//1 2790//1 2610//1
f 2438//1 2791//1 2611//1
f 2613//1 2793//1 2612//1
f 2614//1 2794//1 2613//1
f 2615//1 2795//1 2614//1
f 2616//1 2796//1 2615//1
f 2617//1 2797//1 2616//1
f 2618//1 2798//1 2617//1
f 2619//1 2799//1 2618//1
f 2620//1 2800//1 2619//1
f 2621//1 2801//1 2620//1
f 2622//1 2802//1 2621//1
f 2623//1 2803//1 2622//1
f 2624//1 2804//1 2623//1
f 2625//1 2805//1 2624//1
f 2626//659 2806//696 2625//658
f 2627//661 2807//698 2626//660
f 2628//661 2808//698 2627//661
f 2629//661 2809//699 2628//661
f 2630//661 2810//698 2629//661
f 2631//661 2811//698 2630//661
f 2632//662 2812//700 2631//661
f 2633//664 2813//702 2632//663
f 2634//1 2814//1 2633//1
f 2635//1 2815//1 2634//1
f 2636//1 2816//1 2635//1
f 2637//1 2817//1 2636//1
f 2638//1 2818//1 2637//1
f 2639//1 2819//1 2638//1
f 2640//1 2820//1 2639//1
f 2641//1 2821//1 2640//1
f 2642//1 2822//1 2641//1
f 2643//1 2824//1 2642//1
f 2644//1 2825//1 2643//1
f 2645//1 2826//1 2644//1
f 2646//1 2827//1 2645//1
f 2647//1 2828//1 2646//1
f 2648//1 2829//1 2647//1
f 2649//1 2830//1 2648//1
f 2650//1 2831//1 2649//1
f 2651//1 2832//1 2650//1
f 2652//1 2833//1 2651//1
f 2653//1 2834//1 2652//1
f 2654//666 2835//704 2653//665
f 2655//668 2836//705 2654//667
f 2656//668 2837//705 2655//668
f 2657//668 2838//705 2656//668
f 2658//668 2839//705 2657//668
f 2659//668 2840//705 2658//668
f 2660//669 2841//705 2659//668
f 2661//671 2842//707 2660//670
f 2662//1 2843//1 2661//1
f 2663//1 2844//1 2662//1
f 2664//1 2845//1 2663//1
f 2665//1 2846//1 2664//1
f 2666//1 2847//1 2665//1
f 2667//1 2848//1 2666//1
f 2668//1 2849//1 2667//1
f 2669//1 2850//1 2668//1
f 2670//1 2851//1 2669//1
f 2671//1 2852//1 2670//1
f 2672//1 2853//1 2671//1
f 2673//1 2855//1 2672//1
f 2674//1 2856//1 2673//1
f 2675//1 2857//1 2674//1
f 2676//1 2858//1 2675//1
f 2677//1 2859//1 2676//1
f 2678//1 2860//1 2677//1
f 2679//673 2861//708 2678//672
f 2680//675 2862//710 2679//674
f 2681//675 2863//711 2680//675
f 2682//675 2864//711 2681//675
f 2683//675 2865//712 2682//675
f 2684//675 2866//712 2683//675
f 2685//676 2867//712 2684//675
f 2686//678 2868//714 2685//677
f 2687//1 2869//1 2686//1
f 2688//1 2870//1 2687//1
f 2689//1 2871//1 2688//1
f 2690//1 2872//1 2689//1
f 2691//1 2873//1 2690//1
f 2692//1 2874//1 2691//1
f 2693//1 2875//1 2692//1
f 2694//1 2876//1 2693//1
f 2695//1 2877//1 2694//1
f 2696//1 2878//1 2695//1
f 2697//1 2879//1 2696//1
f 2698//1 2880//1 2697//1
f 2699//1 2881//1 2698//1
f 2700//1 2882//1 2699//1
f 2701//1 2883//1 2700//1
f 2702//1 2884//1 2701//1
f 2703//1 2886//1 2702//1
f 2704//1 2887//1 2703//1
f 2705//1 2888//1 2704//1
f 2706//1 2889//1 2705//1
f 2707//1 2890//1 2706//1
f 2708//1 2891//1 2707//1
f 2709//1 2892//1 2708//1
f 2710//1 2893//1 2709//1
f 2711//679 2894//716 2710//645
f 2712//681 2895//718 2711//680
f 2713//681 2896//719 2712//681
f 2714//681 2897//719 2713//681
f 2715//681 2898//719 2714//681
f 2716//681 2899//720 2715//681
f 2717//682 2900//720 2716//681
f 2718//684 2901//722 2717//683
f 2719//1 2902//1 2718//1
f 2720//1 2903//1 2719//1
f 2721//1 2904//1 2720//1
f 2722//1 2905//1 2721//1
f 2723//1 2906//1 2722//1
f 2724//1 2907//1 2723//1
f 2725//1 2908//1 2724//1
f 2726//1 2909//1 2725//1
f 2727//1 2910//1 2726//1
f 2728//1 2911//1 2727//1
f 2729//1 2912//1 2728//1
f 2730//1 2913//1 2729//1
f 2731//1 2914//1 2730//1
f 2732//1 2915//1 2731//1
f 2733//1 2917//1 2732//1
f 2734//1 2918//1 2733//1
f 2735//1 2919//1 2734//1
f 2736//1 2920//1 2735//1
f 2737//1 2921//1 2736//1
f 2738//1 2922//1 2737//1
f 2739//1 2923//1 2738//1
f 2740//1 2924//1 2739//1
f 2741//1 2925//1 2740//1
f 2742//1 2926//1 2741//1
f 2743//1 2927//1 2742//1
f 2744//1 2928//1 2743//1
f 2745//1 2929//1 2744//1
f 2746//725 2930//724 2745//690
f 2747//687 2931//727 2746//687
f 2748//687 2932//727 2747//687
f 2749//687 2933//727 2748//687
f 2750//687 2934//727 2749//687
f 2751//687 2935//727 2750//687
f 2752//687 2936//727 2751//687
f 2753//729 2937//728 2752//947
f 2754//1 2938//1 2753//1
f 2755//1 2939//1 2754//1
f 2756//1 2940//1 2755//1
f 2757//1 2941//1 2756//1
f 2758//1 2942//1 2757//1
f 2759//1 2943//1 2758//1
f 2760//1 2944//1 2759//1
f 2761//1 2945//1 2760//1
f 2762//1 2946//1 2761//1
f 2763//1 2948//1 2762//1
f 2764//1 2949//1 2763//1
f 2765//1 2950//1 2764//1
f 2766//1 2951//1 2765//1
f 2767//1 2952//1 2766//1
f 2768//1 2953//1 2767//1
f 2769//1 2954//1 2768//1
f 2770//1 2955//1 2769//1
f 2771//1 2956//1 2770//1
f 2772//1 2957//1 2771//1
f 2773//1 2958//1 2772//1
f 2774//731 2959//658 2773//948
f 2775//692 2960//732 2774//692
f 2776//692 2961//733 2775//692
f 2777//692 2962//734 2776//692
f 2778//692 2963//734 2777//692
f 2779//692 2964//734 2778//692
f 2780//692 2965//734 2779//692
f 2781//736 2966//701 2780//949
f 2782//1 2967//1 2781//1
f 2783//1 2968//1 2782//1
f 2784//1 2969//1 2783//1
f 2785//1 2970//1 2784//1
f 2786//1 2971//1 2785//1
f 2787//1 2972//1 2786//1
f 2788//1 2973//1 2787//1
f 2789//1 2974//1 2788//1
f 2790//1 2975//1 2789//1
f 2791//1 2976//1 2790//1
f 2612//1 2977//1 2791//1
f 2793//1 2979//1 2792//1
f 2794//1 2980//1 2793//1
f 2795//1 2981//1 2794//1
f 2796//1 2982//1 2795//1
f 2797//1 2983//1 2796//1
f 2798//1 2984//1 2797//1
f 2799//1 2985//1 2798//1
f 2800//1 2986//1 2799//1
f 2801//1 2987//1 2800//1
f 2802//1 2988//1 2801//1
f 2803//1 2989//1 2802//1
f 2804//1 2990//1 2803//1
f 2805//1 2991//1 2804//1
f 2806//696 2992//739 2805//695
f 2807//698 2993//741 2806//697
f 2808//698 2994//741 2807//698
f 2809//699 2995//741 2808//698
f 2810//698 2996//741 2809//699
f 2811//698 2997//741 2810//698
f 2812//700 2998//742 2811//698
f 2813//702 2999//737 2812//701
f 2814//1 3000//1 2813//1
f 2815//1 3001//1 2814//1
f 2816//1 3002//1 2815//1
f 2817//1 3003//1 2816//1
f 2818//1 3004//1 2817//1
f 2819//1 3005//1 2818//1
f 2820//1 3006//1 2819//1
f 2821//1 3007//1 2820//1
f 2822//1 3008//1 2821//1
f 2823//1 3009//1 2822//1
f 2824//1 3011//1 2823//1
f 2825//1 3012//1 2824//1
f 2826//1 3013//1 2825//1
f 2827//1 3014//1 2826//1
f 2828//1 3015//1 2827//1
f 2829//1 3016//1 2828//1
f 2830//1 3017//1 2829//1
f 2831//1 3018//1 2830//1
f 2832//1 3019//1 2831//1
f 2833//1 3020//1 2832//1
f 2834//1 3021//1 2833//1
f 2835//745 3022//744 2834//730
f 2836//705 3023//747 2835//705
f 2837//705 3024//748 2836//705
f 2838//705 3025//748 2837//705
f 2839//705 3026//748 2838//705
f 2840//705 3027//748 2839//705
f 2841//705 3028//748 2840//705
f 2842//751 3029//750 2841//950
f 2843//1 3030//1 2842//1
f 2844//1 3031//1 2843//1
f 2845//1 3032//1 2844//1
f 2846//1 3033//1 2845//1
f 2847//1 3034//1 2846//1
f 2848//1 3035//1 2847//1
f 2849//1 3036//1 2848//1
f 2850//1 3037//1 2849//1
f 2851//1 3038//1 2850//1
f 2852//1 3039//1 2851//1
f 2853//1 3040//1 2852//1
f 2854//1 3041//1 2853//1
f 2855//1 3043//1 2854//1
f 2856//1 3044//1 2855//1
f 2857//1 3045//1 2856//1
f 2858//1 3046//1 2857//1
f 2859//1 3047//1 2858//1
f 2860//1 3048//1 2859//1
f 2861//1 3049//1 2860//1
f 2862//709 3050//753 2861//708
f 2863//711 3051//755 2862//710
f 2864//711 3052//756 2863//711
f 2865//712 3053//756 2864//711
f 2866//712 3054//756 2865//712
f 2867//712 3055//756 2866//712
f 2868//713 3056//756 2867//712
f 2869//715 3057//758 2868//714
f 2870//1 3058//1 2869//1
f 2871//1 3059//1 2870//1
f 2872//1 3060//1 2871//1
f 2873//1 3061//1 2872//1
f 2874//1 3062//1 2873//1
f 2875//1 3063//1 2874//1
f 2876//1 3064//1 2875//1
f 2877//1 3065//1 2876//1
f 2878//1 3066//1 2877//1
f 2879//1 3067//1 2878//1
f 2880//1 3068//1 2879//1
f 2881//1 3069//1 2880//1
f 2882//1 3070//1 2881//1
f 2883//1 3071//1 2882//1
f 2884//1 3072//1 2883//1
f 2885//1 3073//1 2884//1
f 2886//1 3075//1 2885//1
f 2887//1 3076//1 2886//1
f 2888//1 3077//1 2887//1
f 2889//1 3078//1 2888//1
f 2890//1 3079//1 2889//1
f 2891//1 3080//1 2890//1
f 2892//1 3081//1 2891//1
f 2893//1 3082//1 2892//1
f 2894//1 3083//1 2893//1
f 2895//717 3084//760 2894//716
f 2896//719 3085//762 2895//718
f 2897//719 3086//762 2896//719
f 2898//719 3087//762 2897//719
f 2899//720 3088//762 2898//719
f 2900//720 3089//762 2899//720
f 2901//721 3090//762 2900//720
f 2902//723 3091//763 2901//722
f 2903//1 3092//1 2902//1
f 2904//1 3093//1 2903//1
f 2905//1 3094//1 2904//1
f 2906//1 3095//1 2905//1
f 2907//1 3096//1 2906//1
f 2908//1 3097//1 2907//1
f 2909//1 3098//1 2908//1
f 2910//1 3099//1 2909//1
f 2911//1 3100//1 2910//1
f 2912//1 3101//1 2911//1
f 2913//1 3102//1 2912//1
f 2914//1 3103//1 2913//1
f 2915//1 3104//1 2914//1
f 2916//1 3105//1 2915//1
f 2917//1 3107//1 2916//1
f 2918//1 3108//1 2917//1
f 2919//1 3109//1 2918//1
f 2920//1 3110//1 2919//1
f 2921//1 3111//1 2920//1
f 2922//1 3112//1 2921//1
f 2923//1 3113//1 2922//1
f 2924//1 3114//1 2923//1
f 2925//1 3115//1 2924//1
f 2926//1 3116//1 2925//1
f 2927//1 3117//1 2926//1
f 2928//1 3118//1 2927//1
f 2929//1 3119//1 2928//1
f 2930//1 3120//1 2929//1
f 2931//761 3121//767 2930//766
f 2932//727 3122//769 2931//727
f 2933//727 3123//769 2932//727
f 2934//727 3124//769 2933//727
f 2935//727 3125//769 2934//727
f 2936//727 3126//769 2935//727
f 2937//727 3127//770 2936//727
f 2938//703 3128//723 2937//772
f 2939//1 3129//1 2938//1
f 2940//1 3130//1 2939//1
f 2941//1 3131//1 2940//1
f 2942//1 3132//1 2941//1
f 2943//1 3133//1 2942//1
f 2944//1 3134//1 2943//1
f 2945//1 3135//1 2944//1
f 2946//1 3136//1 2945//1
f 2947//1 3137//1 2946//1
f 2948//1 3139//1 2947//1
f 2949//1 3140//1 2948//1
f 2950//1 3141//1 2949//1
f 2951//1 3142//1 2950//1
f 2952//1 3143//1 2951//1
f 2953//1 3144//1 2952//1
f 2954//1 3145//1 2953//1
f 2955//1 3146//1 2954//1
f 2956//1 3147//1 2955//1
f 2957//1 3148//1 2956//1
f 2958//1 3149//1 2957//1
f 2959//1 3150//1 2958//1
f 2960//696 3151//773 2959//658
f 2961//733 3152//775 2960//732
f 2962//734 3153//775 2961//733
f 2963//734 3154//775 2962//734
f 2964//734 3155//775 2963//734
f 2965//734 3156//775 2964//734
f 2966//735 3157//775 2965//734
f 2967//737 3158//776 2966//701
f 2968//1 3159//1 2967//1
f 2969//1 3160//1 2968//1
f 2970//1 3161//1 2969//1
f 2971//1 3162//1 2970//1
f 2972//1 3163//1 2971//1
f 2973//1 3164//1 2972//1
f 2974//1 3165//1 2973//1
f 2975//1 3166//1 2974//1
f 2976//1 3167//1 2975//1
f 2977//1 3168//1 2976//1
f 2792//1 3169//1 2977//1
f 2979//1 3171//1 2978//1
f 2980//1 3172//1 2979//1
f 2981//1 3173//1 2980//1
f 2982//1 3174//1 2981//1
f 2983//1 3175//1 2982//1
f 2984//1 3176//1 2983//1
f 2985//1 3177//1 2984//1
f 2986//1 3178//1 2985//1
f 2987//1 3179//1 2986//1
f 2988//1 3180//1 2987//1
f 2989//1 3181//1 2988//1
f 2990//1 3182//1 2989//1
f 2991//1 3183//1 2990//1
f 2992//739 3184//779 2991//738
f 2993//741 3185//781 2992//740
f 2994//741 3186//781 2993//741
f 2995//741 3187//781 2994//741
f 2996//741 3188//781 2995//741
f 2997//741 3189//781 2996//741
f 2998//742 3190//782 2997//741
f 2999//737 3191//784 2998//743
f 3000//1 3192//1 2999//1
f 3001//1 3193//1 3000//1
f 3002//1 3194//1 3001//1
f 3003//1 3195//1 3002//1
f 3004//1 3196//1 3003//1
f 3005//1 3197//1 3004//1
f 3006//1 3198//1 3005//1
f 3007//1 3199//1 3006//1
f 3008//1 3200//1 3007//1
f 3009//1 3201//1 3008//1
f 3010//1 3202//1 3009//1
f 3011//1 3204//1 3010//1
f 3012//1 3205//1 3011//1
f 3013//1 3206//1 3012//1
f 3014//1 3207//1 3013//1
f 3015//1 3208//1 3014//1
f 3016//1 3209//1 3015//1
f 3017//1 3210//1 3016//1
f 3018//1 3211//1 3017//1
f 3019//1 3212//1 3018//1
f 3020//1 3213//1 3019//1
f 3021//1 3214//1 3020//1
f 3022//1 3215//1 3021//1
f 3023//746 3216//785 3022//744
f 3024//748 3217//787 3023//747
f 3025//748 3218//787 3024//748
f 3026//748 3219//787 3025//748
f 3027//748 3220//787 3026//748
f 3028//748 3221//787 3027//748
f 3029//749 3222//787 3028//748
f 3030//752 3223//788 3029//750
f 3031//1 3224//1 3030//1
f 3032//1 3225//1 3031//1
f 3033//1 3226//1 3032//1
f 3034//1 3227//1 3033//1
f 3035//1 3228//1 3034//1
f 3036//1 3229//1 3035//1
f 3037//1 3230//1 3036//1
f 3038//1 3231//1 3037//1
f 3039//1 3232//1 3038//1
f 3040//1 3233//1 3039//1
f 3041//1 3234//1 3040//1
f 3042//1 3235//1 3041//1
f 3043//1 3237//1 3042//1
f 3044//1 3238//1 3043//1
f 3045//1 3239//1 3044//1
f 3046//1 3240//1 3045//1
f 3047//1 3241//1 3046//1
f 3048//1 3242//1 3047//1
f 3049//1 3243//1 3048//1
f 3050//1 3244//1 3049//1
f 3051//754 3245//790 3050//753
f 3052//756 3246//792 3051//755
f 3053//756 3247//793 3052//756
f 3054//756 3248//793 3053//756
f 3055//756 3249//793 3054//756
f 3056//756 3250//793 3055//756
f 3057//757 3251//793 3056//756
f 3058//759 3252//795 3057//758
f 3059//1 3253//1 3058//1
f 3060//1 3254//1 3059//1
f 3061//1 3255//1 3060//1
f 3062//1 3256//1 3061//1
f 3063//1 3257//1 3062//1
f 3064//1 3258//1 3063//1
f 3065//1 3259//1 3064//1
f 3066//1 3260//1 3065//1
f 3067//1 3261//1 3066//1
f 3068//1 3262//1 3067//1
f 3069//1 3263//1 3068//1
f 3070//1 3264//1 3069//1
f 3071//1 3265//1 3070//1
f 3072//1 3266//1 3071//1
f 3073//1 3267//1 3072//1
f 3074//1 3268//1 3073//1
f 3075//1 3270//1 3074//1
f 3076//1 3271//1 3075//1
f 3077//1 3272//1 3076//1
f 3078//1 3273//1 3077//1
f 3079//1 3274//1 3078//1
f 3080//1 3275//1 3079//1
f 3081//1 3276//1 3080//1
f 3082//1 3277//1 3081//1
f 3083//1 3278//1 3082//1
f 3084//1 3279//1 3083//1
f 3085//951 3280//799 3084//798
f 3086//762 3281//801 3085//762
f 3087//762 3282//801 3086//762
f 3088//762 3283//801 3087//762
f 3089//762 3284//801 3088//762
f 3090//762 3285//801 3089//762
f 3091//762 3286//801 3090//762
f 3092//952 3287//804 3091//803
f 3093//1 3288//1 3092//1
f 3094//1 3289//1 3093//1
f 3095//1 3290//1 3094//1
f 3096//1 3291//1 3095//1
f 3097//1 3292//1 3096//1
f 3098//1 3293//1 3097//1
f 3099//1 3294//1 3098//1
f 3100//1 3295//1 3099//1
f 3101//1 3296//1 3100//1
f 3102//1 3297//1 3101//1
f 3103//1 3298//1 3102//1
f 3104//1 3299//1 3103//1
f 3105//1 3300//1 3104//1
f 3106//1 3301//1 3105//1
f 3107//1 3303//1 3106//1
f 3108//1 3304//1 3107//1
f 3109//1 3305//1 3108//1
f 3110//1 3306//1 3109//1
f 3111//1 3307//1 3110//1
f 3112//1 3308//1 3111//1
f 3113//1 3309//1 3112//1
f 3114//1 3310//1 3113//1
f 3115//1 3311//1 3114//1
f 3116//1 3312//1 3115//1
f 3117//1 3313//1 3116//1
f 3118//1 3314//1 3117//1
f 3119//1 3315//1 3118//1
f 3120//1 3316//1 3119//1
f 3121//767 3317//806 3120//765
f 3122//769 3318//808 3121//768
f 3123//769 3319//808 3122//769
f 3124//769 3320//808 3123//769
f 3125//769 3321//808 3124//769
f 3126//769 3322//808 3125//769
f 3127//770 3323//809 3126//769
f 3128//723 3324//811 3127//771
f 3129//1 3325//1 3128//1
f 3130//1 3326//1 3129//1
f 3131//1 3327//1 3130//1
f 3132//1 3328//1 3131//1
f 3133//1 3329//1 3132//1
f 3134//1 3330//1 3133//1
f 3135//1 3331//1 3134//1
f 3136//1 3332//1 3135//1
f 3137//1 3333//1 3136//1
f 3138//1 3334//1 3137//1
f 3139//1 3336//1 3138//1
f 3140//1 3337//1 3139//1
f 3141//1 3338//1 3140//1
f 3142//1 3339//1 3141//1
f 3143//1 3340//1 3142//1
f 3144//1 3341//1 3143//1
f 3145//1 3342//1 3144//1
f 3146//1 3343//1 3145//1
f 3147//1 3344//1 3146//1
f 3148//1 3345//1 3147//1
f 3149//1 3346//1 3148//1
f 3150//1 3347//1 3149//1
f 3151//1 3348//1 3150//1
f 3152//953 3349//814 3151//813
f 3153//775 3350//816 3152//775
f 3154//775 3351//816 3153//775
f 3155//775 3352//816 3154//775
f 3156//775 3353//816 3155//775
f 3157//775 3354//816 3156//775
f 3158//775 3355//817 3157//775
f 3159//954 3356//820 3158//819
f 3160//1 3357//1 3159//1
f 3161//1 3358//1 3160//1
f 3162//1 3359//1 3161//1
f 3163//1 3360//1 3162//1
f 3164//1 3361//1 3163//1
f 3165//1 3362//1 3164//1
f 3166//1 3363//1 3165//1
f 3167//1 3364//1 3166//1
f 3168//1 3365//1 3167//1
f 3169//1 3366//1 3168//1
f 2978//1 3367//1 3169//1
f 3171//1 3369//1 3170//1
f 3172//1 3370//1 3171//1
f 3173//1 3371//1 3172//1
f 3174//1 3372//1 3173//1
f 3175//1 3373//1 3174//1
f 3176//1 3374//1 3175//1
f 3177//1 3375//1 3176//1
f 3178//1 3376//1 3177//1
f 3179//1 3377//1 3178//1
f 3180//1 3378//1 3179//1
f 3181//1 3379//1 3180//1
f 3182//1 3380//1 3181//1
f 3183//1 3381//1 3182//1
f 3184//779 3382//822 3183//778
f 3185//781 3383//824 3184//780
f 3186//781 3384//824 3185//781
f 3187//781 3385//824 3186//781
f 3188//781 3386//824 3187//781
f 3189//781 3387//824 3188//781
f 3190//782 3388//824 3189//781
f 3191//784 3389//826 3190//783
f 3192//1 3390//1 3191//1
f 3193//1 3391//1 3192//1
f 3194//1 3392//1 3193//1
f 3195//1 3393//1 3194//1
f 3196//1 3394//1 3195//1
f 3197//1 3395//1 3196//1
f 3198//1 3396//1 3197//1
f 3199//1 3397//1 3198//1
f 3200//1 3398//1 3199//1
f 3201//1 3399//1 3200//1
f 3202//1 3400//1 3201//1
f 3203//1 3401//1 3202//1
f 3204//1 3403//1 3203//1
f 3205//1 3404//1 3204//1
f 3206//1 3405//1 3205//1
f 3207//1 3406//1 3206//1
f 3208//1 3407//1 3207//1
f 3209//1 3408//1 3208//1
f 3210//1 3409//1 3209//1
f 3211//1 3410//1 3210//1
f 3212//1 3411//1 3211//1
f 3213//1 3412//1 3212//1
f 3214//1 3413//1 3213//1
f 3215//1 3414//1 3214//1
f 3216//1 3415//828 3215//1
f 3217//955 3416//830 3216//829
f 3218//787 3417//832 3217//787
f 3219//787 3418//832 3218//787
f 3220//787 3419//832 3219//787
f 3221//787 3420//832 3220//787
f 3222//787 3421//832 3221//787
f 3223//787 3422//833 3222//787
f 3224//956 3423//835 3223//834
f 3225//1 3424//1 3224//1
f 3226//1 3425//1 3225//1
f 3227//1 3426//1 3226//1
f 3228//1 3427//1 3227//1
f 3229//1 3428//1 3228//1
f 3230//1 3429//1 3229//1
f 3231//1 3430//1 3230//1
f 3232//1 3431//1 3231//1
f 3233//1 3432//1 3232//1
f 3234//1 3433//1 3233//1
f 3235//1 3434//1 3234//1
f 3236//1 3435//1 3235//1
f 3237//1 3437//1 3236//1
f 3238//1 3438//1 3237//1
f 3239//1 3439//1 3238//1
f 3240//1 3440//1 3239//1
f 3241//1 3441//1 3240//1
f 3242//1 3442//1 3241//1
f 3243//1 3443//1 3242//1
f 3244//1 3444//1 3243//1
f 3245//1 3445//1 3244//1
f 3246//791 3446//836 3245//790
f 3247//793 3447//837 3246//792
f 3248//793 3448//838 3247//793
f 3249//793 3449//838 3248//793
f 3250//793 3450//838 3249//793
f 3251//793 3451//838 3250//793
f 3252//794 3452//838 3251//793
f 3253//796 3453//840 3252//795
f 3254//1 3454//841 3253//1
f 3255//1 3455//1 3254//1
f 3256//1 3456//1 3255//1
f 3257//1 3457//1 3256//1
f 3258//1 3458//1 3257//1
f 3259//1 3459//1 3258//1
f 3260//1 3460//1 3259//1
f 3261//1 3461//1 3260//1
f 3262//1 3462//1 3261//1
f 3263//1 3463//1 3262//1
f 3264//1 3464//1 3263//1
f 3265//1 3465//1 3264//1
f 3266//1 3466//1 3265//1
f 3267//1 3467//1 3266//1
f 3268//1 3468//1 3267//1
f 3269//1 3469//1 3268//1
f 3270//1 3471//1 3269//1
f 3271//1 3472//1 3270//1
f 3272//1 3473//1 3271//1
f 3273//1 3474//1 3272//1
f 3274//1 3475//1 3273//1
f 3275//1 3476//1 3274//1
f 3276//1 3477//1 3275//1
f 3277//1 3478//1 3276//1
f 3278//1 3479//1 3277//1
f 3279//1 3480//1 3278//1
f 3280//842 3481//805 3279//956
f 3281//801 3482//843 3280//800
f 3282//801 3483//844 3281//801
f 3283//801 3484//844 3282//801
f 3284//801 3485//844 3283//801
f 3285//801 3486//844 3284//801
f 3286//801 3487//844 3285//801
f 3287//847 3488//846 3286//957
f 3288//1 3489//848 3287//1
f 3289//1 3490//1 3288//1
f 3290//1 3491//1 3289//1
f 3291//1 3492//1 3290//1
f 3292//1 3493//1 3291//1
f 3293//1 3494//1 3292//1
f 3294//1 3495//1 3293//1
f 3295//1 3496//1 3294//1
f 3296//1 3497//1 3295//1
f 3297//1 3498//1 3296//1
f 3298//1 3499//1 3297//1
f 3299//1 3500//1 3298//1
f 3300//1 3501//1 3299//1
f 3301//1 3502//1 3300//1
f 3302//1 3503//1 3301//1
f 3303//1 3505//1 3302//1
f 3304//1 3506//1 3303//1
f 3305//1 3507//1 3304//1
f 3306//1 3508//1 3305//1
f 3307//1 3509//1 3306//1
f 3308//1 3510//1 3307//1
f 3309//1 3511//1 3308//1
f 3310//1 3512//1 3309//1
f 3311//1 3513//1 3310//1
f 3312//1 3514//1 3311//1
f 3313//1 3515//1 3312//1
f 3314//1 3516//1 3313//1
f 3315//1 3517//1 3314//1
f 3316//1 3518//1 3315//1
f 3317//806 3519//850 3316//805
f 3318//808 3520//852 3317//807
f 3319//808 3521//852 3318//808
f 3320//808 3522//852 3319//808
f 3321//808 3523//852 3320//808
f 3322//808 3524//852 3321//808
f 3323//809 3525//853 3322//808
f 3324//811 3526//855 3323//810
f 3325//1 3527//1 3324//1
f 3326//1 3528//1 3325//1
f 3327//1 3529//1 3326//1
f 3328//1 3530//1 3327//1
f 3329//1 3531//1 3328//1
f 3330//1 3532//1 3329//1
f 3331//1 3533//1 3330//1
f 3332//1 3534//1 3331//1
f 3333//1 3535//1 3332//1
f 3334//1 3536//1 3333//1
f 3335//1 3537//1 3334//1
f 3336//1 3539//1 3335//1
f 3337//1 3540//1 3336//1
f 3338//1 3541//1 3337//1
f 3339//1 3542//1 3338//1
f 3340//1 3543//1 3339//1
f 3341//1 3544//1 3340//1
f 3342//1 3545//1 3341//1
f 3343//1 3546//1 3342//1
f 3344//1 3547//1 3343//1
f 3345//1 3548//1 3344//1
f 3346//1 3549//1 3345//1
f 3347//1 3550//1 3346//1
f 3348//1 3551//1 3347//1
f 3349//814 3552//858 3348//812
f 3350//816 3553//860 3349//815
f 3351//816 3554//860 3350//816
f 3352//816 3555//860 3351//816
f 3353//816 3556//860 3352//816
f 3354//816 3557//860 3353//816
f 3355//817 3558//860 3354//816
f 3356//820 3559//862 3355//818
f 3357//1 3560//1 3356//1
f 3358//1 3561//1 3357//1
f 3359//1 3562//1 3358//1
f 3360//1 3563//1 3359//1
f 3361//1 3564//1 3360//1
f 3362//1 3565//1 3361//1
f 3363//1 3566//1 3362//1
f 3364//1 3567//1 3363//1
f 3365//1 3568//1 3364//1
f 3366//1 3569//1 3365//1
f 3367//1 3570//1 3366//1
f 3170//1 3571//1 3367//1
f 3369//1 3573//1 3368//1
f 3370//1 3574//1 3369//1
f 3371//1 3575//1 3370//1
f 3372//1 3576//1 3371//1
f 3373//1 3577//1 3372//1
f 3374//1 3578//1 3373//1
f 3375//1 3579//1 3374//1
f 3376//1 3580//1 3375//1
f 3377//1 3581//1 3376//1
f 3378//1 3582//1 3377//1
f 3379//1 3583//1 3378//1
f 3380//1 3584//1 3379//1
f 3381//1 3585//1 3380//1
f 3382//823 3586//828 3381//958
f 3383//824 3587//864 3382//823
f 3384//824 3588//865 3383//824
f 3385//824 3589//865 3384//824
f 3386//824 3590//865 3385//824
f 3387//824 3591//865 3386//824
f 3388//824 3592//865 3387//824
f 3389//827 3593//866 3388//959
f 3390//1 3594//867 3389//827
f 3391//1 3595//1 3390//1
f 3392//1 3596//1 3391//1
f 3393//1 3597//1 3392//1
f 3394//1 3598//1 3393//1
f 3395//1 3599//1 3394//1
f 3396//1 3600//1 3395//1
f 3397//1 3601//1 3396//1
f 3398//1 3602//1 3397//1
f 3399//1 3603//1 3398//1
f 3400//1 3604//1 3399//1
f 3401//1 3605//1 3400//1
f 3402//1 3606//1 3401//1
f 3403//1 3608//1 3402//1
f 3404//1 3609//1 3403//1
f 3405//1 3610//1 3404//1
f 3406//1 3611//1 3405//1
f 3407//1 3612//1 3406//1
f 3408//1 3613//1 3407//1
f 3409//1 3614//1 3408//1
f 3410//1 3615//1 3409//1
f 3411//1 3616//1 3410//1
f 3412//1 3617//1 3411//1
f 3413//1 3618//1 3412//1
f 3414//1 3619//1 3413//1
f 3415//828 3620//868 3414//1
f 3416//830 3621//869 3415//828
f 3417//832 3622//870 3416//831
f 3418//832 3623//870 3417//832
f 3419//832 3624//870 3418//832
f 3420//832 3625//870 3419//832
f 3421//832 3626//870 3420//832
f 3422//833 3627//871 3421//832
f 3423//835 3628//872 3422//833
f 3424//1 3629//1 3423//1
f 3425//1 3630//1 3424//1
f 3426//1 3631//1 3425//1
f 3427//1 3632//1 3426//1
f 3428//1 3633//1 3427//1
f 3429//1 3634//1 3428//1
f 3430//1 3635//1 3429//1
f 3431//1 3636//1 3430//1
f 3432//1 3637//1 3431//1
f 3433//1 3638//1 3432//1
f 3434//1 3639//1 3433//1
f 3435//1 3640//1 3434//1
f 3436//1 3641//1 3435//1
f 3437//1 3643//1 3436//1
f 3438//1 3644//1 3437//1
f 3439//1 3645//1 3438//1
f 3440//1 3646//1 3439//1
f 3441//1 3647//1 3440//1
f 3442//1 3648//1 3441//1
f 3443//1 3649//1 3442//1
f 3444//1 3650//1 3443//1
f 3445//1 3651//1 3444//1
f 3446//1 3652//1 3445//1
f 3447//837 3653//873 3446//836
f 3448//838 3654//874 3447//837
f 3449//838 3655//875 3448//838
f 3450//838 3656//875 3449//838
f 3451//838 3657//875 3450//838
f 3452//838 3658//875 3451//838
f 3453//839 3659//875 3452//838
f 3454//841 3660//876 3453//840
f 3455//1 3661//877 3454//841
f 3456//1 3662//1 3455//1
f 3457//1 3663//1 3456//1
f 3458//1 3664//1 3457//1
f 3459//1 3665//1 3458//1
f 3460//1 3666//1 3459//1
f 3461//1 3667//1 3460//1
f 3462//1 3668//1 3461//1
f 3463//1 3669//1 3462//1
f 3464//1 3670//1 3463//1
f 3465//1 3671//1 3464//1
f 3466//1 3672//1 3465//1
f 3467//1 3673//1 3466//1
f 3468//1 3674//1 3467//1
f 3469//1 3675//1 3468//1
f 3470//1 3676//1 3469//1
f 3471//1 3678//1 3470//1
f 3472//1 3679//1 3471//1
f 3473//1 3680//1 3472//1
f 3474//1 3681//1 3473//1
f 3475//1 3682//1 3474//1
f 3476//1 3683//1 3475//1
f 3477//1 3684//1 3476//1
f 3478//1 3685//1 3477//1
f 3479//1 3686//1 3478//1
f 3480//1 3687//1 3479//1
f 3481//1 3688//1 3480//1
f 3482//843 3689//878 3481//805
f 3483//844 3690//879 3482//843
f 3484//844 3691//880 3483//844
f 3485//844 3692//880 3484//844
f 3486//844 3693//880 3485//844
f 3487//844 3694//880 3486//844
f 3488//845 3695//880 3487//844
f 3489//848 3696//881 3488//846
f 3490//1 3697//882 3489//848
f 3491//1 3698//1 3490//1
f 3492//1 3699//1 3491//1
f 3493//1 3700//1 3492//1
f 3494//1 3701//1 3493//1
f 3495//1 3702//1 3494//1
f 3496//1 3703//1 3495//1
f 3497//1 3704//1 3496//1
f 3498//1 3705//1 3497//1
f 3499//1 3706//1 3498//1
f 3500//1 3707//1 3499//1
f 3501//1 3708//1 3500//1
f 3502//1 3709//1 3501//1
f 3503//1 3710//1 3502//1
f 3504//1 3711//1 3503//1
f 3505//1 3713//1 3504//1
f 3506//1 3714//1 3505//1
f 3507//1 3715//1 3506//1
f 3508//1 3716//1 3507//1
f 3509//1 3717//1 3508//1
f 3510//1 3718//1 3509//1
f 3511//1 3719//1 3510//1
f 3512//1 3720//1 3511//1
f 3513//1 3721//1 3512//1
f 3514//1 3722//1 3513//1
f 3515//1 3723//1 3514//1
f 3516//1 3724//1 3515//1
f 3517//1 3725//1 3516//1
f 3518//1 3726//1 3517//1
f 3519//851 3727//883 3518//857
f 3520//852 3728//884 3519//851
f 3521//852 3729//885 3520//852
f 3522//852 3730//885 3521//852
f 3523//852 3731//885 3522//852
f 3524//852 3732//885 3523//852
f 3525//853 3733//885 3524//852
f 3526//856 3734//886 3525//960
f 3527//1 3735//868 3526//856
f 3528//1 3736//1 3527//1
f 3529//1 3737//1 3528//1
f 3530//1 3738//1 3529//1
f 3531//1 3739//1 3530//1
f 3532//1 3740//1 3531//1
f 3533//1 3741//1 3532//1
f 3534//1 3742//1 3533//1
f 3535//1 3743//1 3534//1
f 3536//1 3744//1 3535//1
f 3537//1 3745//1 3536//1
f 3538//1 3746//1 3537//1
f 3539//1 3748//1 3538//1
f 3540//1 3749//1 3539//1
f 3541//1 3750//1 3540//1
f 3542//1 3751//1 3541//1
f 3543//1 3752//1 3542//1
f 3544//1 3753//1 3543//1
f 3545//1 3754//1 3544//1
f 3546//1 3755//1 3545//1
f 3547//1 3756//1 3546//1
f 3548//1 3757//1 3547//1
f 3549//1 3758//1 3548//1
f 3550//1 3759//1 3549//1
f 3551//1 3760//1 3550//1
f 3552//859 3761//887 3551//821
f 3553//860 3762//888 3552//859
f 3554//860 3763//889 3553//860
f 3555//860 3764//889 3554//860
f 3556//860 3765//889 3555//860
f 3557//860 3766//889 3556//860
f 3558//860 3767//889 3557//860
f 3559//863 3768//890 3558//961
f 3560//1 3769//891 3559//863
f 3561//1 3770//1 3560//1
f 3562//1 3771//1 3561//1
f 3563//1 3772//1 3562//1
f 3564//1 3773//1 3563//1
f 3565//1 3774//1 3564//1
f 3566//1 3775//1 3565//1
f 3567//1 3776//1 3566//1
f 3568//1 3777//1 3567//1
f 3569//1 3778//1 3568//1
f 3570//1 3779//1 3569//1
f 3571//1 3780//1 3570//1
f 3368//1 3781//1 3571//1
f 3573//1 3783//1 3572//1
f 3574//1 3784//1 3573//1
f 3575//1 3785//1 3574//1
f 3576//1 3786//1 3575//1
f 3577//1 3787//1 3576//1
f 3578//1 3788//1 3577//1
f 3579//1 3789//1 3578//1
f 3580//1 3790//1 3579//1
f 3581//1 3791//1 3580//1
f 3582//1 3792//1 3581//1
f 3583//1 3793//1 3582//1
f 3584//1 3794//1 3583//1
f 3585//1 3795//1 3584//1
f 3586//828 3796//1 3585//1
f 3587//864 3797//868 3586//828
f 3588//865 3798//892 3587//864
f 3589//865 3799//892 3588//865
f 3590//865 3800//892 3589//865
f 3591//865 3801//892 3590//865
f 3592//865 3802//892 3591//865
f 3593//866 3803//892 3592//865
f 3594//867 3804//891 3593//866
f 3595//1 3805//1 3594//867
f 3596//1 3806//1 3595//1
f 3597//1 3807//1 3596//1
f 3598//1 3808//1 3597//1
f 3599//1 3809//1 3598//1
f 3600//1 3810//1 3599//1
f 3601//1 3811//1 3600//1
f 3602//1 3812//1 3601//1
f 3603//1 3813//1 3602//1
f 3604//1 3814//1 3603//1
f 3605//1 3815//1 3604//1
f 3606//1 3816//1 3605//1
f 3607//1 3817//1 3606//1
f 3608//1 3819//1 3607//1
f 3609//1 3820//1 3608//1
f 3610//1 3821//1 3609//1
f 3611//1 3822//1 3610//1
f 3612//1 3823//1 3611//1
f 3613//1 3824//1 3612//1
f 3614//1 3825//1 3613//1
f 3615//1 3826//1 3614//1
f 3616//1 3827//1 3615//1
f 3617//1 3828//1 3616//1
f 3618//1 3829//1 3617//1
f 3619//1 3830//1 3618//1
f 3620//868 3831//1 3619//1
f 3621//869 3832//891 3620//868
f 3622//870 3833//893 3621//869
f 3623//870 3834//893 3622//870
f 3624//870 3835//893 3623//870
f 3625//870 3836//893 3624//870
f 3626//870 3837//893 3625//870
f 3627//871 3838//893 3626//870
f 3628//872 3839//867 3627//871
f 3629//1 3840//1 3628//872
f 3630//1 3841//1 3629//1
f 3631//1 3842//1 3630//1
f 3632//1 3843//1 3631//1
f 3633//1 3844//1 3632//1
f 3634//1 3845//1 3633//1
f 3635//1 3846//1 3634//1
f 3636//1 3847//1 3635//1
f 3637//1 3848//1 3636//1
f 3638//1 3849//1 3637//1
f 3639//1 3850//1 3638//1
f 3640//1 3851//1 3639//1
f 3641//1 3852//1 3640//1
f 3642//1 3853//1 3641//1
f 3643//1 3855//1 3642//1
f 3644//1 3856//1 3643//1
f 3645//1 3857//1 3644//1
f 3646//1 3858//1 3645//1
f 3647//1 3859//1 3646//1
f 3648//1 3860//1 3647//1
f 3649//1 3861//1 3648//1
f 3650//1 3862//1 3649//1
f 3651//1 3863//1 3650//1
f 3652//1 3864//1 3651//1
f 3653//873 3865//1 3652//1
f 3654//874 3866//867 3653//873
f 3655//875 3867//894 3654//874
f 3656//875 3868//894 3655//875
f 3657//875 3869//894 3656//875
f 3658//875 3870//894 3657//875
f 3659//875 3871//894 3658//875
f 3660//876 3872//894 3659//875
f 3661//877 3873//895 3660//876
f 3662//1 3874//1 3661//877
f 3663//1 3875//1 3662//1
f 3664//1 3876//1 3663//1
f 3665//1 3877//1 3664//1
f 3666//1 3878//1 3665//1
f 3667//1 3879//1 3666//1
f 3668//1 3880//1 3667//1
f 3669//1 3881//1 3668//1
f 3670//1 3882//1 3669//1
f 3671//1 3883//1 3670//1
f 3672//1 3884//1 3671//1
f 3673//1 3885//1 3672//1
f 3674//1 3886//1 3673//1
f 3675//1 3887//1 3674//1
f 3676//1 3888//1 3675//1
f 3677//1 3889//1 3676//1
f 3678//1 3891//1 3677//1
f 3679//1 3892//1 3678//1
f 3680//1 3893//1 3679//1
f 3681//1 3894//1 3680//1
f 3682//1 3895//1 3681//1
f 3683//1 3896//1 3682//1
f 3684//1 3897//1 3683//1
f 3685//1 3898//1 3684//1
f 3686//1 3899//1 3685//1
f 3687//1 3900//1 3686//1
f 3688//1 3901//1 3687//1
f 3689//878 3902//1 3688//1
f 3690//879 3903//895 3689//878
f 3691//880 3904//896 3690//879
f 3692//880 3905//896 3691//880
f 3693//880 3906//896 3692//880
f 3694//880 3907//896 3693//880
f 3695//880 3908//896 3694//880
f 3696//881 3909//896 3695//880
f 3697//882 3910//877 3696//881
f 3698//1 3911//1 3697//882
f 3699//1 3912//1 3698//1
f 3700//1 3913//1 3699//1
f 3701//1 3914//1 3700//1
f 3702//1 3915//1 3701//1
f 3703//1 3916//1 3702//1
f 3704//1 3917//1 3703//1
f 3705//1 3918//1 3704//1
f 3706//1 3919//1 3705//1
f 3707//1 3920//1 3706//1
f 3708//1 3921//1 3707//1
f 3709//1 3922//1 3708//1
f 3710//1 3923//1 3709//1
f 3711//1 3924//1 3710//1
f 3712//1 3925//1 3711//1
f 3713//1 3927//1 3712//1
f 3714//1 3928//1 3713//1
f 3715//1 3929//1 3714//1
f 3716//1 3930//1 3715//1
f 3717//1 3931//1 3716//1
f 3718//1 3932//1 3717//1
f 3719//1 3933//1 3718//1
f 3720//1 3934//1 3719//1
f 3721//1 3935//1 3720//1
f 3722//1 3936//1 3721//1
f 3723//1 3937//1 3722//1
f 3724//1 3938//1 3723//1
f 3725//1 3939//1 3724//1
f 3726//1 3940//1 3725//1
f 3727//883 3941//1 3726//1
f 3728//884 3942//877 3727//883
f 3729//885 3943//897 3728//884
f 3730//885 3944//897 3729//885
f 3731//885 3945//897 3730//885
f 3732//885 3946//897 3731//885
f 3733//885 3947//897 3732//885
f 3734//886 3948//897 3733//885
f 3735//868 3949//882 3734//886
f 3736//1 3950//1 3735//868
f 3737//1 3951//1 3736//1
f 3738//1 3952//1 3737//1
f 3739//1 3953//1 3738//1
f 3740//1 3954//1 3739//1
f 3741//1 3955//1 3740//1
f 3742//1 3956//1 3741//1
f 3743//1 3957//1 3742//1
f 3744//1 3958//1 3743//1
f 3745//1 3959//1 3744//1
f 3746//1 3960//1 3745//1
f 3747//1 3961//1 3746//1
f 3748//1 3963//1 3747//1
f 3749//1 3964//1 3748//1
f 3750//1 3965//1 3749//1
f 3751//1 3966//1 3750//1
f 3752//1 3967//1 3751//1
f 3753//1 3968//1 3752//1
f 3754//1 3969//1 3753//1
f 3755//1 3970//1 3754//1
f 3756//1 3971//1 3755//1
f 3757//1 3972//1 3756//1
f 3758//1 3973//1 3757//1
f 3759//1 3974//1 3758//1
f 3760//1 3975//1 3759//1
f 3761//887 3976//1 3760//1
f 3762//888 3977//882 3761//887
f 3763//889 3978//898 3762//888
f 3764//889 3979//898 3763//889
f 3765//889 3980//898 3764//889
f 3766//889 3981//898 3765//889
f 3767//889 3982//898 3766//889
f 3768//890 3983//898 3767//889
f 3769//891 3984//868 3768//890
f 3770//1 3985//1 3769//891
f 3771//1 3986//1 3770//1
f 3772//1 3987//1 3771//1
f 3773//1 3988//1 3772//1
f 3774//1 3989//1 3773//1
f 3775//1 3990//1 3774//1
f 3776//1 3991//1 3775//1
f 3777//1 3992//1 3776//1
f 3778//1 3993//1 3777//1
f 3779//1 3994//1 3778//1
f 3780//1 3995//1 3779//1
f 3781//1 3996//1 3780//1
f 3572//1 3997//1 3781//1
f 3783//1 3999//1 3782//1
f 3784//1 4000//1 3783//1
f 3785//1 4001//1 3784//1
f 3786//1 4002//1 3785//1
f 3787//1 4003//1 3786//1
f 3788//1 4004//1 3787//1
f 3789//1 4005//1 3788//1
f 3790//1 4006//1 3789//1
f 3791//1 4007//1 3790//1
f 3792//1 4008//1 3791//1
f 3793//1 4009//1 3792//1
f 3794//1 4010//1 3793//1
f 3795//1 4011//1 3794//1
f 3796//1 4012//1 3795//1
f 3797//868 4013//1 3796//1
f 3798//892 4014//1 3797//868
f 3799//892 4015//1 3798//892
f 3800//892 4016//1 3799//892
f 3801//892 4017//1 3800//892
f 3802//892 4018//1 3801//892
f 3803//892 4019//1 3802//892
f 3804//891 4020//1 3803//892
f 3805//1 4021//1 3804//891
f 3806//1 4022//1 3805//1
f 3807//1 4023//1 3806//1
f 3808//1 4024//1 3807//1
f 3809//1 4025//1 3808//1
f 3810//1 4026//1 3809//1
f 3811//1 4027//1 3810//1
f 3812//1 4028//1 3811//1
f 3813//1 4029//1 3812//1
f 3814//1 4030//1 3813//1
f 3815//1 4031//1 3814//1
f 3816//1 4032//1 3815//1
f 3817//1 4033//1 3816//1
f 3818//1 4034//1 3817//1
f 3819//1 4036//1 3818//1
f 3820//1 4037//1 3819//1
f 3821//1 4038//1 3820//1
f 3822//1 4039//1 3821//1
f 3823//1 4040//1 3822//1
f 3824//1 4041//1 3823//1
f 3825//1 4042//1 3824//1
f 3826//1 4043//1 3825//1
f 3827//1 4044//1 3826//1
f 3828//1 4045//1 3827//1
f 3829//1 4046//1 3828//1
f 3830//1 4047//1 3829//1
f 3831//1 4048//1 3830//1
f 3832//891 4049//1 3831//1
f 3833//893 4050//1 3832//891
f 3834//893 4051//1 3833//893
f 3835//893 4052//1 3834//893
f 3836//893 4053//1 3835//893
f 3837//893 4054//1 3836//893
f 3838//893 4055//1 3837//893
f 3839//867 4056//1 3838//893
f 3840//1 4057//1 3839//867
f 3841//1 4058//1 3840//1
f 3842//1 4059//1 3841//1
f 3843//1 4060//1 3842//1
f 3844//1 4061//1 3843//1
f 3845//1 4062//1 3844//1
f 3846//1 4063//1 3845//1
f 3847//1 4064//1 3846//1
f 3848//1 4065//1 3847//1
f 3849//1 4066//1 3848//1
f 3850//1 4067//1 3849//1
f 3851//1 4068//1 3850//1
f 3852//1 4069//1 3851//1
f 3853//1 4070//1 3852//1
f 3854//1 4071//1 3853//1
f 3855//1 4073//1 3854//1
f 3856//1 4074//1 3855//1
f 3857//1 4075//1 3856//1
f 3858//1 4076//1 3857//1
f 3859//1 4077//1 3858//1
f 3860//1 4078//1 3859//1
f 3861//1 4079//1 3860//1
f 3862//1 4080//1 3861//1
f 3863//1 4081//1 3862//1
f 3864//1 4082//1 3863//1
f 3865//1 4083//1 3864//1
f 3866//867 4084//1 3865//1
f 3867//894 4085//1 3866//867
f 3868//894 4086//1 3867//894
f 3869//894 4087//1 3868//894
f 3870//894 4088//1 3869//894
f 3871//894 4089//1 3870//894
f 3872//894 4090//1 3871//894
f 3873//895 4091//1 3872//894
f 3874//1 4092//1 3873//895
f 3875//1 4093//1 3874//1
f 3876//1 4094//1 3875//1
f 3877//1 4095//1 3876//1
f 3878//1 4096//1 3877//1
f 3879//1 4097//1 3878//1
f 3880//1 4098//1 3879//1
f 3881//1 4099//1 3880//1
f 3882//1 4100//1 3881//1
f 3883//1 4101//1 3882//1
f 3884//1 4102//1 3883//1
f 3885//1 4103//1 3884//1
f 3886//1 4104//1 3885//1
f 3887//1 4105//1 3886//1
f 3888//1 4106//1 3887//1
f 3889//1 4107//1 3888//1
f 3890//1 4108//1 3889//1
f 3891//1 4110//1 3890//1
f 3892//1 4111//1 3891//1
f 3893//1 4112//1 3892//1
f 3894//1 4113//1 3893//1
f 3895//1 4114//1 3894//1
f 3896//1 4115//1 3895//1
f 3897//1 4116//1 3896//1
f 3898//1 4117//1 3897//1
f 3899//1 4118//1 3898//1
f 3900//1 4119//1 3899//1
f 3901//1 4120//1 3900//1
f 3902//1 4121//1 3901//1
f 3903//895 4122//1 3902//1
f 3904//896 4123//1 3903//895
f 3905//896 4124//1 3904//896
f 3906//896 4125//1 3905//896
f 3907//896 4126//1 3906//896
f 3908//896 4127//1 3907//896
f 3909//896 4128//1 3908//896
f 3910//877 4129//1 3909//896
f 3911//1 4130//1 3910//877
f 3912//1 4131//1 3911//1
f 3913//1 4132//1 3912//1
f 3914//1 4133//1 3913//1
f 3915//1 4134//1 3914//1
f 3916//1 4135//1 3915//1
f 3917//1 4136//1 3916//1
f 3918//1 4137//1 3917//1
f 3919//1 4138//1 3918//1
f 3920//1 4139//1 3919//1
f 3921//1 4140//1 3920//1
f 3922//1 4141//1 3921//1
f 3923//1 4142//1 3922//1
f 3924//1 4143//1 3923//1
f 3925//1 4144//1 3924//1
f 3926//1 4145//1 3925//1
f 3927//1 4147//1 3926//1
f 3928//1 4148//1 3927//1
f 3929//1 4149//1 3928//1
f 3930//1 4150//1 3929//1
f 3931//1 4151//1 3930//1
f 3932//1 4152//1 3931//1
f 3933//1 4153//1 3932//1
f 3934//1 4154//1 3933//1
f 3935//1 4155//1 3934//1
f 3936//1 4156//1 3935//1
f 3937//1 4157//1 3936//1
f 3938//1 4158//1 3937//1
f 3939//1 4159//1 3938//1
f 3940//1 4160//1 3939//1
f 3941//1 4161//1 3940//1
f 3942//877 4162//1 3941//1
f 3943//897 4163//1 3942//877
f 3944//897 4164//1 3943//897
f 3945//897 4165//1 3944//897
f 3946//897 4166//1 3945//897
f 3947//897 4167//1 3946//897
f 3948//897 4168//1 3947//897
f 3949//882 4169//1 3948//897
f 3950//1 4170//1 3949//882
f 3951//1 4171//1 3950//1
f 3952//1 4172//1 3951//1
f 3953//1 4173//1 3952//1
f 3954//1 4174//1 3953//1
f 3955//1 4175//1 3954//1
f 3956//1 4176//1 3955//1
f 3957//1 4177//1 3956//1
f 3958//1 4178//1 3957//1
f 3959//1 4179//1 3958//1
f 3960//1 4180//1 3959//1
f 3961//1 4181//1 3960//1
f 3962//1 4182//1 3961//1
f 3963//1 4184//1 3962//1
f 3964//1 4185//1 3963//1
f 3965//1 4186//1 3964//1
f 3966//1 4187//1 3965//1
f 3967//1 4188//1 3966//1
f 3968//1 4189//1 3967//1
f 3969//1 4190//1 3968//1
f 3970//1 4191//1 3969//1
f 3971//1 4192//1 3970//1
f 3972//1 4193//1 3971//1
f 3973//1 4194//1 3972//1
f 3974//1 4195//1 3973//1
f 3975//1 4196//1 3974//1
f 3976//1 4197//1 3975//1
f 3977//882 4198//1 3976//1
f 3978//898 4199//1 3977//882
f 3979//898 4200//1 3978//898
f 3980//898 4201//1 3979//898
f 3981//898 4202//1 3980//898
f 3982//898 4203//1 3981//898
f 3983//898 4204//1 3982//898
f 3984//868 4205//1 3983//898
f 3985//1 4206//1 3984//868
f 3986//1 4207//1 3985//1
f 3987//1 4208//1 3986//1
f 3988//1 4209//1 3987//1
f 3989//1 4210//1 3988//1
f 3990//1 4211//1 3989//1
f 3991//1 4212//1 3990//1
f 3992//1 4213//1 3991//1
f 3993//1 4214//1 3992//1
f 3994//1 4215//1 3993//1
f 3995//1 4216//1 3994//1
f 3996//1 4217//1 3995//1
f 3997//1 4218//1 3996//1
f 3782//1 4219//1 3997//1
f 3999//1 4221//1 3998//1
f 4000//1 4222//1 3999//1
f 4001//1 4223//1 4000//1
f 4002//1 4224//1 4001//1
f 4003//1 4225//1 4002//1
f 4004//1 4226//1 4003//1
f 4005//1 4227//1 4004//1
f 4006//1 4228//1 4005//1
f 4007//1 4229//1 4006//1
f 4008//1 4230//1 4007//1
f 4009//1 4231//1 4008//1
f 4010//1 4232//1 4009//1
f 4011//1 4233//1 4010//1
f 4012//1 4234//1 4011//1
f 4013//1 4235//1 4012//1
f 4014//1 4236//1 4013//1
f 4015//1 4237//1 4014//1
f 4016//1 4238//1 4015//1
f 4017//1 4239//1 4016//1
f 4018//1 4240//1 4017//1
f 4019//1 4241//1 4018//1
f 4020//1 4242//1 4019//1
f 4021//1 4243//1 4020//1
f 4022//1 4244//1 4021//1
f 4023//1 4245//1 4022//1
f 4024//1 4246//1 4023//1
f 4025//1 4247//1 4024//1
f 4026//1 4248//1 4025//1
f 4027//1 4249//1 4026//1
f 4028//1 4250//1 4027//1
f 4029//1 4251//1 4028//1
f 4030//1 4252//1 4029//1
f 4031//1 4253//1 4030//1
f 4032//1 4254//1 4031//1
f 4033//1 4255//1 4032//1
f 4034//1 4256//1 4033//1
f 4035//1 4257//1 4034//1
f 4036//1 4259//1 4035//1
f 4037//1 4260//1 4036//1
f 4038//1 4261//1 4037//1
f 4039//1 4262//1 4038//1
f 4040//1 4263//1 4039//1
f 4041//1 4264//1 4040//1
f 4042//1 4265//1 4041//1
f 4043//1 4266//1 4042//1
f 4044//1 4267//1 4043//1
f 4045//1 4268//1 4044//1
f 4046//1 4269//1 4045//1
f 4047//1 4270//1 4046//1
f 4048//1 4271//1 4047//1
f 4049//1 4272//1 4048//1
f 4050//1 4273//1 4049//1
f 4051//1 4274//1 4050//1
f 4052//1 4275//1 4051//1
f 4053//1 4276//1 4052//1
f 4054//1 4277//1 4053//1
f 4055//1 4278//1 4054//1
f 4056//1 4279//1 4055//1
f 4057//1 4280//1 4056//1
f 4058//1 4281//1 4057//1
f 4059//1 4282//1 4058//1
f 4060//1 4283//1 4059//1
f 4061//1 4284//1 4060//1
f 4062//1 4285//1 4061//1
f 4063//1 4286//1 4062//1
f 4064//1 4287//1 4063//1
f 4065//1 4288//1 4064//1
f 4066//1 4289//1 4065//1
f 4067//1 4290//1 4066//1
f 4068//1 4291//1 4067//1
f 4069//1 4292//1 4068//1
f 4070//1 4293//1 4069//1
f 4071//1 4294//1 4070//1
f 4072//1 4295//1 4071//1
f 4073//1 4297//1 4072//1
f 4074//1 4298//1 4073//1
f 4075//1 4299//1 4074//1
f 4076//1 4300//1 4075//1
f 4077//1 4301//1 4076//1
f 4078//1 4302//1 4077//1
f 4079//1 4303//1 4078//1
f 4080//1 4304//1 4079//1
f 4081//1 4305//1 4080//1
f 4082//1 4306//1 4081//1
f 4083//1 4307//1 4082//1
f 4084//1 4308//1 4083//1
f 4085//1 4309//1 4084//1
f 4086//1 4310//1 4085//1
f 4087//1 4311//1 4086//1
f 4088//1 4312//1 4087//1
f 4089//1 4313//1 4088//1
f 4090//1 4314//1 4089//1
f 4091//1 4315//1 4090//1
f 4092//1 4316//1 4091//1
f 4093//1 4317//1 4092//1
f 4094//1 4318//1 4093//1
f 4095//1 4319//1 4094//1
f 4096//1 4320//1 4095//1
f 4097//1 4321//1 4096//1
f 4098//1 4322//1 4097//1
f 4099//1 4323//1 4098//1
f 4100//1 4324//1 4099//1
f 4101//1 4325//1 4100//1
f 4102//1 4326//1 4101//1
f 4103//1 4327//1 4102//1
f 4104//1 4328//1 4103//1
f 4105//1 4329//1 4104//1
f 4106//1 4330//1 4105//1
f 4107//1 4331//1 4106//1
f 4108//1 4332//1 4107//1
f 4109//1 4333//1 4108//1
f 4110//1 4335//1 4109//1
f 4111//1 4336//1 4110//1
f 4112//1 4337//1 4111//1
f 4113//1 4338//1 4112//1
f 4114//1 4339//1 4113//1
f 4115//1 4340//1 4114//1
f 4116//1 4341//1 4115//1
f 4117//1 4342//1 4116//1
f 4118//1 4343//1 4117//1
f 4119//1 4344//1 4118//1
f 4120//1 4345//1 4119//1
f 4121//1 4346//1 4120//1
f 4122//1 4347//1 4121//1
f 4123//1 4348//1 4122//1
f 4124//1 4349//1 4123//1
f 4125//1 4350//1 4124//1
f 4126//1 4351//1 4125//1
f 4127//1 4352//1 4126//1
f 4128//1 4353//1 4127//1
f 4129//1 4354//1 4128//1
f 4130//1 4355//1 4129//1
f 4131//1 4356//1 4130//1
f 4132//1 4357//1 4131//1
f 4133//1 4358//1 4132//1
f 4134//1 4359//1 4133//1
f 4135//1 4360//1 4134//1
f 4136//1 4361//1 4135//1
f 4137//1 4362//1 4136//1
f 4138//1 4363//1 4137//1
f 4139//1 4364//1 4138//1
f 4140//1 4365//1 4139//1
f 4141//1 4366//1 4140//1
f 4142//1 4367//1 4141//1
f 4143//1 4368//1 4142//1
f 4144//1 4369//1 4143//1
f 4145//1 4370//1 4144//1
f 4146//1 4371//1 4145//1
f 4147//1 4373//1 4146//1
f 4148//1 4374//1 4147//1
f 4149//1 4375//1 4148//1
f 4150//1 4376//1 4149//1
f 4151//1 4377//1 4150//1
f 4152//1 4378//1 4151//1
f 4153//1 4379//1 4152//1
f 4154//1 4380//1 4153//1
f 4155//1 4381//1 4154//1
f 4156//1 4382//1 4155//1
f 4157//1 4383//1 4156//1
f 4158//1 4384//1 4157//1
f 4159//1 4385//1 4158//1
f 4160//1 4386//1 4159//1
f 4161//1 4387//1 4160//1
f 4162//1 4388//1 4161//1
f 4163//1 4389//1 4162//1
f 4164//1 4390//1 4163//1
f 4165//1 4391//1 4164//1
f 4166//1 4392//1 4165//1
f 4167//1 4393//1 4166//1
f 4168//1 4394//1 4167//1
f 4169//1 4395//1 4168//1
f 4170//1 4396//1 4169//1
f 4171//1 4397//1 4170//1
f 4172//1 4398//1 4171//1
f 4173//1 4399//1 4172//1
f 4174//1 4400//1 4173//1
f 4175//1 4401//1 4174//1
f 4176//1 4402//1 4175//1
f 4177//1 4403//1 4176//1
f 4178//1 4404//1 4177//1
f 4179//1 4405//1 4178//1
f 4180//1 4406//1 4179//1
f 4181//1 4407//1 4180//1
f 4182//1 4408//1 4181//1
f 4183//1 4409//1 4182//1
f 4184//1 4411//1 4183//1
f 4185//1 4412//1 4184//1
f 4186//1 4413//1 4185//1
f 4187//1 4414//1 4186//1
f 4188//1 4415//1 4187//1
f 4189//1 4416//1 4188//1
f 4190//1 4417//1 4189//1
f 4191//1 4418//1 4190//1
f 4192//1 4419//1 4191//1
f 4193//1 4420//1 4192//1
f 4194//1 4421//1 4193//1
f 4195//1 4422//1 4194//1
f 4196//1 4423//1 4195//1
f 4197//1 4424//1 4196//1
f 4198//1 4425//1 4197//1
f 4199//1 4426//1 4198//1
f 4200//1 4427//1 4199//1
f 4201//1 4428//1 4200//1
f 4202//1 4429//1 4201//1
f 4203//1 4430//1 4202//1
f 4204//1 4431//1 4203//1
f 4205//1 4432//1 4204//1
f 4206//1 4433//1 4205//1
f 4207//1 4434//1 4206//1
f 4208//1 4435//1 4207//1
f 4209//1 4436//1 4208//1
f 4210//1 4437//1 4209//1
f 4211//1 4438//1 4210//1
f 4212//1 4439//1 4211//1
f 4213//1 4440//1 4212//1
f 4214//1 4441//1 4213//1
f 4215//1 4442//1 4214//1
f 4216//1 4443//1 4215//1
f 4217//1 4444//1 4216//1
f 4218//1 4445//1 4217//1
f 4219//1 4446//1 4218//1
f 3998//1 4447//1 4219//1
f 4221//1 4449//1 4220//1
f 4222//1 4450//1 4221//1
f 4223//1 4451//1 4222//1
f 4224//1 4452//1 4223//1
f 4225//1 4453//1 4224//1
f 4226//1 4454//1 4225//1
f 4227//1 4455//1 4226//1
f 4228//1 4456//1 4227//1
f 4229//1 4457//1 4228//1
f 4230//1 4458//1 4229//1
f 4231//1 4459//1 4230//1
f 4232//1 4460//1 4231//1
f 4233//1 4461//1 4232//1
f 4234//1 4462//1 4233//1
f 4235//1 4463//1 4234//1
f 4236//1 4464//1 4235//1
f 4237//1 4465//1 4236//1
f 4238//1 4466//1 4237//1
f 4239//1 4467//1 4238//1
f 4240//1 4468//1 4239//1
f 4241//1 4469//1 4240//1
f 4242//1 4470//1 4241//1
f 4243//1 4471//1 4242//1
f 4244//1 4472//1 4243//1
f 4245//1 4473//1 4244//1
f 4246//1 4474//1 4245//1
f 4247//1 4475//1 4246//1
f 4248//1 4476//1 4247//1
f 4249//1 4477//1 4248//1
f 4250//1 4478//1 4249//1
f 4251//1 4479//1 4250//1
f 4252//1 4480//1 4251//1
f 4253//1 4481//1 4252//1
f 4254//1 4482//1 4253//1
f 4255//1 4483//1 4254//1
f 4256//1 4484//1 4255//1
f 4257//1 4485//1 4256//1
f 4258//1 4486//1 4257//1
f 4259//1 4488//1 4258//1
f 4260//1 4489//1 4259//1
f 4261//1 4490//1 4260//1
f 4262//1 4491//1 4261//1
f 4263//1 4492//1 4262//1
f 4264//1 4493//1 4263//1
f 4265//1 4494//1 4264//1
f 4266//1 4495//1 4265//1
f 4267//1 4496//1 4266//1
f 4268//1 4497//1 4267//1
f 4269//1 4498//1 4268//1
f 4270//1 4499//1 4269//1
f 4271//1 4500//1 4270//1
f 4272//1 4501//1 4271//1
f 4273//1 4502//1 4272//1
f 4274//1 4503//1 4273//1
f 4275//1 4504//1 4274//1
f 4276//1 4505//1 4275//1
f 4277//1 4506//1 4276//1
f 4278//1 4507//1 4277//1
f 4279//1 4508//1 4278//1
f 4280//1 4509//1 4279//1
f 4281//1 4510//1 4280//1
f 4282//1 4511//1 4281//1
f 4283//1 4512//1 4282//1
f 4284//1 4513//1 4283//1
f 4285//1 4514//1 4284//1
f 4286//1 4515//1 4285//1
f 4287//1 4516//1 4286//1
f 4288//1 4517//1 4287//1
f 4289//1 4518//1 4288//1
f 4290//1 4519//1 4289//1
f 4291//1 4520//1 4290//1
f 4292//1 4521//1 4291//1
f 4293//1 4522//1 4292//1
f 4294//1 4523//1 4293//1
f 4295//1 4524//1 4294//1
f 4296//1 4525//1 4295//1
f 4297//1 4527//1 4296//1
f 4298//1 4528//1 4297//1
f 4299//1 4529//1 4298//1
f 4300//1 4530//1 4299//1
f 4301//1 4531//1 4300//1
f 4302//1 4532//1 4301//1
f 4303//1 4533//1 4302//1
f 4304//1 4534//1 4303//1
f 4305//1 4535//1 4304//1
f 4306//1 4536//1 4305//1
f 4307//1 4537//1 4306//1
f 4308//1 4538//1 4307//1
f 4309//1 4539//1 4308//1
f 4310//1 4540//1 4309//1
f 4311//1 4541//1 4310//1
f 4312//1 4542//1 4311//1
f 4313//1 4543//1 4312//1
f 4314//1 4544//1 4313//1
f 4315//1 4545//1 4314//1
f 4316//1 4546//1 4315//1
f 4317//1 4547//1 4316//1
f 4318//1 4548//1 4317//1
f 4319//1 4549//1 4318//1
f 4320//1 4550//1 4319//1
f 4321//1 4551//1 4320//1
f 4322//1 4552//1 4321//1
f 4323//1 4553//1 4322//1
f 4324//1 4554//1 4323//1
f 4325//1 4555//1 4324//1
f 4326//1 4556//1 4325//1
f 4327//1 4557//1 4326//1
f 4328//1 4558//1 4327//1
f 4329//1 4559//1 4328//1
f 4330//1 4560//1 4329//1
f 4331//1 4561//1 4330//1
f 4332//1 4562//1 4331//1
f 4333//1 4563//1 4332//1
f 4334//1 4564//1 4333//1
f 4335//1 4566//1 4334//1
f 4336//1 4567//1 4335//1
f 4337//1 4568//1 4336//1
f 4338//1 4569//1 4337//1
f 4339//1 4570//1 4338//1
f 4340//1 4571//1 4339//1
f 4341//1 4572//1 4340//1
f 4342//1 4573//1 4341//1
f 4343//1 4574//1 4342//1
f 4344//1 4575//1 4343//1
f 4345//1 4576//1 4344//1
f 4346//1 4577//1 4345//1
f 4347//1 4578//1 4346//1
f 4348//1 4579//1 4347//1
f 4349//1 4580//1 4348//1
f 4350//1 4581//1 4349//1
f 4351//1 4582//1 4350//1
f 4352//1 4583//1 4351//1
f 4353//1 4584//1 4352//1
f 4354//1 4585//1 4353//1
f 4355//1 4586//1 4354//1
f 4356//1 4587//1 4355//1
f 4357//1 4588//1 4356//1
f 4358//1 4589//1 4357//1
f 4359//1 4590//1 4358//1
f 4360//1 4591//1 4359//1
f 4361//1 4592//1 4360//1
f 4362//1 4593//1 4361//1
f 4363//1 4594//1 4362//1
f 4364//1 4595//1 4363//1
f 4365//1 4596//1 4364//1
f 4366//1 4597//1 4365//1
f 4367//1 4598//1 4366//1
f 4368//1 4599//1 4367//1
f 4369//1 4600//1 4368//1
f 4370//1 4601//1 4369//1
f 4371//1 4602//1 4370//1
f 4372//1 4603//1 4371//1
f 4373//1 4605//1 4372//1
f 4374//1 4606//1 4373//1
f 4375//1 4607//1 4374//1
f 4376//1 4608//1 4375//1
f 4377//1 4609//1 4376//1
f 4378//1 4610//1 4377//1
f 4379//1 4611//1 4378//1
f 4380//1 4612//1 4379//1
f 4381//1 4613//1 4380//1
f 4382//1 4614//1 4381//1
f 4383//1 4615//1 4382//1
f 4384//1 4616//1 4383//1
f 4385//1 4617//1 4384//1
f 4386//1 4618//1 4385//1
f 4387//1 4619//1 4386//1
f 4388//1 4620//1 4387//1
f 4389//1 4621//1 4388//1
f 4390//1 4622//1 4389//1
f 4391//1 4623//1 4390//1
f 4392//1 4624//1 4391//1
f 4393//1 4625//1 4392//1
f 4394//1 4626//1 4393//1
f 4395//1 4627//1 4394//1
f 4396//1 4628//1 4395//1
f 4397//1 4629//1 4396//1
f 4398//1 4630//1 4397//1
f 4399//1 4631//1 4398//1
f 4400//1 4632//1 4399//1
f 4401//1 4633//1 4400//1
f 4402//1 4634//1 4401//1
f 4403//1 4635//1 4402//1
f 4404//1 4636//1 4403//1
f 4405//1 4637//1 4404//1
f 4406//1 4638//1 4405//1
f 4407//1 4639//1 4406//1
f 4408//1 4640//1 4407//1
f 4409//1 4641//1 4408//1
f 4410//1 4642//1 4409//1
f 4411//1 4644//1 4410//1
f 4412//1 4645//1 4411//1
f 4413//1 4646//1 4412//1
f 4414//1 4647//1 4413//1
f 4415//1 4648//1 4414//1
f 4416//1 4649//1 4415//1
f 4417//1 4650//1 4416//1
f 4418//1 4651//1 4417//1
f 4419//1 4652//1 4418//1
f 4420//1 4653//1 4419//1
f 4421//1 4654//1 4420//1
f 4422//1 4655//1 4421//1
f 4423//1 4656//1 4422//1
f 4424//1 4657//1 4423//1
f 4425//1 4658//1 4424//1
f 4426//1 4659//1 4425//1
f 4427//1 4660//1 4426//1
f 4428//1 4661//1 4427//1
f 4429//1 4662//1 4428//1
f 4430//1 4663//1 4429//1
f 4431//1 4664//1 4430//1
f 4432//1 4665//1 4431//1
f 4433//1 4666//1 4432//1
f 4434//1 4667//1 4433//1
f 4435//1 4668//1 4434//1
f 4436//1 4669//1 4435//1
f 4437//1 4670//1 4436//1
f 4438//1 4671//1 4437//1
f 4439//1 4672//1 4438//1
f 4440//1 4673//1 4439//1
f 4441//1 4674//1 4440//1
f 4442//1 4675//1 4441//1
f 4443//1 4676//1 4442//1
f 4444//1 4677//1 4443//1
f 4445//1 4678//1 4444//1
f 4446//1 4679//1 4445//1
f 4447//1 4680//1 4446//1
f 4220//1 4681//1 4447//1
f 4449//1 4683//1 4448//1
f 4450//1 4684//1 4449//1
f 4451//1 4685//1 4450//1
f 4452//1 4686//1 4451//1
f 4453//1 4687//1 4452//1
f 4454//1 4688//1 4453//1
f 4455//1 4689//1 4454//1
f 4456//1 4690//1 4455//1
f 4457//1 4691//1 4456//1
f 4458//1 4692//1 4457//1
f 4459//1 4693//1 4458//1
f 4460//1 4694//1 4459//1
f 4461//1 4695//1 4460//1
f 4462//1 4696//1 4461//1
f 4463//1 4697//1 4462//1
f 4464//1 4698//1 4463//1
f 4465//1 4699//1 4464//1
f 4466//1 4700//1 4465//1
f 4467//1 4701//1 4466//1
f 4468//1 4702//1 4467//1
f 4469//1 4703//1 4468//1
f 4470//1 4704//1 4469//1
f 4471//1 4705//1 4470//1
f 4472//1 4706//1 4471//1
f 4473//1 4707//1 4472//1
f 4474//1 4708//1 4473//1
f 4475//1 4709//1 4474//1
f 4476//1 4710//1 4475//1
f 4477//1 4711//1 4476//1
f 4478//1 4712//1 4477//1
f 4479//1 4713//1 4478//1
f 4480//1 4714//1 4479//1
f 4481//1 4715//1 4480//1
f 4482//1 4716//1 4481//1
f 4483//1 4717//1 4482//1
f 4484//1 4718//1 4483//1
f 4485//1 4719//1 4484//1
f 4486//1 4720//1 4485//1
f 4487//1 4721//1 4486//1
f 4488//1 4723//1 4487//1
f 4489//1 4724//1 4488//1
f 4490//1 4725//1 4489//1
f 4491//1 4726//1 4490//1
f 4492//1 4727//1 4491//1
f 4493//1 4728//1 4492//1
f 4494//1 4729//1 4493//1
f 4495//1 4730//1 4494//1
f 4496//1 4731//1 4495//1
f 4497//1 4732//1 4496//1
f 4498//1 4733//1 4497//1
f 4499//1 4734//1 4498//1
f 4500//1 4735//1 4499//1
f 4501//1 4736//1 4500//1
f 4502//1 4737//1 4501//1
f 4503//1 4738//1 4502//1
f 4504//1 4739//1 4503//1
f 4505//1 4740//1 4504//1
f 4506//1 4741//1 4505//1
f 4507//1 4742//1 4506//1
f 4508//1 4743//1 4507//1
f 4509//1 4744//1 4508//1
f 4510//1 4745//1 4509//1
f 4511//1 4746//1 4510//1
f 4512//1 4747//1 4511//1
f 4513//1 4748//1 4512//1
f 4514//1 4749//1 4513//1
f 4515//1 4750//1 4514//1
f 4516//1 4751//1 4515//1
f 4517//1 4752//1 4516//1
f 4518//1 4753//1 4517//1
f 4519//1 4754//1 4518//1
f 4520//1 4755//1 4519//1
f 4521//1 4756//1 4520//1
f 4522//1 4757//1 4521//1
f 4523//1 4758//1 4522//1
f 4524//1 4759//1 4523//1
f 4525//1 4760//1 4524//1
f 4526//1 4761//1 4525//1
f 4527//1 4763//1 4526//1
f 4528//1 4764//1 4527//1
f 4529//1 4765//1 4528//1
f 4530//1 4766//1 4529//1
f 4531//1 4767//1 4530//1
f 4532//1 4768//1 4531//1
f 4533//1 4769//1 4532//1
f 4534//1 4770//1 4533//1
f 4535//1 4771//1 4534//1
f 4536//1 4772//1 4535//1
f 4537//1 4773//1 4536//1
f 4538//1 4774//1 4537//1
f 4539//1 4775//1 4538//1
f 4540//1 4776//1 4539//1
f 4541//1 4777//1 4540//1
f 4542//1 4778//1 4541//1
f 4543//1 4779//1 4542//1
f 4544//1 4780//1 4543//1
f 4545//1 4781//1 4544//1
f 4546//1 4782//1 4545//1
f 4547//1 4783//1 4546//1
f 4548//1 4784//1 4547//1
f 4549//1 4785//1 4548//1
f 4550//1 4786//1 4549//1
f 4551//1 4787//1 4550//1
f 4552//1 4788//1 4551//1
f 4553//1 4789//1 4552//1
f 4554//1 4790//1 4553//1
f 4555//1 4791//1 4554//1
f 4556//1 4792//1 4555//1
f 4557//1 4793//1 4556//1
f 4558//1 4794//1 4557//1
f 4559//1 4795//1 4558//1
f 4560//1 4796//1 4559//1
f 4561//1 4797//1 4560//1
f 4562//1 4798//1 4561//1
f 4563//1 4799//1 4562//1
f 4564//1 4800//1 4563//1
f 4565//1 4801//1 4564//1
f 4566//1 4803//1 4565//1
f 4567//1 4804//1 4566//1
f 4568//1 4805//1 4567//1
f 4569//1 4806//1 4568//1
f 4570//1 4807//1 4569//1
f 4571//1 4808//1 4570//1
f 4572//1 4809//1 4571//1
f 4573//1 4810//1 4572//1
f 4574//1 4811//1 4573//1
f 4575//1 4812//1 4574//1
f 4576//1 4813//1 4575//1
f 4577//1 4814//1 4576//1
f 4578//1 4815//1 4577//1
f 4579//1 4816//1 4578//1
f 4580//1 4817//1 4579//1
f 4581//1 4818//1 4580//1
f 4582//1 4819//1 4581//1
f 4583//1 4820//1 4582//1
f 4584//1 4821//1 4583//1
f 4585//1 4822//1 4584//1
f 4586//1 4823//1 4585//1
f 4587//1 4824//1 4586//1
f 4588//1 4825//1 4587//1
f 4589//1 4826//1 4588//1
f 4590//1 4827//1 4589//1
f 4591//1 4828//1 4590//1
f 4592//1 4829//1 4591//1
f 4593//1 4830//1 4592//1
f 4594//1 4831//1 4593//1
f 4595//1 4832//1 4594//1
f 4596//1 4833//1 4595//1
f 4597//1 4834//1 4596//1
f 4598//1 4835//1 4597//1
f 4599//1 4836//1 4598//1
f 4600//1 4837//1 4599//1
f 4601//1 4838//1 4600//1
f 4602//1 4839//1 4601//1
f 4603//1 4840//1 4602//1
f 4604//1 4841//1 4603//1
f 4605//1 4843//1 4604//1
f 4606//1 4844//1 4605//1
f 4607//1 4845//1 4606//1
f 4608//1 4846//1 4607//1
f 4609//1 4847//1 4608//1
f 4610//1 4848//1 4609//1
f 4611//1 4849//1 4610//1
f 4612//1 4850//1 4611//1
f 4613//1 4851//1 4612//1
f 4614//1 4852//1 4613//1
f 4615//1 4853//1 4614//1
f 4616//1 4854//1 4615//1
f 4617//1 4855//1 4616//1
f 4618//1 4856//1 4617//1
f 4619//1 4857//1 4618//1
f 4620//1 4858//1 4619//1
f 4621//1 4859//1 4620//1
f 4622//1 4860//1 4621//1
f 4623//1 4861//1 4622//1
f 4624//1 4862//1 4623//1
f 4625//1 4863//1 4624//1
f 4626//1 4864//1 4625//1
f 4627//1 4865//1 4626//1
f 4628//1 4866//1 4627//1
f 4629//1 4867//1 4628//1
f 4630//1 4868//1 4629//1
f 4631//1 4869//1 4630//1
f 4632//1 4870//1 4631//1
f 4633//1 4871//1 4632//1
f 4634//1 4872//1 4633//1
f 4635//1 4873//1 4634//1
f 4636//1 4874//1 4635//1
f 4637//1 4875//1 4636//1
f 4638//1 4876//1 4637//1
f 4639//1 4877//1 4638//1
f 4640//1 4878//1 4639//1
f 4641//1 4879//1 4640//1
f 4642//1 4880//1 4641//1
f 4643//1 4881//1 4642//1
f 4644//1 4883//1 4643//1
f 4645//1 4884//1 4644//1
f 4646//1 4885//1 4645//1
f 4647//1 4886//1 4646//1
f 4648//1 4887//1 4647//1
f 4649//1 4888//1 4648//1
f 4650//1 4889//1 4649//1
f 4651//1 4890//1 4650//1
f 4652//1 4891//1 4651//1
f 4653//1 4892//1 4652//1
f 4654//1 4893//1 4653//1
f 4655//1 4894//1 4654//1
f 4656//1 4895//1 4655//1
f 4657//1 4896//1 4656//1
f 4658//1 4897//1 4657//1
f 4659//1 4898//1 4658//1
f 4660//1 4899//1 4659//1
f 4661//1 4900//1 4660//1
f 4662//1 4901//1 4661//1
f 4663//1 4902//1 4662//1
f 4664//1 4903//1 4663//1
f 4665//1 4904//1 4664//1
f 4666//1 4905//1 4665//1
f 4667//1 4906//1 4666//1
f 4668//1 4907//1 4667//1
f 4669//1 4908//1 4668//1
f 4670//1 4909//1 4669//1
f 4671//1 4910//1 4670//1
f 4672//1 4911//1 4671//1
f 4673//1 4912//1 4672//1
f 4674//1 4913//1 4673//1
f 4675//1 4914//1 4674//1
f 4676//1 4915//1 4675//1
f 4677//1 4916//1 4676//1
f 4678//1 4917//1 4677//1
f 4679//1 4918//1 4678//1
f 4680//1 4919//1 4679//1
f 4681//1 4920//1 4680//1
f 4448//1 4921//1 4681//1
