# Blender 4.5.5 LTS
# www.blender.org
o plain
v 0.000000 0.170000 0.000000
v 0.000000 0.170000 -0.100000
v 0.086603 0.170000 -0.050000
v 0.086603 0.170000 0.050000
v 0.000000 0.170000 0.100000
v -0.086603 0.170000 0.050000
v -0.086603 0.170000 -0.050000
v 0.000000 0.170000 -0.200000
v 0.086603 0.170000 -0.150000
v 0.173205 0.170000 -0.100000
v 0.173205 0.170000 -0.000000
v 0.173205 0.170000 0.100000
v 0.086603 0.170000 0.150000
v 0.000000 0.170000 0.200000
v -0.086603 0.170000 0.150000
v -0.173205 0.170000 0.100000
v -0.173205 0.170000 0.000000
v -0.173205 0.170000 -0.100000
v -0.086603 0.170000 -0.150000
v 0.000000 0.170000 -0.300000
v 0.086603 0.170000 -0.250000
v 0.173205 0.170000 -0.200000
v 0.259808 0.170000 -0.150000
v 0.259808 0.170000 -0.050000
v 0.259808 0.170000 0.050000
v 0.259808 0.170000 0.150000
v 0.173205 0.170000 0.200000
v 0.086603 0.170000 0.250000
v 0.000000 0.170000 0.300000
v -0.086603 0.170000 0.250000
v -0.173205 0.170000 0.200000
v -0.259808 -0.085000 0.150000
v -0.259808 -0.085000 0.050000
v -0.259808 -0.085000 -0.050000
v -0.259808 -0.085000 -0.150000
v -0.173205 0.170000 -0.200000
v -0.086603 0.170000 -0.250000
v 0.000000 0.170000 -0.400000
v 0.086603 0.170000 -0.350000
v 0.173205 0.170000 -0.300000
v 0.259808 0.170000 -0.250000
v 0.346410 0.170000 -0.200000
v 0.346410 0.170000 -0.100000
v 0.346410 0.170000 -0.000000
v 0.346410 0.170000 0.100000
v 0.346410 0.170000 0.200000
v 0.259808 0.170000 0.250000
v 0.173205 0.170000 0.300000
v 0.086603 0.170000 0.350000
v 0.000000 0.170000 0.400000
v -0.086603 0.170000 0.350000
v -0.173205 0.170000 0.300000
v -0.259808 -0.085000 0.250000
v -0.346410 -0.085000 0.200000
v -0.346410 -0.085000 0.100000
v -0.346410 -0.085000 0.000000
v -0.346410 -0.085000 -0.100000
v -0.346410 -0.085000 -0.200000
v -0.259808 -0.085000 -0.250000
v -0.173205 0.170000 -0.300000
v -0.086603 0.170000 -0.350000
v 0.000000 0.170000 -0.500000
v 0.086603 0.170000 -0.450000
v 0.173205 0.170000 -0.400000
v 0.259808 0.170000 -0.350000
v 0.346410 0.170000 -0.300000
v 0.433013 0.170000 -0.250000
v 0.433013 0.170000 -0.150000
v 0.433013 0.170000 -0.050000
v 0.433013 0.170000 0.050000
v 0.433013 0.170000 0.150000
v 0.433013 0.170000 0.250000
v 0.346410 0.170000 0.300000
v 0.259808 0.170000 0.350000
v 0.173205 0.170000 0.400000
v 0.086603 0.170000 0.450000
v 0.000000 0.170000 0.500000
v -0.086603 0.170000 0.450000
v -0.173205 -0.085000 0.400000
v -0.259808 -0.085000 0.350000
v -0.346410 -0.085000 0.300000
v -0.433013 -0.085000 0.250000
v -0.433013 -0.085000 0.150000
v -0.433013 -0.085000 0.050000
v -0.433013 -0.085000 -0.050000
v -0.433013 -0.085000 -0.150000
v -0.433013 -0.085000 -0.250000
v -0.346410 -0.085000 -0.300000
v -0.259808 -0.085000 -0.350000
v -0.173205 0.170000 -0.400000
v -0.086603 0.170000 -0.450000
v 0.000000 0.170000 -0.600000
v 0.086603 0.170000 -0.550000
v 0.173205 0.170000 -0.500000
v 0.259808 0.170000 -0.450000
v 0.346410 0.170000 -0.400000
v 0.433013 0.170000 -0.350000
v 0.519615 0.170000 -0.300000
v 0.519615 0.170000 -0.200000
v 0.519615 0.170000 -0.100000
v 0.519615 0.170000 -0.000000
v 0.519615 0.170000 0.100000
v 0.519615 0.170000 0.200000
v 0.519615 0.170000 0.300000
v 0.433013 0.170000 0.350000
v 0.346410 0.170000 0.400000
v 0.259808 0.170000 0.450000
v 0.173205 0.170000 0.500000
v 0.086603 0.170000 0.550000
v 0.000000 0.170000 0.600000
v -0.086603 0.170000 0.550000
v -0.173205 -0.085000 0.500000
v -0.259808 -0.085000 0.450000
v -0.346410 -0.085000 0.400000
v -0.433013 -0.085000 0.350000
v -0.519615 -0.085000 0.300000
v -0.519615 -0.085000 0.200000
v -0.519615 -0.085000 0.100000
v -0.519615 -0.085000 0.000000
v -0.519615 -0.085000 -0.100000
v -0.519615 -0.085000 -0.200000
v -0.519615 -0.085000 -0.300000
v -0.433013 -0.085000 -0.350000
v -0.346410 -0.085000 -0.400000
v -0.259808 -0.085000 -0.450000
v -0.173205 0.170000 -0.500000
v -0.086603 0.170000 -0.550000
v 0.000000 0.170000 -0.700000
v 0.086603 0.170000 -0.650000
v 0.173205 0.170000 -0.600000
v 0.259808 0.170000 -0.550000
v 0.346410 0.170000 -0.500000
v 0.433013 0.170000 -0.450000
v 0.519615 0.170000 -0.400000
v 0.606218 0.170000 -0.350000
v 0.606218 0.170000 -0.250000
v 0.606218 0.170000 -0.150000
v 0.606218 0.170000 -0.050000
v 0.606218 0.170000 0.050000
v 0.606218 0.170000 0.150000
v 0.606218 0.170000 0.250000
v 0.606218 0.170000 0.350000
v 0.519615 0.170000 0.400000
v 0.433013 0.170000 0.450000
v 0.346410 0.170000 0.500000
v 0.259808 0.170000 0.550000
v 0.173205 0.170000 0.600000
v 0.086603 0.170000 0.650000
v 0.000000 0.170000 0.700000
v -0.086603 -0.085000 0.650000
v -0.173205 -0.085000 0.600000
v -0.259808 -0.085000 0.550000
v -0.346410 -0.085000 0.500000
v -0.433013 -0.085000 0.450000
v -0.519615 -0.085000 0.400000
v -0.606218 -0.085000 0.350000
v -0.606218 -0.085000 0.250000
v -0.606218 -0.085000 0.150000
v -0.606218 -0.085000 0.050000
v -0.606218 -0.085000 -0.050000
v -0.606218 -0.085000 -0.150000
v -0.606218 -0.085000 -0.250000
v -0.606218 -0.085000 -0.350000
v -0.519615 -0.085000 -0.400000
v -0.433013 -0.085000 -0.450000
v -0.346410 -0.085000 -0.500000
v -0.259808 -0.085000 -0.550000
v -0.173205 -0.085000 -0.600000
v -0.086603 0.170000 -0.650000
v 0.000000 0.170000 -0.800000
v 0.086603 0.170000 -0.750000
v 0.173205 0.170000 -0.700000
v 0.259808 0.170000 -0.650000
v 0.346410 0.170000 -0.600000
v 0.433013 0.170000 -0.550000
v 0.519615 0.170000 -0.500000
v 0.606218 0.170000 -0.450000
v 0.692820 0.170000 -0.400000
v 0.692820 0.170000 -0.300000
v 0.692820 0.170000 -0.200000
v 0.692820 0.170000 -0.100000
v 0.692820 0.170000 -0.000000
v 0.692820 0.170000 0.100000
v 0.692820 0.170000 0.200000
v 0.692820 0.170000 0.300000
v 0.692820 0.170000 0.400000
v 0.606218 0.170000 0.450000
v 0.519615 0.170000 0.500000
v 0.433013 0.170000 0.550000
v 0.346410 0.170000 0.600000
v 0.259808 0.170000 0.650000
v 0.173205 0.170000 0.700000
v 0.086603 0.170000 0.750000
v 0.000000 0.170000 0.800000
v -0.086603 -0.085000 0.750000
v -0.173205 -0.085000 0.700000
v -0.259808 -0.085000 0.650000
v -0.346410 -0.085000 0.600000
v -0.433013 -0.085000 0.550000
v -0.519615 -0.085000 0.500000
v -0.606218 -0.085000 0.450000
v -0.692820 -0.085000 0.400000
v -0.692820 -0.085000 0.300000
v -0.692820 -0.085000 0.200000
v -0.692820 -0.085000 0.100000
v -0.692820 -0.085000 0.000000
v -0.692820 -0.085000 -0.100000
v -0.692820 -0.085000 -0.200000
v -0.692820 -0.085000 -0.300000
v -0.692820 -0.085000 -0.400000
v -0.606218 -0.085000 -0.450000
v -0.519615 -0.085000 -0.500000
v -0.433013 -0.085000 -0.550000
v -0.346410 -0.085000 -0.600000
v -0.259808 -0.085000 -0.650000
v -0.173205 -0.085000 -0.700000
v -0.086603 0.170000 -0.750000
v 0.000000 0.170000 -0.900000
v 0.086603 0.170000 -0.850000
v 0.173205 0.170000 -0.800000
v 0.259808 0.170000 -0.750000
v 0.346410 0.170000 -0.700000
v 0.433013 0.170000 -0.650000
v 0.519615 0.170000 -0.600000
v 0.606218 0.170000 -0.550000
v 0.692820 0.170000 -0.500000
v 0.779423 0.170000 -0.450000
v 0.779423 0.170000 -0.350000
v 0.779423 0.170000 -0.250000
v 0.779423 0.170000 -0.150000
v 0.779423 0.170000 -0.050000
v 0.779423 0.170000 0.050000
v 0.779423 0.170000 0.150000
v 0.779423 0.170000 0.250000
v 0.779423 0.170000 0.350000
v 0.779423 0.170000 0.450000
v 0.692820 0.170000 0.500000
v 0.606218 0.170000 0.550000
v 0.519615 0.170000 0.600000
v 0.433013 0.170000 0.650000
v 0.346410 0.170000 0.700000
v 0.259808 0.170000 0.750000
v 0.173205 0.170000 0.800000
v 0.086603 0.170000 0.850000
v 0.000000 0.170000 0.900000
v -0.086603 -0.085000 0.850000
v -0.173205 -0.085000 0.800000
v -0.259808 -0.085000 0.750000
v -0.346410 -0.085000 0.700000
v -0.433013 -0.085000 0.650000
v -0.519615 -0.085000 0.600000
v -0.606218 -0.085000 0.550000
v -0.692820 0.170000 0.500000
v -0.779423 0.170000 0.450000
v -0.779423 0.170000 0.350000
v -0.779423 0.170000 0.250000
v -0.779423 0.170000 0.150000
v -0.779423 0.170000 0.050000
v -0.779423 -0.085000 -0.050000
v -0.779423 -0.085000 -0.150000
v -0.779423 -0.085000 -0.250000
v -0.779423 0.170000 -0.350000
v -0.779423 0.170000 -0.450000
v -0.692820 -0.085000 -0.500000
v -0.606218 -0.085000 -0.550000
v -0.519615 -0.085000 -0.600000
v -0.433013 -0.085000 -0.650000
v -0.346410 -0.085000 -0.700000
v -0.259808 -0.085000 -0.750000
v -0.173205 -0.085000 -0.800000
v -0.086603 -0.085000 -0.850000
v 0.000000 -0.085000 -1.000000
v 0.086603 0.170000 -0.950000
v 0.173205 0.170000 -0.900000
v 0.259808 0.170000 -0.850000
v 0.346410 0.170000 -0.800000
v 0.433013 0.170000 -0.750000
v 0.519615 0.170000 -0.700000
v 0.606218 0.170000 -0.650000
v 0.692820 0.170000 -0.600000
v 0.779423 0.170000 -0.550000
v 0.866025 0.170000 -0.500000
v 0.866025 0.170000 -0.400000
v 0.866025 0.170000 -0.300000
v 0.866025 0.170000 -0.200000
v 0.866025 0.170000 -0.100000
v 0.866025 0.170000 -0.000000
v 0.866025 0.170000 0.100000
v 0.866025 0.170000 0.200000
v 0.866025 0.170000 0.300000
v 0.866025 0.170000 0.400000
v 0.866025 0.170000 0.500000
v 0.779423 0.170000 0.550000
v 0.692820 0.170000 0.600000
v 0.606218 0.170000 0.650000
v 0.519615 0.170000 0.700000
v 0.433013 0.170000 0.750000
v 0.346410 0.170000 0.800000
v 0.259808 0.170000 0.850000
v 0.173205 0.170000 0.900000
v 0.086603 0.170000 0.950000
v 0.000000 -0.085000 1.000000
v -0.086603 -0.085000 0.950000
v -0.173205 -0.085000 0.900000
v -0.259808 -0.085000 0.850000
v -0.346410 -0.085000 0.800000
v -0.433013 -0.085000 0.750000
v -0.519615 -0.085000 0.700000
v -0.606218 -0.085000 0.650000
v -0.692820 0.170000 0.600000
v -0.779423 0.170000 0.550000
v -0.866025 0.170000 0.500000
v -0.866025 0.170000 0.400000
v -0.866025 0.170000 0.300000
v -0.866025 0.170000 0.200000
v -0.866025 0.170000 0.100000
v -0.866025 0.170000 0.000000
v -0.866025 0.170000 -0.100000
v -0.866025 0.170000 -0.200000
v -0.866025 0.170000 -0.300000
v -0.866025 0.170000 -0.400000
v -0.866025 0.170000 -0.500000
v -0.779423 0.170000 -0.550000
v -0.692820 0.170000 -0.600000
v -0.606218 -0.085000 -0.650000
v -0.519615 -0.085000 -0.700000
v -0.433013 -0.085000 -0.750000
v -0.346410 -0.085000 -0.800000
v -0.259808 -0.085000 -0.850000
v -0.173205 -0.085000 -0.900000
v -0.086603 -0.085000 -0.950000
v 0.000000 -0.085000 -1.100000
v 0.086603 -0.085000 -1.050000
v 0.173205 0.170000 -1.000000
v 0.259808 0.170000 -0.950000
v 0.346410 0.170000 -0.900000
v 0.433013 0.170000 -0.850000
v 0.519615 0.170000 -0.800000
v 0.606218 0.170000 -0.750000
v 0.692820 0.170000 -0.700000
v 0.779423 0.170000 -0.650000
v 0.866025 0.170000 -0.600000
v 0.952628 0.170000 -0.550000
v 0.952628 0.170000 -0.450000
v 0.952628 0.170000 -0.350000
v 0.952628 0.170000 -0.250000
v 0.952628 0.170000 -0.150000
v 0.952628 0.170000 -0.050000
v 0.952628 0.170000 0.050000
v 0.952628 0.170000 0.150000
v 0.952628 0.170000 0.250000
v 0.952628 0.170000 0.350000
v 0.952628 0.170000 0.450000
v 0.952628 0.170000 0.550000
v 0.866025 0.170000 0.600000
v 0.779423 0.170000 0.650000
v 0.692820 0.170000 0.700000
v 0.606218 0.170000 0.750000
v 0.519615 0.170000 0.800000
v 0.433013 0.170000 0.850000
v 0.346410 0.170000 0.900000
v 0.259808 0.170000 0.950000
v 0.173205 0.170000 1.000000
v 0.086603 0.170000 1.050000
v 0.000000 -0.085000 1.100000
v -0.086603 -0.085000 1.050000
v -0.173205 -0.085000 1.000000
v -0.259808 -0.085000 0.950000
v -0.346410 -0.085000 0.900000
v -0.433013 -0.085000 0.850000
v -0.519615 -0.085000 0.800000
v -0.606218 -0.085000 0.750000
v -0.692820 0.170000 0.700000
v -0.779423 0.170000 0.650000
v -0.866025 0.170000 0.600000
v -0.952628 0.170000 0.550000
v -0.952628 0.170000 0.450000
v -0.952628 0.170000 0.350000
v -0.952628 0.170000 0.250000
v -0.952628 0.170000 0.150000
v -0.952628 0.170000 0.050000
v -0.952628 0.170000 -0.050000
v -0.952628 0.170000 -0.150000
v -0.952628 0.170000 -0.250000
v -0.952628 0.170000 -0.350000
v -0.952628 0.170000 -0.450000
v -0.952628 0.170000 -0.550000
v -0.866025 0.170000 -0.600000
v -0.779423 0.170000 -0.650000
v -0.692820 0.170000 -0.700000
v -0.606218 -0.085000 -0.750000
v -0.519615 -0.085000 -0.800000
v -0.433013 -0.085000 -0.850000
v -0.346410 -0.085000 -0.900000
v -0.259808 -0.085000 -0.950000
v -0.173205 -0.085000 -1.000000
v -0.086603 -0.085000 -1.050000
v 0.000000 -0.085000 -1.200000
v 0.086603 -0.085000 -1.150000
v 0.173205 0.170000 -1.100000
v 0.259808 0.170000 -1.050000
v 0.346410 0.170000 -1.000000
v 0.433013 0.170000 -0.950000
v 0.519615 0.170000 -0.900000
v 0.606218 0.170000 -0.850000
v 0.692820 0.170000 -0.800000
v 0.779423 0.170000 -0.750000
v 0.866025 0.170000 -0.700000
v 0.952628 0.170000 -0.650000
v 1.039230 0.170000 -0.600000
v 1.039230 0.170000 -0.500000
v 1.039230 0.170000 -0.400000
v 1.039230 0.170000 -0.300000
v 1.039230 0.170000 -0.200000
v 1.039230 0.170000 -0.100000
v 1.039230 0.170000 -0.000000
v 1.039230 0.170000 0.100000
v 1.039230 0.170000 0.200000
v 1.039230 0.170000 0.300000
v 1.039230 0.170000 0.400000
v 1.039230 0.170000 0.500000
v 1.039230 0.170000 0.600000
v 0.952628 0.170000 0.650000
v 0.866025 0.170000 0.700000
v 0.779423 0.170000 0.750000
v 0.692820 0.170000 0.800000
v 0.606218 0.170000 0.850000
v 0.519615 0.170000 0.900000
v 0.433013 0.170000 0.950000
v 0.346410 0.170000 1.000000
v 0.259808 0.170000 1.050000
v 0.173205 0.170000 1.100000
v 0.086603 -0.085000 1.150000
v 0.000000 -0.085000 1.200000
v -0.086603 -0.085000 1.150000
v -0.173205 -0.085000 1.100000
v -0.259808 -0.085000 1.050000
v -0.346410 -0.085000 1.000000
v -0.433013 -0.085000 0.950000
v -0.519615 -0.085000 0.900000
v -0.606218 -0.085000 0.850000
v -0.692820 0.170000 0.800000
v -0.779423 0.170000 0.750000
v -0.866025 0.170000 0.700000
v -0.952628 0.170000 0.650000
v -1.039230 0.170000 0.600000
v -1.039230 0.170000 0.500000
v -1.039230 0.170000 0.400000
v -1.039230 0.170000 0.300000
v -1.039230 0.170000 0.200000
v -1.039230 0.170000 0.100000
v -1.039230 0.170000 0.000000
v -1.039230 0.170000 -0.100000
v -1.039230 0.170000 -0.200000
v -1.039230 0.170000 -0.300000
v -1.039230 0.170000 -0.400000
v -1.039230 0.170000 -0.500000
v -1.039230 0.170000 -0.600000
v -0.952628 0.170000 -0.650000
v -0.866025 0.170000 -0.700000
v -0.779423 0.170000 -0.750000
v -0.692820 0.170000 -0.800000
v -0.606218 0.170000 -0.850000
v -0.519615 -0.085000 -0.900000
v -0.433013 -0.085000 -0.950000
v -0.346410 -0.085000 -1.000000
v -0.259808 -0.085000 -1.050000
v -0.173205 -0.085000 -1.100000
v -0.086603 -0.085000 -1.150000
v 0.000000 -0.085000 -1.300000
v 0.086603 -0.085000 -1.250000
v 0.173205 0.170000 -1.200000
v 0.259808 0.170000 -1.150000
v 0.346410 0.170000 -1.100000
v 0.433013 0.170000 -1.050000
v 0.519615 0.170000 -1.000000
v 0.606218 0.170000 -0.950000
v 0.692820 0.170000 -0.900000
v 0.779423 0.170000 -0.850000
v 0.866025 0.170000 -0.800000
v 0.952628 0.170000 -0.750000
v 1.039230 0.170000 -0.700000
v 1.125833 0.170000 -0.650000
v 1.125833 0.170000 -0.550000
v 1.125833 0.170000 -0.450000
v 1.125833 0.170000 -0.350000
v 1.125833 0.170000 -0.250000
v 1.125833 0.170000 -0.150000
v 1.125833 0.170000 -0.050000
v 1.125833 0.170000 0.050000
v 1.125833 0.170000 0.150000
v 1.125833 0.170000 0.250000
v 1.125833 0.170000 0.350000
v 1.125833 0.170000 0.450000
v 1.125833 0.170000 0.550000
v 1.125833 0.170000 0.650000
v 1.039230 0.170000 0.700000
v 0.952628 0.170000 0.750000
v 0.866025 0.170000 0.800000
v 0.779423 0.170000 0.850000
v 0.692820 0.170000 0.900000
v 0.606218 0.170000 0.950000
v 0.519615 0.170000 1.000000
v 0.433013 0.170000 1.050000
v 0.346410 0.170000 1.100000
v 0.259808 0.170000 1.150000
v 0.173205 0.170000 1.200000
v 0.086603 -0.085000 1.250000
v 0.000000 -0.085000 1.300000
v -0.086603 -0.085000 1.250000
v -0.173205 -0.085000 1.200000
v -0.259808 -0.085000 1.150000
v -0.346410 -0.085000 1.100000
v -0.433013 -0.085000 1.050000
v -0.519615 -0.085000 1.000000
v -0.606218 0.170000 0.950000
v -0.692820 0.170000 0.900000
v -0.779423 0.170000 0.850000
v -0.866025 0.170000 0.800000
v -0.952628 0.170000 0.750000
v -1.039230 0.170000 0.700000
v -1.125833 0.170000 0.650000
v -1.125833 0.170000 0.550000
v -1.125833 0.170000 0.450000
v -1.125833 0.170000 0.350000
v -1.125833 0.170000 0.250000
v -1.125833 0.170000 0.150000
v -1.125833 0.170000 0.050000
v -1.125833 0.170000 -0.050000
v -1.125833 0.170000 -0.150000
v -1.125833 0.170000 -0.250000
v -1.125833 0.170000 -0.350000
v -1.125833 0.170000 -0.450000
v -1.125833 0.170000 -0.550000
v -1.125833 0.170000 -0.650000
v -1.039230 0.170000 -0.700000
v -0.952628 0.170000 -0.750000
v -0.866025 0.170000 -0.800000
v -0.779423 0.170000 -0.850000
v -0.692820 0.170000 -0.900000
v -0.606218 0.170000 -0.950000
v -0.519615 -0.085000 -1.000000
v -0.433013 -0.085000 -1.050000
v -0.346410 -0.085000 -1.100000
v -0.259808 -0.085000 -1.150000
v -0.173205 -0.085000 -1.200000
v -0.086603 -0.085000 -1.250000
v 0.000000 -0.085000 -1.400000
v 0.086603 -0.085000 -1.350000
v 0.173205 -0.085000 -1.300000
v 0.259808 0.170000 -1.250000
v 0.346410 0.170000 -1.200000
v 0.433013 0.170000 -1.150000
v 0.519615 0.170000 -1.100000
v 0.606218 0.170000 -1.050000
v 0.692820 0.170000 -1.000000
v 0.779423 0.170000 -0.950000
v 0.866025 0.170000 -0.900000
v 0.952628 0.170000 -0.850000
v 1.039230 0.170000 -0.800000
v 1.125833 0.170000 -0.750000
v 1.212436 0.170000 -0.700000
v 1.212436 0.170000 -0.600000
v 1.212436 0.170000 -0.500000
v 1.212436 0.170000 -0.400000
v 1.212436 0.170000 -0.300000
v 1.212436 0.170000 -0.200000
v 1.212436 0.170000 -0.100000
v 1.212436 0.170000 -0.000000
v 1.212436 0.170000 0.100000
v 1.212436 0.170000 0.200000
v 1.212436 0.170000 0.300000
v 1.212436 0.170000 0.400000
v 1.212436 0.170000 0.500000
v 1.212436 0.170000 0.600000
v 1.212436 0.170000 0.700000
v 1.125833 0.170000 0.750000
v 1.039230 0.170000 0.800000
v 0.952628 0.170000 0.850000
v 0.866025 0.170000 0.900000
v 0.779423 0.170000 0.950000
v 0.692820 0.170000 1.000000
v 0.606218 0.170000 1.050000
v 0.519615 0.170000 1.100000
v 0.433013 0.170000 1.150000
v 0.346410 0.170000 1.200000
v 0.259808 0.170000 1.250000
v 0.173205 -0.085000 1.300000
v 0.086603 -0.085000 1.350000
v 0.000000 -0.085000 1.400000
v -0.086603 -0.085000 1.350000
v -0.173205 -0.085000 1.300000
v -0.259808 -0.085000 1.250000
v -0.346410 -0.085000 1.200000
v -0.433013 -0.085000 1.150000
v -0.519615 0.170000 1.100000
v -0.606218 0.170000 1.050000
v -0.692820 0.170000 1.000000
v -0.779423 0.170000 0.950000
v -0.866025 0.170000 0.900000
v -0.952628 0.170000 0.850000
v -1.039230 0.170000 0.800000
v -1.125833 0.170000 0.750000
v -1.212436 0.170000 0.700000
v -1.212436 0.170000 0.600000
v -1.212436 0.170000 0.500000
v -1.212436 0.170000 0.400000
v -1.212436 0.170000 0.300000
v -1.212436 0.170000 0.200000
v -1.212436 0.170000 0.100000
v -1.212436 0.170000 0.000000
v -1.212436 0.170000 -0.100000
v -1.212436 0.170000 -0.200000
v -1.212436 0.170000 -0.300000
v -1.212436 0.170000 -0.400000
v -1.212436 0.170000 -0.500000
v -1.212436 0.170000 -0.600000
v -1.212436 0.170000 -0.700000
v -1.125833 0.170000 -0.750000
v -1.039230 0.170000 -0.800000
v -0.952628 0.170000 -0.850000
v -0.866025 0.170000 -0.900000
v -0.779423 0.170000 -0.950000
v -0.692820 0.170000 -1.000000
v -0.606218 0.170000 -1.050000
v -0.519615 0.170000 -1.100000
v -0.433013 -0.085000 -1.150000
v -0.346410 -0.085000 -1.200000
v -0.259808 -0.085000 -1.250000
v -0.173205 -0.085000 -1.300000
v -0.086603 -0.085000 -1.350000
v 0.000000 -0.085000 -1.500000
v 0.086603 -0.085000 -1.450000
v 0.173205 -0.085000 -1.400000
v 0.259808 -0.085000 -1.350000
v 0.346410 0.170000 -1.300000
v 0.433013 0.170000 -1.250000
v 0.519615 0.170000 -1.200000
v 0.606218 0.170000 -1.150000
v 0.692820 0.170000 -1.100000
v 0.779423 0.170000 -1.050000
v 0.866025 0.170000 -1.000000
v 0.952628 0.170000 -0.950000
v 1.039230 0.170000 -0.900000
v 1.125833 0.170000 -0.850000
v 1.212436 0.170000 -0.800000
v 1.299038 0.170000 -0.750000
v 1.299038 0.170000 -0.650000
v 1.299038 0.170000 -0.550000
v 1.299038 0.170000 -0.450000
v 1.299038 0.170000 -0.350000
v 1.299038 0.170000 -0.250000
v 1.299038 0.170000 -0.150000
v 1.299038 0.170000 -0.050000
v 1.299038 0.170000 0.050000
v 1.299038 0.170000 0.150000
v 1.299038 0.170000 0.250000
v 1.299038 0.170000 0.350000
v 1.299038 0.170000 0.450000
v 1.299038 0.170000 0.550000
v 1.299038 0.170000 0.650000
v 1.299038 0.170000 0.750000
v 1.212436 0.170000 0.800000
v 1.125833 0.170000 0.850000
v 1.039230 0.170000 0.900000
v 0.952628 0.170000 0.950000
v 0.866025 0.170000 1.000000
v 0.779423 0.170000 1.050000
v 0.692820 0.170000 1.100000
v 0.606218 0.170000 1.150000
v 0.519615 0.170000 1.200000
v 0.433013 0.170000 1.250000
v 0.346410 0.170000 1.300000
v 0.259808 0.170000 1.350000
v 0.173205 -0.085000 1.400000
v 0.086603 -0.085000 1.450000
v 0.000000 -0.085000 1.500000
v -0.086603 -0.085000 1.450000
v -0.173205 -0.085000 1.400000
v -0.259808 -0.085000 1.350000
v -0.346410 -0.085000 1.300000
v -0.433013 0.170000 1.250000
v -0.519615 0.170000 1.200000
v -0.606218 0.170000 1.150000
v -0.692820 0.170000 1.100000
v -0.779423 0.170000 1.050000
v -0.866025 0.170000 1.000000
v -0.952628 0.170000 0.950000
v -1.039230 0.170000 0.900000
v -1.125833 0.170000 0.850000
v -1.212436 0.170000 0.800000
v -1.299038 0.170000 0.750000
v -1.299038 0.170000 0.650000
v -1.299038 0.170000 0.550000
v -1.299038 0.170000 0.450000
v -1.299038 0.170000 0.350000
v -1.299038 0.170000 0.250000
v -1.299038 0.170000 0.150000
v -1.299038 0.170000 0.050000
v -1.299038 0.170000 -0.050000
v -1.299038 0.170000 -0.150000
v -1.299038 0.170000 -0.250000
v -1.299038 0.170000 -0.350000
v -1.299038 0.170000 -0.450000
v -1.299038 0.170000 -0.550000
v -1.299038 0.170000 -0.650000
v -1.299038 0.170000 -0.750000
v -1.212436 0.170000 -0.800000
v -1.125833 0.170000 -0.850000
v -1.039230 0.170000 -0.900000
v -0.952628 0.170000 -0.950000
v -0.866025 0.170000 -1.000000
v -0.779423 0.170000 -1.050000
v -0.692820 0.170000 -1.100000
v -0.606218 0.170000 -1.150000
v -0.519615 0.170000 -1.200000
v -0.433013 -0.085000 -1.250000
v -0.346410 -0.085000 -1.300000
v -0.259808 -0.085000 -1.350000
v -0.173205 -0.085000 -1.400000
v -0.086603 -0.085000 -1.450000
v 0.000000 -0.085000 -1.600000
v 0.086603 -0.085000 -1.550000
v 0.173205 -0.085000 -1.500000
v 0.259808 -0.085000 -1.450000
v 0.346410 0.170000 -1.400000
v 0.433013 0.170000 -1.350000
v 0.519615 0.170000 -1.300000
v 0.606218 0.170000 -1.250000
v 0.692820 0.170000 -1.200000
v 0.779423 0.170000 -1.150000
v 0.866025 0.170000 -1.100000
v 0.952628 0.170000 -1.050000
v 1.039230 0.170000 -1.000000
v 1.125833 0.170000 -0.950000
v 1.212436 0.170000 -0.900000
v 1.299038 0.170000 -0.850000
v 1.385641 0.170000 -0.800000
v 1.385641 0.170000 -0.700000
v 1.385641 0.170000 -0.600000
v 1.385641 0.170000 -0.500000
v 1.385641 0.170000 -0.400000
v 1.385641 0.170000 -0.300000
v 1.385641 0.170000 -0.200000
v 1.385641 0.170000 -0.100000
v 1.385641 0.170000 -0.000000
v 1.385641 0.170000 0.100000
v 1.385641 0.170000 0.200000
v 1.385641 0.170000 0.300000
v 1.385641 0.170000 0.400000
v 1.385641 0.170000 0.500000
v 1.385641 0.170000 0.600000
v 1.385641 0.170000 0.700000
v 1.385641 0.170000 0.800000
v 1.299038 0.170000 0.850000
v 1.212436 0.170000 0.900000
v 1.125833 0.170000 0.950000
v 1.039230 0.170000 1.000000
v 0.952628 0.170000 1.050000
v 0.866025 0.170000 1.100000
v 0.779423 0.170000 1.150000
v 0.692820 0.170000 1.200000
v 0.606218 0.170000 1.250000
v 0.519615 0.170000 1.300000
v 0.433013 0.170000 1.350000
v 0.346410 0.170000 1.400000
v 0.259808 -0.085000 1.450000
v 0.173205 -0.085000 1.500000
v 0.086603 -0.085000 1.550000
v 0.000000 -0.085000 1.600000
v -0.086603 -0.085000 1.550000
v -0.173205 -0.085000 1.500000
v -0.259808 -0.085000 1.450000
v -0.346410 -0.085000 1.400000
v -0.433013 0.170000 1.350000
v -0.519615 0.170000 1.300000
v -0.606218 0.170000 1.250000
v -0.692820 0.170000 1.200000
v -0.779423 0.170000 1.150000
v -0.866025 0.056667 1.100000
v -0.952628 0.056667 1.050000
v -1.039230 0.170000 1.000000
v -1.125833 0.170000 0.950000
v -1.212436 0.170000 0.900000
v -1.299038 0.170000 0.850000
v -1.385641 0.170000 0.800000
v -1.385641 0.170000 0.700000
v -1.385641 0.170000 0.600000
v -1.385641 0.170000 0.500000
v -1.385641 0.170000 0.400000
v -1.385641 0.170000 0.300000
v -1.385641 0.170000 0.200000
v -1.385641 0.170000 0.100000
v -1.385641 0.170000 0.000000
v -1.385641 0.170000 -0.100000
v -1.385641 0.170000 -0.200000
v -1.385641 0.170000 -0.300000
v -1.385641 0.170000 -0.400000
v -1.385641 0.170000 -0.500000
v -1.385641 0.170000 -0.600000
v -1.385641 0.170000 -0.700000
v -1.385641 0.170000 -0.800000
v -1.299038 0.170000 -0.850000
v -1.212436 0.170000 -0.900000
v -1.125833 0.170000 -0.950000
v -1.039230 0.170000 -1.000000
v -0.952628 0.170000 -1.050000
v -0.866025 0.170000 -1.100000
v -0.779423 0.170000 -1.150000
v -0.692820 0.170000 -1.200000
v -0.606218 0.170000 -1.250000
v -0.519615 0.170000 -1.300000
v -0.433013 0.170000 -1.350000
v -0.346410 -0.085000 -1.400000
v -0.259808 -0.085000 -1.450000
v -0.173205 -0.085000 -1.500000
v -0.086603 -0.085000 -1.550000
v 0.000000 -0.085000 -1.700000
v 0.086603 -0.085000 -1.650000
v 0.173205 -0.085000 -1.600000
v 0.259808 -0.085000 -1.550000
v 0.346410 -0.085000 -1.500000
v 0.433013 0.170000 -1.450000
v 0.519615 0.170000 -1.400000
v 0.606218 0.170000 -1.350000
v 0.692820 0.170000 -1.300000
v 0.779423 0.170000 -1.250000
v 0.866025 0.170000 -1.200000
v 0.952628 0.170000 -1.150000
v 1.039230 0.170000 -1.100000
v 1.125833 0.170000 -1.050000
v 1.212436 0.170000 -1.000000
v 1.299038 0.170000 -0.950000
v 1.385641 0.170000 -0.900000
v 1.472243 0.170000 -0.850000
v 1.472243 0.170000 -0.750000
v 1.472243 0.170000 -0.650000
v 1.472243 0.170000 -0.550000
v 1.472243 0.170000 -0.450000
v 1.472243 0.170000 -0.350000
v 1.472243 0.170000 -0.250000
v 1.472243 0.170000 -0.150000
v 1.472243 0.170000 -0.050000
v 1.472243 0.170000 0.050000
v 1.472243 0.170000 0.150000
v 1.472243 0.170000 0.250000
v 1.472243 0.170000 0.350000
v 1.472243 0.170000 0.450000
v 1.472243 0.170000 0.550000
v 1.472243 0.170000 0.650000
v 1.472243 0.170000 0.750000
v 1.472243 0.170000 0.850000
v 1.385641 0.170000 0.900000
v 1.299038 0.170000 0.950000
v 1.212436 0.170000 1.000000
v 1.125833 0.170000 1.050000
v 1.039230 0.170000 1.100000
v 0.952628 0.170000 1.150000
v 0.866025 0.170000 1.200000
v 0.779423 0.170000 1.250000
v 0.692820 0.170000 1.300000
v 0.606218 0.170000 1.350000
v 0.519615 0.170000 1.400000
v 0.433013 0.170000 1.450000
v 0.346410 -0.085000 1.500000
v 0.259808 -0.085000 1.550000
v 0.173205 -0.085000 1.600000
v 0.086603 -0.085000 1.650000
v 0.000000 -0.085000 1.700000
v -0.086603 -0.085000 1.650000
v -0.173205 -0.085000 1.600000
v -0.259808 -0.085000 1.550000
v -0.346410 0.170000 1.500000
v -0.433013 0.170000 1.450000
v -0.519615 0.170000 1.400000
v -0.606218 0.170000 1.350000
v -0.692820 0.170000 1.300000
v -0.779423 0.170000 1.250000
v -0.866025 0.000000 1.200000
v -0.952628 0.000000 1.150000
v -1.039230 0.056667 1.100000
v -1.125833 0.170000 1.050000
v -1.212436 0.170000 1.000000
v -1.299038 0.170000 0.950000
v -1.385641 0.170000 0.900000
v -1.472243 0.170000 0.850000
v -1.472243 0.170000 0.750000
v -1.472243 0.170000 0.650000
v -1.472243 0.170000 0.550000
v -1.472243 0.170000 0.450000
v -1.472243 0.170000 0.350000
v -1.472243 0.170000 0.250000
v -1.472243 0.170000 0.150000
v -1.472243 0.170000 0.050000
v -1.472243 0.170000 -0.050000
v -1.472243 0.170000 -0.150000
v -1.472243 0.170000 -0.250000
v -1.472243 0.170000 -0.350000
v -1.472243 0.170000 -0.450000
v -1.472243 0.170000 -0.550000
v -1.472243 0.170000 -0.650000
v -1.472243 0.170000 -0.750000
v -1.472243 0.170000 -0.850000
v -1.385641 0.170000 -0.900000
v -1.299038 0.170000 -0.950000
v -1.212436 0.170000 -1.000000
v -1.125833 0.170000 -1.050000
v -1.039230 0.170000 -1.100000
v -0.952628 0.170000 -1.150000
v -0.866025 0.170000 -1.200000
v -0.779423 0.170000 -1.250000
v -0.692820 0.170000 -1.300000
v -0.606218 0.170000 -1.350000
v -0.519615 0.170000 -1.400000
v -0.433013 0.170000 -1.450000
v -0.346410 0.170000 -1.500000
v -0.259808 0.170000 -1.550000
v -0.173205 -0.085000 -1.600000
v -0.086603 -0.085000 -1.650000
v 0.000000 -0.085000 -1.800000
v 0.086603 -0.085000 -1.750000
v 0.173205 -0.085000 -1.700000
v 0.259808 -0.085000 -1.650000
v 0.346410 -0.085000 -1.600000
v 0.433013 -0.085000 -1.550000
v 0.519615 0.170000 -1.500000
v 0.606218 0.170000 -1.450000
v 0.692820 0.170000 -1.400000
v 0.779423 0.170000 -1.350000
v 0.866025 0.170000 -1.300000
v 0.952628 0.170000 -1.250000
v 1.039230 0.170000 -1.200000
v 1.125833 0.170000 -1.150000
v 1.212436 0.170000 -1.100000
v 1.299038 0.170000 -1.050000
v 1.385641 0.170000 -1.000000
v 1.472243 0.170000 -0.950000
v 1.558846 0.170000 -0.900000
v 1.558846 0.170000 -0.800000
v 1.558846 0.170000 -0.700000
v 1.558846 0.170000 -0.600000
v 1.558846 0.170000 -0.500000
v 1.558846 0.170000 -0.400000
v 1.558846 0.170000 -0.300000
v 1.558846 0.170000 -0.200000
v 1.558846 0.170000 -0.100000
v 1.558846 0.170000 -0.000000
v 1.558846 0.170000 0.100000
v 1.558846 0.170000 0.200000
v 1.558846 0.170000 0.300000
v 1.558846 0.170000 0.400000
v 1.558846 0.170000 0.500000
v 1.558846 0.170000 0.600000
v 1.558846 0.170000 0.700000
v 1.558846 0.170000 0.800000
v 1.558846 0.170000 0.900000
v 1.472243 0.170000 0.950000
v 1.385641 0.170000 1.000000
v 1.299038 0.170000 1.050000
v 1.212436 0.170000 1.100000
v 1.125833 0.170000 1.150000
v 1.039230 0.170000 1.200000
v 0.952628 0.170000 1.250000
v 0.866025 0.170000 1.300000
v 0.779423 0.170000 1.350000
v 0.692820 0.170000 1.400000
v 0.606218 0.170000 1.450000
v 0.519615 0.170000 1.500000
v 0.433013 0.170000 1.550000
v 0.346410 -0.085000 1.600000
v 0.259808 -0.085000 1.650000
v 0.173205 -0.085000 1.700000
v 0.086603 -0.085000 1.750000
v 0.000000 -0.085000 1.800000
v -0.086603 -0.085000 1.750000
v -0.173205 0.170000 1.700000
v -0.259808 0.170000 1.650000
v -0.346410 0.170000 1.600000
v -0.433013 0.170000 1.550000
v -0.519615 0.170000 1.500000
v -0.606218 0.170000 1.450000
v -0.692820 0.170000 1.400000
v -0.779423 0.056667 1.350000
v -0.866025 0.000000 1.300000
v -0.952628 0.000000 1.250000
v -1.039230 0.000000 1.200000
v -1.125833 0.056667 1.150000
v -1.212436 0.170000 1.100000
v -1.299038 0.170000 1.050000
v -1.385641 0.170000 1.000000
v -1.472243 0.170000 0.950000
v -1.558846 0.170000 0.900000
v -1.558846 0.170000 0.800000
v -1.558846 0.170000 0.700000
v -1.558846 0.170000 0.600000
v -1.558846 0.170000 0.500000
v -1.558846 0.170000 0.400000
v -1.558846 0.170000 0.300000
v -1.558846 0.170000 0.200000
v -1.558846 0.170000 0.100000
v -1.558846 0.170000 0.000000
v -1.558846 0.170000 -0.100000
v -1.558846 0.170000 -0.200000
v -1.558846 0.170000 -0.300000
v -1.558846 0.170000 -0.400000
v -1.558846 0.170000 -0.500000
v -1.558846 0.170000 -0.600000
v -1.558846 0.170000 -0.700000
v -1.558846 0.170000 -0.800000
v -1.558846 0.170000 -0.900000
v -1.472243 0.170000 -0.950000
v -1.385641 0.170000 -1.000000
v -1.299038 0.170000 -1.050000
v -1.212436 0.170000 -1.100000
v -1.125833 0.170000 -1.150000
v -1.039230 0.170000 -1.200000
v -0.952628 0.170000 -1.250000
v -0.866025 0.170000 -1.300000
v -0.779423 0.170000 -1.350000
v -0.692820 0.170000 -1.400000
v -0.606218 0.170000 -1.450000
v -0.519615 0.170000 -1.500000
v -0.433013 0.170000 -1.550000
v -0.346410 0.170000 -1.600000
v -0.259808 0.170000 -1.650000
v -0.173205 0.170000 -1.700000
v -0.086603 0.170000 -1.750000
v 0.000000 0.000000 -1.900000
v 0.086603 -0.085000 -1.850000
v 0.173205 -0.085000 -1.800000
v 0.259808 -0.085000 -1.750000
v 0.346410 -0.085000 -1.700000
v 0.433013 -0.085000 -1.650000
v 0.519615 0.170000 -1.600000
v 0.606218 0.170000 -1.550000
v 0.692820 0.170000 -1.500000
v 0.779423 0.170000 -1.450000
v 0.866025 0.170000 -1.400000
v 0.952628 0.170000 -1.350000
v 1.039230 0.170000 -1.300000
v 1.125833 0.170000 -1.250000
v 1.212436 0.170000 -1.200000
v 1.299038 0.170000 -1.150000
v 1.385641 0.170000 -1.100000
v 1.472243 0.170000 -1.050000
v 1.558846 0.170000 -1.000000
v 1.645448 0.170000 -0.950000
v 1.645448 0.170000 -0.850000
v 1.645448 0.170000 -0.750000
v 1.645448 0.170000 -0.650000
v 1.645448 0.170000 -0.550000
v 1.645448 0.170000 -0.450000
v 1.645448 0.170000 -0.350000
v 1.645448 0.170000 -0.250000
v 1.645448 0.170000 -0.150000
v 1.645448 0.170000 -0.050000
v 1.645448 0.170000 0.050000
v 1.645448 0.170000 0.150000
v 1.645448 0.170000 0.250000
v 1.645448 0.170000 0.350000
v 1.645448 0.170000 0.450000
v 1.645448 0.170000 0.550000
v 1.645448 0.170000 0.650000
v 1.645448 0.170000 0.750000
v 1.645448 0.170000 0.850000
v 1.645448 0.170000 0.950000
v 1.558846 0.170000 1.000000
v 1.472243 0.170000 1.050000
v 1.385641 0.170000 1.100000
v 1.299038 0.170000 1.150000
v 1.212436 0.170000 1.200000
v 1.125833 0.170000 1.250000
v 1.039230 0.170000 1.300000
v 0.952628 0.170000 1.350000
v 0.866025 0.170000 1.400000
v 0.779423 0.170000 1.450000
v 0.692820 0.170000 1.500000
v 0.606218 0.170000 1.550000
v 0.519615 0.170000 1.600000
v 0.433013 0.170000 1.650000
v 0.346410 -0.085000 1.700000
v 0.259808 -0.085000 1.750000
v 0.173205 -0.085000 1.800000
v 0.086603 -0.085000 1.850000
v 0.000000 -0.085000 1.900000
v -0.086603 -0.085000 1.850000
v -0.173205 0.170000 1.800000
v -0.259808 0.170000 1.750000
v -0.346410 0.170000 1.700000
v -0.433013 0.170000 1.650000
v -0.519615 0.170000 1.600000
v -0.606218 0.170000 1.550000
v -0.692820 0.170000 1.500000
v -0.779423 0.170000 1.450000
v -0.866025 0.056667 1.400000
v -0.952628 0.000000 1.350000
v -1.039230 0.000000 1.300000
v -1.125833 0.000000 1.250000
v -1.212436 0.056667 1.200000
v -1.299038 0.170000 1.150000
v -1.385641 0.170000 1.100000
v -1.472243 0.170000 1.050000
v -1.558846 0.170000 1.000000
v -1.645448 0.170000 0.950000
v -1.645448 0.170000 0.850000
v -1.645448 0.170000 0.750000
v -1.645448 0.170000 0.650000
v -1.645448 0.170000 0.550000
v -1.645448 0.170000 0.450000
v -1.645448 0.170000 0.350000
v -1.645448 0.170000 0.250000
v -1.645448 0.170000 0.150000
v -1.645448 0.170000 0.050000
v -1.645448 0.170000 -0.050000
v -1.645448 0.170000 -0.150000
v -1.645448 0.170000 -0.250000
v -1.645448 0.170000 -0.350000
v -1.645448 0.170000 -0.450000
v -1.645448 0.170000 -0.550000
v -1.645448 0.170000 -0.650000
v -1.645448 0.170000 -0.750000
v -1.645448 0.170000 -0.850000
v -1.645448 0.170000 -0.950000
v -1.558846 0.170000 -1.000000
v -1.472243 0.170000 -1.050000
v -1.385641 0.170000 -1.100000
v -1.299038 0.170000 -1.150000
v -1.212436 0.170000 -1.200000
v -1.125833 0.170000 -1.250000
v -1.039230 0.170000 -1.300000
v -0.952628 0.170000 -1.350000
v -0.866025 0.170000 -1.400000
v -0.779423 0.170000 -1.450000
v -0.692820 0.170000 -1.500000
v -0.606218 0.170000 -1.550000
v -0.519615 0.170000 -1.600000
v -0.433013 0.170000 -1.650000
v -0.346410 0.056667 -1.700000
v -0.259808 0.000000 -1.750000
v -0.173205 0.000000 -1.800000
v -0.086603 0.000000 -1.850000
v 0.000000 0.000000 -2.000000
v 0.086603 0.000000 -1.950000
v 0.173205 -0.085000 -1.900000
v 0.259808 -0.085000 -1.850000
v 0.346410 -0.085000 -1.800000
v 0.433013 -0.085000 -1.750000
v 0.519615 -0.085000 -1.700000
v 0.606218 0.170000 -1.650000
v 0.692820 0.170000 -1.600000
v 0.779423 0.170000 -1.550000
v 0.866025 0.170000 -1.500000
v 0.952628 0.170000 -1.450000
v 1.039230 0.170000 -1.400000
v 1.125833 0.170000 -1.350000
v 1.212436 0.170000 -1.300000
v 1.299038 0.170000 -1.250000
v 1.385641 0.170000 -1.200000
v 1.472243 0.170000 -1.150000
v 1.558846 0.170000 -1.100000
v 1.645448 0.170000 -1.050000
v 1.732051 0.170000 -1.000000
v 1.732051 0.170000 -0.900000
v 1.732051 0.170000 -0.800000
v 1.732051 0.170000 -0.700000
v 1.732051 0.170000 -0.600000
v 1.732051 0.170000 -0.500000
v 1.732051 0.170000 -0.400000
v 1.732051 0.170000 -0.300000
v 1.732051 0.170000 -0.200000
v 1.732051 0.170000 -0.100000
v 1.732051 0.170000 -0.000000
v 1.732051 0.170000 0.100000
v 1.732051 0.170000 0.200000
v 1.732051 0.170000 0.300000
v 1.732051 0.170000 0.400000
v 1.732051 0.170000 0.500000
v 1.732051 0.170000 0.600000
v 1.732051 0.170000 0.700000
v 1.732051 0.170000 0.800000
v 1.732051 0.170000 0.900000
v 1.732051 0.170000 1.000000
v 1.645448 0.170000 1.050000
v 1.558846 0.170000 1.100000
v 1.472243 0.170000 1.150000
v 1.385641 0.170000 1.200000
v 1.299038 0.170000 1.250000
v 1.212436 0.170000 1.300000
v 1.125833 0.170000 1.350000
v 1.039230 0.170000 1.400000
v 0.952628 0.170000 1.450000
v 0.866025 0.170000 1.500000
v 0.779423 0.170000 1.550000
v 0.692820 0.170000 1.600000
v 0.606218 0.170000 1.650000
v 0.519615 0.170000 1.700000
v 0.433013 -0.085000 1.750000
v 0.346410 -0.085000 1.800000
v 0.259808 -0.085000 1.850000
v 0.173205 -0.085000 1.900000
v 0.086603 -0.085000 1.950000
v 0.000000 0.056667 2.000000
v -0.086603 0.170000 1.950000
v -0.173205 0.170000 1.900000
v -0.259808 0.170000 1.850000
v -0.346410 0.170000 1.800000
v -0.433013 0.170000 1.750000
v -0.519615 0.170000 1.700000
v -0.606218 0.170000 1.650000
v -0.692820 0.170000 1.600000
v -0.779423 0.170000 1.550000
v -0.866025 0.056667 1.500000
v -0.952628 0.000000 1.450000
v -1.039230 0.000000 1.400000
v -1.125833 0.000000 1.350000
v -1.212436 0.000000 1.300000
v -1.299038 0.056667 1.250000
v -1.385641 0.056667 1.200000
v -1.472243 0.170000 1.150000
v -1.558846 0.170000 1.100000
v -1.645448 0.170000 1.050000
v -1.732051 0.170000 1.000000
v -1.732051 0.170000 0.900000
v -1.732051 0.170000 0.800000
v -1.732051 0.170000 0.700000
v -1.732051 0.170000 0.600000
v -1.732051 0.170000 0.500000
v -1.732051 0.170000 0.400000
v -1.732051 0.170000 0.300000
v -1.732051 0.170000 0.200000
v -1.732051 0.170000 0.100000
v -1.732051 0.170000 0.000000
v -1.732051 0.170000 -0.100000
v -1.732051 0.170000 -0.200000
v -1.732051 0.170000 -0.300000
v -1.732051 0.170000 -0.400000
v -1.732051 0.170000 -0.500000
v -1.732051 0.170000 -0.600000
v -1.732051 0.170000 -0.700000
v -1.732051 0.170000 -0.800000
v -1.732051 0.170000 -0.900000
v -1.732051 0.170000 -1.000000
v -1.645448 0.170000 -1.050000
v -1.558846 0.170000 -1.100000
v -1.472243 0.170000 -1.150000
v -1.385641 0.170000 -1.200000
v -1.299038 0.170000 -1.250000
v -1.212436 0.170000 -1.300000
v -1.125833 0.170000 -1.350000
v -1.039230 0.170000 -1.400000
v -0.952628 0.170000 -1.450000
v -0.866025 0.170000 -1.500000
v -0.779423 0.170000 -1.550000
v -0.692820 0.170000 -1.600000
v -0.606218 0.170000 -1.650000
v -0.519615 0.170000 -1.700000
v -0.433013 0.170000 -1.750000
v -0.346410 0.056667 -1.800000
v -0.259808 0.000000 -1.850000
v -0.173205 0.000000 -1.900000
v -0.086603 0.000000 -1.950000
v 0.000000 0.000000 -2.100000
v 0.086603 0.000000 -2.050000
v 0.173205 0.000000 -2.000000
v 0.259808 -0.085000 -1.950000
v 0.346410 -0.085000 -1.900000
v 0.433013 -0.085000 -1.850000
v 0.519615 -0.085000 -1.800000
v 0.606218 -0.085000 -1.750000
v 0.692820 0.170000 -1.700000
v 0.779423 0.170000 -1.650000
v 0.866025 0.170000 -1.600000
v 0.952628 0.170000 -1.550000
v 1.039230 0.170000 -1.500000
v 1.125833 0.170000 -1.450000
v 1.212436 0.170000 -1.400000
v 1.299038 0.170000 -1.350000
v 1.385641 0.170000 -1.300000
v 1.472243 0.170000 -1.250000
v 1.558846 0.170000 -1.200000
v 1.645448 0.170000 -1.150000
v 1.732051 0.170000 -1.100000
v 1.818653 0.170000 -1.050000
v 1.818653 0.170000 -0.950000
v 1.818653 0.170000 -0.850000
v 1.818653 0.170000 -0.750000
v 1.818653 0.170000 -0.650000
v 1.818653 0.170000 -0.550000
v 1.818653 0.170000 -0.450000
v 1.818653 0.170000 -0.350000
v 1.818653 0.170000 -0.250000
v 1.818653 0.170000 -0.150000
v 1.818653 0.170000 -0.050000
v 1.818653 0.170000 0.050000
v 1.818653 0.170000 0.150000
v 1.818653 0.170000 0.250000
v 1.818653 0.170000 0.350000
v 1.818653 0.170000 0.450000
v 1.818653 0.170000 0.550000
v 1.818653 0.170000 0.650000
v 1.818653 0.170000 0.750000
v 1.818653 0.170000 0.850000
v 1.818653 0.056667 0.950000
v 1.818653 0.056667 1.050000
v 1.732051 0.170000 1.100000
v 1.645448 0.170000 1.150000
v 1.558846 0.170000 1.200000
v 1.472243 0.170000 1.250000
v 1.385641 0.170000 1.300000
v 1.299038 0.170000 1.350000
v 1.212436 0.170000 1.400000
v 1.125833 0.170000 1.450000
v 1.039230 0.170000 1.500000
v 0.952628 0.170000 1.550000
v 0.866025 0.170000 1.600000
v 0.779423 0.170000 1.650000
v 0.692820 0.170000 1.700000
v 0.606218 0.170000 1.750000
v 0.519615 -0.085000 1.800000
v 0.433013 -0.085000 1.850000
v 0.346410 -0.085000 1.900000
v 0.259808 -0.085000 1.950000
v 0.173205 -0.085000 2.000000
v 0.086603 -0.085000 2.050000
v 0.000000 0.000000 2.100000
v -0.086603 0.056667 2.050000
v -0.173205 0.170000 2.000000
v -0.259808 0.170000 1.950000
v -0.346410 0.170000 1.900000
v -0.433013 0.056667 1.850000
v -0.519615 0.056667 1.800000
v -0.606218 0.056667 1.750000
v -0.692820 0.056667 1.700000
v -0.779423 0.056667 1.650000
v -0.866025 0.056667 1.600000
v -0.952628 0.000000 1.550000
v -1.039230 0.000000 1.500000
v -1.125833 0.000000 1.450000
v -1.212436 0.000000 1.400000
v -1.299038 0.000000 1.350000
v -1.385641 0.000000 1.300000
v -1.472243 0.056667 1.250000
v -1.558846 0.056667 1.200000
v -1.645448 0.056667 1.150000
v -1.732051 0.056667 1.100000
v -1.818653 0.056667 1.050000
v -1.818653 0.170000 0.950000
v -1.818653 0.170000 0.850000
v -1.818653 0.170000 0.750000
v -1.818653 0.170000 0.650000
v -1.818653 0.170000 0.550000
v -1.818653 0.170000 0.450000
v -1.818653 0.170000 0.350000
v -1.818653 0.170000 0.250000
v -1.818653 0.170000 0.150000
v -1.818653 0.170000 0.050000
v -1.818653 0.170000 -0.050000
v -1.818653 0.170000 -0.150000
v -1.818653 0.170000 -0.250000
v -1.818653 0.170000 -0.350000
v -1.818653 0.170000 -0.450000
v -1.818653 0.170000 -0.550000
v -1.818653 0.170000 -0.650000
v -1.818653 0.170000 -0.750000
v -1.818653 0.170000 -0.850000
v -1.818653 0.170000 -0.950000
v -1.818653 0.170000 -1.050000
v -1.732051 0.170000 -1.100000
v -1.645448 0.170000 -1.150000
v -1.558846 0.170000 -1.200000
v -1.472243 0.170000 -1.250000
v -1.385641 0.170000 -1.300000
v -1.299038 0.170000 -1.350000
v -1.212436 0.170000 -1.400000
v -1.125833 0.170000 -1.450000
v -1.039230 0.170000 -1.500000
v -0.952628 0.170000 -1.550000
v -0.866025 0.170000 -1.600000
v -0.779423 0.170000 -1.650000
v -0.692820 0.170000 -1.700000
v -0.606218 0.170000 -1.750000
v -0.519615 0.170000 -1.800000
v -0.433013 0.056667 -1.850000
v -0.346410 0.000000 -1.900000
v -0.259808 0.000000 -1.950000
v -0.173205 0.000000 -2.000000
v -0.086603 0.000000 -2.050000
v 0.000000 0.000000 -2.200000
v 0.086603 0.000000 -2.150000
v 0.173205 0.000000 -2.100000
v 0.259808 -0.085000 -2.050000
v 0.346410 -0.085000 -2.000000
v 0.433013 -0.085000 -1.950000
v 0.519615 -0.085000 -1.900000
v 0.606218 -0.085000 -1.850000
v 0.692820 -0.085000 -1.800000
v 0.779423 0.170000 -1.750000
v 0.866025 0.170000 -1.700000
v 0.952628 0.170000 -1.650000
v 1.039230 0.170000 -1.600000
v 1.125833 0.170000 -1.550000
v 1.212436 0.170000 -1.500000
v 1.299038 0.170000 -1.450000
v 1.385641 0.170000 -1.400000
v 1.472243 0.170000 -1.350000
v 1.558846 0.170000 -1.300000
v 1.645448 0.170000 -1.250000
v 1.732051 0.170000 -1.200000
v 1.818653 0.170000 -1.150000
v 1.905256 0.170000 -1.100000
v 1.905256 0.170000 -1.000000
v 1.905256 0.170000 -0.900000
v 1.905256 0.170000 -0.800000
v 1.905256 0.170000 -0.700000
v 1.905256 0.170000 -0.600000
v 1.905256 0.170000 -0.500000
v 1.905256 0.170000 -0.400000
v 1.905256 0.170000 -0.300000
v 1.905256 0.170000 -0.200000
v 1.905256 0.170000 -0.100000
v 1.905256 0.170000 -0.000000
v 1.905256 0.170000 0.100000
v 1.905256 0.170000 0.200000
v 1.905256 0.170000 0.300000
v 1.905256 0.170000 0.400000
v 1.905256 0.170000 0.500000
v 1.905256 0.170000 0.600000
v 1.905256 0.170000 0.700000
v 1.905256 0.056667 0.800000
v 1.905256 0.000000 0.900000
v 1.905256 0.000000 1.000000
v 1.905256 0.000000 1.100000
v 1.818653 0.056667 1.150000
v 1.732051 0.056667 1.200000
v 1.645448 0.170000 1.250000
v 1.558846 0.170000 1.300000
v 1.472243 0.170000 1.350000
v 1.385641 0.170000 1.400000
v 1.299038 0.170000 1.450000
v 1.212436 0.170000 1.500000
v 1.125833 0.170000 1.550000
v 1.039230 0.170000 1.600000
v 0.952628 0.170000 1.650000
v 0.866025 0.170000 1.700000
v 0.779423 0.170000 1.750000
v 0.692820 0.170000 1.800000
v 0.606218 0.056667 1.850000
v 0.519615 -0.085000 1.900000
v 0.433013 -0.085000 1.950000
v 0.346410 -0.085000 2.000000
v 0.259808 -0.085000 2.050000
v 0.173205 -0.085000 2.100000
v 0.086603 0.000000 2.150000
v 0.000000 0.000000 2.200000
v -0.086603 0.000000 2.150000
v -0.173205 0.056667 2.100000
v -0.259808 0.056667 2.050000
v -0.346410 0.056667 2.000000
v -0.433013 0.056667 1.950000
v -0.519615 0.000000 1.900000
v -0.606218 0.000000 1.850000
v -0.692820 0.000000 1.800000
v -0.779423 0.000000 1.750000
v -0.866025 0.000000 1.700000
v -0.952628 0.000000 1.650000
v -1.039230 0.000000 1.600000
v -1.125833 0.000000 1.550000
v -1.212436 0.000000 1.500000
v -1.299038 0.000000 1.450000
v -1.385641 0.000000 1.400000
v -1.472243 0.000000 1.350000
v -1.558846 0.000000 1.300000
v -1.645448 0.000000 1.250000
v -1.732051 0.000000 1.200000
v -1.818653 0.000000 1.150000
v -1.905256 0.056667 1.100000
v -1.905256 0.170000 1.000000
v -1.905256 0.170000 0.900000
v -1.905256 0.170000 0.800000
v -1.905256 0.170000 0.700000
v -1.905256 0.170000 0.600000
v -1.905256 0.170000 0.500000
v -1.905256 0.170000 0.400000
v -1.905256 0.170000 0.300000
v -1.905256 0.170000 0.200000
v -1.905256 0.170000 0.100000
v -1.905256 0.170000 0.000000
v -1.905256 0.170000 -0.100000
v -1.905256 0.170000 -0.200000
v -1.905256 0.170000 -0.300000
v -1.905256 0.170000 -0.400000
v -1.905256 0.170000 -0.500000
v -1.905256 0.170000 -0.600000
v -1.905256 0.170000 -0.700000
v -1.905256 0.170000 -0.800000
v -1.905256 0.170000 -0.900000
v -1.905256 0.170000 -1.000000
v -1.905256 0.170000 -1.100000
v -1.818653 0.170000 -1.150000
v -1.732051 0.170000 -1.200000
v -1.645448 0.170000 -1.250000
v -1.558846 0.170000 -1.300000
v -1.472243 0.170000 -1.350000
v -1.385641 0.170000 -1.400000
v -1.299038 0.170000 -1.450000
v -1.212436 0.170000 -1.500000
v -1.125833 0.170000 -1.550000
v -1.039230 0.170000 -1.600000
v -0.952628 0.170000 -1.650000
v -0.866025 0.170000 -1.700000
v -0.779423 0.170000 -1.750000
v -0.692820 0.170000 -1.800000
v -0.606218 0.056667 -1.850000
v -0.519615 0.056667 -1.900000
v -0.433013 0.000000 -1.950000
v -0.346410 0.000000 -2.000000
v -0.259808 0.000000 -2.050000
v -0.173205 0.000000 -2.100000
v -0.086603 0.000000 -2.150000
v 0.000000 0.000000 -2.300000
v 0.086603 0.000000 -2.250000
v 0.173205 0.000000 -2.200000
v 0.259808 0.000000 -2.150000
v 0.346410 -0.085000 -2.100000
v 0.433013 -0.085000 -2.050000
v 0.519615 -0.085000 -2.000000
v 0.606218 -0.085000 -1.950000
v 0.692820 -0.085000 -1.900000
v 0.779423 -0.085000 -1.850000
v 0.866025 0.170000 -1.800000
v 0.952628 0.170000 -1.750000
v 1.039230 0.170000 -1.700000
v 1.125833 0.170000 -1.650000
v 1.212436 0.170000 -1.600000
v 1.299038 0.170000 -1.550000
v 1.385641 0.170000 -1.500000
v 1.472243 0.170000 -1.450000
v 1.558846 0.170000 -1.400000
v 1.645448 0.170000 -1.350000
v 1.732051 0.170000 -1.300000
v 1.818653 0.170000 -1.250000
v 1.905256 0.170000 -1.200000
v 1.991858 0.170000 -1.150000
v 1.991858 0.170000 -1.050000
v 1.991858 0.170000 -0.950000
v 1.991858 0.170000 -0.850000
v 1.991858 0.170000 -0.750000
v 1.991858 0.170000 -0.650000
v 1.991858 0.170000 -0.550000
v 1.991858 0.170000 -0.450000
v 1.991858 0.170000 -0.350000
v 1.991858 0.170000 -0.250000
v 1.991858 0.170000 -0.150000
v 1.991858 0.170000 -0.050000
v 1.991858 0.170000 0.050000
v 1.991858 0.170000 0.150000
v 1.991858 0.170000 0.250000
v 1.991858 0.170000 0.350000
v 1.991858 0.170000 0.450000
v 1.991858 0.056667 0.550000
v 1.991858 0.056667 0.650000
v 1.991858 0.000000 0.750000
v 1.991858 0.000000 0.850000
v 1.991858 0.000000 0.950000
v 1.991858 0.000000 1.050000
v 1.991858 0.000000 1.150000
v 1.905256 0.000000 1.200000
v 1.818653 0.000000 1.250000
v 1.732051 0.056667 1.300000
v 1.645448 0.056667 1.350000
v 1.558846 0.056667 1.400000
v 1.472243 0.056667 1.450000
v 1.385641 0.170000 1.500000
v 1.299038 0.170000 1.550000
v 1.212436 0.170000 1.600000
v 1.125833 0.170000 1.650000
v 1.039230 0.170000 1.700000
v 0.952628 0.170000 1.750000
v 0.866025 0.170000 1.800000
v 0.779423 0.170000 1.850000
v 0.692820 0.056667 1.900000
v 0.606218 -0.085000 1.950000
v 0.519615 -0.085000 2.000000
v 0.433013 -0.085000 2.050000
v 0.346410 -0.085000 2.100000
v 0.259808 -0.085000 2.150000
v 0.173205 -0.085000 2.200000
v 0.086603 0.000000 2.250000
v 0.000000 0.000000 2.300000
v -0.086603 0.000000 2.250000
v -0.173205 0.000000 2.200000
v -0.259808 0.000000 2.150000
v -0.346410 0.000000 2.100000
v -0.433013 0.000000 2.050000
v -0.519615 0.000000 2.000000
v -0.606218 0.000000 1.950000
v -0.692820 0.000000 1.900000
v -0.779423 0.000000 1.850000
v -0.866025 0.000000 1.800000
v -0.952628 0.000000 1.750000
v -1.039230 0.000000 1.700000
v -1.125833 0.000000 1.650000
v -1.212436 0.000000 1.600000
v -1.299038 0.000000 1.550000
v -1.385641 0.000000 1.500000
v -1.472243 0.000000 1.450000
v -1.558846 0.000000 1.400000
v -1.645448 0.000000 1.350000
v -1.732051 0.000000 1.300000
v -1.818653 0.000000 1.250000
v -1.905256 0.000000 1.200000
v -1.991858 0.056667 1.150000
v -1.991858 0.170000 1.050000
v -1.991858 0.170000 0.950000
v -1.991858 0.170000 0.850000
v -1.991858 0.170000 0.750000
v -1.991858 0.170000 0.650000
v -1.991858 0.170000 0.550000
v -1.991858 0.170000 0.450000
v -1.991858 0.170000 0.350000
v -1.991858 0.170000 0.250000
v -1.991858 0.170000 0.150000
v -1.991858 0.170000 0.050000
v -1.991858 0.170000 -0.050000
v -1.991858 0.170000 -0.150000
v -1.991858 0.170000 -0.250000
v -1.991858 0.170000 -0.350000
v -1.991858 0.170000 -0.450000
v -1.991858 0.170000 -0.550000
v -1.991858 0.170000 -0.650000
v -1.991858 0.170000 -0.750000
v -1.991858 0.170000 -0.850000
v -1.991858 0.170000 -0.950000
v -1.991858 0.170000 -1.050000
v -1.991858 0.170000 -1.150000
v -1.905256 0.170000 -1.200000
v -1.818653 0.170000 -1.250000
v -1.732051 0.170000 -1.300000
v -1.645448 0.170000 -1.350000
v -1.558846 0.170000 -1.400000
v -1.472243 0.170000 -1.450000
v -1.385641 0.170000 -1.500000
v -1.299038 0.170000 -1.550000
v -1.212436 0.170000 -1.600000
v -1.125833 0.170000 -1.650000
v -1.039230 0.170000 -1.700000
v -0.952628 0.170000 -1.750000
v -0.866025 0.056667 -1.800000
v -0.779423 0.056667 -1.850000
v -0.692820 0.056667 -1.900000
v -0.606218 0.000000 -1.950000
v -0.519615 0.000000 -2.000000
v -0.433013 0.000000 -2.050000
v -0.346410 0.000000 -2.100000
v -0.259808 0.000000 -2.150000
v -0.173205 0.000000 -2.200000
v -0.086603 0.000000 -2.250000
v 0.000000 0.000000 -2.400000
v 0.086603 0.000000 -2.350000
v 0.173205 0.000000 -2.300000
v 0.259808 0.000000 -2.250000
v 0.346410 -0.085000 -2.200000
v 0.433013 -0.085000 -2.150000
v 0.519615 -0.085000 -2.100000
v 0.606218 -0.085000 -2.050000
v 0.692820 -0.085000 -2.000000
v 0.779423 -0.085000 -1.950000
v 0.866025 0.056667 -1.900000
v 0.952628 0.170000 -1.850000
v 1.039230 0.170000 -1.800000
v 1.125833 0.170000 -1.750000
v 1.212436 0.170000 -1.700000
v 1.299038 0.170000 -1.650000
v 1.385641 0.170000 -1.600000
v 1.472243 0.170000 -1.550000
v 1.558846 0.170000 -1.500000
v 1.645448 0.170000 -1.450000
v 1.732051 0.170000 -1.400000
v 1.818653 0.170000 -1.350000
v 1.905256 0.170000 -1.300000
v 1.991858 0.170000 -1.250000
v 2.078461 0.056667 -1.200000
v 2.078461 0.170000 -1.100000
v 2.078461 0.170000 -1.000000
v 2.078461 0.170000 -0.900000
v 2.078461 0.170000 -0.800000
v 2.078461 0.170000 -0.700000
v 2.078461 0.170000 -0.600000
v 2.078461 0.170000 -0.500000
v 2.078461 0.170000 -0.400000
v 2.078461 0.170000 -0.300000
v 2.078461 0.170000 -0.200000
v 2.078461 0.170000 -0.100000
v 2.078461 0.170000 -0.000000
v 2.078461 0.170000 0.100000
v 2.078461 0.056667 0.200000
v 2.078461 0.056667 0.300000
v 2.078461 0.056667 0.400000
v 2.078461 0.056667 0.500000
v 2.078461 0.000000 0.600000
v 2.078461 0.000000 0.700000
v 2.078461 0.000000 0.800000
v 2.078461 0.000000 0.900000
v 2.078461 0.000000 1.000000
v 2.078461 0.000000 1.100000
v 2.078461 0.000000 1.200000
v 1.991858 0.000000 1.250000
v 1.905256 0.000000 1.300000
v 1.818653 0.000000 1.350000
v 1.732051 0.000000 1.400000
v 1.645448 0.000000 1.450000
v 1.558846 0.000000 1.500000
v 1.472243 0.056667 1.550000
v 1.385641 0.170000 1.600000
v 1.299038 0.170000 1.650000
v 1.212436 0.170000 1.700000
v 1.125833 0.056667 1.750000
v 1.039230 0.056667 1.800000
v 0.952628 0.170000 1.850000
v 0.866025 0.170000 1.900000
v 0.779423 0.056667 1.950000
v 0.692820 -0.085000 2.000000
v 0.606218 -0.085000 2.050000
v 0.519615 -0.085000 2.100000
v 0.433013 -0.085000 2.150000
v 0.346410 -0.085000 2.200000
v 0.259808 -0.085000 2.250000
v 0.173205 0.000000 2.300000
v 0.086603 0.000000 2.350000
v 0.000000 0.000000 2.400000
v -0.086603 0.000000 2.350000
v -0.173205 0.000000 2.300000
v -0.259808 0.000000 2.250000
v -0.346410 0.000000 2.200000
v -0.433013 0.000000 2.150000
v -0.519615 0.000000 2.100000
v -0.606218 0.000000 2.050000
v -0.692820 0.000000 2.000000
v -0.779423 0.000000 1.950000
v -0.866025 0.000000 1.900000
v -0.952628 0.000000 1.850000
v -1.039230 0.000000 1.800000
v -1.125833 0.000000 1.750000
v -1.212436 0.000000 1.700000
v -1.299038 0.000000 1.650000
v -1.385641 0.000000 1.600000
v -1.472243 0.000000 1.550000
v -1.558846 0.000000 1.500000
v -1.645448 0.000000 1.450000
v -1.732051 0.000000 1.400000
v -1.818653 0.000000 1.350000
v -1.905256 0.000000 1.300000
v -1.991858 0.000000 1.250000
v -2.078461 0.056667 1.200000
v -2.078461 0.170000 1.100000
v -2.078461 0.170000 1.000000
v -2.078461 0.170000 0.900000
v -2.078461 0.170000 0.800000
v -2.078461 0.170000 0.700000
v -2.078461 0.170000 0.600000
v -2.078461 0.170000 0.500000
v -2.078461 0.170000 0.400000
v -2.078461 0.170000 0.300000
v -2.078461 0.170000 0.200000
v -2.078461 0.170000 0.100000
v -2.078461 0.170000 0.000000
v -2.078461 0.170000 -0.100000
v -2.078461 0.170000 -0.200000
v -2.078461 0.170000 -0.300000
v -2.078461 0.170000 -0.400000
v -2.078461 0.170000 -0.500000
v -2.078461 0.170000 -0.600000
v -2.078461 0.170000 -0.700000
v -2.078461 0.170000 -0.800000
v -2.078461 0.170000 -0.900000
v -2.078461 0.170000 -1.000000
v -2.078461 0.170000 -1.100000
v -2.078461 0.170000 -1.200000
v -1.991858 0.170000 -1.250000
v -1.905256 0.170000 -1.300000
v -1.818653 0.170000 -1.350000
v -1.732051 0.170000 -1.400000
v -1.645448 0.170000 -1.450000
v -1.558846 0.170000 -1.500000
v -1.472243 0.170000 -1.550000
v -1.385641 0.170000 -1.600000
v -1.299038 0.170000 -1.650000
v -1.212436 0.170000 -1.700000
v -1.125833 0.056667 -1.750000
v -1.039230 0.056667 -1.800000
v -0.952628 0.056667 -1.850000
v -0.866025 0.000000 -1.900000
v -0.779423 0.000000 -1.950000
v -0.692820 0.000000 -2.000000
v -0.606218 0.000000 -2.050000
v -0.519615 0.000000 -2.100000
v -0.433013 0.000000 -2.150000
v -0.346410 0.000000 -2.200000
v -0.259808 0.000000 -2.250000
v -0.173205 0.000000 -2.300000
v -0.086603 0.000000 -2.350000
v 0.000000 0.000000 -2.500000
v 0.086603 0.000000 -2.450000
v 0.173205 0.000000 -2.400000
v 0.259808 0.000000 -2.350000
v 0.346410 0.000000 -2.300000
v 0.433013 -0.085000 -2.250000
v 0.519615 -0.085000 -2.200000
v 0.606218 -0.085000 -2.150000
v 0.692820 -0.085000 -2.100000
v 0.779423 -0.085000 -2.050000
v 0.866025 -0.085000 -2.000000
v 0.952628 0.170000 -1.950000
v 1.039230 0.170000 -1.900000
v 1.125833 0.170000 -1.850000
v 1.212436 0.170000 -1.800000
v 1.299038 0.170000 -1.750000
v 1.385641 0.170000 -1.700000
v 1.472243 0.170000 -1.650000
v 1.558846 0.170000 -1.600000
v 1.645448 0.170000 -1.550000
v 1.732051 0.170000 -1.500000
v 1.818653 0.170000 -1.450000
v 1.905256 0.170000 -1.400000
v 1.991858 0.170000 -1.350000
v 2.078461 0.056667 -1.300000
v 2.165064 0.000000 -1.250000
v 2.165064 0.056667 -1.150000
v 2.165064 0.170000 -1.050000
v 2.165064 0.170000 -0.950000
v 2.165064 0.170000 -0.850000
v 2.165064 0.170000 -0.750000
v 2.165064 0.170000 -0.650000
v 2.165064 0.170000 -0.550000
v 2.165064 0.170000 -0.450000
v 2.165064 0.170000 -0.350000
v 2.165064 0.170000 -0.250000
v 2.165064 0.170000 -0.150000
v 2.165064 0.170000 -0.050000
v 2.165064 0.170000 0.050000
v 2.165064 0.056667 0.150000
v 2.165064 0.000000 0.250000
v 2.165064 0.000000 0.350000
v 2.165064 0.000000 0.450000
v 2.165064 0.000000 0.550000
v 2.165064 0.000000 0.650000
v 2.165064 0.000000 0.750000
v 2.165064 0.000000 0.850000
v 2.165064 0.000000 0.950000
v 2.165064 0.000000 1.050000
v 2.165064 0.000000 1.150000
v 2.165064 0.000000 1.250000
v 2.078461 0.000000 1.300000
v 1.991858 0.000000 1.350000
v 1.905256 0.000000 1.400000
v 1.818653 0.000000 1.450000
v 1.732051 0.000000 1.500000
v 1.645448 0.000000 1.550000
v 1.558846 0.000000 1.600000
v 1.472243 0.056667 1.650000
v 1.385641 0.170000 1.700000
v 1.299038 0.056667 1.750000
v 1.212436 0.056667 1.800000
v 1.125833 0.000000 1.850000
v 1.039230 0.056667 1.900000
v 0.952628 0.056667 1.950000
v 0.866025 0.056667 2.000000
v 0.779423 0.000000 2.050000
v 0.692820 -0.085000 2.100000
v 0.606218 -0.085000 2.150000
v 0.519615 -0.085000 2.200000
v 0.433013 -0.085000 2.250000
v 0.346410 -0.085000 2.300000
v 0.259808 0.000000 2.350000
v 0.173205 0.000000 2.400000
v 0.086603 0.000000 2.450000
v 0.000000 0.000000 2.500000
v -0.086603 0.000000 2.450000
v -0.173205 0.000000 2.400000
v -0.259808 0.000000 2.350000
v -0.346410 0.000000 2.300000
v -0.433013 0.000000 2.250000
v -0.519615 0.000000 2.200000
v -0.606218 0.000000 2.150000
v -0.692820 0.000000 2.100000
v -0.779423 0.000000 2.050000
v -0.866025 0.000000 2.000000
v -0.952628 0.000000 1.950000
v -1.039230 0.000000 1.900000
v -1.125833 0.000000 1.850000
v -1.212436 0.000000 1.800000
v -1.299038 0.000000 1.750000
v -1.385641 0.000000 1.700000
v -1.472243 0.000000 1.650000
v -1.558846 0.000000 1.600000
v -1.645448 0.000000 1.550000
v -1.732051 0.000000 1.500000
v -1.818653 0.000000 1.450000
v -1.905256 0.000000 1.400000
v -1.991858 0.000000 1.350000
v -2.078461 0.000000 1.300000
v -2.165064 0.000000 1.250000
v -2.165064 0.056667 1.150000
v -2.165064 0.056667 1.050000
v -2.165064 0.056667 0.950000
v -2.165064 0.056667 0.850000
v -2.165064 0.056667 0.750000
v -2.165064 0.170000 0.650000
v -2.165064 0.170000 0.550000
v -2.165064 0.170000 0.450000
v -2.165064 0.170000 0.350000
v -2.165064 0.170000 0.250000
v -2.165064 0.170000 0.150000
v -2.165064 0.170000 0.050000
v -2.165064 0.170000 -0.050000
v -2.165064 0.170000 -0.150000
v -2.165064 0.170000 -0.250000
v -2.165064 0.170000 -0.350000
v -2.165064 0.170000 -0.450000
v -2.165064 0.170000 -0.550000
v -2.165064 0.170000 -0.650000
v -2.165064 0.170000 -0.750000
v -2.165064 0.170000 -0.850000
v -2.165064 0.170000 -0.950000
v -2.165064 0.170000 -1.050000
v -2.165064 0.170000 -1.150000
v -2.165064 0.170000 -1.250000
v -2.078461 0.170000 -1.300000
v -1.991858 0.170000 -1.350000
v -1.905256 0.170000 -1.400000
v -1.818653 0.170000 -1.450000
v -1.732051 0.170000 -1.500000
v -1.645448 0.170000 -1.550000
v -1.558846 0.170000 -1.600000
v -1.472243 0.170000 -1.650000
v -1.385641 0.170000 -1.700000
v -1.299038 0.170000 -1.750000
v -1.212436 0.056667 -1.800000
v -1.125833 0.000000 -1.850000
v -1.039230 0.000000 -1.900000
v -0.952628 0.000000 -1.950000
v -0.866025 0.000000 -2.000000
v -0.779423 0.000000 -2.050000
v -0.692820 0.000000 -2.100000
v -0.606218 0.000000 -2.150000
v -0.519615 0.000000 -2.200000
v -0.433013 0.000000 -2.250000
v -0.346410 0.000000 -2.300000
v -0.259808 0.000000 -2.350000
v -0.173205 0.000000 -2.400000
v -0.086603 0.000000 -2.450000
v 0.000000 0.000000 -2.600000
v 0.086603 0.000000 -2.550000
v 0.173205 0.000000 -2.500000
v 0.259808 0.000000 -2.450000
v 0.346410 0.000000 -2.400000
v 0.433013 0.000000 -2.350000
v 0.519615 -0.085000 -2.300000
v 0.606218 -0.085000 -2.250000
v 0.692820 -0.085000 -2.200000
v 0.779423 -0.085000 -2.150000
v 0.866025 -0.085000 -2.100000
v 0.952628 -0.085000 -2.050000
v 1.039230 0.170000 -2.000000
v 1.125833 0.170000 -1.950000
v 1.212436 0.170000 -1.900000
v 1.299038 0.170000 -1.850000
v 1.385641 0.170000 -1.800000
v 1.472243 0.056667 -1.750000
v 1.558846 0.056667 -1.700000
v 1.645448 0.170000 -1.650000
v 1.732051 0.170000 -1.600000
v 1.818653 0.170000 -1.550000
v 1.905256 0.170000 -1.500000
v 1.991858 0.170000 -1.450000
v 2.078461 0.056667 -1.400000
v 2.165064 0.000000 -1.350000
v 2.251666 0.000000 -1.300000
v 2.251666 0.000000 -1.200000
v 2.251666 0.056667 -1.100000
v 2.251666 0.170000 -1.000000
v 2.251666 0.170000 -0.900000
v 2.251666 0.170000 -0.800000
v 2.251666 0.170000 -0.700000
v 2.251666 0.170000 -0.600000
v 2.251666 0.170000 -0.500000
v 2.251666 0.170000 -0.400000
v 2.251666 0.170000 -0.300000
v 2.251666 0.170000 -0.200000
v 2.251666 0.170000 -0.100000
v 2.251666 0.170000 -0.000000
v 2.251666 0.056667 0.100000
v 2.251666 0.000000 0.200000
v 2.251666 0.000000 0.300000
v 2.251666 0.000000 0.400000
v 2.251666 0.000000 0.500000
v 2.251666 0.000000 0.600000
v 2.251666 0.000000 0.700000
v 2.251666 0.000000 0.800000
v 2.251666 0.000000 0.900000
v 2.251666 0.000000 1.000000
v 2.251666 0.000000 1.100000
v 2.251666 0.000000 1.200000
v 2.251666 0.000000 1.300000
v 2.165064 0.000000 1.350000
v 2.078461 0.000000 1.400000
v 1.991858 0.000000 1.450000
v 1.905256 0.000000 1.500000
v 1.818653 0.000000 1.550000
v 1.732051 0.000000 1.600000
v 1.645448 0.000000 1.650000
v 1.558846 0.000000 1.700000
v 1.472243 0.056667 1.750000
v 1.385641 0.056667 1.800000
v 1.299038 0.000000 1.850000
v 1.212436 0.000000 1.900000
v 1.125833 0.000000 1.950000
v 1.039230 0.000000 2.000000
v 0.952628 0.056667 2.050000
v 0.866025 0.000000 2.100000
v 0.779423 -0.085000 2.150000
v 0.692820 -0.085000 2.200000
v 0.606218 -0.085000 2.250000
v 0.519615 -0.085000 2.300000
v 0.433013 -0.085000 2.350000
v 0.346410 0.000000 2.400000
v 0.259808 0.000000 2.450000
v 0.173205 0.000000 2.500000
v 0.086603 0.000000 2.550000
v 0.000000 0.000000 2.600000
v -0.086603 0.000000 2.550000
v -0.173205 0.000000 2.500000
v -0.259808 0.000000 2.450000
v -0.346410 0.000000 2.400000
v -0.433013 0.000000 2.350000
v -0.519615 0.000000 2.300000
v -0.606218 0.000000 2.250000
v -0.692820 0.000000 2.200000
v -0.779423 0.000000 2.150000
v -0.866025 0.000000 2.100000
v -0.952628 0.000000 2.050000
v -1.039230 0.000000 2.000000
v -1.125833 0.000000 1.950000
v -1.212436 0.000000 1.900000
v -1.299038 0.000000 1.850000
v -1.385641 0.000000 1.800000
v -1.472243 0.000000 1.750000
v -1.558846 0.000000 1.700000
v -1.645448 0.000000 1.650000
v -1.732051 0.000000 1.600000
v -1.818653 0.000000 1.550000
v -1.905256 0.000000 1.500000
v -1.991858 0.000000 1.450000
v -2.078461 0.000000 1.400000
v -2.165064 0.000000 1.350000
v -2.251666 0.000000 1.300000
v -2.251666 0.056667 1.200000
v -2.251666 0.056667 1.100000
v -2.251666 0.000000 1.000000
v -2.251666 0.000000 0.900000
v -2.251666 0.000000 0.800000
v -2.251666 0.056667 0.700000
v -2.251666 0.170000 0.600000
v -2.251666 0.170000 0.500000
v -2.251666 0.170000 0.400000
v -2.251666 0.170000 0.300000
v -2.251666 0.170000 0.200000
v -2.251666 0.170000 0.100000
v -2.251666 0.170000 0.000000
v -2.251666 0.170000 -0.100000
v -2.251666 0.170000 -0.200000
v -2.251666 0.170000 -0.300000
v -2.251666 0.170000 -0.400000
v -2.251666 0.170000 -0.500000
v -2.251666 0.170000 -0.600000
v -2.251666 0.170000 -0.700000
v -2.251666 0.170000 -0.800000
v -2.251666 0.170000 -0.900000
v -2.251666 0.170000 -1.000000
v -2.251666 0.170000 -1.100000
v -2.251666 0.170000 -1.200000
v -2.251666 0.170000 -1.300000
v -2.165064 0.170000 -1.350000
v -2.078461 0.170000 -1.400000
v -1.991858 0.170000 -1.450000
v -1.905256 0.170000 -1.500000
v -1.818653 0.170000 -1.550000
v -1.732051 0.170000 -1.600000
v -1.645448 0.170000 -1.650000
v -1.558846 0.170000 -1.700000
v -1.472243 0.170000 -1.750000
v -1.385641 0.170000 -1.800000
v -1.299038 0.056667 -1.850000
v -1.212436 0.000000 -1.900000
v -1.125833 0.000000 -1.950000
v -1.039230 0.000000 -2.000000
v -0.952628 0.000000 -2.050000
v -0.866025 0.000000 -2.100000
v -0.779423 0.000000 -2.150000
v -0.692820 0.000000 -2.200000
v -0.606218 0.000000 -2.250000
v -0.519615 0.000000 -2.300000
v -0.433013 0.000000 -2.350000
v -0.346410 0.000000 -2.400000
v -0.259808 0.000000 -2.450000
v -0.173205 0.000000 -2.500000
v -0.086603 0.000000 -2.550000
v 0.000000 0.000000 -2.700000
v 0.086603 0.000000 -2.650000
v 0.173205 0.000000 -2.600000
v 0.259808 0.000000 -2.550000
v 0.346410 0.000000 -2.500000
v 0.433013 0.000000 -2.450000
v 0.519615 0.000000 -2.400000
v 0.606218 -0.085000 -2.350000
v 0.692820 -0.085000 -2.300000
v 0.779423 -0.085000 -2.250000
v 0.866025 -0.085000 -2.200000
v 0.952628 -0.085000 -2.150000
v 1.039230 0.056667 -2.100000
v 1.125833 0.170000 -2.050000
v 1.212436 0.170000 -2.000000
v 1.299038 0.170000 -1.950000
v 1.385641 0.056667 -1.900000
v 1.472243 0.056667 -1.850000
v 1.558846 0.000000 -1.800000
v 1.645448 0.056667 -1.750000
v 1.732051 0.056667 -1.700000
v 1.818653 0.170000 -1.650000
v 1.905256 0.170000 -1.600000
v 1.991858 0.170000 -1.550000
v 2.078461 0.056667 -1.500000
v 2.165064 0.000000 -1.450000
v 2.251666 0.000000 -1.400000
v 2.338269 0.000000 -1.350000
v 2.338269 0.000000 -1.250000
v 2.338269 0.056667 -1.150000
v 2.338269 0.170000 -1.050000
v 2.338269 0.170000 -0.950000
v 2.338269 0.056667 -0.850000
v 2.338269 0.056667 -0.750000
v 2.338269 0.056667 -0.650000
v 2.338269 0.170000 -0.550000
v 2.338269 0.170000 -0.450000
v 2.338269 0.170000 -0.350000
v 2.338269 0.170000 -0.250000
v 2.338269 0.170000 -0.150000
v 2.338269 0.170000 -0.050000
v 2.338269 0.056667 0.050000
v 2.338269 0.000000 0.150000
v 2.338269 0.000000 0.250000
v 2.338269 0.000000 0.350000
v 2.338269 0.000000 0.450000
v 2.338269 0.000000 0.550000
v 2.338269 0.000000 0.650000
v 2.338269 0.000000 0.750000
v 2.338269 0.000000 0.850000
v 2.338269 0.000000 0.950000
v 2.338269 0.000000 1.050000
v 2.338269 0.000000 1.150000
v 2.338269 0.000000 1.250000
v 2.338269 0.000000 1.350000
v 2.251666 0.000000 1.400000
v 2.165064 0.000000 1.450000
v 2.078461 0.000000 1.500000
v 1.991858 0.000000 1.550000
v 1.905256 0.000000 1.600000
v 1.818653 0.000000 1.650000
v 1.732051 0.000000 1.700000
v 1.645448 0.000000 1.750000
v 1.558846 0.000000 1.800000
v 1.472243 0.056667 1.850000
v 1.385641 0.000000 1.900000
v 1.299038 0.000000 1.950000
v 1.212436 0.000000 2.000000
v 1.125833 0.000000 2.050000
v 1.039230 0.000000 2.100000
v 0.952628 0.000000 2.150000
v 0.866025 -0.085000 2.200000
v 0.779423 -0.085000 2.250000
v 0.692820 -0.085000 2.300000
v 0.606218 -0.085000 2.350000
v 0.519615 -0.085000 2.400000
v 0.433013 0.000000 2.450000
v 0.346410 0.000000 2.500000
v 0.259808 0.000000 2.550000
v 0.173205 0.000000 2.600000
v 0.086603 0.000000 2.650000
v 0.000000 0.000000 2.700000
v -0.086603 0.000000 2.650000
v -0.173205 0.000000 2.600000
v -0.259808 0.000000 2.550000
v -0.346410 0.000000 2.500000
v -0.433013 0.000000 2.450000
v -0.519615 0.000000 2.400000
v -0.606218 0.000000 2.350000
v -0.692820 0.000000 2.300000
v -0.779423 0.000000 2.250000
v -0.866025 0.000000 2.200000
v -0.952628 0.000000 2.150000
v -1.039230 0.000000 2.100000
v -1.125833 0.000000 2.050000
v -1.212436 0.000000 2.000000
v -1.299038 0.000000 1.950000
v -1.385641 0.000000 1.900000
v -1.472243 0.000000 1.850000
v -1.558846 0.000000 1.800000
v -1.645448 0.000000 1.750000
v -1.732051 0.000000 1.700000
v -1.818653 0.000000 1.650000
v -1.905256 0.000000 1.600000
v -1.991858 0.000000 1.550000
v -2.078461 0.000000 1.500000
v -2.165064 0.000000 1.450000
v -2.251666 0.000000 1.400000
v -2.338269 0.000000 1.350000
v -2.338269 0.000000 1.250000
v -2.338269 0.000000 1.150000
v -2.338269 0.000000 1.050000
v -2.338269 0.000000 0.950000
v -2.338269 0.000000 0.850000
v -2.338269 0.000000 0.750000
v -2.338269 0.056667 0.650000
v -2.338269 0.170000 0.550000
v -2.338269 0.170000 0.450000
v -2.338269 0.170000 0.350000
v -2.338269 0.170000 0.250000
v -2.338269 0.170000 0.150000
v -2.338269 0.170000 0.050000
v -2.338269 0.170000 -0.050000
v -2.338269 0.170000 -0.150000
v -2.338269 0.170000 -0.250000
v -2.338269 0.170000 -0.350000
v -2.338269 0.170000 -0.450000
v -2.338269 0.170000 -0.550000
v -2.338269 0.170000 -0.650000
v -2.338269 0.170000 -0.750000
v -2.338269 0.170000 -0.850000
v -2.338269 0.170000 -0.950000
v -2.338269 0.170000 -1.050000
v -2.338269 0.170000 -1.150000
v -2.338269 0.170000 -1.250000
v -2.338269 0.170000 -1.350000
v -2.251666 0.170000 -1.400000
v -2.165064 0.170000 -1.450000
v -2.078461 0.170000 -1.500000
v -1.991858 0.170000 -1.550000
v -1.905256 0.170000 -1.600000
v -1.818653 0.170000 -1.650000
v -1.732051 0.170000 -1.700000
v -1.645448 0.170000 -1.750000
v -1.558846 0.170000 -1.800000
v -1.472243 0.170000 -1.850000
v -1.385641 0.056667 -1.900000
v -1.299038 0.000000 -1.950000
v -1.212436 0.000000 -2.000000
v -1.125833 0.000000 -2.050000
v -1.039230 0.000000 -2.100000
v -0.952628 0.000000 -2.150000
v -0.866025 0.000000 -2.200000
v -0.779423 0.000000 -2.250000
v -0.692820 0.000000 -2.300000
v -0.606218 0.000000 -2.350000
v -0.519615 0.000000 -2.400000
v -0.433013 0.000000 -2.450000
v -0.346410 0.000000 -2.500000
v -0.259808 0.000000 -2.550000
v -0.173205 0.000000 -2.600000
v -0.086603 0.000000 -2.650000
v 0.000000 0.000000 -2.800000
v 0.086603 0.000000 -2.750000
v 0.173205 0.000000 -2.700000
v 0.259808 0.000000 -2.650000
v 0.346410 0.000000 -2.600000
v 0.433013 0.000000 -2.550000
v 0.519615 0.000000 -2.500000
v 0.606218 0.000000 -2.450000
v 0.692820 -0.085000 -2.400000
v 0.779423 -0.085000 -2.350000
v 0.866025 -0.085000 -2.300000
v 0.952628 -0.085000 -2.250000
v 1.039230 -0.085000 -2.200000
v 1.125833 0.056667 -2.150000
v 1.212436 0.056667 -2.100000
v 1.299038 0.056667 -2.050000
v 1.385641 0.056667 -2.000000
v 1.472243 0.000000 -1.950000
v 1.558846 0.000000 -1.900000
v 1.645448 0.000000 -1.850000
v 1.732051 0.000000 -1.800000
v 1.818653 0.056667 -1.750000
v 1.905256 0.056667 -1.700000
v 1.991858 0.056667 -1.650000
v 2.078461 0.056667 -1.600000
v 2.165064 0.000000 -1.550000
v 2.251666 0.000000 -1.500000
v 2.338269 0.000000 -1.450000
v 2.424871 0.000000 -1.400000
v 2.424871 0.000000 -1.300000
v 2.424871 0.000000 -1.200000
v 2.424871 0.056667 -1.100000
v 2.424871 0.056667 -1.000000
v 2.424871 0.056667 -0.900000
v 2.424871 0.000000 -0.800000
v 2.424871 0.000000 -0.700000
v 2.424871 0.056667 -0.600000
v 2.424871 0.056667 -0.500000
v 2.424871 0.170000 -0.400000
v 2.424871 0.170000 -0.300000
v 2.424871 0.170000 -0.200000
v 2.424871 0.056667 -0.100000
v 2.424871 0.056667 -0.000000
v 2.424871 0.000000 0.100000
v 2.424871 0.000000 0.200000
v 2.424871 0.000000 0.300000
v 2.424871 0.000000 0.400000
v 2.424871 0.000000 0.500000
v 2.424871 0.000000 0.600000
v 2.424871 0.000000 0.700000
v 2.424871 0.000000 0.800000
v 2.424871 0.000000 0.900000
v 2.424871 0.000000 1.000000
v 2.424871 0.000000 1.100000
v 2.424871 0.000000 1.200000
v 2.424871 0.000000 1.300000
v 2.424871 0.000000 1.400000
v 2.338269 0.000000 1.450000
v 2.251666 0.000000 1.500000
v 2.165064 0.000000 1.550000
v 2.078461 0.000000 1.600000
v 1.991858 0.000000 1.650000
v 1.905256 0.000000 1.700000
v 1.818653 0.000000 1.750000
v 1.732051 0.000000 1.800000
v 1.645448 0.000000 1.850000
v 1.558846 0.000000 1.900000
v 1.472243 0.000000 1.950000
v 1.385641 0.000000 2.000000
v 1.299038 0.000000 2.050000
v 1.212436 0.000000 2.100000
v 1.125833 0.000000 2.150000
v 1.039230 0.000000 2.200000
v 0.952628 0.000000 2.250000
v 0.866025 -0.085000 2.300000
v 0.779423 -0.085000 2.350000
v 0.692820 -0.085000 2.400000
v 0.606218 -0.085000 2.450000
v 0.519615 -0.085000 2.500000
v 0.433013 0.000000 2.550000
v 0.346410 0.000000 2.600000
v 0.259808 0.000000 2.650000
v 0.173205 0.000000 2.700000
v 0.086603 0.000000 2.750000
v 0.000000 0.000000 2.800000
v -0.086603 0.000000 2.750000
v -0.173205 0.000000 2.700000
v -0.259808 0.000000 2.650000
v -0.346410 0.000000 2.600000
v -0.433013 0.000000 2.550000
v -0.519615 0.000000 2.500000
v -0.606218 0.000000 2.450000
v -0.692820 0.000000 2.400000
v -0.779423 0.000000 2.350000
v -0.866025 0.000000 2.300000
v -0.952628 0.000000 2.250000
v -1.039230 0.000000 2.200000
v -1.125833 0.000000 2.150000
v -1.212436 0.000000 2.100000
v -1.299038 0.000000 2.050000
v -1.385641 0.000000 2.000000
v -1.472243 0.000000 1.950000
v -1.558846 0.000000 1.900000
v -1.645448 0.000000 1.850000
v -1.732051 0.000000 1.800000
v -1.818653 0.000000 1.750000
v -1.905256 0.000000 1.700000
v -1.991858 0.000000 1.650000
v -2.078461 0.000000 1.600000
v -2.165064 0.000000 1.550000
v -2.251666 0.000000 1.500000
v -2.338269 0.000000 1.450000
v -2.424871 0.000000 1.400000
v -2.424871 0.000000 1.300000
v -2.424871 0.000000 1.200000
v -2.424871 0.000000 1.100000
v -2.424871 0.000000 1.000000
v -2.424871 0.000000 0.900000
v -2.424871 0.000000 0.800000
v -2.424871 0.056667 0.700000
v -2.424871 0.170000 0.600000
v -2.424871 0.170000 0.500000
v -2.424871 0.170000 0.400000
v -2.424871 0.170000 0.300000
v -2.424871 0.170000 0.200000
v -2.424871 0.170000 0.100000
v -2.424871 0.170000 0.000000
v -2.424871 0.170000 -0.100000
v -2.424871 0.170000 -0.200000
v -2.424871 0.170000 -0.300000
v -2.424871 0.170000 -0.400000
v -2.424871 0.170000 -0.500000
v -2.424871 0.170000 -0.600000
v -2.424871 0.170000 -0.700000
v -2.424871 0.170000 -0.800000
v -2.424871 0.170000 -0.900000
v -2.424871 0.170000 -1.000000
v -2.424871 0.170000 -1.100000
v -2.424871 0.170000 -1.200000
v -2.424871 0.170000 -1.300000
v -2.424871 0.056667 -1.400000
v -2.338269 0.056667 -1.450000
v -2.251666 0.056667 -1.500000
v -2.165064 0.170000 -1.550000
v -2.078461 0.170000 -1.600000
v -1.991858 0.170000 -1.650000
v -1.905256 0.170000 -1.700000
v -1.818653 0.170000 -1.750000
v -1.732051 0.170000 -1.800000
v -1.645448 0.170000 -1.850000
v -1.558846 0.170000 -1.900000
v -1.472243 0.170000 -1.950000
v -1.385641 0.056667 -2.000000
v -1.299038 0.000000 -2.050000
v -1.212436 0.000000 -2.100000
v -1.125833 0.000000 -2.150000
v -1.039230 0.000000 -2.200000
v -0.952628 0.000000 -2.250000
v -0.866025 0.000000 -2.300000
v -0.779423 0.000000 -2.350000
v -0.692820 0.000000 -2.400000
v -0.606218 0.000000 -2.450000
v -0.519615 0.000000 -2.500000
v -0.433013 0.000000 -2.550000
v -0.346410 0.000000 -2.600000
v -0.259808 0.000000 -2.650000
v -0.173205 0.000000 -2.700000
v -0.086603 0.000000 -2.750000
v 0.000000 0.000000 -2.900000
v 0.086603 0.000000 -2.850000
v 0.173205 0.000000 -2.800000
v 0.259808 0.000000 -2.750000
v 0.346410 0.000000 -2.700000
v 0.433013 0.000000 -2.650000
v 0.519615 0.000000 -2.600000
v 0.606218 0.000000 -2.550000
v 0.692820 0.000000 -2.500000
v 0.779423 -0.085000 -2.450000
v 0.866025 -0.085000 -2.400000
v 0.952628 -0.085000 -2.350000
v 1.039230 -0.085000 -2.300000
v 1.125833 -0.085000 -2.250000
v 1.212436 0.000000 -2.200000
v 1.299038 0.056667 -2.150000
v 1.385641 0.000000 -2.100000
v 1.472243 0.000000 -2.050000
v 1.558846 0.000000 -2.000000
v 1.645448 0.000000 -1.950000
v 1.732051 0.000000 -1.900000
v 1.818653 0.000000 -1.850000
v 1.905256 0.000000 -1.800000
v 1.991858 0.000000 -1.750000
v 2.078461 0.000000 -1.700000
v 2.165064 0.000000 -1.650000
v 2.251666 0.000000 -1.600000
v 2.338269 0.000000 -1.550000
v 2.424871 0.000000 -1.500000
v 2.511474 0.000000 -1.450000
v 2.511474 0.000000 -1.350000
v 2.511474 0.000000 -1.250000
v 2.511474 0.000000 -1.150000
v 2.511474 0.056667 -1.050000
v 2.511474 0.000000 -0.950000
v 2.511474 0.000000 -0.850000
v 2.511474 0.000000 -0.750000
v 2.511474 0.000000 -0.650000
v 2.511474 0.000000 -0.550000
v 2.511474 0.056667 -0.450000
v 2.511474 0.056667 -0.350000
v 2.511474 0.056667 -0.250000
v 2.511474 0.056667 -0.150000
v 2.511474 0.000000 -0.050000
v 2.511474 0.000000 0.050000
v 2.511474 0.000000 0.150000
v 2.511474 0.000000 0.250000
v 2.511474 0.000000 0.350000
v 2.511474 0.000000 0.450000
v 2.511474 0.000000 0.550000
v 2.511474 0.000000 0.650000
v 2.511474 0.000000 0.750000
v 2.511474 0.000000 0.850000
v 2.511474 0.000000 0.950000
v 2.511474 0.000000 1.050000
v 2.511474 0.000000 1.150000
v 2.511474 0.000000 1.250000
v 2.511474 0.000000 1.350000
v 2.511474 0.000000 1.450000
v 2.424871 0.000000 1.500000
v 2.338269 0.000000 1.550000
v 2.251666 0.000000 1.600000
v 2.165064 0.000000 1.650000
v 2.078461 0.000000 1.700000
v 1.991858 0.000000 1.750000
v 1.905256 0.000000 1.800000
v 1.818653 0.000000 1.850000
v 1.732051 0.000000 1.900000
v 1.645448 0.000000 1.950000
v 1.558846 0.000000 2.000000
v 1.472243 0.000000 2.050000
v 1.385641 0.000000 2.100000
v 1.299038 0.000000 2.150000
v 1.212436 0.000000 2.200000
v 1.125833 0.000000 2.250000
v 1.039230 0.000000 2.300000
v 0.952628 -0.085000 2.350000
v 0.866025 -0.085000 2.400000
v 0.779423 -0.085000 2.450000
v 0.692820 -0.085000 2.500000
v 0.606218 -0.085000 2.550000
v 0.519615 0.000000 2.600000
v 0.433013 0.000000 2.650000
v 0.346410 0.000000 2.700000
v 0.259808 0.000000 2.750000
v 0.173205 0.000000 2.800000
v 0.086603 0.000000 2.850000
v 0.000000 0.000000 2.900000
v -0.086603 0.000000 2.850000
v -0.173205 0.000000 2.800000
v -0.259808 0.000000 2.750000
v -0.346410 0.000000 2.700000
v -0.433013 0.000000 2.650000
v -0.519615 0.000000 2.600000
v -0.606218 0.000000 2.550000
v -0.692820 0.000000 2.500000
v -0.779423 0.000000 2.450000
v -0.866025 0.000000 2.400000
v -0.952628 0.000000 2.350000
v -1.039230 0.000000 2.300000
v -1.125833 0.000000 2.250000
v -1.212436 0.000000 2.200000
v -1.299038 0.000000 2.150000
v -1.385641 0.000000 2.100000
v -1.472243 0.000000 2.050000
v -1.558846 0.000000 2.000000
v -1.645448 0.000000 1.950000
v -1.732051 0.000000 1.900000
v -1.818653 0.000000 1.850000
v -1.905256 0.000000 1.800000
v -1.991858 0.000000 1.750000
v -2.078461 0.000000 1.700000
v -2.165064 0.000000 1.650000
v -2.251666 0.000000 1.600000
v -2.338269 0.000000 1.550000
v -2.424871 0.000000 1.500000
v -2.511474 0.000000 1.450000
v -2.511474 0.000000 1.350000
v -2.511474 0.000000 1.250000
v -2.511474 0.000000 1.150000
v -2.511474 0.000000 1.050000
v -2.511474 0.000000 0.950000
v -2.511474 0.000000 0.850000
v -2.511474 0.000000 0.750000
v -2.511474 0.056667 0.650000
v -2.511474 0.170000 0.550000
v -2.511474 0.170000 0.450000
v -2.511474 0.170000 0.350000
v -2.511474 0.170000 0.250000
v -2.511474 0.170000 0.150000
v -2.511474 0.170000 0.050000
v -2.511474 0.170000 -0.050000
v -2.511474 0.170000 -0.150000
v -2.511474 0.170000 -0.250000
v -2.511474 0.170000 -0.350000
v -2.511474 0.170000 -0.450000
v -2.511474 0.170000 -0.550000
v -2.511474 0.170000 -0.650000
v -2.511474 0.170000 -0.750000
v -2.511474 0.170000 -0.850000
v -2.511474 0.170000 -0.950000
v -2.511474 0.170000 -1.050000
v -2.511474 0.170000 -1.150000
v -2.511474 0.170000 -1.250000
v -2.511474 0.056667 -1.350000
v -2.511474 0.000000 -1.450000
v -2.424871 0.000000 -1.500000
v -2.338269 0.000000 -1.550000
v -2.251666 0.056667 -1.600000
v -2.165064 0.056667 -1.650000
v -2.078461 0.056667 -1.700000
v -1.991858 0.056667 -1.750000
v -1.905256 0.056667 -1.800000
v -1.818653 0.056667 -1.850000
v -1.732051 0.056667 -1.900000
v -1.645448 0.056667 -1.950000
v -1.558846 0.056667 -2.000000
v -1.472243 0.056667 -2.050000
v -1.385641 0.000000 -2.100000
v -1.299038 0.000000 -2.150000
v -1.212436 0.000000 -2.200000
v -1.125833 0.000000 -2.250000
v -1.039230 0.000000 -2.300000
v -0.952628 0.000000 -2.350000
v -0.866025 0.000000 -2.400000
v -0.779423 0.000000 -2.450000
v -0.692820 0.000000 -2.500000
v -0.606218 0.000000 -2.550000
v -0.519615 0.000000 -2.600000
v -0.433013 0.000000 -2.650000
v -0.346410 0.000000 -2.700000
v -0.259808 0.000000 -2.750000
v -0.173205 0.000000 -2.800000
v -0.086603 0.000000 -2.850000
v 0.000000 0.000000 -3.000000
v 0.086603 0.000000 -2.950000
v 0.173205 0.000000 -2.900000
v 0.259808 0.000000 -2.850000
v 0.346410 0.000000 -2.800000
v 0.433013 0.000000 -2.750000
v 0.519615 0.000000 -2.700000
v 0.606218 0.000000 -2.650000
v 0.692820 0.000000 -2.600000
v 0.779423 0.000000 -2.550000
v 0.866025 -0.085000 -2.500000
v 0.952628 -0.085000 -2.450000
v 1.039230 -0.085000 -2.400000
v 1.125833 -0.085000 -2.350000
v 1.212436 -0.085000 -2.300000
v 1.299038 0.000000 -2.250000
v 1.385641 0.000000 -2.200000
v 1.472243 0.000000 -2.150000
v 1.558846 0.000000 -2.100000
v 1.645448 0.000000 -2.050000
v 1.732051 0.000000 -2.000000
v 1.818653 0.000000 -1.950000
v 1.905256 0.000000 -1.900000
v 1.991858 0.000000 -1.850000
v 2.078461 0.000000 -1.800000
v 2.165064 0.000000 -1.750000
v 2.251666 0.000000 -1.700000
v 2.338269 0.000000 -1.650000
v 2.424871 0.000000 -1.600000
v 2.511474 0.000000 -1.550000
v 2.598076 0.000000 -1.500000
v 2.598076 0.000000 -1.400000
v 2.598076 0.000000 -1.300000
v 2.598076 0.000000 -1.200000
v 2.598076 0.000000 -1.100000
v 2.598076 0.000000 -1.000000
v 2.598076 0.000000 -0.900000
v 2.598076 0.000000 -0.800000
v 2.598076 0.000000 -0.700000
v 2.598076 0.000000 -0.600000
v 2.598076 0.000000 -0.500000
v 2.598076 0.000000 -0.400000
v 2.598076 0.000000 -0.300000
v 2.598076 0.000000 -0.200000
v 2.598076 0.000000 -0.100000
v 2.598076 0.000000 -0.000000
v 2.598076 0.000000 0.100000
v 2.598076 0.000000 0.200000
v 2.598076 0.000000 0.300000
v 2.598076 0.000000 0.400000
v 2.598076 0.000000 0.500000
v 2.598076 0.000000 0.600000
v 2.598076 0.000000 0.700000
v 2.598076 0.000000 0.800000
v 2.598076 0.000000 0.900000
v 2.598076 0.000000 1.000000
v 2.598076 0.000000 1.100000
v 2.598076 0.000000 1.200000
v 2.598076 0.000000 1.300000
v 2.598076 0.000000 1.400000
v 2.598076 0.000000 1.500000
v 2.511474 0.000000 1.550000
v 2.424871 0.000000 1.600000
v 2.338269 0.000000 1.650000
v 2.251666 0.000000 1.700000
v 2.165064 0.000000 1.750000
v 2.078461 0.000000 1.800000
v 1.991858 0.000000 1.850000
v 1.905256 0.000000 1.900000
v 1.818653 0.000000 1.950000
v 1.732051 0.000000 2.000000
v 1.645448 0.000000 2.050000
v 1.558846 0.000000 2.100000
v 1.472243 0.000000 2.150000
v 1.385641 0.000000 2.200000
v 1.299038 0.000000 2.250000
v 1.212436 0.000000 2.300000
v 1.125833 0.000000 2.350000
v 1.039230 -0.085000 2.400000
v 0.952628 -0.085000 2.450000
v 0.866025 -0.085000 2.500000
v 0.779423 -0.085000 2.550000
v 0.692820 -0.085000 2.600000
v 0.606218 0.000000 2.650000
v 0.519615 0.000000 2.700000
v 0.433013 0.000000 2.750000
v 0.346410 0.000000 2.800000
v 0.259808 0.000000 2.850000
v 0.173205 0.000000 2.900000
v 0.086603 0.000000 2.950000
v 0.000000 0.000000 3.000000
v -0.086603 0.000000 2.950000
v -0.173205 0.000000 2.900000
v -0.259808 0.000000 2.850000
v -0.346410 0.000000 2.800000
v -0.433013 0.000000 2.750000
v -0.519615 0.000000 2.700000
v -0.606218 0.000000 2.650000
v -0.692820 0.000000 2.600000
v -0.779423 0.000000 2.550000
v -0.866025 0.000000 2.500000
v -0.952628 0.000000 2.450000
v -1.039230 0.000000 2.400000
v -1.125833 0.000000 2.350000
v -1.212436 0.000000 2.300000
v -1.299038 0.000000 2.250000
v -1.385641 0.000000 2.200000
v -1.472243 0.000000 2.150000
v -1.558846 0.000000 2.100000
v -1.645448 0.000000 2.050000
v -1.732051 0.000000 2.000000
v -1.818653 0.000000 1.950000
v -1.905256 0.000000 1.900000
v -1.991858 0.000000 1.850000
v -2.078461 0.000000 1.800000
v -2.165064 0.000000 1.750000
v -2.251666 0.000000 1.700000
v -2.338269 0.000000 1.650000
v -2.424871 0.000000 1.600000
v -2.511474 0.000000 1.550000
v -2.598076 0.000000 1.500000
v -2.598076 0.000000 1.400000
v -2.598076 0.000000 1.300000
v -2.598076 0.000000 1.200000
v -2.598076 0.000000 1.100000
v -2.598076 0.000000 1.000000
v -2.598076 0.000000 0.900000
v -2.598076 0.000000 0.800000
v -2.598076 0.000000 0.700000
v -2.598076 0.056667 0.600000
v -2.598076 0.170000 0.500000
v -2.598076 0.170000 0.400000
v -2.598076 0.170000 0.300000
v -2.598076 0.170000 0.200000
v -2.598076 0.170000 0.100000
v -2.598076 0.170000 0.000000
v -2.598076 0.170000 -0.100000
v -2.598076 0.170000 -0.200000
v -2.598076 0.170000 -0.300000
v -2.598076 0.170000 -0.400000
v -2.598076 0.170000 -0.500000
v -2.598076 0.170000 -0.600000
v -2.598076 0.170000 -0.700000
v -2.598076 0.170000 -0.800000
v -2.598076 0.170000 -0.900000
v -2.598076 0.170000 -1.000000
v -2.598076 0.170000 -1.100000
v -2.598076 0.056667 -1.200000
v -2.598076 0.056667 -1.300000
v -2.598076 0.000000 -1.400000
v -2.598076 0.000000 -1.500000
v -2.511474 0.000000 -1.550000
v -2.424871 0.000000 -1.600000
v -2.338269 0.000000 -1.650000
v -2.251666 0.000000 -1.700000
v -2.165064 0.000000 -1.750000
v -2.078461 0.000000 -1.800000
v -1.991858 0.000000 -1.850000
v -1.905256 0.000000 -1.900000
v -1.818653 0.000000 -1.950000
v -1.732051 0.000000 -2.000000
v -1.645448 0.000000 -2.050000
v -1.558846 0.000000 -2.100000
v -1.472243 0.000000 -2.150000
v -1.385641 0.000000 -2.200000
v -1.299038 0.000000 -2.250000
v -1.212436 0.000000 -2.300000
v -1.125833 0.000000 -2.350000
v -1.039230 0.000000 -2.400000
v -0.952628 0.000000 -2.450000
v -0.866025 0.000000 -2.500000
v -0.779423 0.000000 -2.550000
v -0.692820 0.000000 -2.600000
v -0.606218 0.000000 -2.650000
v -0.519615 0.000000 -2.700000
v -0.433013 0.000000 -2.750000
v -0.346410 0.000000 -2.800000
v -0.259808 0.000000 -2.850000
v -0.173205 0.000000 -2.900000
v -0.086603 0.000000 -2.950000
v 0.000000 0.000000 -3.100000
v 0.086603 0.000000 -3.050000
v 0.173205 0.000000 -3.000000
v 0.259808 0.000000 -2.950000
v 0.346410 0.000000 -2.900000
v 0.433013 0.000000 -2.850000
v 0.519615 0.000000 -2.800000
v 0.606218 0.000000 -2.750000
v 0.692820 0.000000 -2.700000
v 0.779423 0.000000 -2.650000
v 0.866025 -0.085000 -2.600000
v 0.952628 -0.085000 -2.550000
v 1.039230 -0.085000 -2.500000
v 1.125833 -0.085000 -2.450000
v 1.212436 -0.085000 -2.400000
v 1.299038 -0.085000 -2.350000
v 1.385641 0.000000 -2.300000
v 1.472243 0.000000 -2.250000
v 1.558846 0.000000 -2.200000
v 1.645448 0.000000 -2.150000
v 1.732051 0.000000 -2.100000
v 1.818653 0.000000 -2.050000
v 1.905256 0.000000 -2.000000
v 1.991858 0.000000 -1.950000
v 2.078461 0.000000 -1.900000
v 2.165064 0.000000 -1.850000
v 2.251666 0.000000 -1.800000
v 2.338269 0.000000 -1.750000
v 2.424871 0.000000 -1.700000
v 2.511474 0.000000 -1.650000
v 2.598076 0.000000 -1.600000
v 2.684679 0.000000 -1.550000
v 2.684679 0.000000 -1.450000
v 2.684679 0.000000 -1.350000
v 2.684679 0.000000 -1.250000
v 2.684679 0.000000 -1.150000
v 2.684679 0.000000 -1.050000
v 2.684679 0.000000 -0.950000
v 2.684679 0.000000 -0.850000
v 2.684679 0.000000 -0.750000
v 2.684679 0.000000 -0.650000
v 2.684679 0.000000 -0.550000
v 2.684679 0.000000 -0.450000
v 2.684679 0.000000 -0.350000
v 2.684679 0.000000 -0.250000
v 2.684679 0.000000 -0.150000
v 2.684679 0.000000 -0.050000
v 2.684679 0.000000 0.050000
v 2.684679 0.000000 0.150000
v 2.684679 0.000000 0.250000
v 2.684679 0.000000 0.350000
v 2.684679 0.000000 0.450000
v 2.684679 0.000000 0.550000
v 2.684679 0.000000 0.650000
v 2.684679 0.000000 0.750000
v 2.684679 0.000000 0.850000
v 2.684679 0.000000 0.950000
v 2.684679 0.000000 1.050000
v 2.684679 0.000000 1.150000
v 2.684679 0.000000 1.250000
v 2.684679 0.000000 1.350000
v 2.684679 0.000000 1.450000
v 2.684679 0.000000 1.550000
v 2.598076 0.000000 1.600000
v 2.511474 0.000000 1.650000
v 2.424871 0.000000 1.700000
v 2.338269 0.000000 1.750000
v 2.251666 0.000000 1.800000
v 2.165064 0.000000 1.850000
v 2.078461 0.000000 1.900000
v 1.991858 0.000000 1.950000
v 1.905256 0.000000 2.000000
v 1.818653 0.000000 2.050000
v 1.732051 0.000000 2.100000
v 1.645448 0.000000 2.150000
v 1.558846 0.000000 2.200000
v 1.472243 0.000000 2.250000
v 1.385641 0.000000 2.300000
v 1.299038 0.000000 2.350000
v 1.212436 0.000000 2.400000
v 1.125833 -0.085000 2.450000
v 1.039230 -0.085000 2.500000
v 0.952628 -0.085000 2.550000
v 0.866025 -0.085000 2.600000
v 0.779423 -0.085000 2.650000
v 0.692820 -0.085000 2.700000
v 0.606218 0.000000 2.750000
v 0.519615 0.000000 2.800000
v 0.433013 0.000000 2.850000
v 0.346410 0.000000 2.900000
v 0.259808 0.000000 2.950000
v 0.173205 0.000000 3.000000
v 0.086603 0.000000 3.050000
v 0.000000 0.000000 3.100000
v -0.086603 0.000000 3.050000
v -0.173205 0.000000 3.000000
v -0.259808 0.000000 2.950000
v -0.346410 0.000000 2.900000
v -0.433013 0.000000 2.850000
v -0.519615 0.000000 2.800000
v -0.606218 0.000000 2.750000
v -0.692820 0.000000 2.700000
v -0.779423 0.000000 2.650000
v -0.866025 0.000000 2.600000
v -0.952628 0.000000 2.550000
v -1.039230 0.000000 2.500000
v -1.125833 0.000000 2.450000
v -1.212436 0.000000 2.400000
v -1.299038 0.000000 2.350000
v -1.385641 0.000000 2.300000
v -1.472243 0.000000 2.250000
v -1.558846 0.000000 2.200000
v -1.645448 0.000000 2.150000
v -1.732051 0.000000 2.100000
v -1.818653 0.000000 2.050000
v -1.905256 0.000000 2.000000
v -1.991858 0.000000 1.950000
v -2.078461 0.000000 1.900000
v -2.165064 0.000000 1.850000
v -2.251666 0.000000 1.800000
v -2.338269 0.000000 1.750000
v -2.424871 0.000000 1.700000
v -2.511474 0.000000 1.650000
v -2.598076 0.000000 1.600000
v -2.684679 0.000000 1.550000
v -2.684679 0.000000 1.450000
v -2.684679 0.000000 1.350000
v -2.684679 0.000000 1.250000
v -2.684679 0.000000 1.150000
v -2.684679 0.000000 1.050000
v -2.684679 0.000000 0.950000
v -2.684679 0.000000 0.850000
v -2.684679 0.000000 0.750000
v -2.684679 0.056667 0.650000
v -2.684679 0.056667 0.550000
v -2.684679 0.170000 0.450000
v -2.684679 0.170000 0.350000
v -2.684679 0.170000 0.250000
v -2.684679 0.170000 0.150000
v -2.684679 0.170000 0.050000
v -2.684679 0.170000 -0.050000
v -2.684679 0.170000 -0.150000
v -2.684679 0.170000 -0.250000
v -2.684679 0.170000 -0.350000
v -2.684679 0.170000 -0.450000
v -2.684679 0.170000 -0.550000
v -2.684679 0.170000 -0.650000
v -2.684679 0.170000 -0.750000
v -2.684679 0.170000 -0.850000
v -2.684679 0.170000 -0.950000
v -2.684679 0.170000 -1.050000
v -2.684679 0.056667 -1.150000
v -2.684679 0.000000 -1.250000
v -2.684679 0.000000 -1.350000
v -2.684679 0.000000 -1.450000
v -2.684679 0.000000 -1.550000
v -2.598076 0.000000 -1.600000
v -2.511474 0.000000 -1.650000
v -2.424871 0.000000 -1.700000
v -2.338269 0.000000 -1.750000
v -2.251666 0.000000 -1.800000
v -2.165064 0.000000 -1.850000
v -2.078461 0.000000 -1.900000
v -1.991858 0.000000 -1.950000
v -1.905256 0.000000 -2.000000
v -1.818653 0.000000 -2.050000
v -1.732051 0.000000 -2.100000
v -1.645448 0.000000 -2.150000
v -1.558846 0.000000 -2.200000
v -1.472243 0.000000 -2.250000
v -1.385641 0.000000 -2.300000
v -1.299038 0.000000 -2.350000
v -1.212436 0.000000 -2.400000
v -1.125833 0.000000 -2.450000
v -1.039230 0.000000 -2.500000
v -0.952628 0.000000 -2.550000
v -0.866025 0.000000 -2.600000
v -0.779423 0.000000 -2.650000
v -0.692820 0.000000 -2.700000
v -0.606218 0.000000 -2.750000
v -0.519615 0.000000 -2.800000
v -0.433013 0.000000 -2.850000
v -0.346410 0.000000 -2.900000
v -0.259808 0.000000 -2.950000
v -0.173205 0.000000 -3.000000
v -0.086603 0.000000 -3.050000
v 0.000000 0.000000 -3.200000
v 0.086603 0.000000 -3.150000
v 0.173205 0.000000 -3.100000
v 0.259808 0.000000 -3.050000
v 0.346410 0.000000 -3.000000
v 0.433013 0.000000 -2.950000
v 0.519615 0.000000 -2.900000
v 0.606218 0.000000 -2.850000
v 0.692820 0.000000 -2.800000
v 0.779423 0.000000 -2.750000
v 0.866025 0.000000 -2.700000
v 0.952628 -0.085000 -2.650000
v 1.039230 -0.085000 -2.600000
v 1.125833 -0.085000 -2.550000
v 1.212436 -0.085000 -2.500000
v 1.299038 -0.085000 -2.450000
v 1.385641 0.000000 -2.400000
v 1.472243 0.000000 -2.350000
v 1.558846 0.000000 -2.300000
v 1.645448 0.000000 -2.250000
v 1.732051 0.000000 -2.200000
v 1.818653 0.000000 -2.150000
v 1.905256 0.000000 -2.100000
v 1.991858 0.000000 -2.050000
v 2.078461 0.000000 -2.000000
v 2.165064 0.000000 -1.950000
v 2.251666 0.000000 -1.900000
v 2.338269 0.000000 -1.850000
v 2.424871 0.000000 -1.800000
v 2.511474 0.000000 -1.750000
v 2.598076 0.000000 -1.700000
v 2.684679 0.000000 -1.650000
v 2.771281 0.000000 -1.600000
v 2.771281 0.000000 -1.500000
v 2.771281 0.000000 -1.400000
v 2.771281 0.000000 -1.300000
v 2.771281 0.000000 -1.200000
v 2.771281 0.000000 -1.100000
v 2.771281 0.000000 -1.000000
v 2.771281 0.000000 -0.900000
v 2.771281 0.000000 -0.800000
v 2.771281 0.000000 -0.700000
v 2.771281 0.000000 -0.600000
v 2.771281 0.000000 -0.500000
v 2.771281 0.000000 -0.400000
v 2.771281 0.000000 -0.300000
v 2.771281 0.000000 -0.200000
v 2.771281 0.000000 -0.100000
v 2.771281 0.000000 -0.000000
v 2.771281 0.000000 0.100000
v 2.771281 0.000000 0.200000
v 2.771281 0.000000 0.300000
v 2.771281 0.000000 0.400000
v 2.771281 0.000000 0.500000
v 2.771281 0.000000 0.600000
v 2.771281 0.000000 0.700000
v 2.771281 0.000000 0.800000
v 2.771281 0.000000 0.900000
v 2.771281 0.000000 1.000000
v 2.771281 0.000000 1.100000
v 2.771281 0.000000 1.200000
v 2.771281 0.000000 1.300000
v 2.771281 0.000000 1.400000
v 2.771281 0.000000 1.500000
v 2.771281 0.000000 1.600000
v 2.684679 0.000000 1.650000
v 2.598076 0.000000 1.700000
v 2.511474 0.000000 1.750000
v 2.424871 0.000000 1.800000
v 2.338269 0.000000 1.850000
v 2.251666 0.000000 1.900000
v 2.165064 0.000000 1.950000
v 2.078461 0.000000 2.000000
v 1.991858 0.000000 2.050000
v 1.905256 0.000000 2.100000
v 1.818653 0.000000 2.150000
v 1.732051 0.000000 2.200000
v 1.645448 0.000000 2.250000
v 1.558846 0.000000 2.300000
v 1.472243 0.000000 2.350000
v 1.385641 0.000000 2.400000
v 1.299038 0.000000 2.450000
v 1.212436 -0.085000 2.500000
v 1.125833 -0.085000 2.550000
v 1.039230 -0.085000 2.600000
v 0.952628 -0.085000 2.650000
v 0.866025 -0.085000 2.700000
v 0.779423 -0.085000 2.750000
v 0.692820 0.000000 2.800000
v 0.606218 0.000000 2.850000
v 0.519615 0.000000 2.900000
v 0.433013 0.000000 2.950000
v 0.346410 0.000000 3.000000
v 0.259808 0.000000 3.050000
v 0.173205 0.000000 3.100000
v 0.086603 0.000000 3.150000
v 0.000000 0.000000 3.200000
v -0.086603 0.000000 3.150000
v -0.173205 0.000000 3.100000
v -0.259808 0.000000 3.050000
v -0.346410 0.000000 3.000000
v -0.433013 0.000000 2.950000
v -0.519615 0.000000 2.900000
v -0.606218 0.000000 2.850000
v -0.692820 0.000000 2.800000
v -0.779423 0.000000 2.750000
v -0.866025 0.000000 2.700000
v -0.952628 0.000000 2.650000
v -1.039230 0.000000 2.600000
v -1.125833 0.000000 2.550000
v -1.212436 0.000000 2.500000
v -1.299038 0.000000 2.450000
v -1.385641 0.000000 2.400000
v -1.472243 0.000000 2.350000
v -1.558846 0.000000 2.300000
v -1.645448 0.000000 2.250000
v -1.732051 0.000000 2.200000
v -1.818653 0.000000 2.150000
v -1.905256 0.000000 2.100000
v -1.991858 0.000000 2.050000
v -2.078461 0.000000 2.000000
v -2.165064 0.000000 1.950000
v -2.251666 0.000000 1.900000
v -2.338269 0.000000 1.850000
v -2.424871 0.000000 1.800000
v -2.511474 0.000000 1.750000
v -2.598076 0.000000 1.700000
v -2.684679 0.000000 1.650000
v -2.771281 0.000000 1.600000
v -2.771281 0.000000 1.500000
v -2.771281 0.000000 1.400000
v -2.771281 0.000000 1.300000
v -2.771281 0.000000 1.200000
v -2.771281 0.000000 1.100000
v -2.771281 0.000000 1.000000
v -2.771281 0.000000 0.900000
v -2.771281 0.000000 0.800000
v -2.771281 0.000000 0.700000
v -2.771281 0.000000 0.600000
v -2.771281 0.056667 0.500000
v -2.771281 0.056667 0.400000
v -2.771281 0.056667 0.300000
v -2.771281 0.056667 0.200000
v -2.771281 0.056667 0.100000
v -2.771281 0.170000 0.000000
v -2.771281 0.170000 -0.100000
v -2.771281 0.056667 -0.200000
v -2.771281 0.056667 -0.300000
v -2.771281 0.056667 -0.400000
v -2.771281 0.170000 -0.500000
v -2.771281 0.170000 -0.600000
v -2.771281 0.170000 -0.700000
v -2.771281 0.170000 -0.800000
v -2.771281 0.170000 -0.900000
v -2.771281 0.056667 -1.000000
v -2.771281 0.056667 -1.100000
v -2.771281 0.000000 -1.200000
v -2.771281 0.000000 -1.300000
v -2.771281 0.000000 -1.400000
v -2.771281 0.000000 -1.500000
v -2.771281 0.000000 -1.600000
v -2.684679 0.000000 -1.650000
v -2.598076 0.000000 -1.700000
v -2.511474 0.000000 -1.750000
v -2.424871 0.000000 -1.800000
v -2.338269 0.000000 -1.850000
v -2.251666 0.000000 -1.900000
v -2.165064 0.000000 -1.950000
v -2.078461 0.000000 -2.000000
v -1.991858 0.000000 -2.050000
v -1.905256 0.000000 -2.100000
v -1.818653 0.000000 -2.150000
v -1.732051 0.000000 -2.200000
v -1.645448 0.000000 -2.250000
v -1.558846 0.000000 -2.300000
v -1.472243 0.000000 -2.350000
v -1.385641 0.000000 -2.400000
v -1.299038 0.000000 -2.450000
v -1.212436 0.000000 -2.500000
v -1.125833 0.000000 -2.550000
v -1.039230 0.000000 -2.600000
v -0.952628 0.000000 -2.650000
v -0.866025 0.000000 -2.700000
v -0.779423 0.000000 -2.750000
v -0.692820 0.000000 -2.800000
v -0.606218 0.000000 -2.850000
v -0.519615 0.000000 -2.900000
v -0.433013 0.000000 -2.950000
v -0.346410 0.000000 -3.000000
v -0.259808 0.000000 -3.050000
v -0.173205 0.000000 -3.100000
v -0.086603 0.000000 -3.150000
v 0.000000 0.000000 -3.300000
v 0.086603 0.000000 -3.250000
v 0.173205 0.000000 -3.200000
v 0.259808 0.000000 -3.150000
v 0.346410 0.000000 -3.100000
v 0.433013 0.000000 -3.050000
v 0.519615 0.000000 -3.000000
v 0.606218 0.000000 -2.950000
v 0.692820 0.000000 -2.900000
v 0.779423 0.000000 -2.850000
v 0.866025 0.000000 -2.800000
v 0.952628 0.000000 -2.750000
v 1.039230 -0.085000 -2.700000
v 1.125833 -0.085000 -2.650000
v 1.212436 -0.085000 -2.600000
v 1.299038 -0.085000 -2.550000
v 1.385641 -0.085000 -2.500000
v 1.472243 0.000000 -2.450000
v 1.558846 0.000000 -2.400000
v 1.645448 0.000000 -2.350000
v 1.732051 0.000000 -2.300000
v 1.818653 0.000000 -2.250000
v 1.905256 0.000000 -2.200000
v 1.991858 0.000000 -2.150000
v 2.078461 0.000000 -2.100000
v 2.165064 0.000000 -2.050000
v 2.251666 0.000000 -2.000000
v 2.338269 0.000000 -1.950000
v 2.424871 0.000000 -1.900000
v 2.511474 0.000000 -1.850000
v 2.598076 0.000000 -1.800000
v 2.684679 0.000000 -1.750000
v 2.771281 0.000000 -1.700000
v 2.857884 0.000000 -1.650000
v 2.857884 0.000000 -1.550000
v 2.857884 0.000000 -1.450000
v 2.857884 0.000000 -1.350000
v 2.857884 0.000000 -1.250000
v 2.857884 0.000000 -1.150000
v 2.857884 0.000000 -1.050000
v 2.857884 0.000000 -0.950000
v 2.857884 0.000000 -0.850000
v 2.857884 0.000000 -0.750000
v 2.857884 0.000000 -0.650000
v 2.857884 0.000000 -0.550000
v 2.857884 0.000000 -0.450000
v 2.857884 0.000000 -0.350000
v 2.857884 0.000000 -0.250000
v 2.857884 0.000000 -0.150000
v 2.857884 0.000000 -0.050000
v 2.857884 0.000000 0.050000
v 2.857884 0.000000 0.150000
v 2.857884 0.000000 0.250000
v 2.857884 0.000000 0.350000
v 2.857884 0.000000 0.450000
v 2.857884 0.000000 0.550000
v 2.857884 0.000000 0.650000
v 2.857884 0.000000 0.750000
v 2.857884 0.000000 0.850000
v 2.857884 0.000000 0.950000
v 2.857884 0.000000 1.050000
v 2.857884 0.000000 1.150000
v 2.857884 0.000000 1.250000
v 2.857884 0.000000 1.350000
v 2.857884 0.000000 1.450000
v 2.857884 0.000000 1.550000
v 2.857884 0.000000 1.650000
v 2.771281 0.000000 1.700000
v 2.684679 0.000000 1.750000
v 2.598076 0.000000 1.800000
v 2.511474 0.000000 1.850000
v 2.424871 0.000000 1.900000
v 2.338269 0.000000 1.950000
v 2.251666 0.000000 2.000000
v 2.165064 0.000000 2.050000
v 2.078461 0.000000 2.100000
v 1.991858 0.000000 2.150000
v 1.905256 0.000000 2.200000
v 1.818653 0.000000 2.250000
v 1.732051 0.000000 2.300000
v 1.645448 0.000000 2.350000
v 1.558846 0.000000 2.400000
v 1.472243 0.000000 2.450000
v 1.385641 0.000000 2.500000
v 1.299038 -0.085000 2.550000
v 1.212436 -0.085000 2.600000
v 1.125833 -0.085000 2.650000
v 1.039230 -0.085000 2.700000
v 0.952628 -0.085000 2.750000
v 0.866025 -0.085000 2.800000
v 0.779423 0.000000 2.850000
v 0.692820 0.000000 2.900000
v 0.606218 0.000000 2.950000
v 0.519615 0.000000 3.000000
v 0.433013 0.000000 3.050000
v 0.346410 0.000000 3.100000
v 0.259808 0.000000 3.150000
v 0.173205 0.000000 3.200000
v 0.086603 0.000000 3.250000
v 0.000000 0.000000 3.300000
v -0.086603 0.000000 3.250000
v -0.173205 0.000000 3.200000
v -0.259808 0.000000 3.150000
v -0.346410 0.000000 3.100000
v -0.433013 0.000000 3.050000
v -0.519615 0.000000 3.000000
v -0.606218 0.000000 2.950000
v -0.692820 0.000000 2.900000
v -0.779423 0.000000 2.850000
v -0.866025 0.000000 2.800000
v -0.952628 0.000000 2.750000
v -1.039230 0.000000 2.700000
v -1.125833 0.000000 2.650000
v -1.212436 0.000000 2.600000
v -1.299038 0.000000 2.550000
v -1.385641 0.000000 2.500000
v -1.472243 0.000000 2.450000
v -1.558846 0.000000 2.400000
v -1.645448 0.000000 2.350000
v -1.732051 0.000000 2.300000
v -1.818653 0.000000 2.250000
v -1.905256 0.000000 2.200000
v -1.991858 0.000000 2.150000
v -2.078461 0.000000 2.100000
v -2.165064 0.000000 2.050000
v -2.251666 0.000000 2.000000
v -2.338269 0.000000 1.950000
v -2.424871 0.000000 1.900000
v -2.511474 0.000000 1.850000
v -2.598076 0.000000 1.800000
v -2.684679 0.000000 1.750000
v -2.771281 0.000000 1.700000
v -2.857884 0.000000 1.650000
v -2.857884 0.000000 1.550000
v -2.857884 0.000000 1.450000
v -2.857884 0.000000 1.350000
v -2.857884 0.000000 1.250000
v -2.857884 0.000000 1.150000
v -2.857884 0.000000 1.050000
v -2.857884 0.000000 0.950000
v -2.857884 0.000000 0.850000
v -2.857884 0.000000 0.750000
v -2.857884 0.000000 0.650000
v -2.857884 0.000000 0.550000
v -2.857884 0.000000 0.450000
v -2.857884 0.000000 0.350000
v -2.857884 0.000000 0.250000
v -2.857884 0.000000 0.150000
v -2.857884 0.056667 0.050000
v -2.857884 0.056667 -0.050000
v -2.857884 0.056667 -0.150000
v -2.857884 0.000000 -0.250000
v -2.857884 0.000000 -0.350000
v -2.857884 0.056667 -0.450000
v -2.857884 0.056667 -0.550000
v -2.857884 0.170000 -0.650000
v -2.857884 0.170000 -0.750000
v -2.857884 0.056667 -0.850000
v -2.857884 0.056667 -0.950000
v -2.857884 0.000000 -1.050000
v -2.857884 0.000000 -1.150000
v -2.857884 0.000000 -1.250000
v -2.857884 0.000000 -1.350000
v -2.857884 0.000000 -1.450000
v -2.857884 0.000000 -1.550000
v -2.857884 0.000000 -1.650000
v -2.771281 0.000000 -1.700000
v -2.684679 0.000000 -1.750000
v -2.598076 0.000000 -1.800000
v -2.511474 0.000000 -1.850000
v -2.424871 0.000000 -1.900000
v -2.338269 0.000000 -1.950000
v -2.251666 0.000000 -2.000000
v -2.165064 0.000000 -2.050000
v -2.078461 0.000000 -2.100000
v -1.991858 0.000000 -2.150000
v -1.905256 0.000000 -2.200000
v -1.818653 0.000000 -2.250000
v -1.732051 0.000000 -2.300000
v -1.645448 0.000000 -2.350000
v -1.558846 0.000000 -2.400000
v -1.472243 0.000000 -2.450000
v -1.385641 0.000000 -2.500000
v -1.299038 0.000000 -2.550000
v -1.212436 0.000000 -2.600000
v -1.125833 0.000000 -2.650000
v -1.039230 0.000000 -2.700000
v -0.952628 0.000000 -2.750000
v -0.866025 0.000000 -2.800000
v -0.779423 0.000000 -2.850000
v -0.692820 0.000000 -2.900000
v -0.606218 0.000000 -2.950000
v -0.519615 0.000000 -3.000000
v -0.433013 0.000000 -3.050000
v -0.346410 0.000000 -3.100000
v -0.259808 0.000000 -3.150000
v -0.173205 0.000000 -3.200000
v -0.086603 0.000000 -3.250000
v 0.000000 0.000000 -3.400000
v 0.086603 0.000000 -3.350000
v 0.173205 0.000000 -3.300000
v 0.259808 0.000000 -3.250000
v 0.346410 0.000000 -3.200000
v 0.433013 0.000000 -3.150000
v 0.519615 0.000000 -3.100000
v 0.606218 0.000000 -3.050000
v 0.692820 0.000000 -3.000000
v 0.779423 0.000000 -2.950000
v 0.866025 0.000000 -2.900000
v 0.952628 0.000000 -2.850000
v 1.039230 0.000000 -2.800000
v 1.125833 -0.085000 -2.750000
v 1.212436 -0.085000 -2.700000
v 1.299038 -0.085000 -2.650000
v 1.385641 -0.085000 -2.600000
v 1.472243 -0.085000 -2.550000
v 1.558846 0.000000 -2.500000
v 1.645448 0.000000 -2.450000
v 1.732051 0.000000 -2.400000
v 1.818653 0.000000 -2.350000
v 1.905256 0.000000 -2.300000
v 1.991858 0.000000 -2.250000
v 2.078461 0.000000 -2.200000
v 2.165064 0.000000 -2.150000
v 2.251666 0.000000 -2.100000
v 2.338269 0.000000 -2.050000
v 2.424871 0.000000 -2.000000
v 2.511474 0.000000 -1.950000
v 2.598076 0.000000 -1.900000
v 2.684679 0.000000 -1.850000
v 2.771281 0.000000 -1.800000
v 2.857884 0.000000 -1.750000
v 2.944486 0.000000 -1.700000
v 2.944486 0.000000 -1.600000
v 2.944486 0.000000 -1.500000
v 2.944486 0.000000 -1.400000
v 2.944486 0.000000 -1.300000
v 2.944486 0.000000 -1.200000
v 2.944486 0.000000 -1.100000
v 2.944486 0.000000 -1.000000
v 2.944486 0.000000 -0.900000
v 2.944486 0.000000 -0.800000
v 2.944486 0.000000 -0.700000
v 2.944486 0.000000 -0.600000
v 2.944486 0.000000 -0.500000
v 2.944486 0.000000 -0.400000
v 2.944486 0.000000 -0.300000
v 2.944486 0.000000 -0.200000
v 2.944486 0.000000 -0.100000
v 2.944486 0.000000 -0.000000
v 2.944486 0.000000 0.100000
v 2.944486 0.000000 0.200000
v 2.944486 0.000000 0.300000
v 2.944486 0.000000 0.400000
v 2.944486 0.000000 0.500000
v 2.944486 0.000000 0.600000
v 2.944486 0.000000 0.700000
v 2.944486 0.000000 0.800000
v 2.944486 0.000000 0.900000
v 2.944486 0.000000 1.000000
v 2.944486 0.000000 1.100000
v 2.944486 0.000000 1.200000
v 2.944486 0.000000 1.300000
v 2.944486 0.000000 1.400000
v 2.944486 0.000000 1.500000
v 2.944486 0.000000 1.600000
v 2.944486 0.000000 1.700000
v 2.857884 0.000000 1.750000
v 2.771281 0.000000 1.800000
v 2.684679 0.000000 1.850000
v 2.598076 0.000000 1.900000
v 2.511474 0.000000 1.950000
v 2.424871 0.000000 2.000000
v 2.338269 0.000000 2.050000
v 2.251666 0.000000 2.100000
v 2.165064 0.000000 2.150000
v 2.078461 0.000000 2.200000
v 1.991858 0.000000 2.250000
v 1.905256 0.000000 2.300000
v 1.818653 0.000000 2.350000
v 1.732051 0.000000 2.400000
v 1.645448 0.000000 2.450000
v 1.558846 0.000000 2.500000
v 1.472243 0.000000 2.550000
v 1.385641 -0.085000 2.600000
v 1.299038 -0.085000 2.650000
v 1.212436 -0.085000 2.700000
v 1.125833 -0.085000 2.750000
v 1.039230 -0.085000 2.800000
v 0.952628 0.000000 2.850000
v 0.866025 0.000000 2.900000
v 0.779423 0.000000 2.950000
v 0.692820 0.000000 3.000000
v 0.606218 0.000000 3.050000
v 0.519615 0.000000 3.100000
v 0.433013 0.000000 3.150000
v 0.346410 0.000000 3.200000
v 0.259808 0.000000 3.250000
v 0.173205 0.000000 3.300000
v 0.086603 0.000000 3.350000
v 0.000000 0.000000 3.400000
v -0.086603 0.000000 3.350000
v -0.173205 0.000000 3.300000
v -0.259808 0.000000 3.250000
v -0.346410 0.000000 3.200000
v -0.433013 0.000000 3.150000
v -0.519615 0.000000 3.100000
v -0.606218 0.000000 3.050000
v -0.692820 0.000000 3.000000
v -0.779423 0.000000 2.950000
v -0.866025 0.000000 2.900000
v -0.952628 0.000000 2.850000
v -1.039230 0.000000 2.800000
v -1.125833 0.000000 2.750000
v -1.212436 0.000000 2.700000
v -1.299038 0.000000 2.650000
v -1.385641 0.000000 2.600000
v -1.472243 0.000000 2.550000
v -1.558846 0.000000 2.500000
v -1.645448 0.000000 2.450000
v -1.732051 0.000000 2.400000
v -1.818653 0.000000 2.350000
v -1.905256 0.000000 2.300000
v -1.991858 0.000000 2.250000
v -2.078461 0.000000 2.200000
v -2.165064 0.000000 2.150000
v -2.251666 0.000000 2.100000
v -2.338269 0.000000 2.050000
v -2.424871 0.000000 2.000000
v -2.511474 0.000000 1.950000
v -2.598076 0.000000 1.900000
v -2.684679 0.000000 1.850000
v -2.771281 0.000000 1.800000
v -2.857884 0.000000 1.750000
v -2.944486 0.000000 1.700000
v -2.944486 0.000000 1.600000
v -2.944486 0.000000 1.500000
v -2.944486 0.000000 1.400000
v -2.944486 0.000000 1.300000
v -2.944486 0.000000 1.200000
v -2.944486 0.000000 1.100000
v -2.944486 0.000000 1.000000
v -2.944486 0.000000 0.900000
v -2.944486 0.000000 0.800000
v -2.944486 0.000000 0.700000
v -2.944486 0.000000 0.600000
v -2.944486 0.000000 0.500000
v -2.944486 0.000000 0.400000
v -2.944486 0.000000 0.300000
v -2.944486 0.000000 0.200000
v -2.944486 0.000000 0.100000
v -2.944486 0.000000 0.000000
v -2.944486 0.000000 -0.100000
v -2.944486 0.000000 -0.200000
v -2.944486 0.000000 -0.300000
v -2.944486 0.000000 -0.400000
v -2.944486 0.000000 -0.500000
v -2.944486 0.056667 -0.600000
v -2.944486 0.056667 -0.700000
v -2.944486 0.056667 -0.800000
v -2.944486 0.000000 -0.900000
v -2.944486 0.000000 -1.000000
v -2.944486 0.000000 -1.100000
v -2.944486 0.000000 -1.200000
v -2.944486 0.000000 -1.300000
v -2.944486 0.000000 -1.400000
v -2.944486 0.000000 -1.500000
v -2.944486 0.000000 -1.600000
v -2.944486 0.000000 -1.700000
v -2.857884 0.000000 -1.750000
v -2.771281 0.000000 -1.800000
v -2.684679 0.000000 -1.850000
v -2.598076 0.000000 -1.900000
v -2.511474 0.000000 -1.950000
v -2.424871 0.000000 -2.000000
v -2.338269 0.000000 -2.050000
v -2.251666 0.000000 -2.100000
v -2.165064 0.000000 -2.150000
v -2.078461 0.000000 -2.200000
v -1.991858 0.000000 -2.250000
v -1.905256 0.000000 -2.300000
v -1.818653 0.000000 -2.350000
v -1.732051 0.000000 -2.400000
v -1.645448 0.000000 -2.450000
v -1.558846 0.000000 -2.500000
v -1.472243 0.000000 -2.550000
v -1.385641 0.000000 -2.600000
v -1.299038 0.000000 -2.650000
v -1.212436 0.000000 -2.700000
v -1.125833 0.000000 -2.750000
v -1.039230 0.000000 -2.800000
v -0.952628 0.000000 -2.850000
v -0.866025 0.000000 -2.900000
v -0.779423 0.000000 -2.950000
v -0.692820 0.000000 -3.000000
v -0.606218 0.000000 -3.050000
v -0.519615 0.000000 -3.100000
v -0.433013 0.000000 -3.150000
v -0.346410 0.000000 -3.200000
v -0.259808 0.000000 -3.250000
v -0.173205 0.000000 -3.300000
v -0.086603 0.000000 -3.350000
v 0.000000 0.000000 -3.500000
v 0.086603 0.000000 -3.450000
v 0.173205 0.000000 -3.400000
v 0.259808 0.000000 -3.350000
v 0.346410 0.000000 -3.300000
v 0.433013 0.000000 -3.250000
v 0.519615 0.000000 -3.200000
v 0.606218 0.000000 -3.150000
v 0.692820 0.000000 -3.100000
v 0.779423 0.000000 -3.050000
v 0.866025 0.000000 -3.000000
v 0.952628 0.000000 -2.950000
v 1.039230 0.000000 -2.900000
v 1.125833 0.000000 -2.850000
v 1.212436 -0.085000 -2.800000
v 1.299038 -0.085000 -2.750000
v 1.385641 -0.085000 -2.700000
v 1.472243 -0.085000 -2.650000
v 1.558846 -0.085000 -2.600000
v 1.645448 0.000000 -2.550000
v 1.732051 0.000000 -2.500000
v 1.818653 0.000000 -2.450000
v 1.905256 0.000000 -2.400000
v 1.991858 0.000000 -2.350000
v 2.078461 0.000000 -2.300000
v 2.165064 0.000000 -2.250000
v 2.251666 0.000000 -2.200000
v 2.338269 0.000000 -2.150000
v 2.424871 0.000000 -2.100000
v 2.511474 0.000000 -2.050000
v 2.598076 0.000000 -2.000000
v 2.684679 0.000000 -1.950000
v 2.771281 0.000000 -1.900000
v 2.857884 0.000000 -1.850000
v 2.944486 0.000000 -1.800000
v 3.031089 0.000000 -1.750000
v 3.031089 0.000000 -1.650000
v 3.031089 0.000000 -1.550000
v 3.031089 0.000000 -1.450000
v 3.031089 0.000000 -1.350000
v 3.031089 0.000000 -1.250000
v 3.031089 0.000000 -1.150000
v 3.031089 0.000000 -1.050000
v 3.031089 0.000000 -0.950000
v 3.031089 0.000000 -0.850000
v 3.031089 0.000000 -0.750000
v 3.031089 0.000000 -0.650000
v 3.031089 0.000000 -0.550000
v 3.031089 0.000000 -0.450000
v 3.031089 0.000000 -0.350000
v 3.031089 0.000000 -0.250000
v 3.031089 0.000000 -0.150000
v 3.031089 0.000000 -0.050000
v 3.031089 0.000000 0.050000
v 3.031089 0.000000 0.150000
v 3.031089 0.000000 0.250000
v 3.031089 0.000000 0.350000
v 3.031089 0.000000 0.450000
v 3.031089 0.000000 0.550000
v 3.031089 0.000000 0.650000
v 3.031089 0.000000 0.750000
v 3.031089 0.000000 0.850000
v 3.031089 0.000000 0.950000
v 3.031089 0.000000 1.050000
v 3.031089 0.000000 1.150000
v 3.031089 0.000000 1.250000
v 3.031089 0.000000 1.350000
v 3.031089 0.000000 1.450000
v 3.031089 0.000000 1.550000
v 3.031089 0.000000 1.650000
v 3.031089 0.000000 1.750000
v 2.944486 0.000000 1.800000
v 2.857884 0.000000 1.850000
v 2.771281 0.000000 1.900000
v 2.684679 0.000000 1.950000
v 2.598076 0.000000 2.000000
v 2.511474 0.000000 2.050000
v 2.424871 0.000000 2.100000
v 2.338269 0.000000 2.150000
v 2.251666 0.000000 2.200000
v 2.165064 0.000000 2.250000
v 2.078461 0.000000 2.300000
v 1.991858 0.000000 2.350000
v 1.905256 0.000000 2.400000
v 1.818653 0.000000 2.450000
v 1.732051 0.000000 2.500000
v 1.645448 0.000000 2.550000
v 1.558846 0.000000 2.600000
v 1.472243 -0.085000 2.650000
v 1.385641 -0.085000 2.700000
v 1.299038 -0.085000 2.750000
v 1.212436 -0.085000 2.800000
v 1.125833 -0.085000 2.850000
v 1.039230 -0.085000 2.900000
v 0.952628 0.000000 2.950000
v 0.866025 0.000000 3.000000
v 0.779423 0.000000 3.050000
v 0.692820 0.000000 3.100000
v 0.606218 0.000000 3.150000
v 0.519615 0.000000 3.200000
v 0.433013 0.000000 3.250000
v 0.346410 0.000000 3.300000
v 0.259808 0.000000 3.350000
v 0.173205 0.000000 3.400000
v 0.086603 0.000000 3.450000
v 0.000000 0.000000 3.500000
v -0.086603 0.000000 3.450000
v -0.173205 0.000000 3.400000
v -0.259808 0.000000 3.350000
v -0.346410 0.000000 3.300000
v -0.433013 0.000000 3.250000
v -0.519615 0.000000 3.200000
v -0.606218 0.000000 3.150000
v -0.692820 0.000000 3.100000
v -0.779423 0.000000 3.050000
v -0.866025 0.000000 3.000000
v -0.952628 0.000000 2.950000
v -1.039230 0.000000 2.900000
v -1.125833 0.000000 2.850000
v -1.212436 0.000000 2.800000
v -1.299038 0.000000 2.750000
v -1.385641 0.000000 2.700000
v -1.472243 0.000000 2.650000
v -1.558846 0.000000 2.600000
v -1.645448 0.000000 2.550000
v -1.732051 0.000000 2.500000
v -1.818653 0.000000 2.450000
v -1.905256 0.000000 2.400000
v -1.991858 0.000000 2.350000
v -2.078461 0.000000 2.300000
v -2.165064 0.000000 2.250000
v -2.251666 0.000000 2.200000
v -2.338269 0.000000 2.150000
v -2.424871 0.000000 2.100000
v -2.511474 0.000000 2.050000
v -2.598076 0.000000 2.000000
v -2.684679 0.000000 1.950000
v -2.771281 0.000000 1.900000
v -2.857884 0.000000 1.850000
v -2.944486 0.000000 1.800000
v -3.031089 0.000000 1.750000
v -3.031089 0.000000 1.650000
v -3.031089 0.000000 1.550000
v -3.031089 0.000000 1.450000
v -3.031089 0.000000 1.350000
v -3.031089 0.000000 1.250000
v -3.031089 0.000000 1.150000
v -3.031089 0.000000 1.050000
v -3.031089 0.000000 0.950000
v -3.031089 0.000000 0.850000
v -3.031089 0.000000 0.750000
v -3.031089 0.000000 0.650000
v -3.031089 0.000000 0.550000
v -3.031089 0.000000 0.450000
v -3.031089 0.000000 0.350000
v -3.031089 0.000000 0.250000
v -3.031089 0.000000 0.150000
v -3.031089 0.000000 0.050000
v -3.031089 0.000000 -0.050000
v -3.031089 0.000000 -0.150000
v -3.031089 0.000000 -0.250000
v -3.031089 0.000000 -0.350000
v -3.031089 0.000000 -0.450000
v -3.031089 0.000000 -0.550000
v -3.031089 0.000000 -0.650000
v -3.031089 0.056667 -0.750000
v -3.031089 0.000000 -0.850000
v -3.031089 0.000000 -0.950000
v -3.031089 0.000000 -1.050000
v -3.031089 0.000000 -1.150000
v -3.031089 0.000000 -1.250000
v -3.031089 0.000000 -1.350000
v -3.031089 0.000000 -1.450000
v -3.031089 0.000000 -1.550000
v -3.031089 0.000000 -1.650000
v -3.031089 0.000000 -1.750000
v -2.944486 0.000000 -1.800000
v -2.857884 0.000000 -1.850000
v -2.771281 0.000000 -1.900000
v -2.684679 0.000000 -1.950000
v -2.598076 0.000000 -2.000000
v -2.511474 0.000000 -2.050000
v -2.424871 0.000000 -2.100000
v -2.338269 0.000000 -2.150000
v -2.251666 0.000000 -2.200000
v -2.165064 0.000000 -2.250000
v -2.078461 0.000000 -2.300000
v -1.991858 0.000000 -2.350000
v -1.905256 0.000000 -2.400000
v -1.818653 0.000000 -2.450000
v -1.732051 0.000000 -2.500000
v -1.645448 0.000000 -2.550000
v -1.558846 0.000000 -2.600000
v -1.472243 0.000000 -2.650000
v -1.385641 0.000000 -2.700000
v -1.299038 0.000000 -2.750000
v -1.212436 0.000000 -2.800000
v -1.125833 0.000000 -2.850000
v -1.039230 0.000000 -2.900000
v -0.952628 0.000000 -2.950000
v -0.866025 0.000000 -3.000000
v -0.779423 0.000000 -3.050000
v -0.692820 0.000000 -3.100000
v -0.606218 0.000000 -3.150000
v -0.519615 0.000000 -3.200000
v -0.433013 0.000000 -3.250000
v -0.346410 0.000000 -3.300000
v -0.259808 0.000000 -3.350000
v -0.173205 0.000000 -3.400000
v -0.086603 0.000000 -3.450000
v 0.000000 0.000000 -3.600000
v 0.086603 0.000000 -3.550000
v 0.173205 0.000000 -3.500000
v 0.259808 0.000000 -3.450000
v 0.346410 0.000000 -3.400000
v 0.433013 0.000000 -3.350000
v 0.519615 0.000000 -3.300000
v 0.606218 0.000000 -3.250000
v 0.692820 0.000000 -3.200000
v 0.779423 0.000000 -3.150000
v 0.866025 0.000000 -3.100000
v 0.952628 0.000000 -3.050000
v 1.039230 0.000000 -3.000000
v 1.125833 0.000000 -2.950000
v 1.212436 -0.085000 -2.900000
v 1.299038 -0.085000 -2.850000
v 1.385641 -0.085000 -2.800000
v 1.472243 -0.085000 -2.750000
v 1.558846 -0.085000 -2.700000
v 1.645448 0.000000 -2.650000
v 1.732051 0.000000 -2.600000
v 1.818653 0.000000 -2.550000
v 1.905256 0.000000 -2.500000
v 1.991858 0.000000 -2.450000
v 2.078461 0.000000 -2.400000
v 2.165064 0.000000 -2.350000
v 2.251666 0.000000 -2.300000
v 2.338269 0.000000 -2.250000
v 2.424871 0.000000 -2.200000
v 2.511474 0.000000 -2.150000
v 2.598076 0.000000 -2.100000
v 2.684679 0.000000 -2.050000
v 2.771281 0.000000 -2.000000
v 2.857884 0.000000 -1.950000
v 2.944486 0.000000 -1.900000
v 3.031089 0.000000 -1.850000
v 3.117692 0.000000 -1.800000
v 3.117692 0.000000 -1.700000
v 3.117692 0.000000 -1.600000
v 3.117692 0.000000 -1.500000
v 3.117692 0.000000 -1.400000
v 3.117692 0.000000 -1.300000
v 3.117692 0.000000 -1.200000
v 3.117692 0.000000 -1.100000
v 3.117692 0.000000 -1.000000
v 3.117692 0.000000 -0.900000
v 3.117692 0.000000 -0.800000
v 3.117692 0.000000 -0.700000
v 3.117692 0.000000 -0.600000
v 3.117692 0.000000 -0.500000
v 3.117692 0.000000 -0.400000
v 3.117692 0.000000 -0.300000
v 3.117692 0.000000 -0.200000
v 3.117692 0.000000 -0.100000
v 3.117692 0.000000 -0.000000
v 3.117692 0.000000 0.100000
v 3.117692 0.000000 0.200000
v 3.117692 0.000000 0.300000
v 3.117692 0.000000 0.400000
v 3.117692 0.000000 0.500000
v 3.117692 0.000000 0.600000
v 3.117692 0.000000 0.700000
v 3.117692 0.000000 0.800000
v 3.117692 0.000000 0.900000
v 3.117692 0.000000 1.000000
v 3.117692 0.000000 1.100000
v 3.117692 0.000000 1.200000
v 3.117692 0.000000 1.300000
v 3.117692 0.000000 1.400000
v 3.117692 0.000000 1.500000
v 3.117692 0.000000 1.600000
v 3.117692 0.000000 1.700000
v 3.117692 0.000000 1.800000
v 3.031089 0.000000 1.850000
v 2.944486 0.000000 1.900000
v 2.857884 0.000000 1.950000
v 2.771281 0.000000 2.000000
v 2.684679 0.000000 2.050000
v 2.598076 0.000000 2.100000
v 2.511474 0.000000 2.150000
v 2.424871 0.000000 2.200000
v 2.338269 0.000000 2.250000
v 2.251666 0.000000 2.300000
v 2.165064 0.000000 2.350000
v 2.078461 0.000000 2.400000
v 1.991858 0.000000 2.450000
v 1.905256 0.000000 2.500000
v 1.818653 0.000000 2.550000
v 1.732051 0.000000 2.600000
v 1.645448 0.000000 2.650000
v 1.558846 -0.085000 2.700000
v 1.472243 -0.085000 2.750000
v 1.385641 -0.085000 2.800000
v 1.299038 -0.085000 2.850000
v 1.212436 -0.085000 2.900000
v 1.125833 -0.085000 2.950000
v 1.039230 0.000000 3.000000
v 0.952628 0.000000 3.050000
v 0.866025 0.000000 3.100000
v 0.779423 0.000000 3.150000
v 0.692820 0.000000 3.200000
v 0.606218 0.000000 3.250000
v 0.519615 0.000000 3.300000
v 0.433013 0.000000 3.350000
v 0.346410 0.000000 3.400000
v 0.259808 0.000000 3.450000
v 0.173205 0.000000 3.500000
v 0.086603 0.000000 3.550000
v 0.000000 0.000000 3.600000
v -0.086603 0.000000 3.550000
v -0.173205 0.000000 3.500000
v -0.259808 0.000000 3.450000
v -0.346410 0.000000 3.400000
v -0.433013 0.000000 3.350000
v -0.519615 0.000000 3.300000
v -0.606218 0.000000 3.250000
v -0.692820 0.000000 3.200000
v -0.779423 0.000000 3.150000
v -0.866025 0.000000 3.100000
v -0.952628 0.000000 3.050000
v -1.039230 0.000000 3.000000
v -1.125833 0.000000 2.950000
v -1.212436 0.000000 2.900000
v -1.299038 0.000000 2.850000
v -1.385641 0.000000 2.800000
v -1.472243 0.000000 2.750000
v -1.558846 0.000000 2.700000
v -1.645448 0.000000 2.650000
v -1.732051 0.000000 2.600000
v -1.818653 0.000000 2.550000
v -1.905256 0.000000 2.500000
v -1.991858 0.000000 2.450000
v -2.078461 0.000000 2.400000
v -2.165064 0.000000 2.350000
v -2.251666 0.000000 2.300000
v -2.338269 0.000000 2.250000
v -2.424871 0.000000 2.200000
v -2.511474 0.000000 2.150000
v -2.598076 0.000000 2.100000
v -2.684679 0.000000 2.050000
v -2.771281 0.000000 2.000000
v -2.857884 0.000000 1.950000
v -2.944486 0.000000 1.900000
v -3.031089 0.000000 1.850000
v -3.117692 0.000000 1.800000
v -3.117692 0.000000 1.700000
v -3.117692 0.000000 1.600000
v -3.117692 0.000000 1.500000
v -3.117692 0.000000 1.400000
v -3.117692 0.000000 1.300000
v -3.117692 0.000000 1.200000
v -3.117692 0.000000 1.100000
v -3.117692 0.000000 1.000000
v -3.117692 0.000000 0.900000
v -3.117692 0.000000 0.800000
v -3.117692 0.000000 0.700000
v -3.117692 0.000000 0.600000
v -3.117692 0.000000 0.500000
v -3.117692 0.000000 0.400000
v -3.117692 0.000000 0.300000
v -3.117692 0.000000 0.200000
v -3.117692 0.000000 0.100000
v -3.117692 0.000000 0.000000
v -3.117692 0.000000 -0.100000
v -3.117692 0.000000 -0.200000
v -3.117692 0.000000 -0.300000
v -3.117692 0.000000 -0.400000
v -3.117692 0.000000 -0.500000
v -3.117692 0.000000 -0.600000
v -3.117692 0.000000 -0.700000
v -3.117692 0.000000 -0.800000
v -3.117692 0.000000 -0.900000
v -3.117692 0.000000 -1.000000
v -3.117692 0.000000 -1.100000
v -3.117692 0.000000 -1.200000
v -3.117692 0.000000 -1.300000
v -3.117692 0.000000 -1.400000
v -3.117692 0.000000 -1.500000
v -3.117692 0.000000 -1.600000
v -3.117692 0.000000 -1.700000
v -3.117692 0.000000 -1.800000
v -3.031089 0.000000 -1.850000
v -2.944486 0.000000 -1.900000
v -2.857884 0.000000 -1.950000
v -2.771281 0.000000 -2.000000
v -2.684679 0.000000 -2.050000
v -2.598076 0.000000 -2.100000
v -2.511474 0.000000 -2.150000
v -2.424871 0.000000 -2.200000
v -2.338269 0.000000 -2.250000
v -2.251666 0.000000 -2.300000
v -2.165064 0.000000 -2.350000
v -2.078461 0.000000 -2.400000
v -1.991858 0.000000 -2.450000
v -1.905256 0.000000 -2.500000
v -1.818653 0.000000 -2.550000
v -1.732051 0.000000 -2.600000
v -1.645448 0.000000 -2.650000
v -1.558846 0.000000 -2.700000
v -1.472243 0.000000 -2.750000
v -1.385641 0.000000 -2.800000
v -1.299038 0.000000 -2.850000
v -1.212436 0.000000 -2.900000
v -1.125833 0.000000 -2.950000
v -1.039230 0.000000 -3.000000
v -0.952628 0.000000 -3.050000
v -0.866025 0.000000 -3.100000
v -0.779423 0.000000 -3.150000
v -0.692820 0.000000 -3.200000
v -0.606218 0.000000 -3.250000
v -0.519615 0.000000 -3.300000
v -0.433013 0.000000 -3.350000
v -0.346410 0.000000 -3.400000
v -0.259808 0.000000 -3.450000
v -0.173205 0.000000 -3.500000
v -0.086603 0.000000 -3.550000
v 0.000000 0.000000 -3.700000
v 0.086603 0.000000 -3.650000
v 0.173205 0.000000 -3.600000
v 0.259808 0.000000 -3.550000
v 0.346410 0.000000 -3.500000
v 0.433013 0.000000 -3.450000
v 0.519615 0.000000 -3.400000
v 0.606218 0.000000 -3.350000
v 0.692820 0.000000 -3.300000
v 0.779423 0.000000 -3.250000
v 0.866025 0.000000 -3.200000
v 0.952628 0.000000 -3.150000
v 1.039230 0.000000 -3.100000
v 1.125833 0.000000 -3.050000
v 1.212436 0.000000 -3.000000
v 1.299038 -0.085000 -2.950000
v 1.385641 -0.085000 -2.900000
v 1.472243 -0.085000 -2.850000
v 1.558846 -0.085000 -2.800000
v 1.645448 -0.085000 -2.750000
v 1.732051 0.000000 -2.700000
v 1.818653 0.000000 -2.650000
v 1.905256 0.000000 -2.600000
v 1.991858 0.000000 -2.550000
v 2.078461 0.000000 -2.500000
v 2.165064 0.000000 -2.450000
v 2.251666 0.000000 -2.400000
v 2.338269 0.000000 -2.350000
v 2.424871 0.000000 -2.300000
v 2.511474 0.000000 -2.250000
v 2.598076 0.000000 -2.200000
v 2.684679 0.000000 -2.150000
v 2.771281 0.000000 -2.100000
v 2.857884 0.000000 -2.050000
v 2.944486 0.000000 -2.000000
v 3.031089 0.000000 -1.950000
v 3.117692 0.000000 -1.900000
v 3.204294 0.000000 -1.850000
v 3.204294 0.000000 -1.750000
v 3.204294 0.000000 -1.650000
v 3.204294 0.000000 -1.550000
v 3.204294 0.000000 -1.450000
v 3.204294 0.000000 -1.350000
v 3.204294 0.000000 -1.250000
v 3.204294 0.000000 -1.150000
v 3.204294 0.000000 -1.050000
v 3.204294 0.000000 -0.950000
v 3.204294 0.000000 -0.850000
v 3.204294 0.000000 -0.750000
v 3.204294 0.000000 -0.650000
v 3.204294 0.000000 -0.550000
v 3.204294 0.000000 -0.450000
v 3.204294 0.000000 -0.350000
v 3.204294 0.000000 -0.250000
v 3.204294 0.000000 -0.150000
v 3.204294 0.000000 -0.050000
v 3.204294 0.000000 0.050000
v 3.204294 0.000000 0.150000
v 3.204294 0.000000 0.250000
v 3.204294 0.000000 0.350000
v 3.204294 0.000000 0.450000
v 3.204294 0.000000 0.550000
v 3.204294 0.000000 0.650000
v 3.204294 0.000000 0.750000
v 3.204294 0.000000 0.850000
v 3.204294 0.000000 0.950000
v 3.204294 0.000000 1.050000
v 3.204294 0.000000 1.150000
v 3.204294 0.000000 1.250000
v 3.204294 0.000000 1.350000
v 3.204294 0.000000 1.450000
v 3.204294 0.000000 1.550000
v 3.204294 0.000000 1.650000
v 3.204294 0.000000 1.750000
v 3.204294 0.000000 1.850000
v 3.117692 0.000000 1.900000
v 3.031089 0.000000 1.950000
v 2.944486 0.000000 2.000000
v 2.857884 0.000000 2.050000
v 2.771281 0.000000 2.100000
v 2.684679 0.000000 2.150000
v 2.598076 0.000000 2.200000
v 2.511474 0.000000 2.250000
v 2.424871 0.000000 2.300000
v 2.338269 0.000000 2.350000
v 2.251666 0.000000 2.400000
v 2.165064 0.000000 2.450000
v 2.078461 0.000000 2.500000
v 1.991858 0.000000 2.550000
v 1.905256 0.000000 2.600000
v 1.818653 0.000000 2.650000
v 1.732051 0.000000 2.700000
v 1.645448 -0.085000 2.750000
v 1.558846 -0.085000 2.800000
v 1.472243 -0.085000 2.850000
v 1.385641 -0.085000 2.900000
v 1.299038 -0.085000 2.950000
v 1.212436 -0.085000 3.000000
v 1.125833 0.000000 3.050000
v 1.039230 0.000000 3.100000
v 0.952628 0.000000 3.150000
v 0.866025 0.000000 3.200000
v 0.779423 0.000000 3.250000
v 0.692820 0.000000 3.300000
v 0.606218 0.000000 3.350000
v 0.519615 0.000000 3.400000
v 0.433013 0.000000 3.450000
v 0.346410 0.000000 3.500000
v 0.259808 0.000000 3.550000
v 0.173205 0.000000 3.600000
v 0.086603 0.000000 3.650000
v 0.000000 0.000000 3.700000
v -0.086603 0.000000 3.650000
v -0.173205 0.000000 3.600000
v -0.259808 0.000000 3.550000
v -0.346410 0.000000 3.500000
v -0.433013 0.000000 3.450000
v -0.519615 0.000000 3.400000
v -0.606218 0.000000 3.350000
v -0.692820 0.000000 3.300000
v -0.779423 0.000000 3.250000
v -0.866025 0.000000 3.200000
v -0.952628 0.000000 3.150000
v -1.039230 0.000000 3.100000
v -1.125833 0.000000 3.050000
v -1.212436 0.000000 3.000000
v -1.299038 0.000000 2.950000
v -1.385641 0.000000 2.900000
v -1.472243 0.000000 2.850000
v -1.558846 0.000000 2.800000
v -1.645448 0.000000 2.750000
v -1.732051 0.000000 2.700000
v -1.818653 0.000000 2.650000
v -1.905256 0.000000 2.600000
v -1.991858 0.000000 2.550000
v -2.078461 0.000000 2.500000
v -2.165064 0.000000 2.450000
v -2.251666 0.000000 2.400000
v -2.338269 0.000000 2.350000
v -2.424871 0.000000 2.300000
v -2.511474 0.000000 2.250000
v -2.598076 0.000000 2.200000
v -2.684679 0.000000 2.150000
v -2.771281 0.000000 2.100000
v -2.857884 0.000000 2.050000
v -2.944486 0.000000 2.000000
v -3.031089 0.000000 1.950000
v -3.117692 0.000000 1.900000
v -3.204294 0.000000 1.850000
v -3.204294 0.000000 1.750000
v -3.204294 0.000000 1.650000
v -3.204294 0.000000 1.550000
v -3.204294 0.000000 1.450000
v -3.204294 0.000000 1.350000
v -3.204294 0.000000 1.250000
v -3.204294 0.000000 1.150000
v -3.204294 0.000000 1.050000
v -3.204294 0.000000 0.950000
v -3.204294 0.000000 0.850000
v -3.204294 0.000000 0.750000
v -3.204294 0.000000 0.650000
v -3.204294 0.000000 0.550000
v -3.204294 0.000000 0.450000
v -3.204294 0.000000 0.350000
v -3.204294 0.000000 0.250000
v -3.204294 0.000000 0.150000
v -3.204294 0.000000 0.050000
v -3.204294 0.000000 -0.050000
v -3.204294 0.000000 -0.150000
v -3.204294 0.000000 -0.250000
v -3.204294 0.000000 -0.350000
v -3.204294 0.000000 -0.450000
v -3.204294 0.000000 -0.550000
v -3.204294 0.000000 -0.650000
v -3.204294 0.000000 -0.750000
v -3.204294 0.000000 -0.850000
v -3.204294 0.000000 -0.950000
v -3.204294 0.000000 -1.050000
v -3.204294 0.000000 -1.150000
v -3.204294 0.000000 -1.250000
v -3.204294 0.000000 -1.350000
v -3.204294 0.000000 -1.450000
v -3.204294 0.000000 -1.550000
v -3.204294 0.000000 -1.650000
v -3.204294 0.000000 -1.750000
v -3.204294 0.000000 -1.850000
v -3.117692 0.000000 -1.900000
v -3.031089 0.000000 -1.950000
v -2.944486 0.000000 -2.000000
v -2.857884 0.000000 -2.050000
v -2.771281 0.000000 -2.100000
v -2.684679 0.000000 -2.150000
v -2.598076 0.000000 -2.200000
v -2.511474 0.000000 -2.250000
v -2.424871 0.000000 -2.300000
v -2.338269 0.000000 -2.350000
v -2.251666 0.000000 -2.400000
v -2.165064 0.000000 -2.450000
v -2.078461 0.000000 -2.500000
v -1.991858 0.000000 -2.550000
v -1.905256 0.000000 -2.600000
v -1.818653 0.000000 -2.650000
v -1.732051 0.000000 -2.700000
v -1.645448 0.000000 -2.750000
v -1.558846 0.000000 -2.800000
v -1.472243 0.000000 -2.850000
v -1.385641 0.000000 -2.900000
v -1.299038 0.000000 -2.950000
v -1.212436 0.000000 -3.000000
v -1.125833 0.000000 -3.050000
v -1.039230 0.000000 -3.100000
v -0.952628 0.000000 -3.150000
v -0.866025 0.000000 -3.200000
v -0.779423 0.000000 -3.250000
v -0.692820 0.000000 -3.300000
v -0.606218 0.000000 -3.350000
v -0.519615 0.000000 -3.400000
v -0.433013 0.000000 -3.450000
v -0.346410 0.000000 -3.500000
v -0.259808 0.000000 -3.550000
v -0.173205 0.000000 -3.600000
v -0.086603 0.000000 -3.650000
v 0.000000 0.000000 -3.800000
v 0.086603 0.000000 -3.750000
v 0.173205 0.000000 -3.700000
v 0.259808 0.000000 -3.650000
v 0.346410 0.000000 -3.600000
v 0.433013 0.000000 -3.550000
v 0.519615 0.000000 -3.500000
v 0.606218 0.000000 -3.450000
v 0.692820 0.000000 -3.400000
v 0.779423 0.000000 -3.350000
v 0.866025 0.000000 -3.300000
v 0.952628 0.000000 -3.250000
v 1.039230 0.000000 -3.200000
v 1.125833 0.000000 -3.150000
v 1.212436 0.000000 -3.100000
v 1.299038 0.000000 -3.050000
v 1.385641 0.000000 -3.000000
v 1.472243 -0.085000 -2.950000
v 1.558846 -0.085000 -2.900000
v 1.645448 -0.085000 -2.850000
v 1.732051 -0.085000 -2.800000
v 1.818653 0.000000 -2.750000
v 1.905256 0.000000 -2.700000
v 1.991858 0.000000 -2.650000
v 2.078461 0.000000 -2.600000
v 2.165064 0.000000 -2.550000
v 2.251666 0.000000 -2.500000
v 2.338269 0.000000 -2.450000
v 2.424871 0.000000 -2.400000
v 2.511474 0.000000 -2.350000
v 2.598076 0.000000 -2.300000
v 2.684679 0.000000 -2.250000
v 2.771281 0.000000 -2.200000
v 2.857884 0.000000 -2.150000
v 2.944486 0.000000 -2.100000
v 3.031089 0.000000 -2.050000
v 3.117692 0.000000 -2.000000
v 3.204294 0.000000 -1.950000
v 3.290896 0.000000 -1.900000
v 3.290896 0.000000 -1.800000
v 3.290896 0.000000 -1.700000
v 3.290896 0.000000 -1.600000
v 3.290896 0.000000 -1.500000
v 3.290896 0.000000 -1.400000
v 3.290896 0.000000 -1.300000
v 3.290896 0.000000 -1.200000
v 3.290896 0.000000 -1.100000
v 3.290896 0.000000 -1.000000
v 3.290896 0.000000 -0.900000
v 3.290896 0.000000 -0.800000
v 3.290896 0.000000 -0.700000
v 3.290896 0.000000 -0.600000
v 3.290896 0.000000 -0.500000
v 3.290896 0.000000 -0.400000
v 3.290896 0.000000 -0.300000
v 3.290896 0.000000 -0.200000
v 3.290896 0.000000 -0.100000
v 3.290896 0.000000 -0.000000
v 3.290896 0.000000 0.100000
v 3.290896 0.000000 0.200000
v 3.290896 0.000000 0.300000
v 3.290896 0.000000 0.400000
v 3.290896 0.000000 0.500000
v 3.290896 0.000000 0.600000
v 3.290896 0.000000 0.700000
v 3.290896 0.000000 0.800000
v 3.290896 0.000000 0.900000
v 3.290896 0.000000 1.000000
v 3.290896 0.000000 1.100000
v 3.290896 0.000000 1.200000
v 3.290896 0.000000 1.300000
v 3.290896 0.000000 1.400000
v 3.290896 0.000000 1.500000
v 3.290896 0.000000 1.600000
v 3.290896 0.000000 1.700000
v 3.290896 0.000000 1.800000
v 3.290896 0.000000 1.900000
v 3.204294 0.000000 1.950000
v 3.117692 0.000000 2.000000
v 3.031089 0.000000 2.050000
v 2.944486 0.000000 2.100000
v 2.857884 0.000000 2.150000
v 2.771281 0.000000 2.200000
v 2.684679 0.000000 2.250000
v 2.598076 0.000000 2.300000
v 2.511474 0.000000 2.350000
v 2.424871 0.000000 2.400000
v 2.338269 0.000000 2.450000
v 2.251666 0.000000 2.500000
v 2.165064 0.000000 2.550000
v 2.078461 0.000000 2.600000
v 1.991858 0.000000 2.650000
v 1.905256 0.000000 2.700000
v 1.818653 -0.085000 2.750000
v 1.732051 -0.085000 2.800000
v 1.645448 -0.085000 2.850000
v 1.558846 -0.085000 2.900000
v 1.472243 -0.085000 2.950000
v 1.385641 -0.085000 3.000000
v 1.299038 -0.085000 3.050000
v 1.212436 0.000000 3.100000
v 1.125833 0.000000 3.150000
v 1.039230 0.000000 3.200000
v 0.952628 0.000000 3.250000
v 0.866025 0.000000 3.300000
v 0.779423 0.000000 3.350000
v 0.692820 0.000000 3.400000
v 0.606218 0.000000 3.450000
v 0.519615 0.000000 3.500000
v 0.433013 0.000000 3.550000
v 0.346410 0.000000 3.600000
v 0.259808 0.000000 3.650000
v 0.173205 0.000000 3.700000
v 0.086603 0.000000 3.750000
v 0.000000 0.000000 3.800000
v -0.086603 0.000000 3.750000
v -0.173205 0.000000 3.700000
v -0.259808 0.000000 3.650000
v -0.346410 0.000000 3.600000
v -0.433013 0.000000 3.550000
v -0.519615 0.000000 3.500000
v -0.606218 0.000000 3.450000
v -0.692820 0.000000 3.400000
v -0.779423 0.000000 3.350000
v -0.866025 0.000000 3.300000
v -0.952628 0.000000 3.250000
v -1.039230 0.000000 3.200000
v -1.125833 0.000000 3.150000
v -1.212436 0.000000 3.100000
v -1.299038 0.000000 3.050000
v -1.385641 0.000000 3.000000
v -1.472243 0.000000 2.950000
v -1.558846 0.000000 2.900000
v -1.645448 0.000000 2.850000
v -1.732051 0.000000 2.800000
v -1.818653 0.000000 2.750000
v -1.905256 0.000000 2.700000
v -1.991858 0.000000 2.650000
v -2.078461 0.000000 2.600000
v -2.165064 0.000000 2.550000
v -2.251666 0.000000 2.500000
v -2.338269 0.000000 2.450000
v -2.424871 0.000000 2.400000
v -2.511474 0.000000 2.350000
v -2.598076 0.000000 2.300000
v -2.684679 0.000000 2.250000
v -2.771281 0.000000 2.200000
v -2.857884 0.000000 2.150000
v -2.944486 0.000000 2.100000
v -3.031089 0.000000 2.050000
v -3.117692 0.000000 2.000000
v -3.204294 0.000000 1.950000
v -3.290896 0.000000 1.900000
v -3.290896 0.000000 1.800000
v -3.290896 0.000000 1.700000
v -3.290896 0.000000 1.600000
v -3.290896 0.000000 1.500000
v -3.290896 0.000000 1.400000
v -3.290896 0.000000 1.300000
v -3.290896 0.000000 1.200000
v -3.290896 0.000000 1.100000
v -3.290896 0.000000 1.000000
v -3.290896 0.000000 0.900000
v -3.290896 0.000000 0.800000
v -3.290896 0.000000 0.700000
v -3.290896 0.000000 0.600000
v -3.290896 0.000000 0.500000
v -3.290896 0.000000 0.400000
v -3.290896 0.000000 0.300000
v -3.290896 0.000000 0.200000
v -3.290896 0.000000 0.100000
v -3.290896 0.000000 0.000000
v -3.290896 0.000000 -0.100000
v -3.290896 0.000000 -0.200000
v -3.290896 0.000000 -0.300000
v -3.290896 0.000000 -0.400000
v -3.290896 0.000000 -0.500000
v -3.290896 0.000000 -0.600000
v -3.290896 0.000000 -0.700000
v -3.290896 0.000000 -0.800000
v -3.290896 0.000000 -0.900000
v -3.290896 0.000000 -1.000000
v -3.290896 0.000000 -1.100000
v -3.290896 0.000000 -1.200000
v -3.290896 0.000000 -1.300000
v -3.290896 0.000000 -1.400000
v -3.290896 0.000000 -1.500000
v -3.290896 0.000000 -1.600000
v -3.290896 0.000000 -1.700000
v -3.290896 0.000000 -1.800000
v -3.290896 0.000000 -1.900000
v -3.204294 0.000000 -1.950000
v -3.117692 0.000000 -2.000000
v -3.031089 0.000000 -2.050000
v -2.944486 0.000000 -2.100000
v -2.857884 0.000000 -2.150000
v -2.771281 0.000000 -2.200000
v -2.684679 0.000000 -2.250000
v -2.598076 0.000000 -2.300000
v -2.511474 0.000000 -2.350000
v -2.424871 0.000000 -2.400000
v -2.338269 0.000000 -2.450000
v -2.251666 0.000000 -2.500000
v -2.165064 0.000000 -2.550000
v -2.078461 0.000000 -2.600000
v -1.991858 0.000000 -2.650000
v -1.905256 0.000000 -2.700000
v -1.818653 0.000000 -2.750000
v -1.732051 0.000000 -2.800000
v -1.645448 0.000000 -2.850000
v -1.558846 0.000000 -2.900000
v -1.472243 0.000000 -2.950000
v -1.385641 0.000000 -3.000000
v -1.299038 0.000000 -3.050000
v -1.212436 0.000000 -3.100000
v -1.125833 0.000000 -3.150000
v -1.039230 0.000000 -3.200000
v -0.952628 0.000000 -3.250000
v -0.866025 0.000000 -3.300000
v -0.779423 0.000000 -3.350000
v -0.692820 0.000000 -3.400000
v -0.606218 0.000000 -3.450000
v -0.519615 0.000000 -3.500000
v -0.433013 0.000000 -3.550000
v -0.346410 0.000000 -3.600000
v -0.259808 0.000000 -3.650000
v -0.173205 0.000000 -3.700000
v -0.086603 0.000000 -3.750000
v 0.000000 0.000000 -3.900000
v 0.086603 0.000000 -3.850000
v 0.173205 0.000000 -3.800000
v 0.259808 0.000000 -3.750000
v 0.346410 0.000000 -3.700000
v 0.433013 0.000000 -3.650000
v 0.519615 0.000000 -3.600000
v 0.606218 0.000000 -3.550000
v 0.692820 0.000000 -3.500000
v 0.779423 0.000000 -3.450000
v 0.866025 0.000000 -3.400000
v 0.952628 0.000000 -3.350000
v 1.039230 0.000000 -3.300000
v 1.125833 0.000000 -3.250000
v 1.212436 0.000000 -3.200000
v 1.299038 0.000000 -3.150000
v 1.385641 0.000000 -3.100000
v 1.472243 0.000000 -3.050000
v 1.558846 -0.085000 -3.000000
v 1.645448 -0.085000 -2.950000
v 1.732051 -0.085000 -2.900000
v 1.818653 -0.085000 -2.850000
v 1.905256 0.000000 -2.800000
v 1.991858 0.000000 -2.750000
v 2.078461 0.000000 -2.700000
v 2.165064 0.000000 -2.650000
v 2.251666 0.000000 -2.600000
v 2.338269 0.000000 -2.550000
v 2.424871 0.000000 -2.500000
v 2.511474 0.000000 -2.450000
v 2.598076 0.000000 -2.400000
v 2.684679 0.000000 -2.350000
v 2.771281 0.000000 -2.300000
v 2.857884 0.000000 -2.250000
v 2.944486 0.000000 -2.200000
v 3.031089 0.000000 -2.150000
v 3.117692 0.000000 -2.100000
v 3.204294 0.000000 -2.050000
v 3.290896 0.000000 -2.000000
v 3.377499 0.000000 -1.950000
v 3.377499 0.000000 -1.850000
v 3.377499 0.000000 -1.750000
v 3.377499 0.000000 -1.650000
v 3.377499 0.000000 -1.550000
v 3.377499 0.000000 -1.450000
v 3.377499 0.000000 -1.350000
v 3.377499 0.000000 -1.250000
v 3.377499 0.000000 -1.150000
v 3.377499 0.000000 -1.050000
v 3.377499 0.000000 -0.950000
v 3.377499 0.000000 -0.850000
v 3.377499 0.000000 -0.750000
v 3.377499 0.000000 -0.650000
v 3.377499 0.000000 -0.550000
v 3.377499 0.000000 -0.450000
v 3.377499 0.000000 -0.350000
v 3.377499 0.000000 -0.250000
v 3.377499 0.000000 -0.150000
v 3.377499 0.000000 -0.050000
v 3.377499 0.000000 0.050000
v 3.377499 0.000000 0.150000
v 3.377499 0.000000 0.250000
v 3.377499 0.000000 0.350000
v 3.377499 0.000000 0.450000
v 3.377499 0.000000 0.550000
v 3.377499 0.000000 0.650000
v 3.377499 0.000000 0.750000
v 3.377499 0.000000 0.850000
v 3.377499 0.000000 0.950000
v 3.377499 0.000000 1.050000
v 3.377499 0.000000 1.150000
v 3.377499 0.000000 1.250000
v 3.377499 0.000000 1.350000
v 3.377499 0.000000 1.450000
v 3.377499 0.000000 1.550000
v 3.377499 0.000000 1.650000
v 3.377499 0.000000 1.750000
v 3.377499 0.000000 1.850000
v 3.377499 0.000000 1.950000
v 3.290896 0.000000 2.000000
v 3.204294 0.000000 2.050000
v 3.117692 0.000000 2.100000
v 3.031089 0.000000 2.150000
v 2.944486 0.000000 2.200000
v 2.857884 0.000000 2.250000
v 2.771281 0.000000 2.300000
v 2.684679 0.000000 2.350000
v 2.598076 0.000000 2.400000
v 2.511474 0.000000 2.450000
v 2.424871 0.000000 2.500000
v 2.338269 0.000000 2.550000
v 2.251666 0.000000 2.600000
v 2.165064 0.000000 2.650000
v 2.078461 0.000000 2.700000
v 1.991858 0.000000 2.750000
v 1.905256 -0.085000 2.800000
v 1.818653 -0.085000 2.850000
v 1.732051 -0.085000 2.900000
v 1.645448 -0.085000 2.950000
v 1.558846 -0.085000 3.000000
v 1.472243 -0.085000 3.050000
v 1.385641 -0.085000 3.100000
v 1.299038 0.000000 3.150000
v 1.212436 0.000000 3.200000
v 1.125833 0.000000 3.250000
v 1.039230 0.000000 3.300000
v 0.952628 0.000000 3.350000
v 0.866025 0.000000 3.400000
v 0.779423 0.000000 3.450000
v 0.692820 0.000000 3.500000
v 0.606218 0.000000 3.550000
v 0.519615 0.000000 3.600000
v 0.433013 0.000000 3.650000
v 0.346410 0.000000 3.700000
v 0.259808 0.000000 3.750000
v 0.173205 0.000000 3.800000
v 0.086603 0.000000 3.850000
v 0.000000 0.000000 3.900000
v -0.086603 0.000000 3.850000
v -0.173205 0.000000 3.800000
v -0.259808 0.000000 3.750000
v -0.346410 0.000000 3.700000
v -0.433013 0.000000 3.650000
v -0.519615 0.000000 3.600000
v -0.606218 0.000000 3.550000
v -0.692820 0.000000 3.500000
v -0.779423 0.000000 3.450000
v -0.866025 0.000000 3.400000
v -0.952628 0.000000 3.350000
v -1.039230 0.000000 3.300000
v -1.125833 0.000000 3.250000
v -1.212436 0.000000 3.200000
v -1.299038 0.000000 3.150000
v -1.385641 0.000000 3.100000
v -1.472243 0.000000 3.050000
v -1.558846 0.000000 3.000000
v -1.645448 0.000000 2.950000
v -1.732051 0.000000 2.900000
v -1.818653 0.000000 2.850000
v -1.905256 0.000000 2.800000
v -1.991858 0.000000 2.750000
v -2.078461 0.000000 2.700000
v -2.165064 0.000000 2.650000
v -2.251666 0.000000 2.600000
v -2.338269 0.000000 2.550000
v -2.424871 0.000000 2.500000
v -2.511474 0.000000 2.450000
v -2.598076 0.000000 2.400000
v -2.684679 0.000000 2.350000
v -2.771281 0.000000 2.300000
v -2.857884 0.000000 2.250000
v -2.944486 0.000000 2.200000
v -3.031089 0.000000 2.150000
v -3.117692 0.000000 2.100000
v -3.204294 0.000000 2.050000
v -3.290896 0.000000 2.000000
v -3.377499 0.000000 1.950000
v -3.377499 0.000000 1.850000
v -3.377499 0.000000 1.750000
v -3.377499 0.000000 1.650000
v -3.377499 0.000000 1.550000
v -3.377499 0.000000 1.450000
v -3.377499 0.000000 1.350000
v -3.377499 0.000000 1.250000
v -3.377499 0.000000 1.150000
v -3.377499 0.000000 1.050000
v -3.377499 0.000000 0.950000
v -3.377499 0.000000 0.850000
v -3.377499 0.000000 0.750000
v -3.377499 0.000000 0.650000
v -3.377499 0.000000 0.550000
v -3.377499 0.000000 0.450000
v -3.377499 0.000000 0.350000
v -3.377499 0.000000 0.250000
v -3.377499 0.000000 0.150000
v -3.377499 0.000000 0.050000
v -3.377499 0.000000 -0.050000
v -3.377499 0.000000 -0.150000
v -3.377499 0.000000 -0.250000
v -3.377499 0.000000 -0.350000
v -3.377499 0.000000 -0.450000
v -3.377499 0.000000 -0.550000
v -3.377499 0.000000 -0.650000
v -3.377499 0.000000 -0.750000
v -3.377499 0.000000 -0.850000
v -3.377499 0.000000 -0.950000
v -3.377499 0.000000 -1.050000
v -3.377499 0.000000 -1.150000
v -3.377499 0.000000 -1.250000
v -3.377499 0.000000 -1.350000
v -3.377499 0.000000 -1.450000
v -3.377499 0.000000 -1.550000
v -3.377499 0.000000 -1.650000
v -3.377499 0.000000 -1.750000
v -3.377499 0.000000 -1.850000
v -3.377499 0.000000 -1.950000
v -3.290896 0.000000 -2.000000
v -3.204294 0.000000 -2.050000
v -3.117692 0.000000 -2.100000
v -3.031089 0.000000 -2.150000
v -2.944486 0.000000 -2.200000
v -2.857884 0.000000 -2.250000
v -2.771281 0.000000 -2.300000
v -2.684679 0.000000 -2.350000
v -2.598076 0.000000 -2.400000
v -2.511474 0.000000 -2.450000
v -2.424871 0.000000 -2.500000
v -2.338269 0.000000 -2.550000
v -2.251666 0.000000 -2.600000
v -2.165064 0.000000 -2.650000
v -2.078461 0.000000 -2.700000
v -1.991858 0.000000 -2.750000
v -1.905256 0.000000 -2.800000
v -1.818653 0.000000 -2.850000
v -1.732051 0.000000 -2.900000
v -1.645448 0.000000 -2.950000
v -1.558846 0.000000 -3.000000
v -1.472243 0.000000 -3.050000
v -1.385641 0.000000 -3.100000
v -1.299038 0.000000 -3.150000
v -1.212436 0.000000 -3.200000
v -1.125833 0.000000 -3.250000
v -1.039230 0.000000 -3.300000
v -0.952628 0.000000 -3.350000
v -0.866025 0.000000 -3.400000
v -0.779423 0.000000 -3.450000
v -0.692820 0.000000 -3.500000
v -0.606218 0.000000 -3.550000
v -0.519615 0.000000 -3.600000
v -0.433013 0.000000 -3.650000
v -0.346410 0.000000 -3.700000
v -0.259808 0.000000 -3.750000
v -0.173205 0.000000 -3.800000
v -0.086603 0.000000 -3.850000
v 0.000000 0.000000 -4.000000
v 0.086603 0.000000 -3.950000
v 0.173205 0.000000 -3.900000
v 0.259808 0.000000 -3.850000
v 0.346410 0.000000 -3.800000
v 0.433013 0.000000 -3.750000
v 0.519615 0.000000 -3.700000
v 0.606218 0.000000 -3.650000
v 0.692820 0.000000 -3.600000
v 0.779423 0.000000 -3.550000
v 0.866025 0.000000 -3.500000
v 0.952628 0.000000 -3.450000
v 1.039230 0.000000 -3.400000
v 1.125833 0.000000 -3.350000
v 1.212436 0.000000 -3.300000
v 1.299038 0.000000 -3.250000
v 1.385641 0.000000 -3.200000
v 1.472243 0.000000 -3.150000
v 1.558846 -0.085000 -3.100000
v 1.645448 -0.085000 -3.050000
v 1.732051 -0.085000 -3.000000
v 1.818653 -0.085000 -2.950000
v 1.905256 -0.085000 -2.900000
v 1.991858 0.000000 -2.850000
v 2.078461 0.000000 -2.800000
v 2.165064 0.000000 -2.750000
v 2.251666 0.000000 -2.700000
v 2.338269 0.000000 -2.650000
v 2.424871 0.000000 -2.600000
v 2.511474 0.000000 -2.550000
v 2.598076 0.000000 -2.500000
v 2.684679 0.000000 -2.450000
v 2.771281 0.000000 -2.400000
v 2.857884 0.000000 -2.350000
v 2.944486 0.000000 -2.300000
v 3.031089 0.000000 -2.250000
v 3.117692 0.000000 -2.200000
v 3.204294 0.000000 -2.150000
v 3.290896 0.000000 -2.100000
v 3.377499 0.000000 -2.050000
v 3.464102 0.000000 -2.000000
v 3.464102 0.000000 -1.900000
v 3.464102 0.000000 -1.800000
v 3.464102 0.000000 -1.700000
v 3.464102 0.000000 -1.600000
v 3.464102 0.000000 -1.500000
v 3.464102 0.000000 -1.400000
v 3.464102 0.000000 -1.300000
v 3.464102 0.000000 -1.200000
v 3.464102 0.000000 -1.100000
v 3.464102 0.000000 -1.000000
v 3.464102 0.000000 -0.900000
v 3.464102 0.000000 -0.800000
v 3.464102 0.000000 -0.700000
v 3.464102 0.000000 -0.600000
v 3.464102 0.000000 -0.500000
v 3.464102 0.000000 -0.400000
v 3.464102 0.000000 -0.300000
v 3.464102 0.000000 -0.200000
v 3.464102 0.000000 -0.100000
v 3.464102 0.000000 -0.000000
v 3.464102 0.000000 0.100000
v 3.464102 0.000000 0.200000
v 3.464102 0.000000 0.300000
v 3.464102 0.000000 0.400000
v 3.464102 0.000000 0.500000
v 3.464102 0.000000 0.600000
v 3.464102 0.000000 0.700000
v 3.464102 0.000000 0.800000
v 3.464102 0.000000 0.900000
v 3.464102 0.000000 1.000000
v 3.464102 0.000000 1.100000
v 3.464102 0.000000 1.200000
v 3.464102 0.000000 1.300000
v 3.464102 0.000000 1.400000
v 3.464102 0.000000 1.500000
v 3.464102 0.000000 1.600000
v 3.464102 0.000000 1.700000
v 3.464102 0.000000 1.800000
v 3.464102 0.000000 1.900000
v 3.464102 0.000000 2.000000
v 3.377499 0.000000 2.050000
v 3.290896 0.000000 2.100000
v 3.204294 0.000000 2.150000
v 3.117692 0.000000 2.200000
v 3.031089 0.000000 2.250000
v 2.944486 0.000000 2.300000
v 2.857884 0.000000 2.350000
v 2.771281 0.000000 2.400000
v 2.684679 0.000000 2.450000
v 2.598076 0.000000 2.500000
v 2.511474 0.000000 2.550000
v 2.424871 0.000000 2.600000
v 2.338269 0.000000 2.650000
v 2.251666 0.000000 2.700000
v 2.165064 0.000000 2.750000
v 2.078461 0.000000 2.800000
v 1.991858 0.000000 2.850000
v 1.905256 -0.085000 2.900000
v 1.818653 -0.085000 2.950000
v 1.732051 -0.085000 3.000000
v 1.645448 -0.085000 3.050000
v 1.558846 -0.085000 3.100000
v 1.472243 0.000000 3.150000
v 1.385641 0.000000 3.200000
v 1.299038 0.000000 3.250000
v 1.212436 0.000000 3.300000
v 1.125833 0.000000 3.350000
v 1.039230 0.000000 3.400000
v 0.952628 0.000000 3.450000
v 0.866025 0.000000 3.500000
v 0.779423 0.000000 3.550000
v 0.692820 0.000000 3.600000
v 0.606218 0.000000 3.650000
v 0.519615 0.000000 3.700000
v 0.433013 0.000000 3.750000
v 0.346410 0.000000 3.800000
v 0.259808 0.000000 3.850000
v 0.173205 0.000000 3.900000
v 0.086603 0.000000 3.950000
v 0.000000 0.000000 4.000000
v -0.086603 0.000000 3.950000
v -0.173205 0.000000 3.900000
v -0.259808 0.000000 3.850000
v -0.346410 0.000000 3.800000
v -0.433013 0.000000 3.750000
v -0.519615 0.000000 3.700000
v -0.606218 0.000000 3.650000
v -0.692820 0.000000 3.600000
v -0.779423 0.000000 3.550000
v -0.866025 0.000000 3.500000
v -0.952628 0.000000 3.450000
v -1.039230 0.000000 3.400000
v -1.125833 0.000000 3.350000
v -1.212436 0.000000 3.300000
v -1.299038 0.000000 3.250000
v -1.385641 0.000000 3.200000
v -1.472243 0.000000 3.150000
v -1.558846 0.000000 3.100000
v -1.645448 0.000000 3.050000
v -1.732051 0.000000 3.000000
v -1.818653 0.000000 2.950000
v -1.905256 0.000000 2.900000
v -1.991858 0.000000 2.850000
v -2.078461 0.000000 2.800000
v -2.165064 0.000000 2.750000
v -2.251666 0.000000 2.700000
v -2.338269 0.000000 2.650000
v -2.424871 0.000000 2.600000
v -2.511474 0.000000 2.550000
v -2.598076 0.000000 2.500000
v -2.684679 0.000000 2.450000
v -2.771281 0.000000 2.400000
v -2.857884 0.000000 2.350000
v -2.944486 0.000000 2.300000
v -3.031089 0.000000 2.250000
v -3.117692 0.000000 2.200000
v -3.204294 0.000000 2.150000
v -3.290896 0.000000 2.100000
v -3.377499 0.000000 2.050000
v -3.464102 0.000000 2.000000
v -3.464102 0.000000 1.900000
v -3.464102 0.000000 1.800000
v -3.464102 0.000000 1.700000
v -3.464102 0.000000 1.600000
v -3.464102 0.000000 1.500000
v -3.464102 0.000000 1.400000
v -3.464102 0.000000 1.300000
v -3.464102 0.000000 1.200000
v -3.464102 0.000000 1.100000
v -3.464102 0.000000 1.000000
v -3.464102 0.000000 0.900000
v -3.464102 0.000000 0.800000
v -3.464102 0.000000 0.700000
v -3.464102 0.000000 0.600000
v -3.464102 0.000000 0.500000
v -3.464102 0.000000 0.400000
v -3.464102 0.000000 0.300000
v -3.464102 0.000000 0.200000
v -3.464102 0.000000 0.100000
v -3.464102 0.000000 0.000000
v -3.464102 0.000000 -0.100000
v -3.464102 0.000000 -0.200000
v -3.464102 0.000000 -0.300000
v -3.464102 0.000000 -0.400000
v -3.464102 0.000000 -0.500000
v -3.464102 0.000000 -0.600000
v -3.464102 0.000000 -0.700000
v -3.464102 0.000000 -0.800000
v -3.464102 0.000000 -0.900000
v -3.464102 0.000000 -1.000000
v -3.464102 0.000000 -1.100000
v -3.464102 0.000000 -1.200000
v -3.464102 0.000000 -1.300000
v -3.464102 0.000000 -1.400000
v -3.464102 0.000000 -1.500000
v -3.464102 0.000000 -1.600000
v -3.464102 0.000000 -1.700000
v -3.464102 0.000000 -1.800000
v -3.464102 0.000000 -1.900000
v -3.464102 0.000000 -2.000000
v -3.377499 0.000000 -2.050000
v -3.290896 0.000000 -2.100000
v -3.204294 0.000000 -2.150000
v -3.117692 0.000000 -2.200000
v -3.031089 0.000000 -2.250000
v -2.944486 0.000000 -2.300000
v -2.857884 0.000000 -2.350000
v -2.771281 0.000000 -2.400000
v -2.684679 0.000000 -2.450000
v -2.598076 0.000000 -2.500000
v -2.511474 0.000000 -2.550000
v -2.424871 0.000000 -2.600000
v -2.338269 0.000000 -2.650000
v -2.251666 0.000000 -2.700000
v -2.165064 0.000000 -2.750000
v -2.078461 0.000000 -2.800000
v -1.991858 0.000000 -2.850000
v -1.905256 0.000000 -2.900000
v -1.818653 0.000000 -2.950000
v -1.732051 0.000000 -3.000000
v -1.645448 0.000000 -3.050000
v -1.558846 0.000000 -3.100000
v -1.472243 0.000000 -3.150000
v -1.385641 0.000000 -3.200000
v -1.299038 0.000000 -3.250000
v -1.212436 0.000000 -3.300000
v -1.125833 0.000000 -3.350000
v -1.039230 0.000000 -3.400000
v -0.952628 0.000000 -3.450000
v -0.866025 0.000000 -3.500000
v -0.779423 0.000000 -3.550000
v -0.692820 0.000000 -3.600000
v -0.606218 0.000000 -3.650000
v -0.519615 0.000000 -3.700000
v -0.433013 0.000000 -3.750000
v -0.346410 0.000000 -3.800000
v -0.259808 0.000000 -3.850000
v -0.173205 0.000000 -3.900000
v -0.086603 0.000000 -3.950000
vn -0.0000 1.0000 -0.0000
vn -0.9469 0.3216 -0.0000
vn -0.4734 0.3216 0.8200
vn -0.4734 0.3216 -0.8200
vn 0.9469 0.3216 -0.0000
vn 0.4734 0.3216 -0.8200
vn 0.4734 0.3216 0.8200
vn -0.8475 0.5278 0.0560
vn -0.7946 0.6072 -0.0000
vn -0.8192 0.5363 0.2032
vn -0.3386 0.7358 0.5865
vn -0.3973 0.6072 0.6881
vn -0.3563 0.7015 0.6172
vn 0.3563 0.7015 0.6172
vn 0.3973 0.6072 0.6881
vn -0.8910 0.4539 -0.0000
vn -0.8760 0.4734 0.0923
vn -0.2738 0.8368 0.4742
vn 0.2738 0.8368 0.4742
vn 0.3404 0.7325 0.5896
vn -0.5856 0.5363 0.6078
vn -0.4884 0.5774 0.6543
vn -0.6546 0.5002 0.5669
vn 0.3502 0.7137 0.6066
vn -0.3973 0.6072 -0.6881
vn -0.3563 0.7015 -0.6172
vn -0.3250 0.7600 -0.5629
vn -0.2738 0.8368 -0.4742
vn 0.3973 0.6072 -0.6881
vn -0.2336 0.5363 -0.8111
vn -0.3753 0.5278 -0.7620
vn -0.3581 0.4734 -0.8048
vn -0.4455 0.4539 -0.7717
vn 0.4266 0.5216 -0.7389
vn 0.5132 0.4160 -0.7507
vn 0.7086 0.4069 -0.5765
vn 0.5614 0.3387 -0.7550
vn -0.6808 0.7325 -0.0000
vn -0.6499 0.7600 -0.0000
vn -0.5475 0.8368 -0.0000
vn 0.3250 0.7600 0.5629
vn -0.3250 0.7600 0.5629
vn 0.7946 0.6072 -0.0000
vn 0.7127 0.7015 -0.0000
vn 0.6499 0.7600 -0.0000
vn 0.5475 0.8368 -0.0000
vn 0.6863 0.6099 0.3962
vn 0.5856 0.5363 0.6078
vn 0.6772 0.7358 -0.0000
vn 0.6808 0.7325 -0.0000
vn 0.8278 0.5482 0.1194
vn 0.8042 0.5609 0.1963
vn 0.7513 0.5741 0.3253
vn 0.3434 0.7269 0.5948
vn -0.7127 0.7015 -0.0000
vn -0.3404 0.7325 0.5896
vn 0.3404 0.7325 -0.5896
vn 0.3250 0.7600 -0.5629
vn 0.2738 0.8368 -0.4742
vn 0.7005 0.7137 -0.0000
vn 0.8192 0.5363 0.2032
vn 0.7465 0.5070 0.4310
vn -0.4123 0.5656 0.7142
vn -0.8535 0.4069 0.3254
vn -0.8654 0.4858 0.1226
vn -0.8532 0.5216 -0.0000
vn 0.3502 0.7137 -0.6066
vn 0.3563 0.7015 -0.6172
vn 0.7314 0.6765 0.0862
vn -0.4125 0.5651 0.7145
vn -0.4266 0.5216 0.7389
vn -0.3404 0.7325 -0.5896
vn -0.8654 0.4858 -0.1226
vn -0.8535 0.4069 -0.3254
vn -0.3836 0.6414 0.6644
vn -0.5132 0.4160 -0.7507
vn -0.7086 0.4069 -0.5765
vn -0.5614 0.3387 -0.7550
vn 0.3689 0.6750 0.6390
vn -0.3122 0.7811 0.5408
vn -0.3129 0.7799 0.5420
vn -0.7450 0.6298 0.2198
vn -0.7309 0.6708 0.1257
vn -0.7005 0.7137 -0.0000
vn -0.3434 0.7269 0.5948
vn -0.7378 0.6750 -0.0000
vn 0.6244 0.7811 -0.0000
vn -0.3135 0.7790 0.5430
vn -0.3502 0.7137 0.6066
vn -0.4123 0.5656 -0.7142
vn -0.3145 0.7774 0.5447
vn -0.4266 0.5216 -0.7389
vn -0.3490 0.5657 -0.7472
vn 0.3434 0.7269 -0.5948
vn 0.3689 0.6750 -0.6390
vn 0.3122 0.7811 -0.5408
vn 0.7378 0.6750 -0.0000
vn -0.3276 0.6142 -0.7179
vn -0.2554 0.7341 -0.6292
vn -0.3502 0.7137 -0.6066
vn -0.3314 0.7488 -0.5740
vn -0.3689 0.6750 0.6390
vn -0.3122 0.7811 -0.5408
vn 0.7054 0.3594 -0.6109
vn 0.8532 0.5216 -0.0000
vn -0.8346 0.3644 0.4130
vn -0.8346 0.3644 -0.4130
vn -0.7513 0.5741 0.3253
s 1
f 2//1 1//1 3//1
f 3//1 1//1 4//1
f 4//1 1//1 5//1
f 5//1 1//1 6//1
f 6//1 1//1 7//1
f 7//1 1//1 2//1
f 8//1 2//1 9//1
f 9//1 3//1 10//1
f 10//1 3//1 11//1
f 11//1 4//1 12//1
f 12//1 4//1 13//1
f 13//1 5//1 14//1
f 14//1 5//1 15//1
f 15//1 6//1 16//1
f 16//1 6//1 17//1
f 17//1 7//1 18//1
f 18//1 7//1 19//1
f 19//1 2//1 8//1
f 20//1 8//1 21//1
f 21//1 9//1 22//1
f 22//1 10//1 23//1
f 23//1 10//1 24//1
f 24//1 11//1 25//1
f 25//1 12//1 26//1
f 26//1 12//1 27//1
f 27//1 13//1 28//1
f 28//1 14//1 29//1
f 29//1 14//1 30//1
f 30//1 15//1 31//1
f 31//2 16//2 32//2
f 32//2 16//2 33//2
f 33//2 17//2 34//2
f 34//2 18//2 35//2
f 35//2 18//2 36//2
f 36//1 19//1 37//1
f 37//1 8//1 20//1
f 38//1 20//1 39//1
f 39//1 21//1 40//1
f 40//1 22//1 41//1
f 41//1 23//1 42//1
f 42//1 23//1 43//1
f 43//1 24//1 44//1
f 44//1 25//1 45//1
f 45//1 26//1 46//1
f 46//1 26//1 47//1
f 47//1 27//1 48//1
f 48//1 28//1 49//1
f 49//1 29//1 50//1
f 50//1 29//1 51//1
f 51//1 30//1 52//1
f 52//2 31//2 53//2
f 53//1 32//1 54//1
f 54//1 32//1 55//1
f 55//1 33//1 56//1
f 56//1 34//1 57//1
f 57//1 35//1 58//1
f 58//1 35//1 59//1
f 59//2 36//2 60//2
f 60//1 37//1 61//1
f 61//1 20//1 38//1
f 62//1 38//1 63//1
f 63//1 39//1 64//1
f 64//1 40//1 65//1
f 65//1 41//1 66//1
f 66//1 42//1 67//1
f 67//1 42//1 68//1
f 68//1 43//1 69//1
f 69//1 44//1 70//1
f 70//1 45//1 71//1
f 71//1 46//1 72//1
f 72//1 46//1 73//1
f 73//1 47//1 74//1
f 74//1 48//1 75//1
f 75//1 49//1 76//1
f 76//1 50//1 77//1
f 77//1 50//1 78//1
f 78//2 51//2 79//2
f 79//3 52//3 80//3
f 80//1 53//1 81//1
f 81//1 54//1 82//1
f 82//1 54//1 83//1
f 83//1 55//1 84//1
f 84//1 56//1 85//1
f 85//1 57//1 86//1
f 86//1 58//1 87//1
f 87//1 58//1 88//1
f 88//1 59//1 89//1
f 89//2 60//2 90//2
f 90//1 61//1 91//1
f 91//1 38//1 62//1
f 92//1 62//1 93//1
f 93//1 63//1 94//1
f 94//1 64//1 95//1
f 95//1 65//1 96//1
f 96//1 66//1 97//1
f 97//1 67//1 98//1
f 98//1 67//1 99//1
f 99//1 68//1 100//1
f 100//1 69//1 101//1
f 101//1 70//1 102//1
f 102//1 71//1 103//1
f 103//1 72//1 104//1
f 104//1 72//1 105//1
f 105//1 73//1 106//1
f 106//1 74//1 107//1
f 107//1 75//1 108//1
f 108//1 76//1 109//1
f 109//1 77//1 110//1
f 110//1 77//1 111//1
f 111//2 78//2 112//2
f 112//1 79//1 113//1
f 113//1 80//1 114//1
f 114//1 81//1 115//1
f 115//1 82//1 116//1
f 116//1 82//1 117//1
f 117//1 83//1 118//1
f 118//1 84//1 119//1
f 119//1 85//1 120//1
f 120//1 86//1 121//1
f 121//1 87//1 122//1
f 122//1 87//1 123//1
f 123//1 88//1 124//1
f 124//1 89//1 125//1
f 125//2 90//2 126//2
f 126//1 91//1 127//1
f 127//1 62//1 92//1
f 128//1 92//1 129//1
f 129//1 93//1 130//1
f 130//1 94//1 131//1
f 131//1 95//1 132//1
f 132//1 96//1 133//1
f 133//1 97//1 134//1
f 134//1 98//1 135//1
f 135//1 98//1 136//1
f 136//1 99//1 137//1
f 137//1 100//1 138//1
f 138//1 101//1 139//1
f 139//1 102//1 140//1
f 140//1 103//1 141//1
f 141//1 104//1 142//1
f 142//1 104//1 143//1
f 143//1 105//1 144//1
f 144//1 106//1 145//1
f 145//1 107//1 146//1
f 146//1 108//1 147//1
f 147//1 109//1 148//1
f 148//1 110//1 149//1
f 149//2 110//2 150//2
f 150//3 111//3 151//3
f 151//1 112//1 152//1
f 152//1 113//1 153//1
f 153//1 114//1 154//1
f 154//1 115//1 155//1
f 155//1 116//1 156//1
f 156//1 116//1 157//1
f 157//1 117//1 158//1
f 158//1 118//1 159//1
f 159//1 119//1 160//1
f 160//1 120//1 161//1
f 161//1 121//1 162//1
f 162//1 122//1 163//1
f 163//1 122//1 164//1
f 164//1 123//1 165//1
f 165//1 124//1 166//1
f 166//1 125//1 167//1
f 167//4 126//4 168//4
f 168//2 127//2 169//2
f 169//1 92//1 128//1
f 170//1 128//1 171//1
f 171//1 129//1 172//1
f 172//1 130//1 173//1
f 173//1 131//1 174//1
f 174//1 132//1 175//1
f 175//1 133//1 176//1
f 176//1 134//1 177//1
f 177//1 135//1 178//1
f 178//1 135//1 179//1
f 179//1 136//1 180//1
f 180//1 137//1 181//1
f 181//1 138//1 182//1
f 182//1 139//1 183//1
f 183//1 140//1 184//1
f 184//1 141//1 185//1
f 185//1 142//1 186//1
f 186//1 142//1 187//1
f 187//1 143//1 188//1
f 188//1 144//1 189//1
f 189//1 145//1 190//1
f 190//1 146//1 191//1
f 191//1 147//1 192//1
f 192//1 148//1 193//1
f 193//1 149//1 194//1
f 194//2 149//2 195//2
f 195//1 150//1 196//1
f 196//1 151//1 197//1
f 197//1 152//1 198//1
f 198//1 153//1 199//1
f 199//1 154//1 200//1
f 200//1 155//1 201//1
f 201//1 156//1 202//1
f 202//1 156//1 203//1
f 203//1 157//1 204//1
f 204//1 158//1 205//1
f 205//1 159//1 206//1
f 206//1 160//1 207//1
f 207//1 161//1 208//1
f 208//1 162//1 209//1
f 209//1 163//1 210//1
f 210//1 163//1 211//1
f 211//1 164//1 212//1
f 212//1 165//1 213//1
f 213//1 166//1 214//1
f 214//1 167//1 215//1
f 215//1 168//1 216//1
f 216//2 169//2 217//2
f 217//1 128//1 170//1
f 218//1 170//1 219//1
f 219//1 171//1 220//1
f 220//1 172//1 221//1
f 221//1 173//1 222//1
f 222//1 174//1 223//1
f 223//1 175//1 224//1
f 224//1 176//1 225//1
f 225//1 177//1 226//1
f 226//1 178//1 227//1
f 227//1 178//1 228//1
f 228//1 179//1 229//1
f 229//1 180//1 230//1
f 230//1 181//1 231//1
f 231//1 182//1 232//1
f 232//1 183//1 233//1
f 233//1 184//1 234//1
f 234//1 185//1 235//1
f 235//1 186//1 236//1
f 236//1 186//1 237//1
f 237//1 187//1 238//1
f 238//1 188//1 239//1
f 239//1 189//1 240//1
f 240//1 190//1 241//1
f 241//1 191//1 242//1
f 242//1 192//1 243//1
f 243//1 193//1 244//1
f 244//1 194//1 245//1
f 245//2 194//2 246//2
f 246//1 195//1 247//1
f 247//1 196//1 248//1
f 248//1 197//1 249//1
f 249//1 198//1 250//1
f 250//1 199//1 251//1
f 251//1 200//1 252//1
f 252//5 201//5 253//5
f 253//6 202//6 254//6
f 254//5 202//5 255//5
f 255//5 203//5 256//5
f 256//5 204//5 257//5
f 257//5 205//5 258//5
f 258//6 206//6 259//6
f 259//1 207//1 260//1
f 260//1 208//1 261//1
f 261//7 209//7 262//7
f 262//5 210//5 263//5
f 263//5 210//5 264//5
f 264//1 211//1 265//1
f 265//1 212//1 266//1
f 266//1 213//1 267//1
f 267//1 214//1 268//1
f 268//1 215//1 269//1
f 269//1 216//1 270//1
f 270//4 217//4 271//4
f 271//2 170//2 218//2
f 272//4 218//4 273//4
f 273//1 219//1 274//1
f 274//1 220//1 275//1
f 275//1 221//1 276//1
f 276//1 222//1 277//1
f 277//1 223//1 278//1
f 278//1 224//1 279//1
f 279//1 225//1 280//1
f 280//1 226//1 281//1
f 281//1 227//1 282//1
f 282//1 227//1 283//1
f 283//1 228//1 284//1
f 284//1 229//1 285//1
f 285//1 230//1 286//1
f 286//1 231//1 287//1
f 287//1 232//1 288//1
f 288//1 233//1 289//1
f 289//1 234//1 290//1
f 290//1 235//1 291//1
f 291//1 236//1 292//1
f 292//1 236//1 293//1
f 293//1 237//1 294//1
f 294//1 238//1 295//1
f 295//1 239//1 296//1
f 296//1 240//1 297//1
f 297//1 241//1 298//1
f 298//1 242//1 299//1
f 299//1 243//1 300//1
f 300//1 244//1 301//1
f 301//3 245//3 302//3
f 302//3 245//3 303//3
f 303//1 246//1 304//1
f 304//1 247//1 305//1
f 305//1 248//1 306//1
f 306//1 249//1 307//1
f 307//1 250//1 308//1
f 308//1 251//1 309//1
f 309//5 252//5 310//5
f 310//1 253//1 311//1
f 311//1 254//1 312//1
f 312//1 254//1 313//1
f 313//1 255//1 314//1
f 314//1 256//1 315//1
f 315//1 257//1 316//1
f 316//1 258//1 317//1
f 317//5 259//5 318//5
f 318//5 260//5 319//5
f 319//5 261//5 320//5
f 320//1 262//1 321//1
f 321//1 263//1 322//1
f 322//1 263//1 323//1
f 323//7 264//7 324//7
f 324//5 265//5 325//5
f 325//1 266//1 326//1
f 326//1 267//1 327//1
f 327//1 268//1 328//1
f 328//1 269//1 329//1
f 329//1 270//1 330//1
f 330//1 271//1 331//1
f 331//4 218//4 272//4
f 332//1 272//1 333//1
f 333//4 273//4 334//4
f 334//1 274//1 335//1
f 335//1 275//1 336//1
f 336//1 276//1 337//1
f 337//1 277//1 338//1
f 338//1 278//1 339//1
f 339//1 279//1 340//1
f 340//1 280//1 341//1
f 341//1 281//1 342//1
f 342//1 282//1 343//1
f 343//1 282//1 344//1
f 344//1 283//1 345//1
f 345//1 284//1 346//1
f 346//1 285//1 347//1
f 347//1 286//1 348//1
f 348//1 287//1 349//1
f 349//1 288//1 350//1
f 350//1 289//1 351//1
f 351//1 290//1 352//1
f 352//1 291//1 353//1
f 353//1 292//1 354//1
f 354//1 292//1 355//1
f 355//1 293//1 356//1
f 356//1 294//1 357//1
f 357//1 295//1 358//1
f 358//1 296//1 359//1
f 359//1 297//1 360//1
f 360//1 298//1 361//1
f 361//1 299//1 362//1
f 362//1 300//1 363//1
f 363//1 301//1 364//1
f 364//2 302//2 365//2
f 365//1 302//1 366//1
f 366//1 303//1 367//1
f 367//1 304//1 368//1
f 368//1 305//1 369//1
f 369//1 306//1 370//1
f 370//1 307//1 371//1
f 371//1 308//1 372//1
f 372//5 309//5 373//5
f 373//1 310//1 374//1
f 374//1 311//1 375//1
f 375//1 312//1 376//1
f 376//1 312//1 377//1
f 377//1 313//1 378//1
f 378//1 314//1 379//1
f 379//1 315//1 380//1
f 380//1 316//1 381//1
f 381//1 317//1 382//1
f 382//1 318//1 383//1
f 383//1 319//1 384//1
f 384//1 320//1 385//1
f 385//1 321//1 386//1
f 386//1 322//1 387//1
f 387//1 322//1 388//1
f 388//1 323//1 389//1
f 389//1 324//1 390//1
f 390//5 325//5 391//5
f 391//1 326//1 392//1
f 392//1 327//1 393//1
f 393//1 328//1 394//1
f 394//1 329//1 395//1
f 395//1 330//1 396//1
f 396//1 331//1 397//1
f 397//1 272//1 332//1
f 398//1 332//1 399//1
f 399//2 333//2 400//2
f 400//1 334//1 401//1
f 401//1 335//1 402//1
f 402//1 336//1 403//1
f 403//1 337//1 404//1
f 404//1 338//1 405//1
f 405//1 339//1 406//1
f 406//1 340//1 407//1
f 407//1 341//1 408//1
f 408//1 342//1 409//1
f 409//1 343//1 410//1
f 410//1 343//1 411//1
f 411//1 344//1 412//1
f 412//1 345//1 413//1
f 413//1 346//1 414//1
f 414//1 347//1 415//1
f 415//1 348//1 416//1
f 416//1 349//1 417//1
f 417//1 350//1 418//1
f 418//1 351//1 419//1
f 419//1 352//1 420//1
f 420//1 353//1 421//1
f 421//1 354//1 422//1
f 422//1 354//1 423//1
f 423//1 355//1 424//1
f 424//1 356//1 425//1
f 425//1 357//1 426//1
f 426//1 358//1 427//1
f 427//1 359//1 428//1
f 428//1 360//1 429//1
f 429//1 361//1 430//1
f 430//1 362//1 431//1
f 431//1 363//1 432//1
f 432//3 364//3 433//3
f 433//1 365//1 434//1
f 434//1 365//1 435//1
f 435//1 366//1 436//1
f 436//1 367//1 437//1
f 437//1 368//1 438//1
f 438//1 369//1 439//1
f 439//1 370//1 440//1
f 440//1 371//1 441//1
f 441//5 372//5 442//5
f 442//1 373//1 443//1
f 443//1 374//1 444//1
f 444//1 375//1 445//1
f 445//1 376//1 446//1
f 446//1 376//1 447//1
f 447//1 377//1 448//1
f 448//1 378//1 449//1
f 449//1 379//1 450//1
f 450//1 380//1 451//1
f 451//1 381//1 452//1
f 452//1 382//1 453//1
f 453//1 383//1 454//1
f 454//1 384//1 455//1
f 455//1 385//1 456//1
f 456//1 386//1 457//1
f 457//1 387//1 458//1
f 458//1 387//1 459//1
f 459//1 388//1 460//1
f 460//1 389//1 461//1
f 461//1 390//1 462//1
f 462//7 391//7 463//7
f 463//5 392//5 464//5
f 464//1 393//1 465//1
f 465//1 394//1 466//1
f 466//1 395//1 467//1
f 467//1 396//1 468//1
f 468//1 397//1 469//1
f 469//1 332//1 398//1
f 470//1 398//1 471//1
f 471//2 399//2 472//2
f 472//1 400//1 473//1
f 473//1 401//1 474//1
f 474//1 402//1 475//1
f 475//1 403//1 476//1
f 476//1 404//1 477//1
f 477//1 405//1 478//1
f 478//1 406//1 479//1
f 479//1 407//1 480//1
f 480//1 408//1 481//1
f 481//1 409//1 482//1
f 482//1 410//1 483//1
f 483//1 410//1 484//1
f 484//1 411//1 485//1
f 485//1 412//1 486//1
f 486//1 413//1 487//1
f 487//1 414//1 488//1
f 488//1 415//1 489//1
f 489//1 416//1 490//1
f 490//1 417//1 491//1
f 491//1 418//1 492//1
f 492//1 419//1 493//1
f 493//1 420//1 494//1
f 494//1 421//1 495//1
f 495//1 422//1 496//1
f 496//1 422//1 497//1
f 497//1 423//1 498//1
f 498//1 424//1 499//1
f 499//1 425//1 500//1
f 500//1 426//1 501//1
f 501//1 427//1 502//1
f 502//1 428//1 503//1
f 503//1 429//1 504//1
f 504//1 430//1 505//1
f 505//1 431//1 506//1
f 506//1 432//1 507//1
f 507//2 433//2 508//2
f 508//1 434//1 509//1
f 509//1 434//1 510//1
f 510//1 435//1 511//1
f 511//1 436//1 512//1
f 512//1 437//1 513//1
f 513//1 438//1 514//1
f 514//1 439//1 515//1
f 515//5 440//5 516//5
f 516//6 441//6 517//6
f 517//1 442//1 518//1
f 518//1 443//1 519//1
f 519//1 444//1 520//1
f 520//1 445//1 521//1
f 521//1 446//1 522//1
f 522//1 446//1 523//1
f 523//1 447//1 524//1
f 524//1 448//1 525//1
f 525//1 449//1 526//1
f 526//1 450//1 527//1
f 527//1 451//1 528//1
f 528//1 452//1 529//1
f 529//1 453//1 530//1
f 530//1 454//1 531//1
f 531//1 455//1 532//1
f 532//1 456//1 533//1
f 533//1 457//1 534//1
f 534//1 458//1 535//1
f 535//1 458//1 536//1
f 536//1 459//1 537//1
f 537//1 460//1 538//1
f 538//1 461//1 539//1
f 539//1 462//1 540//1
f 540//1 463//1 541//1
f 541//5 464//5 542//5
f 542//1 465//1 543//1
f 543//1 466//1 544//1
f 544//1 467//1 545//1
f 545//1 468//1 546//1
f 546//1 469//1 547//1
f 547//1 398//1 470//1
f 548//1 470//1 549//1
f 549//1 471//1 550//1
f 550//4 472//4 551//4
f 551//1 473//1 552//1
f 552//1 474//1 553//1
f 553//1 475//1 554//1
f 554//1 476//1 555//1
f 555//1 477//1 556//1
f 556//1 478//1 557//1
f 557//1 479//1 558//1
f 558//1 480//1 559//1
f 559//1 481//1 560//1
f 560//1 482//1 561//1
f 561//1 483//1 562//1
f 562//1 483//1 563//1
f 563//1 484//1 564//1
f 564//1 485//1 565//1
f 565//1 486//1 566//1
f 566//1 487//1 567//1
f 567//1 488//1 568//1
f 568//1 489//1 569//1
f 569//1 490//1 570//1
f 570//1 491//1 571//1
f 571//1 492//1 572//1
f 572//1 493//1 573//1
f 573//1 494//1 574//1
f 574//1 495//1 575//1
f 575//1 496//1 576//1
f 576//1 496//1 577//1
f 577//1 497//1 578//1
f 578//1 498//1 579//1
f 579//1 499//1 580//1
f 580//1 500//1 581//1
f 581//1 501//1 582//1
f 582//1 502//1 583//1
f 583//1 503//1 584//1
f 584//1 504//1 585//1
f 585//1 505//1 586//1
f 586//1 506//1 587//1
f 587//3 507//3 588//3
f 588//1 508//1 589//1
f 589//1 509//1 590//1
f 590//1 509//1 591//1
f 591//1 510//1 592//1
f 592//1 511//1 593//1
f 593//1 512//1 594//1
f 594//1 513//1 595//1
f 595//5 514//5 596//5
f 596//6 515//6 597//6
f 597//1 516//1 598//1
f 598//1 517//1 599//1
f 599//1 518//1 600//1
f 600//1 519//1 601//1
f 601//1 520//1 602//1
f 602//1 521//1 603//1
f 603//1 522//1 604//1
f 604//1 522//1 605//1
f 605//1 523//1 606//1
f 606//1 524//1 607//1
f 607//1 525//1 608//1
f 608//1 526//1 609//1
f 609//1 527//1 610//1
f 610//1 528//1 611//1
f 611//1 529//1 612//1
f 612//1 530//1 613//1
f 613//1 531//1 614//1
f 614//1 532//1 615//1
f 615//1 533//1 616//1
f 616//1 534//1 617//1
f 617//1 535//1 618//1
f 618//1 535//1 619//1
f 619//1 536//1 620//1
f 620//1 537//1 621//1
f 621//1 538//1 622//1
f 622//1 539//1 623//1
f 623//1 540//1 624//1
f 624//1 541//1 625//1
f 625//7 542//7 626//7
f 626//5 543//5 627//5
f 627//1 544//1 628//1
f 628//1 545//1 629//1
f 629//1 546//1 630//1
f 630//1 547//1 631//1
f 631//1 470//1 548//1
f 632//1 548//1 633//1
f 633//1 549//1 634//1
f 634//1 550//1 635//1
f 635//4 551//4 636//4
f 636//1 552//1 637//1
f 637//1 553//1 638//1
f 638//1 554//1 639//1
f 639//1 555//1 640//1
f 640//1 556//1 641//1
f 641//1 557//1 642//1
f 642//1 558//1 643//1
f 643//1 559//1 644//1
f 644//1 560//1 645//1
f 645//1 561//1 646//1
f 646//1 562//1 647//1
f 647//1 562//1 648//1
f 648//1 563//1 649//1
f 649//1 564//1 650//1
f 650//1 565//1 651//1
f 651//1 566//1 652//1
f 652//1 567//1 653//1
f 653//1 568//1 654//1
f 654//1 569//1 655//1
f 655//1 570//1 656//1
f 656//1 571//1 657//1
f 657//1 572//1 658//1
f 658//1 573//1 659//1
f 659//1 574//1 660//1
f 660//1 575//1 661//1
f 661//1 576//1 662//1
f 662//1 576//1 663//1
f 663//1 577//1 664//1
f 664//1 578//1 665//1
f 665//1 579//1 666//1
f 666//1 580//1 667//1
f 667//1 581//1 668//1
f 668//1 582//1 669//1
f 669//1 583//1 670//1
f 670//1 584//1 671//1
f 671//1 585//1 672//1
f 672//1 586//1 673//1
f 673//1 587//1 674//1
f 674//2 588//2 675//2
f 675//1 589//1 676//1
f 676//1 590//1 677//1
f 677//1 590//1 678//1
f 678//1 591//1 679//1
f 679//1 592//1 680//1
f 680//1 593//1 681//1
f 681//5 594//5 682//5
f 682//6 595//6 683//6
f 683//1 596//1 684//1
f 684//1 597//1 685//1
f 685//1 598//1 686//1
f 686//1 599//1 687//1
f 687//1 600//1 688//1
f 688//1 601//1 689//1
f 689//1 602//1 690//1
f 690//1 603//1 691//1
f 691//1 604//1 692//1
f 692//1 604//1 693//1
f 693//1 605//1 694//1
f 694//1 606//1 695//1
f 695//1 607//1 696//1
f 696//1 608//1 697//1
f 697//1 609//1 698//1
f 698//1 610//1 699//1
f 699//1 611//1 700//1
f 700//1 612//1 701//1
f 701//1 613//1 702//1
f 702//1 614//1 703//1
f 703//1 615//1 704//1
f 704//1 616//1 705//1
f 705//1 617//1 706//1
f 706//1 618//1 707//1
f 707//1 618//1 708//1
f 708//1 619//1 709//1
f 709//1 620//1 710//1
f 710//1 621//1 711//1
f 711//1 622//1 712//1
f 712//1 623//1 713//1
f 713//1 624//1 714//1
f 714//1 625//1 715//1
f 715//1 626//1 716//1
f 716//5 627//5 717//5
f 717//1 628//1 718//1
f 718//1 629//1 719//1
f 719//1 630//1 720//1
f 720//1 631//1 721//1
f 721//1 548//1 632//1
f 722//1 632//1 723//1
f 723//1 633//1 724//1
f 724//1 634//1 725//1
f 725//2 635//2 726//2
f 726//1 636//1 727//1
f 727//1 637//1 728//1
f 728//1 638//1 729//1
f 729//1 639//1 730//1
f 730//1 640//1 731//1
f 731//1 641//1 732//1
f 732//1 642//1 733//1
f 733//1 643//1 734//1
f 734//1 644//1 735//1
f 735//1 645//1 736//1
f 736//1 646//1 737//1
f 737//1 647//1 738//1
f 738//1 647//1 739//1
f 739//1 648//1 740//1
f 740//1 649//1 741//1
f 741//1 650//1 742//1
f 742//1 651//1 743//1
f 743//1 652//1 744//1
f 744//1 653//1 745//1
f 745//1 654//1 746//1
f 746//1 655//1 747//1
f 747//1 656//1 748//1
f 748//1 657//1 749//1
f 749//1 658//1 750//1
f 750//1 659//1 751//1
f 751//1 660//1 752//1
f 752//1 661//1 753//1
f 753//1 662//1 754//1
f 754//1 662//1 755//1
f 755//1 663//1 756//1
f 756//1 664//1 757//1
f 757//1 665//1 758//1
f 758//1 666//1 759//1
f 759//1 667//1 760//1
f 760//1 668//1 761//1
f 761//1 669//1 762//1
f 762//1 670//1 763//1
f 763//1 671//1 764//1
f 764//1 672//1 765//1
f 765//1 673//1 766//1
f 766//3 674//3 767//3
f 767//1 675//1 768//1
f 768//1 676//1 769//1
f 769//1 677//1 770//1
f 770//1 677//1 771//1
f 771//1 678//1 772//1
f 772//1 679//1 773//1
f 773//1 680//1 774//1
f 774//5 681//5 775//5
f 775//1 682//1 776//1
f 776//1 683//1 777//1
f 777//1 684//1 778//1
f 778//1 685//1 779//1
f 779//8 686//9 780//10
f 780//11 687//12 781//13
f 781//14 688//15 782//15
f 782//1 689//1 783//1
f 783//1 690//1 784//1
f 784//1 691//1 785//1
f 785//1 692//1 786//1
f 786//1 692//1 787//1
f 787//1 693//1 788//1
f 788//1 694//1 789//1
f 789//1 695//1 790//1
f 790//1 696//1 791//1
f 791//1 697//1 792//1
f 792//1 698//1 793//1
f 793//1 699//1 794//1
f 794//1 700//1 795//1
f 795//1 701//1 796//1
f 796//1 702//1 797//1
f 797//1 703//1 798//1
f 798//1 704//1 799//1
f 799//1 705//1 800//1
f 800//1 706//1 801//1
f 801//1 707//1 802//1
f 802//1 707//1 803//1
f 803//1 708//1 804//1
f 804//1 709//1 805//1
f 805//1 710//1 806//1
f 806//1 711//1 807//1
f 807//1 712//1 808//1
f 808//1 713//1 809//1
f 809//1 714//1 810//1
f 810//1 715//1 811//1
f 811//1 716//1 812//1
f 812//7 717//7 813//7
f 813//5 718//5 814//5
f 814//1 719//1 815//1
f 815//1 720//1 816//1
f 816//1 721//1 817//1
f 817//1 632//1 722//1
f 818//1 722//1 819//1
f 819//1 723//1 820//1
f 820//1 724//1 821//1
f 821//1 725//1 822//1
f 822//4 726//4 823//4
f 823//1 727//1 824//1
f 824//1 728//1 825//1
f 825//1 729//1 826//1
f 826//1 730//1 827//1
f 827//1 731//1 828//1
f 828//1 732//1 829//1
f 829//1 733//1 830//1
f 830//1 734//1 831//1
f 831//1 735//1 832//1
f 832//1 736//1 833//1
f 833//1 737//1 834//1
f 834//1 738//1 835//1
f 835//1 738//1 836//1
f 836//1 739//1 837//1
f 837//1 740//1 838//1
f 838//1 741//1 839//1
f 839//1 742//1 840//1
f 840//1 743//1 841//1
f 841//1 744//1 842//1
f 842//1 745//1 843//1
f 843//1 746//1 844//1
f 844//1 747//1 845//1
f 845//1 748//1 846//1
f 846//1 749//1 847//1
f 847//1 750//1 848//1
f 848//1 751//1 849//1
f 849//1 752//1 850//1
f 850//1 753//1 851//1
f 851//1 754//1 852//1
f 852//1 754//1 853//1
f 853//1 755//1 854//1
f 854//1 756//1 855//1
f 855//1 757//1 856//1
f 856//1 758//1 857//1
f 857//1 759//1 858//1
f 858//1 760//1 859//1
f 859//1 761//1 860//1
f 860//1 762//1 861//1
f 861//1 763//1 862//1
f 862//1 764//1 863//1
f 863//1 765//1 864//1
f 864//3 766//3 865//3
f 865//1 767//1 866//1
f 866//1 768//1 867//1
f 867//1 769//1 868//1
f 868//1 770//1 869//1
f 869//1 770//1 870//1
f 870//1 771//1 871//1
f 871//1 772//1 872//1
f 872//5 773//5 873//5
f 873//6 774//6 874//6
f 874//1 775//1 875//1
f 875//1 776//1 876//1
f 876//1 777//1 877//1
f 877//1 778//1 878//1
f 878//16 779//8 879//17
f 879//18 780//11 880//18
f 880//19 781//14 881//20
f 881//20 782//15 882//15
f 882//1 783//1 883//1
f 883//1 784//1 884//1
f 884//1 785//1 885//1
f 885//1 786//1 886//1
f 886//1 786//1 887//1
f 887//1 787//1 888//1
f 888//1 788//1 889//1
f 889//1 789//1 890//1
f 890//1 790//1 891//1
f 891//1 791//1 892//1
f 892//1 792//1 893//1
f 893//1 793//1 894//1
f 894//1 794//1 895//1
f 895//1 795//1 896//1
f 896//1 796//1 897//1
f 897//1 797//1 898//1
f 898//1 798//1 899//1
f 899//1 799//1 900//1
f 900//1 800//1 901//1
f 901//1 801//1 902//1
f 902//1 802//1 903//1
f 903//1 802//1 904//1
f 904//1 803//1 905//1
f 905//1 804//1 906//1
f 906//1 805//1 907//1
f 907//1 806//1 908//1
f 908//1 807//1 909//1
f 909//1 808//1 910//1
f 910//1 809//1 911//1
f 911//1 810//1 912//1
f 912//1 811//1 913//1
f 913//1 812//1 914//1
f 914//1 813//1 915//1
f 915//7 814//7 916//7
f 916//7 815//7 917//7
f 917//5 816//5 918//5
f 918//1 817//1 919//1
f 919//1 722//1 818//1
f 920//1 818//1 921//1
f 921//1 819//1 922//1
f 922//1 820//1 923//1
f 923//1 821//1 924//1
f 924//1 822//1 925//1
f 925//4 823//4 926//4
f 926//1 824//1 927//1
f 927//1 825//1 928//1
f 928//1 826//1 929//1
f 929//1 827//1 930//1
f 930//1 828//1 931//1
f 931//1 829//1 932//1
f 932//1 830//1 933//1
f 933//1 831//1 934//1
f 934//1 832//1 935//1
f 935//1 833//1 936//1
f 936//1 834//1 937//1
f 937//1 835//1 938//1
f 938//1 835//1 939//1
f 939//1 836//1 940//1
f 940//1 837//1 941//1
f 941//1 838//1 942//1
f 942//1 839//1 943//1
f 943//1 840//1 944//1
f 944//1 841//1 945//1
f 945//1 842//1 946//1
f 946//1 843//1 947//1
f 947//1 844//1 948//1
f 948//1 845//1 949//1
f 949//1 846//1 950//1
f 950//1 847//1 951//1
f 951//1 848//1 952//1
f 952//1 849//1 953//1
f 953//1 850//1 954//1
f 954//1 851//1 955//1
f 955//1 852//1 956//1
f 956//1 852//1 957//1
f 957//1 853//1 958//1
f 958//1 854//1 959//1
f 959//1 855//1 960//1
f 960//1 856//1 961//1
f 961//1 857//1 962//1
f 962//1 858//1 963//1
f 963//1 859//1 964//1
f 964//1 860//1 965//1
f 965//1 861//1 966//1
f 966//1 862//1 967//1
f 967//1 863//1 968//1
f 968//1 864//1 969//1
f 969//2 865//2 970//2
f 970//1 866//1 971//1
f 971//1 867//1 972//1
f 972//1 868//1 973//1
f 973//1 869//1 974//1
f 974//1 869//1 975//1
f 975//5 870//5 976//5
f 976//6 871//6 977//6
f 977//6 872//6 978//6
f 978//1 873//1 979//1
f 979//1 874//1 980//1
f 980//1 875//1 981//1
f 981//1 876//1 982//1
f 982//9 877//9 983//9
f 983//21 878//22 984//23
f 984//1 879//1 985//1
f 985//1 880//1 986//1
f 986//19 881//20 987//20
f 987//20 882//15 988//15
f 988//1 883//1 989//1
f 989//1 884//1 990//1
f 990//1 885//1 991//1
f 991//1 886//1 992//1
f 992//1 886//1 993//1
f 993//1 887//1 994//1
f 994//1 888//1 995//1
f 995//1 889//1 996//1
f 996//1 890//1 997//1
f 997//1 891//1 998//1
f 998//1 892//1 999//1
f 999//1 893//1 1000//1
f 1000//1 894//1 1001//1
f 1001//1 895//1 1002//1
f 1002//1 896//1 1003//1
f 1003//1 897//1 1004//1
f 1004//1 898//1 1005//1
f 1005//1 899//1 1006//1
f 1006//1 900//1 1007//1
f 1007//1 901//1 1008//1
f 1008//1 902//1 1009//1
f 1009//1 903//1 1010//1
f 1010//1 903//1 1011//1
f 1011//1 904//1 1012//1
f 1012//1 905//1 1013//1
f 1013//1 906//1 1014//1
f 1014//1 907//1 1015//1
f 1015//1 908//1 1016//1
f 1016//1 909//1 1017//1
f 1017//1 910//1 1018//1
f 1018//1 911//1 1019//1
f 1019//1 912//1 1020//1
f 1020//1 913//1 1021//1
f 1021//1 914//1 1022//1
f 1022//1 915//1 1023//1
f 1023//1 916//1 1024//1
f 1024//1 917//1 1025//1
f 1025//7 918//7 1026//7
f 1026//7 919//7 1027//7
f 1027//5 818//5 920//5
f 1028//24 920//24 1029//24
f 1029//1 921//1 1030//1
f 1030//1 922//1 1031//1
f 1031//1 923//1 1032//1
f 1032//1 924//1 1033//1
f 1033//2 925//2 1034//2
f 1034//1 926//1 1035//1
f 1035//1 927//1 1036//1
f 1036//1 928//1 1037//1
f 1037//1 929//1 1038//1
f 1038//1 930//1 1039//1
f 1039//1 931//1 1040//1
f 1040//1 932//1 1041//1
f 1041//1 933//1 1042//1
f 1042//1 934//1 1043//1
f 1043//1 935//1 1044//1
f 1044//1 936//1 1045//1
f 1045//1 937//1 1046//1
f 1046//1 938//1 1047//1
f 1047//1 938//1 1048//1
f 1048//1 939//1 1049//1
f 1049//1 940//1 1050//1
f 1050//1 941//1 1051//1
f 1051//1 942//1 1052//1
f 1052//1 943//1 1053//1
f 1053//1 944//1 1054//1
f 1054//1 945//1 1055//1
f 1055//1 946//1 1056//1
f 1056//1 947//1 1057//1
f 1057//1 948//1 1058//1
f 1058//1 949//1 1059//1
f 1059//1 950//1 1060//1
f 1060//1 951//1 1061//1
f 1061//1 952//1 1062//1
f 1062//1 953//1 1063//1
f 1063//1 954//1 1064//1
f 1064//1 955//1 1065//1
f 1065//1 956//1 1066//1
f 1066//1 956//1 1067//1
f 1067//1 957//1 1068//1
f 1068//1 958//1 1069//1
f 1069//1 959//1 1070//1
f 1070//1 960//1 1071//1
f 1071//1 961//1 1072//1
f 1072//1 962//1 1073//1
f 1073//1 963//1 1074//1
f 1074//1 964//1 1075//1
f 1075//1 965//1 1076//1
f 1076//1 966//1 1077//1
f 1077//1 967//1 1078//1
f 1078//1 968//1 1079//1
f 1079//1 969//1 1080//1
f 1080//2 970//2 1081//2
f 1081//1 971//1 1082//1
f 1082//1 972//1 1083//1
f 1083//1 973//1 1084//1
f 1084//1 974//1 1085//1
f 1085//1 974//1 1086//1
f 1086//5 975//5 1087//5
f 1087//1 976//1 1088//1
f 1088//1 977//1 1089//1
f 1089//1 978//1 1090//1
f 1090//1 979//1 1091//1
f 1091//1 980//1 1092//1
f 1092//1 981//1 1093//1
f 1093//1 982//1 1094//1
f 1094//25 983//26 1095//27
f 1095//27 984//28 1096//28
f 1096//1 985//1 1097//1
f 1097//1 986//1 1098//1
f 1098//19 987//20 1099//20
f 1099//20 988//15 1100//15
f 1100//1 989//1 1101//1
f 1101//1 990//1 1102//1
f 1102//1 991//1 1103//1
f 1103//1 992//1 1104//1
f 1104//1 992//1 1105//1
f 1105//1 993//1 1106//1
f 1106//1 994//1 1107//1
f 1107//1 995//1 1108//1
f 1108//1 996//1 1109//1
f 1109//1 997//1 1110//1
f 1110//1 998//1 1111//1
f 1111//1 999//1 1112//1
f 1112//1 1000//1 1113//1
f 1113//1 1001//1 1114//1
f 1114//1 1002//1 1115//1
f 1115//1 1003//1 1116//1
f 1116//1 1004//1 1117//1
f 1117//1 1005//1 1118//1
f 1118//1 1006//1 1119//1
f 1119//1 1007//1 1120//1
f 1120//1 1008//1 1121//1
f 1121//1 1009//1 1122//1
f 1122//1 1010//1 1123//1
f 1123//1 1010//1 1124//1
f 1124//1 1011//1 1125//1
f 1125//1 1012//1 1126//1
f 1126//1 1013//1 1127//1
f 1127//1 1014//1 1128//1
f 1128//1 1015//1 1129//1
f 1129//1 1016//1 1130//1
f 1130//1 1017//1 1131//1
f 1131//1 1018//1 1132//1
f 1132//1 1019//1 1133//1
f 1133//1 1020//1 1134//1
f 1134//1 1021//1 1135//1
f 1135//1 1022//1 1136//1
f 1136//1 1023//1 1137//1
f 1137//29 1024//29 1138//29
f 1138//30 1025//31 1139//32
f 1139//32 1026//33 1140//33
f 1140//33 1027//33 1141//33
f 1141//24 920//24 1028//24
f 1142//1 1028//1 1143//1
f 1143//24 1029//24 1144//24
f 1144//1 1030//1 1145//1
f 1145//1 1031//1 1146//1
f 1146//1 1032//1 1147//1
f 1147//1 1033//1 1148//1
f 1148//4 1034//4 1149//4
f 1149//1 1035//1 1150//1
f 1150//1 1036//1 1151//1
f 1151//1 1037//1 1152//1
f 1152//1 1038//1 1153//1
f 1153//1 1039//1 1154//1
f 1154//1 1040//1 1155//1
f 1155//1 1041//1 1156//1
f 1156//1 1042//1 1157//1
f 1157//1 1043//1 1158//1
f 1158//1 1044//1 1159//1
f 1159//1 1045//1 1160//1
f 1160//1 1046//1 1161//1
f 1161//1 1047//1 1162//1
f 1162//1 1047//1 1163//1
f 1163//1 1048//1 1164//1
f 1164//1 1049//1 1165//1
f 1165//1 1050//1 1166//1
f 1166//1 1051//1 1167//1
f 1167//1 1052//1 1168//1
f 1168//1 1053//1 1169//1
f 1169//1 1054//1 1170//1
f 1170//1 1055//1 1171//1
f 1171//1 1056//1 1172//1
f 1172//1 1057//1 1173//1
f 1173//1 1058//1 1174//1
f 1174//1 1059//1 1175//1
f 1175//1 1060//1 1176//1
f 1176//1 1061//1 1177//1
f 1177//1 1062//1 1178//1
f 1178//1 1063//1 1179//1
f 1179//1 1064//1 1180//1
f 1180//1 1065//1 1181//1
f 1181//1 1066//1 1182//1
f 1182//1 1066//1 1183//1
f 1183//1 1067//1 1184//1
f 1184//1 1068//1 1185//1
f 1185//1 1069//1 1186//1
f 1186//1 1070//1 1187//1
f 1187//1 1071//1 1188//1
f 1188//1 1072//1 1189//1
f 1189//1 1073//1 1190//1
f 1190//1 1074//1 1191//1
f 1191//1 1075//1 1192//1
f 1192//1 1076//1 1193//1
f 1193//1 1077//1 1194//1
f 1194//1 1078//1 1195//1
f 1195//1 1079//1 1196//1
f 1196//3 1080//3 1197//3
f 1197//1 1081//1 1198//1
f 1198//1 1082//1 1199//1
f 1199//1 1083//1 1200//1
f 1200//1 1084//1 1201//1
f 1201//34 1085//35 1202//36
f 1202//36 1085//35 1203//37
f 1203//37 1086//6 1204//6
f 1204//1 1087//1 1205//1
f 1205//1 1088//1 1206//1
f 1206//1 1089//1 1207//1
f 1207//1 1090//1 1208//1
f 1208//1 1091//1 1209//1
f 1209//1 1092//1 1210//1
f 1210//1 1093//1 1211//1
f 1211//9 1094//9 1212//38
f 1212//38 1095//39 1213//40
f 1213//1 1096//1 1214//1
f 1214//1 1097//1 1215//1
f 1215//1 1098//1 1216//1
f 1216//19 1099//20 1217//41
f 1217//42 1100//12 1218//13
f 1218//14 1101//15 1219//15
f 1219//1 1102//1 1220//1
f 1220//1 1103//1 1221//1
f 1221//1 1104//1 1222//1
f 1222//1 1104//1 1223//1
f 1223//1 1105//1 1224//1
f 1224//1 1106//1 1225//1
f 1225//1 1107//1 1226//1
f 1226//1 1108//1 1227//1
f 1227//1 1109//1 1228//1
f 1228//1 1110//1 1229//1
f 1229//1 1111//1 1230//1
f 1230//1 1112//1 1231//1
f 1231//1 1113//1 1232//1
f 1232//1 1114//1 1233//1
f 1233//1 1115//1 1234//1
f 1234//1 1116//1 1235//1
f 1235//1 1117//1 1236//1
f 1236//1 1118//1 1237//1
f 1237//1 1119//1 1238//1
f 1238//1 1120//1 1239//1
f 1239//1 1121//1 1240//1
f 1240//1 1122//1 1241//1
f 1241//1 1123//1 1242//1
f 1242//1 1123//1 1243//1
f 1243//1 1124//1 1244//1
f 1244//1 1125//1 1245//1
f 1245//1 1126//1 1246//1
f 1246//1 1127//1 1247//1
f 1247//1 1128//1 1248//1
f 1248//1 1129//1 1249//1
f 1249//1 1130//1 1250//1
f 1250//1 1131//1 1251//1
f 1251//1 1132//1 1252//1
f 1252//1 1133//1 1253//1
f 1253//1 1134//1 1254//1
f 1254//1 1135//1 1255//1
f 1255//1 1136//1 1256//1
f 1256//1 1137//1 1257//1
f 1257//43 1138//44 1258//45
f 1258//45 1139//46 1259//46
f 1259//1 1140//1 1260//1
f 1260//1 1141//1 1261//1
f 1261//1 1028//1 1142//1
f 1262//1 1142//1 1263//1
f 1263//1 1143//1 1264//1
f 1264//24 1144//24 1265//24
f 1265//1 1145//1 1266//1
f 1266//1 1146//1 1267//1
f 1267//1 1147//1 1268//1
f 1268//1 1148//1 1269//1
f 1269//4 1149//4 1270//4
f 1270//1 1150//1 1271//1
f 1271//1 1151//1 1272//1
f 1272//1 1152//1 1273//1
f 1273//1 1153//1 1274//1
f 1274//1 1154//1 1275//1
f 1275//1 1155//1 1276//1
f 1276//1 1156//1 1277//1
f 1277//1 1157//1 1278//1
f 1278//1 1158//1 1279//1
f 1279//1 1159//1 1280//1
f 1280//1 1160//1 1281//1
f 1281//1 1161//1 1282//1
f 1282//1 1162//1 1283//1
f 1283//1 1162//1 1284//1
f 1284//1 1163//1 1285//1
f 1285//1 1164//1 1286//1
f 1286//1 1165//1 1287//1
f 1287//1 1166//1 1288//1
f 1288//1 1167//1 1289//1
f 1289//1 1168//1 1290//1
f 1290//1 1169//1 1291//1
f 1291//1 1170//1 1292//1
f 1292//1 1171//1 1293//1
f 1293//1 1172//1 1294//1
f 1294//1 1173//1 1295//1
f 1295//1 1174//1 1296//1
f 1296//1 1175//1 1297//1
f 1297//1 1176//1 1298//1
f 1298//1 1177//1 1299//1
f 1299//1 1178//1 1300//1
f 1300//1 1179//1 1301//1
f 1301//1 1180//1 1302//1
f 1302//47 1181//15 1303//48
f 1303//49 1182//43 1304//50
f 1304//50 1182//43 1305//43
f 1305//1 1183//1 1306//1
f 1306//1 1184//1 1307//1
f 1307//1 1185//1 1308//1
f 1308//1 1186//1 1309//1
f 1309//1 1187//1 1310//1
f 1310//1 1188//1 1311//1
f 1311//1 1189//1 1312//1
f 1312//1 1190//1 1313//1
f 1313//1 1191//1 1314//1
f 1314//1 1192//1 1315//1
f 1315//1 1193//1 1316//1
f 1316//1 1194//1 1317//1
f 1317//1 1195//1 1318//1
f 1318//3 1196//3 1319//3
f 1319//1 1197//1 1320//1
f 1320//1 1198//1 1321//1
f 1321//1 1199//1 1322//1
f 1322//1 1200//1 1323//1
f 1323//1 1201//1 1324//1
f 1324//51 1202//52 1325//53
f 1325//19 1202//54 1326//20
f 1326//20 1203//15 1327//15
f 1327//1 1204//1 1328//1
f 1328//1 1205//1 1329//1
f 1329//9 1206//9 1330//55
f 1330//13 1207//12 1331//56
f 1331//56 1208//12 1332//56
f 1332//56 1209//12 1333//56
f 1333//56 1210//12 1334//56
f 1334//56 1211//12 1335//42
f 1335//39 1212//38 1336//40
f 1336//1 1213//1 1337//1
f 1337//1 1214//1 1338//1
f 1338//1 1215//1 1339//1
f 1339//1 1216//1 1340//1
f 1340//18 1217//42 1341//18
f 1341//19 1218//14 1342//41
f 1342//42 1219//12 1343//56
f 1343//56 1220//12 1344//56
f 1344//56 1221//12 1345//56
f 1345//56 1222//12 1346//13
f 1346//13 1222//12 1347//12
f 1347//1 1223//1 1348//1
f 1348//1 1224//1 1349//1
f 1349//1 1225//1 1350//1
f 1350//1 1226//1 1351//1
f 1351//1 1227//1 1352//1
f 1352//1 1228//1 1353//1
f 1353//1 1229//1 1354//1
f 1354//1 1230//1 1355//1
f 1355//1 1231//1 1356//1
f 1356//1 1232//1 1357//1
f 1357//1 1233//1 1358//1
f 1358//1 1234//1 1359//1
f 1359//1 1235//1 1360//1
f 1360//1 1236//1 1361//1
f 1361//1 1237//1 1362//1
f 1362//1 1238//1 1363//1
f 1363//1 1239//1 1364//1
f 1364//1 1240//1 1365//1
f 1365//1 1241//1 1366//1
f 1366//1 1242//1 1367//1
f 1367//1 1242//1 1368//1
f 1368//1 1243//1 1369//1
f 1369//1 1244//1 1370//1
f 1370//1 1245//1 1371//1
f 1371//1 1246//1 1372//1
f 1372//1 1247//1 1373//1
f 1373//1 1248//1 1374//1
f 1374//1 1249//1 1375//1
f 1375//1 1250//1 1376//1
f 1376//1 1251//1 1377//1
f 1377//1 1252//1 1378//1
f 1378//1 1253//1 1379//1
f 1379//1 1254//1 1380//1
f 1380//1 1255//1 1381//1
f 1381//1 1256//1 1382//1
f 1382//29 1257//29 1383//57
f 1383//57 1258//58 1384//59
f 1384//1 1259//1 1385//1
f 1385//1 1260//1 1386//1
f 1386//1 1261//1 1387//1
f 1387//1 1142//1 1262//1
f 1388//1 1262//1 1389//1
f 1389//1 1263//1 1390//1
f 1390//60 1264//60 1391//60
f 1391//1 1265//1 1392//1
f 1392//1 1266//1 1393//1
f 1393//1 1267//1 1394//1
f 1394//1 1268//1 1395//1
f 1395//1 1269//1 1396//1
f 1396//4 1270//4 1397//4
f 1397//1 1271//1 1398//1
f 1398//1 1272//1 1399//1
f 1399//1 1273//1 1400//1
f 1400//1 1274//1 1401//1
f 1401//1 1275//1 1402//1
f 1402//1 1276//1 1403//1
f 1403//1 1277//1 1404//1
f 1404//1 1278//1 1405//1
f 1405//1 1279//1 1406//1
f 1406//1 1280//1 1407//1
f 1407//1 1281//1 1408//1
f 1408//1 1282//1 1409//1
f 1409//1 1283//1 1410//1
f 1410//1 1283//1 1411//1
f 1411//1 1284//1 1412//1
f 1412//1 1285//1 1413//1
f 1413//1 1286//1 1414//1
f 1414//1 1287//1 1415//1
f 1415//1 1288//1 1416//1
f 1416//1 1289//1 1417//1
f 1417//1 1290//1 1418//1
f 1418//1 1291//1 1419//1
f 1419//1 1292//1 1420//1
f 1420//1 1293//1 1421//1
f 1421//1 1294//1 1422//1
f 1422//1 1295//1 1423//1
f 1423//1 1296//1 1424//1
f 1424//1 1297//1 1425//1
f 1425//1 1298//1 1426//1
f 1426//1 1299//1 1427//1
f 1427//1 1300//1 1428//1
f 1428//47 1301//15 1429//48
f 1429//61 1302//47 1430//62
f 1430//46 1303//49 1431//46
f 1431//46 1304//50 1432//46
f 1432//46 1304//50 1433//45
f 1433//41 1305//15 1434//14
f 1434//44 1306//43 1435//43
f 1435//1 1307//1 1436//1
f 1436//1 1308//1 1437//1
f 1437//1 1309//1 1438//1
f 1438//1 1310//1 1439//1
f 1439//1 1311//1 1440//1
f 1440//1 1312//1 1441//1
f 1441//1 1313//1 1442//1
f 1442//1 1314//1 1443//1
f 1443//1 1315//1 1444//1
f 1444//1 1316//1 1445//1
f 1445//1 1317//1 1446//1
f 1446//12 1318//12 1447//63
f 1447//64 1319//65 1448//66
f 1448//1 1320//1 1449//1
f 1449//1 1321//1 1450//1
f 1450//1 1322//1 1451//1
f 1451//1 1323//1 1452//1
f 1452//67 1324//67 1453//67
f 1453//1 1325//1 1454//1
f 1454//1 1325//1 1455//1
f 1455//19 1326//20 1456//41
f 1456//42 1327//12 1457//56
f 1457//56 1328//12 1458//56
f 1458//56 1329//12 1459//42
f 1459//39 1330//55 1460//40
f 1460//18 1331//56 1461//18
f 1461//18 1332//56 1462//18
f 1462//18 1333//56 1463//18
f 1463//18 1334//56 1464//18
f 1464//18 1335//42 1465//18
f 1465//1 1336//1 1466//1
f 1466//1 1337//1 1467//1
f 1467//1 1338//1 1468//1
f 1468//1 1339//1 1469//1
f 1469//1 1340//1 1470//1
f 1470//1 1341//1 1471//1
f 1471//18 1342//42 1472//18
f 1472//18 1343//56 1473//18
f 1473//18 1344//56 1474//18
f 1474//18 1345//56 1475//18
f 1475//19 1346//14 1476//20
f 1476//20 1346//14 1477//15
f 1477//1 1347//1 1478//1
f 1478//1 1348//1 1479//1
f 1479//1 1349//1 1480//1
f 1480//1 1350//1 1481//1
f 1481//1 1351//1 1482//1
f 1482//1 1352//1 1483//1
f 1483//1 1353//1 1484//1
f 1484//1 1354//1 1485//1
f 1485//1 1355//1 1486//1
f 1486//1 1356//1 1487//1
f 1487//1 1357//1 1488//1
f 1488//1 1358//1 1489//1
f 1489//1 1359//1 1490//1
f 1490//1 1360//1 1491//1
f 1491//1 1361//1 1492//1
f 1492//1 1362//1 1493//1
f 1493//1 1363//1 1494//1
f 1494//1 1364//1 1495//1
f 1495//1 1365//1 1496//1
f 1496//1 1366//1 1497//1
f 1497//1 1367//1 1498//1
f 1498//1 1367//1 1499//1
f 1499//1 1368//1 1500//1
f 1500//1 1369//1 1501//1
f 1501//1 1370//1 1502//1
f 1502//1 1371//1 1503//1
f 1503//1 1372//1 1504//1
f 1504//1 1373//1 1505//1
f 1505//1 1374//1 1506//1
f 1506//1 1375//1 1507//1
f 1507//1 1376//1 1508//1
f 1508//1 1377//1 1509//1
f 1509//1 1378//1 1510//1
f 1510//1 1379//1 1511//1
f 1511//1 1380//1 1512//1
f 1512//29 1381//29 1513//68
f 1513//26 1382//25 1514//27
f 1514//58 1383//57 1515//59
f 1515//1 1384//1 1516//1
f 1516//1 1385//1 1517//1
f 1517//1 1386//1 1518//1
f 1518//1 1387//1 1519//1
f 1519//1 1262//1 1388//1
f 1520//1 1388//1 1521//1
f 1521//1 1389//1 1522//1
f 1522//1 1390//1 1523//1
f 1523//24 1391//24 1524//24
f 1524//1 1392//1 1525//1
f 1525//1 1393//1 1526//1
f 1526//1 1394//1 1527//1
f 1527//1 1395//1 1528//1
f 1528//1 1396//1 1529//1
f 1529//4 1397//4 1530//4
f 1530//1 1398//1 1531//1
f 1531//1 1399//1 1532//1
f 1532//1 1400//1 1533//1
f 1533//1 1401//1 1534//1
f 1534//1 1402//1 1535//1
f 1535//1 1403//1 1536//1
f 1536//1 1404//1 1537//1
f 1537//1 1405//1 1538//1
f 1538//1 1406//1 1539//1
f 1539//1 1407//1 1540//1
f 1540//1 1408//1 1541//1
f 1541//1 1409//1 1542//1
f 1542//1 1410//1 1543//1
f 1543//1 1410//1 1544//1
f 1544//1 1411//1 1545//1
f 1545//1 1412//1 1546//1
f 1546//1 1413//1 1547//1
f 1547//1 1414//1 1548//1
f 1548//1 1415//1 1549//1
f 1549//1 1416//1 1550//1
f 1550//1 1417//1 1551//1
f 1551//1 1418//1 1552//1
f 1552//1 1419//1 1553//1
f 1553//1 1420//1 1554//1
f 1554//1 1421//1 1555//1
f 1555//1 1422//1 1556//1
f 1556//1 1423//1 1557//1
f 1557//1 1424//1 1558//1
f 1558//1 1425//1 1559//1
f 1559//15 1426//15 1560//14
f 1560//44 1427//43 1561//69
f 1561//69 1428//47 1562//62
f 1562//46 1429//46 1563//46
f 1563//1 1430//1 1564//1
f 1564//1 1431//1 1565//1
f 1565//1 1432//1 1566//1
f 1566//1 1432//1 1567//1
f 1567//19 1433//41 1568//19
f 1568//46 1434//44 1569//45
f 1569//41 1435//15 1570//20
f 1570//20 1436//15 1571//20
f 1571//20 1437//15 1572//14
f 1572//44 1438//43 1573//43
f 1573//1 1439//1 1574//1
f 1574//1 1440//1 1575//1
f 1575//1 1441//1 1576//1
f 1576//1 1442//1 1577//1
f 1577//1 1443//1 1578//1
f 1578//1 1444//1 1579//1
f 1579//1 1445//1 1580//1
f 1580//12 1446//12 1581//70
f 1581//70 1447//63 1582//71
f 1582//1 1448//1 1583//1
f 1583//1 1449//1 1584//1
f 1584//1 1450//1 1585//1
f 1585//1 1451//1 1586//1
f 1586//1 1452//1 1587//1
f 1587//60 1453//60 1588//60
f 1588//1 1454//1 1589//1
f 1589//1 1454//1 1590//1
f 1590//1 1455//1 1591//1
f 1591//18 1456//42 1592//18
f 1592//18 1457//56 1593//18
f 1593//18 1458//56 1594//18
f 1594//18 1459//42 1595//18
f 1595//1 1460//1 1596//1
f 1596//1 1461//1 1597//1
f 1597//1 1462//1 1598//1
f 1598//1 1463//1 1599//1
f 1599//1 1464//1 1600//1
f 1600//1 1465//1 1601//1
f 1601//1 1466//1 1602//1
f 1602//1 1467//1 1603//1
f 1603//1 1468//1 1604//1
f 1604//1 1469//1 1605//1
f 1605//1 1470//1 1606//1
f 1606//1 1471//1 1607//1
f 1607//1 1472//1 1608//1
f 1608//1 1473//1 1609//1
f 1609//1 1474//1 1610//1
f 1610//1 1475//1 1611//1
f 1611//19 1476//20 1612//20
f 1612//20 1476//20 1613//15
f 1613//1 1477//1 1614//1
f 1614//1 1478//1 1615//1
f 1615//1 1479//1 1616//1
f 1616//1 1480//1 1617//1
f 1617//1 1481//1 1618//1
f 1618//1 1482//1 1619//1
f 1619//1 1483//1 1620//1
f 1620//1 1484//1 1621//1
f 1621//1 1485//1 1622//1
f 1622//1 1486//1 1623//1
f 1623//1 1487//1 1624//1
f 1624//1 1488//1 1625//1
f 1625//1 1489//1 1626//1
f 1626//1 1490//1 1627//1
f 1627//1 1491//1 1628//1
f 1628//1 1492//1 1629//1
f 1629//1 1493//1 1630//1
f 1630//1 1494//1 1631//1
f 1631//1 1495//1 1632//1
f 1632//1 1496//1 1633//1
f 1633//1 1497//1 1634//1
f 1634//1 1498//1 1635//1
f 1635//1 1498//1 1636//1
f 1636//1 1499//1 1637//1
f 1637//1 1500//1 1638//1
f 1638//1 1501//1 1639//1
f 1639//1 1502//1 1640//1
f 1640//1 1503//1 1641//1
f 1641//1 1504//1 1642//1
f 1642//1 1505//1 1643//1
f 1643//1 1506//1 1644//1
f 1644//1 1507//1 1645//1
f 1645//1 1508//1 1646//1
f 1646//1 1509//1 1647//1
f 1647//29 1510//29 1648//68
f 1648//26 1511//25 1649//72
f 1649//72 1512//25 1650//27
f 1650//58 1513//68 1651//59
f 1651//28 1514//27 1652//28
f 1652//1 1515//1 1653//1
f 1653//1 1516//1 1654//1
f 1654//1 1517//1 1655//1
f 1655//1 1518//1 1656//1
f 1656//1 1519//1 1657//1
f 1657//1 1388//1 1520//1
f 1658//1 1520//1 1659//1
f 1659//1 1521//1 1660//1
f 1660//1 1522//1 1661//1
f 1661//60 1523//60 1662//60
f 1662//1 1524//1 1663//1
f 1663//1 1525//1 1664//1
f 1664//1 1526//1 1665//1
f 1665//1 1527//1 1666//1
f 1666//1 1528//1 1667//1
f 1667//66 1529//73 1668//74
f 1668//25 1530//25 1669//25
f 1669//1 1531//1 1670//1
f 1670//1 1532//1 1671//1
f 1671//1 1533//1 1672//1
f 1672//1 1534//1 1673//1
f 1673//1 1535//1 1674//1
f 1674//1 1536//1 1675//1
f 1675//1 1537//1 1676//1
f 1676//1 1538//1 1677//1
f 1677//1 1539//1 1678//1
f 1678//1 1540//1 1679//1
f 1679//1 1541//1 1680//1
f 1680//1 1542//1 1681//1
f 1681//43 1543//43 1682//44
f 1682//68 1543//29 1683//29
f 1683//1 1544//1 1684//1
f 1684//1 1545//1 1685//1
f 1685//1 1546//1 1686//1
f 1686//1 1547//1 1687//1
f 1687//1 1548//1 1688//1
f 1688//1 1549//1 1689//1
f 1689//1 1550//1 1690//1
f 1690//1 1551//1 1691//1
f 1691//1 1552//1 1692//1
f 1692//1 1553//1 1693//1
f 1693//1 1554//1 1694//1
f 1694//1 1555//1 1695//1
f 1695//15 1556//15 1696//14
f 1696//44 1557//43 1697//50
f 1697//50 1558//43 1698//50
f 1698//50 1559//43 1699//45
f 1699//41 1560//14 1700//19
f 1700//46 1561//69 1701//46
f 1701//1 1562//1 1702//1
f 1702//1 1563//1 1703//1
f 1703//1 1564//1 1704//1
f 1704//1 1565//1 1705//1
f 1705//1 1566//1 1706//1
f 1706//1 1566//1 1707//1
f 1707//1 1567//1 1708//1
f 1708//1 1568//1 1709//1
f 1709//19 1569//41 1710//19
f 1710//19 1570//20 1711//19
f 1711//19 1571//20 1712//19
f 1712//46 1572//44 1713//50
f 1713//50 1573//43 1714//43
f 1714//1 1574//1 1715//1
f 1715//1 1575//1 1716//1
f 1716//12 1576//12 1717//13
f 1717//14 1577//15 1718//14
f 1718//44 1578//43 1719//43
f 1719//1 1579//1 1720//1
f 1720//12 1580//12 1721//75
f 1721//75 1581//70 1722//71
f 1722//1 1582//1 1723//1
f 1723//1 1583//1 1724//1
f 1724//1 1584//1 1725//1
f 1725//1 1585//1 1726//1
f 1726//1 1586//1 1727//1
f 1727//67 1587//67 1728//67
f 1728//1 1588//1 1729//1
f 1729//1 1589//1 1730//1
f 1730//1 1589//1 1731//1
f 1731//1 1590//1 1732//1
f 1732//1 1591//1 1733//1
f 1733//1 1592//1 1734//1
f 1734//1 1593//1 1735//1
f 1735//1 1594//1 1736//1
f 1736//1 1595//1 1737//1
f 1737//1 1596//1 1738//1
f 1738//1 1597//1 1739//1
f 1739//1 1598//1 1740//1
f 1740//1 1599//1 1741//1
f 1741//1 1600//1 1742//1
f 1742//1 1601//1 1743//1
f 1743//1 1602//1 1744//1
f 1744//1 1603//1 1745//1
f 1745//1 1604//1 1746//1
f 1746//1 1605//1 1747//1
f 1747//1 1606//1 1748//1
f 1748//1 1607//1 1749//1
f 1749//1 1608//1 1750//1
f 1750//1 1609//1 1751//1
f 1751//1 1610//1 1752//1
f 1752//1 1611//1 1753//1
f 1753//19 1612//20 1754//41
f 1754//41 1612//20 1755//15
f 1755//1 1613//1 1756//1
f 1756//1 1614//1 1757//1
f 1757//1 1615//1 1758//1
f 1758//1 1616//1 1759//1
f 1759//1 1617//1 1760//1
f 1760//1 1618//1 1761//1
f 1761//1 1619//1 1762//1
f 1762//1 1620//1 1763//1
f 1763//1 1621//1 1764//1
f 1764//1 1622//1 1765//1
f 1765//1 1623//1 1766//1
f 1766//1 1624//1 1767//1
f 1767//1 1625//1 1768//1
f 1768//1 1626//1 1769//1
f 1769//1 1627//1 1770//1
f 1770//1 1628//1 1771//1
f 1771//1 1629//1 1772//1
f 1772//1 1630//1 1773//1
f 1773//1 1631//1 1774//1
f 1774//1 1632//1 1775//1
f 1775//1 1633//1 1776//1
f 1776//1 1634//1 1777//1
f 1777//1 1635//1 1778//1
f 1778//1 1635//1 1779//1
f 1779//1 1636//1 1780//1
f 1780//1 1637//1 1781//1
f 1781//1 1638//1 1782//1
f 1782//1 1639//1 1783//1
f 1783//1 1640//1 1784//1
f 1784//1 1641//1 1785//1
f 1785//1 1642//1 1786//1
f 1786//1 1643//1 1787//1
f 1787//1 1644//1 1788//1
f 1788//29 1645//29 1789//68
f 1789//26 1646//25 1790//72
f 1790//72 1647//25 1791//27
f 1791//58 1648//68 1792//59
f 1792//28 1649//72 1793//28
f 1793//28 1650//27 1794//28
f 1794//1 1651//1 1795//1
f 1795//1 1652//1 1796//1
f 1796//1 1653//1 1797//1
f 1797//1 1654//1 1798//1
f 1798//1 1655//1 1799//1
f 1799//1 1656//1 1800//1
f 1800//1 1657//1 1801//1
f 1801//1 1520//1 1658//1
f 1802//1 1658//1 1803//1
f 1803//1 1659//1 1804//1
f 1804//1 1660//1 1805//1
f 1805//1 1661//1 1806//1
f 1806//24 1662//24 1807//24
f 1807//1 1663//1 1808//1
f 1808//1 1664//1 1809//1
f 1809//1 1665//1 1810//1
f 1810//1 1666//1 1811//1
f 1811//1 1667//1 1812//1
f 1812//76 1668//77 1813//78
f 1813//1 1669//1 1814//1
f 1814//1 1670//1 1815//1
f 1815//1 1671//1 1816//1
f 1816//1 1672//1 1817//1
f 1817//1 1673//1 1818//1
f 1818//1 1674//1 1819//1
f 1819//1 1675//1 1820//1
f 1820//1 1676//1 1821//1
f 1821//1 1677//1 1822//1
f 1822//1 1678//1 1823//1
f 1823//1 1679//1 1824//1
f 1824//1 1680//1 1825//1
f 1825//43 1681//43 1826//50
f 1826//50 1682//44 1827//46
f 1827//59 1682//68 1828//57
f 1828//57 1683//29 1829//29
f 1829//1 1684//1 1830//1
f 1830//1 1685//1 1831//1
f 1831//1 1686//1 1832//1
f 1832//1 1687//1 1833//1
f 1833//1 1688//1 1834//1
f 1834//1 1689//1 1835//1
f 1835//1 1690//1 1836//1
f 1836//1 1691//1 1837//1
f 1837//1 1692//1 1838//1
f 1838//1 1693//1 1839//1
f 1839//1 1694//1 1840//1
f 1840//15 1695//15 1841//20
f 1841//20 1696//14 1842//19
f 1842//46 1697//50 1843//46
f 1843//46 1698//50 1844//46
f 1844//46 1699//45 1845//46
f 1845//1 1700//1 1846//1
f 1846//1 1701//1 1847//1
f 1847//1 1702//1 1848//1
f 1848//1 1703//1 1849//1
f 1849//1 1704//1 1850//1
f 1850//1 1705//1 1851//1
f 1851//1 1706//1 1852//1
f 1852//1 1706//1 1853//1
f 1853//1 1707//1 1854//1
f 1854//1 1708//1 1855//1
f 1855//1 1709//1 1856//1
f 1856//1 1710//1 1857//1
f 1857//1 1711//1 1858//1
f 1858//1 1712//1 1859//1
f 1859//46 1713//50 1860//50
f 1860//50 1714//43 1861//43
f 1861//12 1715//12 1862//13
f 1862//14 1716//15 1863//41
f 1863//42 1717//13 1864//18
f 1864//46 1718//44 1865//45
f 1865//41 1719//15 1866//79
f 1866//79 1720//15 1867//15
f 1867//80 1721//75 1868//81
f 1868//82 1722//83 1869//84
f 1869//1 1723//1 1870//1
f 1870//1 1724//1 1871//1
f 1871//1 1725//1 1872//1
f 1872//1 1726//1 1873//1
f 1873//67 1727//67 1874//67
f 1874//1 1728//1 1875//1
f 1875//1 1729//1 1876//1
f 1876//1 1730//1 1877//1
f 1877//1 1730//1 1878//1
f 1878//1 1731//1 1879//1
f 1879//1 1732//1 1880//1
f 1880//1 1733//1 1881//1
f 1881//1 1734//1 1882//1
f 1882//1 1735//1 1883//1
f 1883//1 1736//1 1884//1
f 1884//1 1737//1 1885//1
f 1885//1 1738//1 1886//1
f 1886//1 1739//1 1887//1
f 1887//1 1740//1 1888//1
f 1888//1 1741//1 1889//1
f 1889//1 1742//1 1890//1
f 1890//1 1743//1 1891//1
f 1891//1 1744//1 1892//1
f 1892//1 1745//1 1893//1
f 1893//1 1746//1 1894//1
f 1894//1 1747//1 1895//1
f 1895//1 1748//1 1896//1
f 1896//1 1749//1 1897//1
f 1897//1 1750//1 1898//1
f 1898//1 1751//1 1899//1
f 1899//1 1752//1 1900//1
f 1900//1 1753//1 1901//1
f 1901//18 1754//42 1902//18
f 1902//18 1754//42 1903//85
f 1903//9 1755//9 1904//86
f 1904//86 1756//9 1905//38
f 1905//38 1757//9 1906//38
f 1906//38 1758//9 1907//55
f 1907//13 1759//12 1908//12
f 1908//1 1760//1 1909//1
f 1909//1 1761//1 1910//1
f 1910//1 1762//1 1911//1
f 1911//1 1763//1 1912//1
f 1912//1 1764//1 1913//1
f 1913//1 1765//1 1914//1
f 1914//1 1766//1 1915//1
f 1915//1 1767//1 1916//1
f 1916//1 1768//1 1917//1
f 1917//1 1769//1 1918//1
f 1918//1 1770//1 1919//1
f 1919//1 1771//1 1920//1
f 1920//1 1772//1 1921//1
f 1921//1 1773//1 1922//1
f 1922//1 1774//1 1923//1
f 1923//1 1775//1 1924//1
f 1924//1 1776//1 1925//1
f 1925//1 1777//1 1926//1
f 1926//1 1778//1 1927//1
f 1927//1 1778//1 1928//1
f 1928//1 1779//1 1929//1
f 1929//1 1780//1 1930//1
f 1930//1 1781//1 1931//1
f 1931//1 1782//1 1932//1
f 1932//1 1783//1 1933//1
f 1933//1 1784//1 1934//1
f 1934//1 1785//1 1935//1
f 1935//1 1786//1 1936//1
f 1936//1 1787//1 1937//1
f 1937//29 1788//29 1938//57
f 1938//57 1789//68 1939//59
f 1939//28 1790//72 1940//28
f 1940//28 1791//27 1941//28
f 1941//1 1792//1 1942//1
f 1942//1 1793//1 1943//1
f 1943//1 1794//1 1944//1
f 1944//1 1795//1 1945//1
f 1945//1 1796//1 1946//1
f 1946//1 1797//1 1947//1
f 1947//1 1798//1 1948//1
f 1948//1 1799//1 1949//1
f 1949//1 1800//1 1950//1
f 1950//1 1801//1 1951//1
f 1951//1 1658//1 1802//1
f 1952//1 1802//1 1953//1
f 1953//1 1803//1 1954//1
f 1954//1 1804//1 1955//1
f 1955//1 1805//1 1956//1
f 1956//1 1806//1 1957//1
f 1957//24 1807//24 1958//24
f 1958//1 1808//1 1959//1
f 1959//1 1809//1 1960//1
f 1960//1 1810//1 1961//1
f 1961//1 1811//1 1962//1
f 1962//1 1812//1 1963//1
f 1963//4 1813//78 1964//4
f 1964//1 1814//1 1965//1
f 1965//1 1815//1 1966//1
f 1966//1 1816//1 1967//1
f 1967//1 1817//1 1968//1
f 1968//43 1818//43 1969//44
f 1969//68 1819//29 1970//68
f 1970//26 1820//25 1971//25
f 1971//1 1821//1 1972//1
f 1972//1 1822//1 1973//1
f 1973//1 1823//1 1974//1
f 1974//1 1824//1 1975//1
f 1975//43 1825//43 1976//50
f 1976//50 1826//50 1977//46
f 1977//1 1827//1 1978//1
f 1978//1 1827//1 1979//1
f 1979//59 1828//57 1980//68
f 1980//68 1829//29 1981//29
f 1981//1 1830//1 1982//1
f 1982//1 1831//1 1983//1
f 1983//1 1832//1 1984//1
f 1984//1 1833//1 1985//1
f 1985//1 1834//1 1986//1
f 1986//1 1835//1 1987//1
f 1987//1 1836//1 1988//1
f 1988//1 1837//1 1989//1
f 1989//1 1838//1 1990//1
f 1990//1 1839//1 1991//1
f 1991//15 1840//15 1992//20
f 1992//20 1841//20 1993//19
f 1993//1 1842//1 1994//1
f 1994//1 1843//1 1995//1
f 1995//1 1844//1 1996//1
f 1996//1 1845//1 1997//1
f 1997//1 1846//1 1998//1
f 1998//1 1847//1 1999//1
f 1999//1 1848//1 2000//1
f 2000//1 1849//1 2001//1
f 2001//1 1850//1 2002//1
f 2002//1 1851//1 2003//1
f 2003//1 1852//1 2004//1
f 2004//1 1852//1 2005//1
f 2005//1 1853//1 2006//1
f 2006//1 1854//1 2007//1
f 2007//1 1855//1 2008//1
f 2008//1 1856//1 2009//1
f 2009//1 1857//1 2010//1
f 2010//1 1858//1 2011//1
f 2011//1 1859//1 2012//1
f 2012//46 1860//50 2013//87
f 2013//15 1861//15 2014//15
f 2014//80 1862//13 2015//18
f 2015//19 1863//41 2016//19
f 2016//1 1864//1 2017//1
f 2017//19 1865//41 2018//19
f 2018//46 1866//46 2019//46
f 2019//18 1867//80 2020//88
f 2020//88 1868//81 2021//89
f 2021//1 1869//1 2022//1
f 2022//1 1870//1 2023//1
f 2023//1 1871//1 2024//1
f 2024//1 1872//1 2025//1
f 2025//67 1873//67 2026//67
f 2026//1 1874//1 2027//1
f 2027//1 1875//1 2028//1
f 2028//1 1876//1 2029//1
f 2029//1 1877//1 2030//1
f 2030//1 1877//1 2031//1
f 2031//1 1878//1 2032//1
f 2032//1 1879//1 2033//1
f 2033//1 1880//1 2034//1
f 2034//1 1881//1 2035//1
f 2035//1 1882//1 2036//1
f 2036//1 1883//1 2037//1
f 2037//1 1884//1 2038//1
f 2038//1 1885//1 2039//1
f 2039//1 1886//1 2040//1
f 2040//1 1887//1 2041//1
f 2041//1 1888//1 2042//1
f 2042//1 1889//1 2043//1
f 2043//1 1890//1 2044//1
f 2044//1 1891//1 2045//1
f 2045//1 1892//1 2046//1
f 2046//1 1893//1 2047//1
f 2047//1 1894//1 2048//1
f 2048//1 1895//1 2049//1
f 2049//1 1896//1 2050//1
f 2050//1 1897//1 2051//1
f 2051//1 1898//1 2052//1
f 2052//1 1899//1 2053//1
f 2053//1 1900//1 2054//1
f 2054//1 1901//1 2055//1
f 2055//1 1902//1 2056//1
f 2056//19 1902//19 2057//19
f 2057//1 1903//1 2058//1
f 2058//28 1904//28 2059//28
f 2059//40 1905//38 2060//40
f 2060//40 1906//38 2061//40
f 2061//18 1907//13 2062//56
f 2062//56 1908//12 2063//12
f 2063//1 1909//1 2064//1
f 2064//1 1910//1 2065//1
f 2065//1 1911//1 2066//1
f 2066//1 1912//1 2067//1
f 2067//1 1913//1 2068//1
f 2068//1 1914//1 2069//1
f 2069//1 1915//1 2070//1
f 2070//1 1916//1 2071//1
f 2071//1 1917//1 2072//1
f 2072//1 1918//1 2073//1
f 2073//1 1919//1 2074//1
f 2074//1 1920//1 2075//1
f 2075//1 1921//1 2076//1
f 2076//1 1922//1 2077//1
f 2077//1 1923//1 2078//1
f 2078//1 1924//1 2079//1
f 2079//1 1925//1 2080//1
f 2080//1 1926//1 2081//1
f 2081//1 1927//1 2082//1
f 2082//1 1927//1 2083//1
f 2083//1 1928//1 2084//1
f 2084//1 1929//1 2085//1
f 2085//1 1930//1 2086//1
f 2086//1 1931//1 2087//1
f 2087//1 1932//1 2088//1
f 2088//1 1933//1 2089//1
f 2089//1 1934//1 2090//1
f 2090//1 1935//1 2091//1
f 2091//1 1936//1 2092//1
f 2092//29 1937//29 2093//57
f 2093//57 1938//57 2094//59
f 2094//1 1939//1 2095//1
f 2095//1 1940//1 2096//1
f 2096//1 1941//1 2097//1
f 2097//1 1942//1 2098//1
f 2098//1 1943//1 2099//1
f 2099//1 1944//1 2100//1
f 2100//1 1945//1 2101//1
f 2101//1 1946//1 2102//1
f 2102//1 1947//1 2103//1
f 2103//1 1948//1 2104//1
f 2104//1 1949//1 2105//1
f 2105//1 1950//1 2106//1
f 2106//1 1951//1 2107//1
f 2107//1 1802//1 1952//1
f 2108//1 1952//1 2109//1
f 2109//1 1953//1 2110//1
f 2110//1 1954//1 2111//1
f 2111//1 1955//1 2112//1
f 2112//1 1956//1 2113//1
f 2113//1 1957//1 2114//1
f 2114//24 1958//24 2115//24
f 2115//1 1959//1 2116//1
f 2116//1 1960//1 2117//1
f 2117//1 1961//1 2118//1
f 2118//1 1962//1 2119//1
f 2119//66 1963//73 2120//74
f 2120//90 1964//25 2121//25
f 2121//1 1965//1 2122//1
f 2122//1 1966//1 2123//1
f 2123//43 1967//43 2124//44
f 2124//68 1968//29 2125//58
f 2125//45 1969//44 2126//46
f 2126//28 1970//26 2127//27
f 2127//58 1971//29 2128//68
f 2128//26 1972//25 2129//25
f 2129//1 1973//1 2130//1
f 2130//1 1974//1 2131//1
f 2131//43 1975//43 2132//50
f 2132//50 1976//50 2133//46
f 2133//1 1977//1 2134//1
f 2134//1 1978//1 2135//1
f 2135//1 1978//1 2136//1
f 2136//28 1979//28 2137//27
f 2137//27 1980//26 2138//25
f 2138//1 1981//1 2139//1
f 2139//15 1982//15 2140//14
f 2140//44 1983//43 2141//50
f 2141//50 1984//43 2142//44
f 2142//68 1985//29 2143//29
f 2143//1 1986//1 2144//1
f 2144//1 1987//1 2145//1
f 2145//1 1988//1 2146//1
f 2146//1 1989//1 2147//1
f 2147//1 1990//1 2148//1
f 2148//15 1991//15 2149//20
f 2149//20 1992//20 2150//19
f 2150//1 1993//1 2151//1
f 2151//1 1994//1 2152//1
f 2152//1 1995//1 2153//1
f 2153//1 1996//1 2154//1
f 2154//1 1997//1 2155//1
f 2155//1 1998//1 2156//1
f 2156//1 1999//1 2157//1
f 2157//1 2000//1 2158//1
f 2158//1 2001//1 2159//1
f 2159//1 2002//1 2160//1
f 2160//1 2003//1 2161//1
f 2161//1 2004//1 2162//1
f 2162//1 2004//1 2163//1
f 2163//1 2005//1 2164//1
f 2164//1 2006//1 2165//1
f 2165//1 2007//1 2166//1
f 2166//1 2008//1 2167//1
f 2167//1 2009//1 2168//1
f 2168//1 2010//1 2169//1
f 2169//1 2011//1 2170//1
f 2170//1 2012//1 2171//1
f 2171//46 2013//87 2172//46
f 2172//18 2014//80 2173//18
f 2173//1 2015//1 2174//1
f 2174//1 2016//1 2175//1
f 2175//1 2017//1 2176//1
f 2176//1 2018//1 2177//1
f 2177//19 2019//19 2178//19
f 2178//91 2020//88 2179//89
f 2179//1 2021//1 2180//1
f 2180//1 2022//1 2181//1
f 2181//1 2023//1 2182//1
f 2182//1 2024//1 2183//1
f 2183//67 2025//67 2184//67
f 2184//1 2026//1 2185//1
f 2185//1 2027//1 2186//1
f 2186//1 2028//1 2187//1
f 2187//1 2029//1 2188//1
f 2188//1 2030//1 2189//1
f 2189//1 2030//1 2190//1
f 2190//1 2031//1 2191//1
f 2191//1 2032//1 2192//1
f 2192//1 2033//1 2193//1
f 2193//1 2034//1 2194//1
f 2194//1 2035//1 2195//1
f 2195//1 2036//1 2196//1
f 2196//1 2037//1 2197//1
f 2197//1 2038//1 2198//1
f 2198//1 2039//1 2199//1
f 2199//1 2040//1 2200//1
f 2200//1 2041//1 2201//1
f 2201//1 2042//1 2202//1
f 2202//1 2043//1 2203//1
f 2203//1 2044//1 2204//1
f 2204//1 2045//1 2205//1
f 2205//1 2046//1 2206//1
f 2206//1 2047//1 2207//1
f 2207//1 2048//1 2208//1
f 2208//1 2049//1 2209//1
f 2209//1 2050//1 2210//1
f 2210//1 2051//1 2211//1
f 2211//1 2052//1 2212//1
f 2212//1 2053//1 2213//1
f 2213//1 2054//1 2214//1
f 2214//1 2055//1 2215//1
f 2215//1 2056//1 2216//1
f 2216//1 2056//1 2217//1
f 2217//40 2057//40 2218//40
f 2218//40 2058//40 2219//40
f 2219//1 2059//1 2220//1
f 2220//1 2060//1 2221//1
f 2221//1 2061//1 2222//1
f 2222//18 2062//56 2223//13
f 2223//13 2063//12 2224//12
f 2224//1 2064//1 2225//1
f 2225//1 2065//1 2226//1
f 2226//1 2066//1 2227//1
f 2227//1 2067//1 2228//1
f 2228//1 2068//1 2229//1
f 2229//1 2069//1 2230//1
f 2230//1 2070//1 2231//1
f 2231//1 2071//1 2232//1
f 2232//1 2072//1 2233//1
f 2233//1 2073//1 2234//1
f 2234//1 2074//1 2235//1
f 2235//1 2075//1 2236//1
f 2236//1 2076//1 2237//1
f 2237//1 2077//1 2238//1
f 2238//1 2078//1 2239//1
f 2239//1 2079//1 2240//1
f 2240//1 2080//1 2241//1
f 2241//1 2081//1 2242//1
f 2242//1 2082//1 2243//1
f 2243//1 2082//1 2244//1
f 2244//1 2083//1 2245//1
f 2245//1 2084//1 2246//1
f 2246//1 2085//1 2247//1
f 2247//1 2086//1 2248//1
f 2248//1 2087//1 2249//1
f 2249//1 2088//1 2250//1
f 2250//1 2089//1 2251//1
f 2251//1 2090//1 2252//1
f 2252//1 2091//1 2253//1
f 2253//29 2092//29 2254//68
f 2254//68 2093//57 2255//59
f 2255//1 2094//1 2256//1
f 2256//1 2095//1 2257//1
f 2257//1 2096//1 2258//1
f 2258//1 2097//1 2259//1
f 2259//1 2098//1 2260//1
f 2260//1 2099//1 2261//1
f 2261//1 2100//1 2262//1
f 2262//1 2101//1 2263//1
f 2263//1 2102//1 2264//1
f 2264//1 2103//1 2265//1
f 2265//1 2104//1 2266//1
f 2266//1 2105//1 2267//1
f 2267//1 2106//1 2268//1
f 2268//1 2107//1 2269//1
f 2269//1 1952//1 2108//1
f 2270//1 2108//1 2271//1
f 2271//1 2109//1 2272//1
f 2272//1 2110//1 2273//1
f 2273//1 2111//1 2274//1
f 2274//1 2112//1 2275//1
f 2275//1 2113//1 2276//1
f 2276//1 2114//1 2277//1
f 2277//24 2115//24 2278//24
f 2278//1 2116//1 2279//1
f 2279//1 2117//1 2280//1
f 2280//1 2118//1 2281//1
f 2281//1 2119//1 2282//1
f 2282//92 2120//90 2283//93
f 2283//94 2121//29 2284//95
f 2284//95 2122//29 2285//95
f 2285//95 2123//29 2286//58
f 2286//45 2124//44 2287//46
f 2287//59 2125//58 2288//59
f 2288//1 2126//1 2289//1
f 2289//59 2127//58 2290//59
f 2290//28 2128//26 2291//27
f 2291//58 2129//29 2292//57
f 2292//57 2130//29 2293//57
f 2293//57 2131//29 2294//58
f 2294//45 2132//50 2295//46
f 2295//1 2133//1 2296//1
f 2296//1 2134//1 2297//1
f 2297//1 2135//1 2298//1
f 2298//1 2135//1 2299//1
f 2299//1 2136//1 2300//1
f 2300//59 2137//58 2301//96
f 2301//43 2138//43 2302//97
f 2302//97 2139//43 2303//45
f 2303//41 2140//14 2304//19
f 2304//46 2141//50 2305//46
f 2305//59 2142//68 2306//58
f 2306//45 2143//43 2307//44
f 2307//68 2144//29 2308//29
f 2308//1 2145//1 2309//1
f 2309//1 2146//1 2310//1
f 2310//15 2147//15 2311//14
f 2311//44 2148//43 2312//45
f 2312//41 2149//20 2313//19
f 2313//1 2150//1 2314//1
f 2314//1 2151//1 2315//1
f 2315//1 2152//1 2316//1
f 2316//1 2153//1 2317//1
f 2317//1 2154//1 2318//1
f 2318//1 2155//1 2319//1
f 2319//1 2156//1 2320//1
f 2320//1 2157//1 2321//1
f 2321//1 2158//1 2322//1
f 2322//1 2159//1 2323//1
f 2323//1 2160//1 2324//1
f 2324//1 2161//1 2325//1
f 2325//1 2162//1 2326//1
f 2326//1 2162//1 2327//1
f 2327//1 2163//1 2328//1
f 2328//1 2164//1 2329//1
f 2329//1 2165//1 2330//1
f 2330//1 2166//1 2331//1
f 2331//1 2167//1 2332//1
f 2332//1 2168//1 2333//1
f 2333//1 2169//1 2334//1
f 2334//1 2170//1 2335//1
f 2335//1 2171//1 2336//1
f 2336//19 2172//19 2337//19
f 2337//1 2173//1 2338//1
f 2338//1 2174//1 2339//1
f 2339//1 2175//1 2340//1
f 2340//1 2176//1 2341//1
f 2341//1 2177//1 2342//1
f 2342//1 2178//1 2343//1
f 2343//84 2179//84 2344//84
f 2344//1 2180//1 2345//1
f 2345//1 2181//1 2346//1
f 2346//1 2182//1 2347//1
f 2347//1 2183//1 2348//1
f 2348//60 2184//60 2349//60
f 2349//1 2185//1 2350//1
f 2350//1 2186//1 2351//1
f 2351//1 2187//1 2352//1
f 2352//1 2188//1 2353//1
f 2353//1 2189//1 2354//1
f 2354//1 2189//1 2355//1
f 2355//1 2190//1 2356//1
f 2356//1 2191//1 2357//1
f 2357//1 2192//1 2358//1
f 2358//1 2193//1 2359//1
f 2359//1 2194//1 2360//1
f 2360//1 2195//1 2361//1
f 2361//1 2196//1 2362//1
f 2362//1 2197//1 2363//1
f 2363//1 2198//1 2364//1
f 2364//1 2199//1 2365//1
f 2365//1 2200//1 2366//1
f 2366//1 2201//1 2367//1
f 2367//1 2202//1 2368//1
f 2368//1 2203//1 2369//1
f 2369//1 2204//1 2370//1
f 2370//1 2205//1 2371//1
f 2371//1 2206//1 2372//1
f 2372//1 2207//1 2373//1
f 2373//1 2208//1 2374//1
f 2374//1 2209//1 2375//1
f 2375//1 2210//1 2376//1
f 2376//1 2211//1 2377//1
f 2377//1 2212//1 2378//1
f 2378//1 2213//1 2379//1
f 2379//1 2214//1 2380//1
f 2380//1 2215//1 2381//1
f 2381//1 2216//1 2382//1
f 2382//1 2216//1 2383//1
f 2383//1 2217//1 2384//1
f 2384//1 2218//1 2385//1
f 2385//1 2219//1 2386//1
f 2386//1 2220//1 2387//1
f 2387//1 2221//1 2388//1
f 2388//19 2222//19 2389//41
f 2389//41 2223//14 2390//15
f 2390//1 2224//1 2391//1
f 2391//1 2225//1 2392//1
f 2392//1 2226//1 2393//1
f 2393//1 2227//1 2394//1
f 2394//1 2228//1 2395//1
f 2395//1 2229//1 2396//1
f 2396//1 2230//1 2397//1
f 2397//1 2231//1 2398//1
f 2398//1 2232//1 2399//1
f 2399//1 2233//1 2400//1
f 2400//1 2234//1 2401//1
f 2401//1 2235//1 2402//1
f 2402//1 2236//1 2403//1
f 2403//1 2237//1 2404//1
f 2404//1 2238//1 2405//1
f 2405//1 2239//1 2406//1
f 2406//1 2240//1 2407//1
f 2407//1 2241//1 2408//1
f 2408//1 2242//1 2409//1
f 2409//25 2243//25 2410//72
f 2410//72 2243//25 2411//72
f 2411//72 2244//25 2412//26
f 2412//55 2245//9 2413//9
f 2413//1 2246//1 2414//1
f 2414//1 2247//1 2415//1
f 2415//1 2248//1 2416//1
f 2416//1 2249//1 2417//1
f 2417//1 2250//1 2418//1
f 2418//1 2251//1 2419//1
f 2419//1 2252//1 2420//1
f 2420//1 2253//1 2421//1
f 2421//43 2254//44 2422//45
f 2422//45 2255//46 2423//46
f 2423//1 2256//1 2424//1
f 2424//1 2257//1 2425//1
f 2425//1 2258//1 2426//1
f 2426//1 2259//1 2427//1
f 2427//1 2260//1 2428//1
f 2428//1 2261//1 2429//1
f 2429//1 2262//1 2430//1
f 2430//1 2263//1 2431//1
f 2431//1 2264//1 2432//1
f 2432//1 2265//1 2433//1
f 2433//1 2266//1 2434//1
f 2434//1 2267//1 2435//1
f 2435//1 2268//1 2436//1
f 2436//1 2269//1 2437//1
f 2437//1 2108//1 2270//1
f 2438//1 2270//1 2439//1
f 2439//1 2271//1 2440//1
f 2440//1 2272//1 2441//1
f 2441//1 2273//1 2442//1
f 2442//1 2274//1 2443//1
f 2443//1 2275//1 2444//1
f 2444//1 2276//1 2445//1
f 2445//1 2277//1 2446//1
f 2446//24 2278//24 2447//24
f 2447//1 2279//1 2448//1
f 2448//1 2280//1 2449//1
f 2449//1 2281//1 2450//1
f 2450//1 2282//1 2451//1
f 2451//98 2283//93 2452//99
f 2452//99 2284//28 2453//28
f 2453//46 2285//46 2454//46
f 2454//59 2286//58 2455//59
f 2455//1 2287//1 2456//1
f 2456//1 2288//1 2457//1
f 2457//1 2289//1 2458//1
f 2458//1 2290//1 2459//1
f 2459//59 2291//58 2460//59
f 2460//59 2292//57 2461//59
f 2461//59 2293//57 2462//59
f 2462//59 2294//58 2463//59
f 2463//1 2295//1 2464//1
f 2464//1 2296//1 2465//1
f 2465//1 2297//1 2466//1
f 2466//1 2298//1 2467//1
f 2467//1 2298//1 2468//1
f 2468//1 2299//1 2469//1
f 2469//1 2300//1 2470//1
f 2470//59 2301//96 2471//59
f 2471//19 2302//19 2472//19
f 2472//46 2303//45 2473//46
f 2473//1 2304//1 2474//1
f 2474//1 2305//1 2475//1
f 2475//46 2306//45 2476//46
f 2476//59 2307//68 2477//58
f 2477//45 2308//43 2478//50
f 2478//50 2309//43 2479//50
f 2479//50 2310//43 2480//45
f 2480//41 2311//14 2481//19
f 2481//46 2312//45 2482//46
f 2482//1 2313//1 2483//1
f 2483//1 2314//1 2484//1
f 2484//1 2315//1 2485//1
f 2485//1 2316//1 2486//1
f 2486//1 2317//1 2487//1
f 2487//1 2318//1 2488//1
f 2488//1 2319//1 2489//1
f 2489//1 2320//1 2490//1
f 2490//1 2321//1 2491//1
f 2491//1 2322//1 2492//1
f 2492//1 2323//1 2493//1
f 2493//1 2324//1 2494//1
f 2494//1 2325//1 2495//1
f 2495//1 2326//1 2496//1
f 2496//1 2326//1 2497//1
f 2497//1 2327//1 2498//1
f 2498//1 2328//1 2499//1
f 2499//1 2329//1 2500//1
f 2500//1 2330//1 2501//1
f 2501//1 2331//1 2502//1
f 2502//1 2332//1 2503//1
f 2503//1 2333//1 2504//1
f 2504//1 2334//1 2505//1
f 2505//1 2335//1 2506//1
f 2506//1 2336//1 2507//1
f 2507//1 2337//1 2508//1
f 2508//1 2338//1 2509//1
f 2509//1 2339//1 2510//1
f 2510//1 2340//1 2511//1
f 2511//1 2341//1 2512//1
f 2512//1 2342//1 2513//1
f 2513//89 2343//89 2514//89
f 2514//1 2344//1 2515//1
f 2515//1 2345//1 2516//1
f 2516//1 2346//1 2517//1
f 2517//1 2347//1 2518//1
f 2518//67 2348//67 2519//67
f 2519//1 2349//1 2520//1
f 2520//1 2350//1 2521//1
f 2521//1 2351//1 2522//1
f 2522//1 2352//1 2523//1
f 2523//1 2353//1 2524//1
f 2524//1 2354//1 2525//1
f 2525//1 2354//1 2526//1
f 2526//1 2355//1 2527//1
f 2527//1 2356//1 2528//1
f 2528//1 2357//1 2529//1
f 2529//1 2358//1 2530//1
f 2530//1 2359//1 2531//1
f 2531//1 2360//1 2532//1
f 2532//1 2361//1 2533//1
f 2533//1 2362//1 2534//1
f 2534//1 2363//1 2535//1
f 2535//1 2364//1 2536//1
f 2536//1 2365//1 2537//1
f 2537//1 2366//1 2538//1
f 2538//1 2367//1 2539//1
f 2539//1 2368//1 2540//1
f 2540//1 2369//1 2541//1
f 2541//1 2370//1 2542//1
f 2542//1 2371//1 2543//1
f 2543//1 2372//1 2544//1
f 2544//1 2373//1 2545//1
f 2545//1 2374//1 2546//1
f 2546//1 2375//1 2547//1
f 2547//1 2376//1 2548//1
f 2548//1 2377//1 2549//1
f 2549//1 2378//1 2550//1
f 2550//1 2379//1 2551//1
f 2551//1 2380//1 2552//1
f 2552//1 2381//1 2553//1
f 2553//1 2382//1 2554//1
f 2554//1 2382//1 2555//1
f 2555//1 2383//1 2556//1
f 2556//1 2384//1 2557//1
f 2557//1 2385//1 2558//1
f 2558//1 2386//1 2559//1
f 2559//1 2387//1 2560//1
f 2560//1 2388//1 2561//1
f 2561//18 2389//42 2562//56
f 2562//56 2390//12 2563//12
f 2563//1 2391//1 2564//1
f 2564//1 2392//1 2565//1
f 2565//1 2393//1 2566//1
f 2566//1 2394//1 2567//1
f 2567//1 2395//1 2568//1
f 2568//1 2396//1 2569//1
f 2569//1 2397//1 2570//1
f 2570//1 2398//1 2571//1
f 2571//1 2399//1 2572//1
f 2572//1 2400//1 2573//1
f 2573//1 2401//1 2574//1
f 2574//1 2402//1 2575//1
f 2575//1 2403//1 2576//1
f 2576//1 2404//1 2577//1
f 2577//1 2405//1 2578//1
f 2578//1 2406//1 2579//1
f 2579//1 2407//1 2580//1
f 2580//1 2408//1 2581//1
f 2581//25 2409//25 2582//72
f 2582//72 2410//72 2583//28
f 2583//28 2410//72 2584//28
f 2584//28 2411//72 2585//28
f 2585//40 2412//55 2586//39
f 2586//27 2413//25 2587//72
f 2587//72 2414//25 2588//72
f 2588//72 2415//25 2589//72
f 2589//72 2416//25 2590//72
f 2590//72 2417//25 2591//72
f 2591//72 2418//25 2592//72
f 2592//72 2419//25 2593//72
f 2593//72 2420//25 2594//72
f 2594//72 2421//25 2595//27
f 2595//58 2422//58 2596//59
f 2596//1 2423//1 2597//1
f 2597//1 2424//1 2598//1
f 2598//1 2425//1 2599//1
f 2599//1 2426//1 2600//1
f 2600//1 2427//1 2601//1
f 2601//1 2428//1 2602//1
f 2602//1 2429//1 2603//1
f 2603//1 2430//1 2604//1
f 2604//1 2431//1 2605//1
f 2605//1 2432//1 2606//1
f 2606//1 2433//1 2607//1
f 2607//1 2434//1 2608//1
f 2608//1 2435//1 2609//1
f 2609//1 2436//1 2610//1
f 2610//1 2437//1 2611//1
f 2611//1 2270//1 2438//1
f 2612//1 2438//1 2613//1
f 2613//1 2439//1 2614//1
f 2614//1 2440//1 2615//1
f 2615//1 2441//1 2616//1
f 2616//1 2442//1 2617//1
f 2617//1 2443//1 2618//1
f 2618//1 2444//1 2619//1
f 2619//1 2445//1 2620//1
f 2620//1 2446//1 2621//1
f 2621//24 2447//24 2622//24
f 2622//1 2448//1 2623//1
f 2623//1 2449//1 2624//1
f 2624//1 2450//1 2625//1
f 2625//1 2451//1 2626//1
f 2626//100 2452//99 2627//101
f 2627//59 2453//59 2628//59
f 2628//1 2454//1 2629//1
f 2629//1 2455//1 2630//1
f 2630//1 2456//1 2631//1
f 2631//1 2457//1 2632//1
f 2632//1 2458//1 2633//1
f 2633//1 2459//1 2634//1
f 2634//1 2460//1 2635//1
f 2635//1 2461//1 2636//1
f 2636//1 2462//1 2637//1
f 2637//1 2463//1 2638//1
f 2638//1 2464//1 2639//1
f 2639//1 2465//1 2640//1
f 2640//1 2466//1 2641//1
f 2641//1 2467//1 2642//1
f 2642//1 2467//1 2643//1
f 2643//1 2468//1 2644//1
f 2644//1 2469//1 2645//1
f 2645//1 2470//1 2646//1
f 2646//46 2471//46 2647//46
f 2647//1 2472//1 2648//1
f 2648//1 2473//1 2649//1
f 2649//1 2474//1 2650//1
f 2650//1 2475//1 2651//1
f 2651//1 2476//1 2652//1
f 2652//46 2477//45 2653//46
f 2653//46 2478//50 2654//46
f 2654//46 2479//50 2655//46
f 2655//46 2480//45 2656//46
f 2656//1 2481//1 2657//1
f 2657//1 2482//1 2658//1
f 2658//1 2483//1 2659//1
f 2659//1 2484//1 2660//1
f 2660//1 2485//1 2661//1
f 2661//1 2486//1 2662//1
f 2662//1 2487//1 2663//1
f 2663//1 2488//1 2664//1
f 2664//1 2489//1 2665//1
f 2665//1 2490//1 2666//1
f 2666//1 2491//1 2667//1
f 2667//1 2492//1 2668//1
f 2668//1 2493//1 2669//1
f 2669//1 2494//1 2670//1
f 2670//1 2495//1 2671//1
f 2671//1 2496//1 2672//1
f 2672//1 2496//1 2673//1
f 2673//1 2497//1 2674//1
f 2674//1 2498//1 2675//1
f 2675//1 2499//1 2676//1
f 2676//1 2500//1 2677//1
f 2677//1 2501//1 2678//1
f 2678//1 2502//1 2679//1
f 2679//1 2503//1 2680//1
f 2680//1 2504//1 2681//1
f 2681//1 2505//1 2682//1
f 2682//1 2506//1 2683//1
f 2683//1 2507//1 2684//1
f 2684//1 2508//1 2685//1
f 2685//1 2509//1 2686//1
f 2686//1 2510//1 2687//1
f 2687//1 2511//1 2688//1
f 2688//1 2512//1 2689//1
f 2689//89 2513//89 2690//89
f 2690//1 2514//1 2691//1
f 2691//1 2515//1 2692//1
f 2692//1 2516//1 2693//1
f 2693//1 2517//1 2694//1
f 2694//67 2518//67 2695//67
f 2695//1 2519//1 2696//1
f 2696//1 2520//1 2697//1
f 2697//1 2521//1 2698//1
f 2698//1 2522//1 2699//1
f 2699//1 2523//1 2700//1
f 2700//1 2524//1 2701//1
f 2701//1 2525//1 2702//1
f 2702//1 2525//1 2703//1
f 2703//1 2526//1 2704//1
f 2704//1 2527//1 2705//1
f 2705//1 2528//1 2706//1
f 2706//1 2529//1 2707//1
f 2707//1 2530//1 2708//1
f 2708//1 2531//1 2709//1
f 2709//1 2532//1 2710//1
f 2710//1 2533//1 2711//1
f 2711//1 2534//1 2712//1
f 2712//1 2535//1 2713//1
f 2713//1 2536//1 2714//1
f 2714//1 2537//1 2715//1
f 2715//1 2538//1 2716//1
f 2716//1 2539//1 2717//1
f 2717//1 2540//1 2718//1
f 2718//1 2541//1 2719//1
f 2719//1 2542//1 2720//1
f 2720//1 2543//1 2721//1
f 2721//1 2544//1 2722//1
f 2722//1 2545//1 2723//1
f 2723//1 2546//1 2724//1
f 2724//1 2547//1 2725//1
f 2725//1 2548//1 2726//1
f 2726//1 2549//1 2727//1
f 2727//1 2550//1 2728//1
f 2728//1 2551//1 2729//1
f 2729//1 2552//1 2730//1
f 2730//1 2553//1 2731//1
f 2731//1 2554//1 2732//1
f 2732//1 2554//1 2733//1
f 2733//1 2555//1 2734//1
f 2734//1 2556//1 2735//1
f 2735//1 2557//1 2736//1
f 2736//1 2558//1 2737//1
f 2737//1 2559//1 2738//1
f 2738//1 2560//1 2739//1
f 2739//1 2561//1 2740//1
f 2740//18 2562//56 2741//102
f 2741//102 2563//12 2742//12
f 2742//1 2564//1 2743//1
f 2743//1 2565//1 2744//1
f 2744//1 2566//1 2745//1
f 2745//1 2567//1 2746//1
f 2746//1 2568//1 2747//1
f 2747//1 2569//1 2748//1
f 2748//1 2570//1 2749//1
f 2749//1 2571//1 2750//1
f 2750//1 2572//1 2751//1
f 2751//1 2573//1 2752//1
f 2752//1 2574//1 2753//1
f 2753//1 2575//1 2754//1
f 2754//1 2576//1 2755//1
f 2755//1 2577//1 2756//1
f 2756//1 2578//1 2757//1
f 2757//1 2579//1 2758//1
f 2758//25 2580//25 2759//26
f 2759//55 2581//9 2760//39
f 2760//27 2582//72 2761//28
f 2761//1 2583//1 2762//1
f 2762//1 2583//1 2763//1
f 2763//1 2584//1 2764//1
f 2764//1 2585//1 2765//1
f 2765//28 2586//27 2766//28
f 2766//28 2587//72 2767//28
f 2767//28 2588//72 2768//28
f 2768//28 2589//72 2769//28
f 2769//28 2590//72 2770//28
f 2770//28 2591//72 2771//28
f 2771//28 2592//72 2772//28
f 2772//28 2593//72 2773//28
f 2773//28 2594//72 2774//28
f 2774//28 2595//27 2775//28
f 2775//1 2596//1 2776//1
f 2776//1 2597//1 2777//1
f 2777//1 2598//1 2778//1
f 2778//1 2599//1 2779//1
f 2779//1 2600//1 2780//1
f 2780//1 2601//1 2781//1
f 2781//1 2602//1 2782//1
f 2782//1 2603//1 2783//1
f 2783//1 2604//1 2784//1
f 2784//1 2605//1 2785//1
f 2785//1 2606//1 2786//1
f 2786//1 2607//1 2787//1
f 2787//1 2608//1 2788//1
f 2788//1 2609//1 2789//1
f 2789//1 2610//1 2790//1
f 2790//1 2611//1 2791//1
f 2791//1 2438//1 2612//1
f 2792//1 2612//1 2793//1
f 2793//1 2613//1 2794//1
f 2794//1 2614//1 2795//1
f 2795//1 2615//1 2796//1
f 2796//1 2616//1 2797//1
f 2797//1 2617//1 2798//1
f 2798//1 2618//1 2799//1
f 2799//1 2619//1 2800//1
f 2800//1 2620//1 2801//1
f 2801//60 2621//60 2802//60
f 2802//1 2622//1 2803//1
f 2803//1 2623//1 2804//1
f 2804//1 2624//1 2805//1
f 2805//1 2625//1 2806//1
f 2806//1 2626//1 2807//1
f 2807//100 2627//101 2808//100
f 2808//1 2628//1 2809//1
f 2809//1 2629//1 2810//1
f 2810//1 2630//1 2811//1
f 2811//1 2631//1 2812//1
f 2812//1 2632//1 2813//1
f 2813//1 2633//1 2814//1
f 2814//1 2634//1 2815//1
f 2815//1 2635//1 2816//1
f 2816//1 2636//1 2817//1
f 2817//1 2637//1 2818//1
f 2818//1 2638//1 2819//1
f 2819//1 2639//1 2820//1
f 2820//1 2640//1 2821//1
f 2821//1 2641//1 2822//1
f 2822//1 2642//1 2823//1
f 2823//1 2642//1 2824//1
f 2824//1 2643//1 2825//1
f 2825//1 2644//1 2826//1
f 2826//1 2645//1 2827//1
f 2827//1 2646//1 2828//1
f 2828//1 2647//1 2829//1
f 2829//1 2648//1 2830//1
f 2830//1 2649//1 2831//1
f 2831//1 2650//1 2832//1
f 2832//1 2651//1 2833//1
f 2833//1 2652//1 2834//1
f 2834//1 2653//1 2835//1
f 2835//1 2654//1 2836//1
f 2836//1 2655//1 2837//1
f 2837//1 2656//1 2838//1
f 2838//1 2657//1 2839//1
f 2839//1 2658//1 2840//1
f 2840//1 2659//1 2841//1
f 2841//1 2660//1 2842//1
f 2842//1 2661//1 2843//1
f 2843//1 2662//1 2844//1
f 2844//1 2663//1 2845//1
f 2845//1 2664//1 2846//1
f 2846//1 2665//1 2847//1
f 2847//1 2666//1 2848//1
f 2848//1 2667//1 2849//1
f 2849//1 2668//1 2850//1
f 2850//1 2669//1 2851//1
f 2851//1 2670//1 2852//1
f 2852//1 2671//1 2853//1
f 2853//1 2672//1 2854//1
f 2854//1 2672//1 2855//1
f 2855//1 2673//1 2856//1
f 2856//1 2674//1 2857//1
f 2857//1 2675//1 2858//1
f 2858//1 2676//1 2859//1
f 2859//1 2677//1 2860//1
f 2860//1 2678//1 2861//1
f 2861//1 2679//1 2862//1
f 2862//1 2680//1 2863//1
f 2863//1 2681//1 2864//1
f 2864//1 2682//1 2865//1
f 2865//1 2683//1 2866//1
f 2866//1 2684//1 2867//1
f 2867//1 2685//1 2868//1
f 2868//1 2686//1 2869//1
f 2869//1 2687//1 2870//1
f 2870//1 2688//1 2871//1
f 2871//89 2689//89 2872//89
f 2872//1 2690//1 2873//1
f 2873//1 2691//1 2874//1
f 2874//1 2692//1 2875//1
f 2875//1 2693//1 2876//1
f 2876//1 2694//1 2877//1
f 2877//60 2695//60 2878//60
f 2878//1 2696//1 2879//1
f 2879//1 2697//1 2880//1
f 2880//1 2698//1 2881//1
f 2881//1 2699//1 2882//1
f 2882//1 2700//1 2883//1
f 2883//1 2701//1 2884//1
f 2884//1 2702//1 2885//1
f 2885//1 2702//1 2886//1
f 2886//1 2703//1 2887//1
f 2887//1 2704//1 2888//1
f 2888//1 2705//1 2889//1
f 2889//1 2706//1 2890//1
f 2890//1 2707//1 2891//1
f 2891//1 2708//1 2892//1
f 2892//1 2709//1 2893//1
f 2893//1 2710//1 2894//1
f 2894//1 2711//1 2895//1
f 2895//1 2712//1 2896//1
f 2896//1 2713//1 2897//1
f 2897//1 2714//1 2898//1
f 2898//1 2715//1 2899//1
f 2899//1 2716//1 2900//1
f 2900//1 2717//1 2901//1
f 2901//1 2718//1 2902//1
f 2902//1 2719//1 2903//1
f 2903//1 2720//1 2904//1
f 2904//1 2721//1 2905//1
f 2905//1 2722//1 2906//1
f 2906//1 2723//1 2907//1
f 2907//1 2724//1 2908//1
f 2908//1 2725//1 2909//1
f 2909//1 2726//1 2910//1
f 2910//1 2727//1 2911//1
f 2911//1 2728//1 2912//1
f 2912//1 2729//1 2913//1
f 2913//1 2730//1 2914//1
f 2914//1 2731//1 2915//1
f 2915//1 2732//1 2916//1
f 2916//1 2732//1 2917//1
f 2917//1 2733//1 2918//1
f 2918//1 2734//1 2919//1
f 2919//1 2735//1 2920//1
f 2920//1 2736//1 2921//1
f 2921//1 2737//1 2922//1
f 2922//1 2738//1 2923//1
f 2923//1 2739//1 2924//1
f 2924//19 2740//19 2925//19
f 2925//1 2741//1 2926//1
f 2926//102 2742//12 2927//12
f 2927//1 2743//1 2928//1
f 2928//1 2744//1 2929//1
f 2929//1 2745//1 2930//1
f 2930//1 2746//1 2931//1
f 2931//1 2747//1 2932//1
f 2932//1 2748//1 2933//1
f 2933//1 2749//1 2934//1
f 2934//1 2750//1 2935//1
f 2935//1 2751//1 2936//1
f 2936//1 2752//1 2937//1
f 2937//1 2753//1 2938//1
f 2938//1 2754//1 2939//1
f 2939//1 2755//1 2940//1
f 2940//1 2756//1 2941//1
f 2941//1 2757//1 2942//1
f 2942//25 2758//25 2943//72
f 2943//72 2759//26 2944//28
f 2944//40 2760//39 2945//40
f 2945//1 2761//1 2946//1
f 2946//1 2762//1 2947//1
f 2947//1 2762//1 2948//1
f 2948//1 2763//1 2949//1
f 2949//1 2764//1 2950//1
f 2950//1 2765//1 2951//1
f 2951//1 2766//1 2952//1
f 2952//1 2767//1 2953//1
f 2953//1 2768//1 2954//1
f 2954//1 2769//1 2955//1
f 2955//1 2770//1 2956//1
f 2956//1 2771//1 2957//1
f 2957//1 2772//1 2958//1
f 2958//1 2773//1 2959//1
f 2959//1 2774//1 2960//1
f 2960//1 2775//1 2961//1
f 2961//1 2776//1 2962//1
f 2962//1 2777//1 2963//1
f 2963//1 2778//1 2964//1
f 2964//1 2779//1 2965//1
f 2965//1 2780//1 2966//1
f 2966//1 2781//1 2967//1
f 2967//1 2782//1 2968//1
f 2968//1 2783//1 2969//1
f 2969//1 2784//1 2970//1
f 2970//1 2785//1 2971//1
f 2971//1 2786//1 2972//1
f 2972//1 2787//1 2973//1
f 2973//1 2788//1 2974//1
f 2974//1 2789//1 2975//1
f 2975//1 2790//1 2976//1
f 2976//1 2791//1 2977//1
f 2977//1 2612//1 2792//1
f 2978//1 2792//1 2979//1
f 2979//1 2793//1 2980//1
f 2980//1 2794//1 2981//1
f 2981//1 2795//1 2982//1
f 2982//1 2796//1 2983//1
f 2983//1 2797//1 2984//1
f 2984//1 2798//1 2985//1
f 2985//1 2799//1 2986//1
f 2986//1 2800//1 2987//1
f 2987//1 2801//1 2988//1
f 2988//24 2802//24 2989//24
f 2989//1 2803//1 2990//1
f 2990//1 2804//1 2991//1
f 2991//1 2805//1 2992//1
f 2992//1 2806//1 2993//1
f 2993//84 2807//84 2994//84
f 2994//1 2808//1 2995//1
f 2995//1 2809//1 2996//1
f 2996//1 2810//1 2997//1
f 2997//1 2811//1 2998//1
f 2998//1 2812//1 2999//1
f 2999//1 2813//1 3000//1
f 3000//1 2814//1 3001//1
f 3001//1 2815//1 3002//1
f 3002//1 2816//1 3003//1
f 3003//1 2817//1 3004//1
f 3004//1 2818//1 3005//1
f 3005//1 2819//1 3006//1
f 3006//1 2820//1 3007//1
f 3007//1 2821//1 3008//1
f 3008//1 2822//1 3009//1
f 3009//1 2823//1 3010//1
f 3010//1 2823//1 3011//1
f 3011//1 2824//1 3012//1
f 3012//1 2825//1 3013//1
f 3013//1 2826//1 3014//1
f 3014//1 2827//1 3015//1
f 3015//1 2828//1 3016//1
f 3016//1 2829//1 3017//1
f 3017//1 2830//1 3018//1
f 3018//1 2831//1 3019//1
f 3019//1 2832//1 3020//1
f 3020//1 2833//1 3021//1
f 3021//1 2834//1 3022//1
f 3022//1 2835//1 3023//1
f 3023//1 2836//1 3024//1
f 3024//1 2837//1 3025//1
f 3025//1 2838//1 3026//1
f 3026//1 2839//1 3027//1
f 3027//1 2840//1 3028//1
f 3028//1 2841//1 3029//1
f 3029//1 2842//1 3030//1
f 3030//1 2843//1 3031//1
f 3031//1 2844//1 3032//1
f 3032//1 2845//1 3033//1
f 3033//1 2846//1 3034//1
f 3034//1 2847//1 3035//1
f 3035//1 2848//1 3036//1
f 3036//1 2849//1 3037//1
f 3037//1 2850//1 3038//1
f 3038//1 2851//1 3039//1
f 3039//1 2852//1 3040//1
f 3040//1 2853//1 3041//1
f 3041//1 2854//1 3042//1
f 3042//1 2854//1 3043//1
f 3043//1 2855//1 3044//1
f 3044//1 2856//1 3045//1
f 3045//1 2857//1 3046//1
f 3046//1 2858//1 3047//1
f 3047//1 2859//1 3048//1
f 3048//1 2860//1 3049//1
f 3049//1 2861//1 3050//1
f 3050//1 2862//1 3051//1
f 3051//1 2863//1 3052//1
f 3052//1 2864//1 3053//1
f 3053//1 2865//1 3054//1
f 3054//1 2866//1 3055//1
f 3055//1 2867//1 3056//1
f 3056//1 2868//1 3057//1
f 3057//1 2869//1 3058//1
f 3058//1 2870//1 3059//1
f 3059//89 2871//89 3060//89
f 3060//1 2872//1 3061//1
f 3061//1 2873//1 3062//1
f 3062//1 2874//1 3063//1
f 3063//1 2875//1 3064//1
f 3064//1 2876//1 3065//1
f 3065//67 2877//67 3066//67
f 3066//1 2878//1 3067//1
f 3067//1 2879//1 3068//1
f 3068//1 2880//1 3069//1
f 3069//1 2881//1 3070//1
f 3070//1 2882//1 3071//1
f 3071//1 2883//1 3072//1
f 3072//1 2884//1 3073//1
f 3073//1 2885//1 3074//1
f 3074//1 2885//1 3075//1
f 3075//1 2886//1 3076//1
f 3076//1 2887//1 3077//1
f 3077//1 2888//1 3078//1
f 3078//1 2889//1 3079//1
f 3079//1 2890//1 3080//1
f 3080//1 2891//1 3081//1
f 3081//1 2892//1 3082//1
f 3082//1 2893//1 3083//1
f 3083//1 2894//1 3084//1
f 3084//1 2895//1 3085//1
f 3085//1 2896//1 3086//1
f 3086//1 2897//1 3087//1
f 3087//1 2898//1 3088//1
f 3088//1 2899//1 3089//1
f 3089//1 2900//1 3090//1
f 3090//1 2901//1 3091//1
f 3091//1 2902//1 3092//1
f 3092//1 2903//1 3093//1
f 3093//1 2904//1 3094//1
f 3094//1 2905//1 3095//1
f 3095//1 2906//1 3096//1
f 3096//1 2907//1 3097//1
f 3097//1 2908//1 3098//1
f 3098//1 2909//1 3099//1
f 3099//1 2910//1 3100//1
f 3100//1 2911//1 3101//1
f 3101//1 2912//1 3102//1
f 3102//1 2913//1 3103//1
f 3103//1 2914//1 3104//1
f 3104//1 2915//1 3105//1
f 3105//1 2916//1 3106//1
f 3106//1 2916//1 3107//1
f 3107//1 2917//1 3108//1
f 3108//1 2918//1 3109//1
f 3109//1 2919//1 3110//1
f 3110//1 2920//1 3111//1
f 3111//1 2921//1 3112//1
f 3112//1 2922//1 3113//1
f 3113//1 2923//1 3114//1
f 3114//1 2924//1 3115//1
f 3115//40 2925//40 3116//40
f 3116//18 2926//102 3117//42
f 3117//39 2927//9 3118//38
f 3118//38 2928//9 3119//38
f 3119//38 2929//9 3120//38
f 3120//38 2930//9 3121//55
f 3121//13 2931//12 3122//12
f 3122//1 2932//1 3123//1
f 3123//25 2933//25 3124//26
f 3124//55 2934//9 3125//38
f 3125//38 2935//9 3126//55
f 3126//13 2936//12 3127//12
f 3127//1 2937//1 3128//1
f 3128//1 2938//1 3129//1
f 3129//1 2939//1 3130//1
f 3130//1 2940//1 3131//1
f 3131//25 2941//25 3132//26
f 3132//55 2942//9 3133//39
f 3133//27 2943//72 3134//28
f 3134//1 2944//1 3135//1
f 3135//1 2945//1 3136//1
f 3136//1 2946//1 3137//1
f 3137//1 2947//1 3138//1
f 3138//1 2947//1 3139//1
f 3139//1 2948//1 3140//1
f 3140//1 2949//1 3141//1
f 3141//1 2950//1 3142//1
f 3142//1 2951//1 3143//1
f 3143//1 2952//1 3144//1
f 3144//1 2953//1 3145//1
f 3145//1 2954//1 3146//1
f 3146//1 2955//1 3147//1
f 3147//1 2956//1 3148//1
f 3148//1 2957//1 3149//1
f 3149//1 2958//1 3150//1
f 3150//1 2959//1 3151//1
f 3151//1 2960//1 3152//1
f 3152//1 2961//1 3153//1
f 3153//1 2962//1 3154//1
f 3154//1 2963//1 3155//1
f 3155//1 2964//1 3156//1
f 3156//1 2965//1 3157//1
f 3157//1 2966//1 3158//1
f 3158//1 2967//1 3159//1
f 3159//1 2968//1 3160//1
f 3160//1 2969//1 3161//1
f 3161//1 2970//1 3162//1
f 3162//1 2971//1 3163//1
f 3163//1 2972//1 3164//1
f 3164//1 2973//1 3165//1
f 3165//1 2974//1 3166//1
f 3166//1 2975//1 3167//1
f 3167//1 2976//1 3168//1
f 3168//1 2977//1 3169//1
f 3169//1 2792//1 2978//1
f 3170//1 2978//1 3171//1
f 3171//1 2979//1 3172//1
f 3172//1 2980//1 3173//1
f 3173//1 2981//1 3174//1
f 3174//1 2982//1 3175//1
f 3175//1 2983//1 3176//1
f 3176//1 2984//1 3177//1
f 3177//1 2985//1 3178//1
f 3178//1 2986//1 3179//1
f 3179//1 2987//1 3180//1
f 3180//1 2988//1 3181//1
f 3181//24 2989//24 3182//24
f 3182//1 2990//1 3183//1
f 3183//1 2991//1 3184//1
f 3184//1 2992//1 3185//1
f 3185//1 2993//1 3186//1
f 3186//100 2994//100 3187//100
f 3187//1 2995//1 3188//1
f 3188//1 2996//1 3189//1
f 3189//1 2997//1 3190//1
f 3190//1 2998//1 3191//1
f 3191//1 2999//1 3192//1
f 3192//1 3000//1 3193//1
f 3193//1 3001//1 3194//1
f 3194//1 3002//1 3195//1
f 3195//1 3003//1 3196//1
f 3196//1 3004//1 3197//1
f 3197//1 3005//1 3198//1
f 3198//1 3006//1 3199//1
f 3199//1 3007//1 3200//1
f 3200//1 3008//1 3201//1
f 3201//1 3009//1 3202//1
f 3202//1 3010//1 3203//1
f 3203//1 3010//1 3204//1
f 3204//1 3011//1 3205//1
f 3205//1 3012//1 3206//1
f 3206//1 3013//1 3207//1
f 3207//1 3014//1 3208//1
f 3208//1 3015//1 3209//1
f 3209//1 3016//1 3210//1
f 3210//1 3017//1 3211//1
f 3211//1 3018//1 3212//1
f 3212//1 3019//1 3213//1
f 3213//1 3020//1 3214//1
f 3214//1 3021//1 3215//1
f 3215//1 3022//1 3216//1
f 3216//1 3023//1 3217//1
f 3217//1 3024//1 3218//1
f 3218//1 3025//1 3219//1
f 3219//1 3026//1 3220//1
f 3220//1 3027//1 3221//1
f 3221//1 3028//1 3222//1
f 3222//1 3029//1 3223//1
f 3223//1 3030//1 3224//1
f 3224//1 3031//1 3225//1
f 3225//1 3032//1 3226//1
f 3226//1 3033//1 3227//1
f 3227//1 3034//1 3228//1
f 3228//1 3035//1 3229//1
f 3229//1 3036//1 3230//1
f 3230//1 3037//1 3231//1
f 3231//1 3038//1 3232//1
f 3232//1 3039//1 3233//1
f 3233//1 3040//1 3234//1
f 3234//1 3041//1 3235//1
f 3235//1 3042//1 3236//1
f 3236//1 3042//1 3237//1
f 3237//1 3043//1 3238//1
f 3238//1 3044//1 3239//1
f 3239//1 3045//1 3240//1
f 3240//1 3046//1 3241//1
f 3241//1 3047//1 3242//1
f 3242//1 3048//1 3243//1
f 3243//1 3049//1 3244//1
f 3244//1 3050//1 3245//1
f 3245//1 3051//1 3246//1
f 3246//1 3052//1 3247//1
f 3247//1 3053//1 3248//1
f 3248//1 3054//1 3249//1
f 3249//1 3055//1 3250//1
f 3250//1 3056//1 3251//1
f 3251//1 3057//1 3252//1
f 3252//1 3058//1 3253//1
f 3253//89 3059//89 3254//89
f 3254//1 3060//1 3255//1
f 3255//1 3061//1 3256//1
f 3256//1 3062//1 3257//1
f 3257//1 3063//1 3258//1
f 3258//1 3064//1 3259//1
f 3259//67 3065//67 3260//67
f 3260//1 3066//1 3261//1
f 3261//1 3067//1 3262//1
f 3262//1 3068//1 3263//1
f 3263//1 3069//1 3264//1
f 3264//1 3070//1 3265//1
f 3265//1 3071//1 3266//1
f 3266//1 3072//1 3267//1
f 3267//1 3073//1 3268//1
f 3268//1 3074//1 3269//1
f 3269//1 3074//1 3270//1
f 3270//1 3075//1 3271//1
f 3271//1 3076//1 3272//1
f 3272//1 3077//1 3273//1
f 3273//1 3078//1 3274//1
f 3274//1 3079//1 3275//1
f 3275//1 3080//1 3276//1
f 3276//1 3081//1 3277//1
f 3277//1 3082//1 3278//1
f 3278//1 3083//1 3279//1
f 3279//1 3084//1 3280//1
f 3280//1 3085//1 3281//1
f 3281//1 3086//1 3282//1
f 3282//1 3087//1 3283//1
f 3283//1 3088//1 3284//1
f 3284//1 3089//1 3285//1
f 3285//1 3090//1 3286//1
f 3286//1 3091//1 3287//1
f 3287//1 3092//1 3288//1
f 3288//1 3093//1 3289//1
f 3289//1 3094//1 3290//1
f 3290//1 3095//1 3291//1
f 3291//1 3096//1 3292//1
f 3292//1 3097//1 3293//1
f 3293//1 3098//1 3294//1
f 3294//1 3099//1 3295//1
f 3295//1 3100//1 3296//1
f 3296//1 3101//1 3297//1
f 3297//1 3102//1 3298//1
f 3298//1 3103//1 3299//1
f 3299//1 3104//1 3300//1
f 3300//1 3105//1 3301//1
f 3301//1 3106//1 3302//1
f 3302//1 3106//1 3303//1
f 3303//1 3107//1 3304//1
f 3304//1 3108//1 3305//1
f 3305//1 3109//1 3306//1
f 3306//1 3110//1 3307//1
f 3307//1 3111//1 3308//1
f 3308//1 3112//1 3309//1
f 3309//1 3113//1 3310//1
f 3310//1 3114//1 3311//1
f 3311//1 3115//1 3312//1
f 3312//1 3116//1 3313//1
f 3313//40 3117//39 3314//40
f 3314//40 3118//38 3315//40
f 3315//40 3119//38 3316//40
f 3316//40 3120//38 3317//40
f 3317//18 3121//13 3318//42
f 3318//39 3122//9 3319//38
f 3319//38 3123//9 3320//39
f 3320//27 3124//26 3321//28
f 3321//40 3125//38 3322//40
f 3322//18 3126//13 3323//42
f 3323//39 3127//9 3324//55
f 3324//13 3128//12 3325//12
f 3325//1 3129//1 3326//1
f 3326//25 3130//25 3327//26
f 3327//55 3131//9 3328//39
f 3328//27 3132//26 3329//28
f 3329//40 3133//39 3330//40
f 3330//1 3134//1 3331//1
f 3331//1 3135//1 3332//1
f 3332//1 3136//1 3333//1
f 3333//1 3137//1 3334//1
f 3334//1 3138//1 3335//1
f 3335//1 3138//1 3336//1
f 3336//1 3139//1 3337//1
f 3337//1 3140//1 3338//1
f 3338//1 3141//1 3339//1
f 3339//1 3142//1 3340//1
f 3340//1 3143//1 3341//1
f 3341//1 3144//1 3342//1
f 3342//1 3145//1 3343//1
f 3343//1 3146//1 3344//1
f 3344//1 3147//1 3345//1
f 3345//1 3148//1 3346//1
f 3346//1 3149//1 3347//1
f 3347//1 3150//1 3348//1
f 3348//1 3151//1 3349//1
f 3349//1 3152//1 3350//1
f 3350//1 3153//1 3351//1
f 3351//1 3154//1 3352//1
f 3352//1 3155//1 3353//1
f 3353//1 3156//1 3354//1
f 3354//1 3157//1 3355//1
f 3355//1 3158//1 3356//1
f 3356//1 3159//1 3357//1
f 3357//1 3160//1 3358//1
f 3358//1 3161//1 3359//1
f 3359//1 3162//1 3360//1
f 3360//1 3163//1 3361//1
f 3361//1 3164//1 3362//1
f 3362//1 3165//1 3363//1
f 3363//1 3166//1 3364//1
f 3364//1 3167//1 3365//1
f 3365//1 3168//1 3366//1
f 3366//1 3169//1 3367//1
f 3367//1 2978//1 3170//1
f 3368//1 3170//1 3369//1
f 3369//1 3171//1 3370//1
f 3370//1 3172//1 3371//1
f 3371//1 3173//1 3372//1
f 3372//1 3174//1 3373//1
f 3373//1 3175//1 3374//1
f 3374//1 3176//1 3375//1
f 3375//1 3177//1 3376//1
f 3376//1 3178//1 3377//1
f 3377//1 3179//1 3378//1
f 3378//1 3180//1 3379//1
f 3379//1 3181//1 3380//1
f 3380//24 3182//24 3381//24
f 3381//1 3183//1 3382//1
f 3382//1 3184//1 3383//1
f 3383//1 3185//1 3384//1
f 3384//1 3186//1 3385//1
f 3385//100 3187//100 3386//100
f 3386//1 3188//1 3387//1
f 3387//1 3189//1 3388//1
f 3388//1 3190//1 3389//1
f 3389//1 3191//1 3390//1
f 3390//1 3192//1 3391//1
f 3391//1 3193//1 3392//1
f 3392//1 3194//1 3393//1
f 3393//1 3195//1 3394//1
f 3394//1 3196//1 3395//1
f 3395//1 3197//1 3396//1
f 3396//1 3198//1 3397//1
f 3397//1 3199//1 3398//1
f 3398//1 3200//1 3399//1
f 3399//1 3201//1 3400//1
f 3400//1 3202//1 3401//1
f 3401//1 3203//1 3402//1
f 3402//1 3203//1 3403//1
f 3403//1 3204//1 3404//1
f 3404//1 3205//1 3405//1
f 3405//1 3206//1 3406//1
f 3406//1 3207//1 3407//1
f 3407//1 3208//1 3408//1
f 3408//1 3209//1 3409//1
f 3409//1 3210//1 3410//1
f 3410//1 3211//1 3411//1
f 3411//1 3212//1 3412//1
f 3412//1 3213//1 3413//1
f 3413//1 3214//1 3414//1
f 3414//1 3215//1 3415//1
f 3415//1 3216//1 3416//1
f 3416//1 3217//1 3417//1
f 3417//1 3218//1 3418//1
f 3418//1 3219//1 3419//1
f 3419//1 3220//1 3420//1
f 3420//1 3221//1 3421//1
f 3421//1 3222//1 3422//1
f 3422//1 3223//1 3423//1
f 3423//1 3224//1 3424//1
f 3424//1 3225//1 3425//1
f 3425//1 3226//1 3426//1
f 3426//1 3227//1 3427//1
f 3427//1 3228//1 3428//1
f 3428//1 3229//1 3429//1
f 3429//1 3230//1 3430//1
f 3430//1 3231//1 3431//1
f 3431//1 3232//1 3432//1
f 3432//1 3233//1 3433//1
f 3433//1 3234//1 3434//1
f 3434//1 3235//1 3435//1
f 3435//1 3236//1 3436//1
f 3436//1 3236//1 3437//1
f 3437//1 3237//1 3438//1
f 3438//1 3238//1 3439//1
f 3439//1 3239//1 3440//1
f 3440//1 3240//1 3441//1
f 3441//1 3241//1 3442//1
f 3442//1 3242//1 3443//1
f 3443//1 3243//1 3444//1
f 3444//1 3244//1 3445//1
f 3445//1 3245//1 3446//1
f 3446//1 3246//1 3447//1
f 3447//1 3247//1 3448//1
f 3448//1 3248//1 3449//1
f 3449//1 3249//1 3450//1
f 3450//1 3250//1 3451//1
f 3451//1 3251//1 3452//1
f 3452//1 3252//1 3453//1
f 3453//89 3253//89 3454//89
f 3454//1 3254//1 3455//1
f 3455//1 3255//1 3456//1
f 3456//1 3256//1 3457//1
f 3457//1 3257//1 3458//1
f 3458//67 3258//67 3459//67
f 3459//100 3259//100 3460//100
f 3460//1 3260//1 3461//1
f 3461//1 3261//1 3462//1
f 3462//1 3262//1 3463//1
f 3463//1 3263//1 3464//1
f 3464//1 3264//1 3465//1
f 3465//1 3265//1 3466//1
f 3466//1 3266//1 3467//1
f 3467//1 3267//1 3468//1
f 3468//1 3268//1 3469//1
f 3469//1 3269//1 3470//1
f 3470//1 3269//1 3471//1
f 3471//1 3270//1 3472//1
f 3472//1 3271//1 3473//1
f 3473//1 3272//1 3474//1
f 3474//1 3273//1 3475//1
f 3475//1 3274//1 3476//1
f 3476//1 3275//1 3477//1
f 3477//1 3276//1 3478//1
f 3478//1 3277//1 3479//1
f 3479//1 3278//1 3480//1
f 3480//1 3279//1 3481//1
f 3481//1 3280//1 3482//1
f 3482//1 3281//1 3483//1
f 3483//1 3282//1 3484//1
f 3484//1 3283//1 3485//1
f 3485//1 3284//1 3486//1
f 3486//1 3285//1 3487//1
f 3487//1 3286//1 3488//1
f 3488//1 3287//1 3489//1
f 3489//1 3288//1 3490//1
f 3490//1 3289//1 3491//1
f 3491//1 3290//1 3492//1
f 3492//1 3291//1 3493//1
f 3493//1 3292//1 3494//1
f 3494//1 3293//1 3495//1
f 3495//1 3294//1 3496//1
f 3496//1 3295//1 3497//1
f 3497//1 3296//1 3498//1
f 3498//1 3297//1 3499//1
f 3499//1 3298//1 3500//1
f 3500//1 3299//1 3501//1
f 3501//1 3300//1 3502//1
f 3502//1 3301//1 3503//1
f 3503//1 3302//1 3504//1
f 3504//1 3302//1 3505//1
f 3505//1 3303//1 3506//1
f 3506//1 3304//1 3507//1
f 3507//1 3305//1 3508//1
f 3508//1 3306//1 3509//1
f 3509//1 3307//1 3510//1
f 3510//1 3308//1 3511//1
f 3511//1 3309//1 3512//1
f 3512//1 3310//1 3513//1
f 3513//1 3311//1 3514//1
f 3514//1 3312//1 3515//1
f 3515//1 3313//1 3516//1
f 3516//1 3314//1 3517//1
f 3517//1 3315//1 3518//1
f 3518//1 3316//1 3519//1
f 3519//1 3317//1 3520//1
f 3520//40 3318//39 3521//40
f 3521//40 3319//38 3522//40
f 3522//40 3320//39 3523//40
f 3523//1 3321//1 3524//1
f 3524//1 3322//1 3525//1
f 3525//40 3323//39 3526//40
f 3526//18 3324//13 3527//42
f 3527//39 3325//9 3528//86
f 3528//86 3326//9 3529//9
f 3529//103 3327//26 3530//28
f 3530//40 3328//39 3531//40
f 3531//1 3329//1 3532//1
f 3532//1 3330//1 3533//1
f 3533//1 3331//1 3534//1
f 3534//1 3332//1 3535//1
f 3535//1 3333//1 3536//1
f 3536//1 3334//1 3537//1
f 3537//1 3335//1 3538//1
f 3538//1 3335//1 3539//1
f 3539//1 3336//1 3540//1
f 3540//1 3337//1 3541//1
f 3541//1 3338//1 3542//1
f 3542//1 3339//1 3543//1
f 3543//1 3340//1 3544//1
f 3544//1 3341//1 3545//1
f 3545//1 3342//1 3546//1
f 3546//1 3343//1 3547//1
f 3547//1 3344//1 3548//1
f 3548//1 3345//1 3549//1
f 3549//1 3346//1 3550//1
f 3550//1 3347//1 3551//1
f 3551//1 3348//1 3552//1
f 3552//1 3349//1 3553//1
f 3553//1 3350//1 3554//1
f 3554//1 3351//1 3555//1
f 3555//1 3352//1 3556//1
f 3556//1 3353//1 3557//1
f 3557//1 3354//1 3558//1
f 3558//1 3355//1 3559//1
f 3559//1 3356//1 3560//1
f 3560//1 3357//1 3561//1
f 3561//1 3358//1 3562//1
f 3562//1 3359//1 3563//1
f 3563//1 3360//1 3564//1
f 3564//1 3361//1 3565//1
f 3565//1 3362//1 3566//1
f 3566//1 3363//1 3567//1
f 3567//1 3364//1 3568//1
f 3568//1 3365//1 3569//1
f 3569//1 3366//1 3570//1
f 3570//1 3367//1 3571//1
f 3571//1 3170//1 3368//1
f 3572//1 3368//1 3573//1
f 3573//1 3369//1 3574//1
f 3574//1 3370//1 3575//1
f 3575//1 3371//1 3576//1
f 3576//1 3372//1 3577//1
f 3577//1 3373//1 3578//1
f 3578//1 3374//1 3579//1
f 3579//1 3375//1 3580//1
f 3580//1 3376//1 3581//1
f 3581//1 3377//1 3582//1
f 3582//1 3378//1 3583//1
f 3583//1 3379//1 3584//1
f 3584//1 3380//1 3585//1
f 3585//24 3381//24 3586//24
f 3586//1 3382//1 3587//1
f 3587//1 3383//1 3588//1
f 3588//1 3384//1 3589//1
f 3589//1 3385//1 3590//1
f 3590//100 3386//100 3591//100
f 3591//1 3387//1 3592//1
f 3592//1 3388//1 3593//1
f 3593//1 3389//1 3594//1
f 3594//1 3390//1 3595//1
f 3595//1 3391//1 3596//1
f 3596//1 3392//1 3597//1
f 3597//1 3393//1 3598//1
f 3598//1 3394//1 3599//1
f 3599//1 3395//1 3600//1
f 3600//1 3396//1 3601//1
f 3601//1 3397//1 3602//1
f 3602//1 3398//1 3603//1
f 3603//1 3399//1 3604//1
f 3604//1 3400//1 3605//1
f 3605//1 3401//1 3606//1
f 3606//1 3402//1 3607//1
f 3607//1 3402//1 3608//1
f 3608//1 3403//1 3609//1
f 3609//1 3404//1 3610//1
f 3610//1 3405//1 3611//1
f 3611//1 3406//1 3612//1
f 3612//1 3407//1 3613//1
f 3613//1 3408//1 3614//1
f 3614//1 3409//1 3615//1
f 3615//1 3410//1 3616//1
f 3616//1 3411//1 3617//1
f 3617//1 3412//1 3618//1
f 3618//1 3413//1 3619//1
f 3619//1 3414//1 3620//1
f 3620//1 3415//1 3621//1
f 3621//1 3416//1 3622//1
f 3622//1 3417//1 3623//1
f 3623//1 3418//1 3624//1
f 3624//1 3419//1 3625//1
f 3625//1 3420//1 3626//1
f 3626//1 3421//1 3627//1
f 3627//1 3422//1 3628//1
f 3628//1 3423//1 3629//1
f 3629//1 3424//1 3630//1
f 3630//1 3425//1 3631//1
f 3631//1 3426//1 3632//1
f 3632//1 3427//1 3633//1
f 3633//1 3428//1 3634//1
f 3634//1 3429//1 3635//1
f 3635//1 3430//1 3636//1
f 3636//1 3431//1 3637//1
f 3637//1 3432//1 3638//1
f 3638//1 3433//1 3639//1
f 3639//1 3434//1 3640//1
f 3640//1 3435//1 3641//1
f 3641//1 3436//1 3642//1
f 3642//1 3436//1 3643//1
f 3643//1 3437//1 3644//1
f 3644//1 3438//1 3645//1
f 3645//1 3439//1 3646//1
f 3646//1 3440//1 3647//1
f 3647//1 3441//1 3648//1
f 3648//1 3442//1 3649//1
f 3649//1 3443//1 3650//1
f 3650//1 3444//1 3651//1
f 3651//1 3445//1 3652//1
f 3652//1 3446//1 3653//1
f 3653//1 3447//1 3654//1
f 3654//1 3448//1 3655//1
f 3655//1 3449//1 3656//1
f 3656//1 3450//1 3657//1
f 3657//1 3451//1 3658//1
f 3658//1 3452//1 3659//1
f 3659//89 3453//89 3660//89
f 3660//1 3454//1 3661//1
f 3661//1 3455//1 3662//1
f 3662//1 3456//1 3663//1
f 3663//1 3457//1 3664//1
f 3664//1 3458//1 3665//1
f 3665//60 3459//60 3666//60
f 3666//1 3460//1 3667//1
f 3667//1 3461//1 3668//1
f 3668//1 3462//1 3669//1
f 3669//1 3463//1 3670//1
f 3670//1 3464//1 3671//1
f 3671//1 3465//1 3672//1
f 3672//1 3466//1 3673//1
f 3673//1 3467//1 3674//1
f 3674//1 3468//1 3675//1
f 3675//1 3469//1 3676//1
f 3676//1 3470//1 3677//1
f 3677//1 3470//1 3678//1
f 3678//1 3471//1 3679//1
f 3679//1 3472//1 3680//1
f 3680//1 3473//1 3681//1
f 3681//1 3474//1 3682//1
f 3682//1 3475//1 3683//1
f 3683//1 3476//1 3684//1
f 3684//1 3477//1 3685//1
f 3685//1 3478//1 3686//1
f 3686//1 3479//1 3687//1
f 3687//1 3480//1 3688//1
f 3688//1 3481//1 3689//1
f 3689//1 3482//1 3690//1
f 3690//1 3483//1 3691//1
f 3691//1 3484//1 3692//1
f 3692//1 3485//1 3693//1
f 3693//1 3486//1 3694//1
f 3694//1 3487//1 3695//1
f 3695//1 3488//1 3696//1
f 3696//1 3489//1 3697//1
f 3697//1 3490//1 3698//1
f 3698//1 3491//1 3699//1
f 3699//1 3492//1 3700//1
f 3700//1 3493//1 3701//1
f 3701//1 3494//1 3702//1
f 3702//1 3495//1 3703//1
f 3703//1 3496//1 3704//1
f 3704//1 3497//1 3705//1
f 3705//1 3498//1 3706//1
f 3706//1 3499//1 3707//1
f 3707//1 3500//1 3708//1
f 3708//1 3501//1 3709//1
f 3709//1 3502//1 3710//1
f 3710//1 3503//1 3711//1
f 3711//1 3504//1 3712//1
f 3712//1 3504//1 3713//1
f 3713//1 3505//1 3714//1
f 3714//1 3506//1 3715//1
f 3715//1 3507//1 3716//1
f 3716//1 3508//1 3717//1
f 3717//1 3509//1 3718//1
f 3718//1 3510//1 3719//1
f 3719//1 3511//1 3720//1
f 3720//1 3512//1 3721//1
f 3721//1 3513//1 3722//1
f 3722//1 3514//1 3723//1
f 3723//1 3515//1 3724//1
f 3724//1 3516//1 3725//1
f 3725//1 3517//1 3726//1
f 3726//1 3518//1 3727//1
f 3727//1 3519//1 3728//1
f 3728//1 3520//1 3729//1
f 3729//1 3521//1 3730//1
f 3730//1 3522//1 3731//1
f 3731//1 3523//1 3732//1
f 3732//1 3524//1 3733//1
f 3733//1 3525//1 3734//1
f 3734//1 3526//1 3735//1
f 3735//40 3527//39 3736//40
f 3736//18 3528//18 3737//18
f 3737//28 3529//103 3738//28
f 3738//1 3530//1 3739//1
f 3739//1 3531//1 3740//1
f 3740//1 3532//1 3741//1
f 3741//1 3533//1 3742//1
f 3742//1 3534//1 3743//1
f 3743//1 3535//1 3744//1
f 3744//1 3536//1 3745//1
f 3745//1 3537//1 3746//1
f 3746//1 3538//1 3747//1
f 3747//1 3538//1 3748//1
f 3748//1 3539//1 3749//1
f 3749//1 3540//1 3750//1
f 3750//1 3541//1 3751//1
f 3751//1 3542//1 3752//1
f 3752//1 3543//1 3753//1
f 3753//1 3544//1 3754//1
f 3754//1 3545//1 3755//1
f 3755//1 3546//1 3756//1
f 3756//1 3547//1 3757//1
f 3757//1 3548//1 3758//1
f 3758//1 3549//1 3759//1
f 3759//1 3550//1 3760//1
f 3760//1 3551//1 3761//1
f 3761//1 3552//1 3762//1
f 3762//1 3553//1 3763//1
f 3763//1 3554//1 3764//1
f 3764//1 3555//1 3765//1
f 3765//1 3556//1 3766//1
f 3766//1 3557//1 3767//1
f 3767//1 3558//1 3768//1
f 3768//1 3559//1 3769//1
f 3769//1 3560//1 3770//1
f 3770//1 3561//1 3771//1
f 3771//1 3562//1 3772//1
f 3772//1 3563//1 3773//1
f 3773//1 3564//1 3774//1
f 3774//1 3565//1 3775//1
f 3775//1 3566//1 3776//1
f 3776//1 3567//1 3777//1
f 3777//1 3568//1 3778//1
f 3778//1 3569//1 3779//1
f 3779//1 3570//1 3780//1
f 3780//1 3571//1 3781//1
f 3781//1 3368//1 3572//1
f 3782//1 3572//1 3783//1
f 3783//1 3573//1 3784//1
f 3784//1 3574//1 3785//1
f 3785//1 3575//1 3786//1
f 3786//1 3576//1 3787//1
f 3787//1 3577//1 3788//1
f 3788//1 3578//1 3789//1
f 3789//1 3579//1 3790//1
f 3790//1 3580//1 3791//1
f 3791//1 3581//1 3792//1
f 3792//1 3582//1 3793//1
f 3793//1 3583//1 3794//1
f 3794//1 3584//1 3795//1
f 3795//60 3585//60 3796//60
f 3796//1 3586//1 3797//1
f 3797//1 3587//1 3798//1
f 3798//1 3588//1 3799//1
f 3799//1 3589//1 3800//1
f 3800//84 3590//84 3801//84
f 3801//1 3591//1 3802//1
f 3802//1 3592//1 3803//1
f 3803//1 3593//1 3804//1
f 3804//1 3594//1 3805//1
f 3805//1 3595//1 3806//1
f 3806//1 3596//1 3807//1
f 3807//1 3597//1 3808//1
f 3808//1 3598//1 3809//1
f 3809//1 3599//1 3810//1
f 3810//1 3600//1 3811//1
f 3811//1 3601//1 3812//1
f 3812//1 3602//1 3813//1
f 3813//1 3603//1 3814//1
f 3814//1 3604//1 3815//1
f 3815//1 3605//1 3816//1
f 3816//1 3606//1 3817//1
f 3817//1 3607//1 3818//1
f 3818//1 3607//1 3819//1
f 3819//1 3608//1 3820//1
f 3820//1 3609//1 3821//1
f 3821//1 3610//1 3822//1
f 3822//1 3611//1 3823//1
f 3823//1 3612//1 3824//1
f 3824//1 3613//1 3825//1
f 3825//1 3614//1 3826//1
f 3826//1 3615//1 3827//1
f 3827//1 3616//1 3828//1
f 3828//1 3617//1 3829//1
f 3829//1 3618//1 3830//1
f 3830//1 3619//1 3831//1
f 3831//1 3620//1 3832//1
f 3832//1 3621//1 3833//1
f 3833//1 3622//1 3834//1
f 3834//1 3623//1 3835//1
f 3835//1 3624//1 3836//1
f 3836//1 3625//1 3837//1
f 3837//1 3626//1 3838//1
f 3838//1 3627//1 3839//1
f 3839//1 3628//1 3840//1
f 3840//1 3629//1 3841//1
f 3841//1 3630//1 3842//1
f 3842//1 3631//1 3843//1
f 3843//1 3632//1 3844//1
f 3844//1 3633//1 3845//1
f 3845//1 3634//1 3846//1
f 3846//1 3635//1 3847//1
f 3847//1 3636//1 3848//1
f 3848//1 3637//1 3849//1
f 3849//1 3638//1 3850//1
f 3850//1 3639//1 3851//1
f 3851//1 3640//1 3852//1
f 3852//1 3641//1 3853//1
f 3853//1 3642//1 3854//1
f 3854//1 3642//1 3855//1
f 3855//1 3643//1 3856//1
f 3856//1 3644//1 3857//1
f 3857//1 3645//1 3858//1
f 3858//1 3646//1 3859//1
f 3859//1 3647//1 3860//1
f 3860//1 3648//1 3861//1
f 3861//1 3649//1 3862//1
f 3862//1 3650//1 3863//1
f 3863//1 3651//1 3864//1
f 3864//1 3652//1 3865//1
f 3865//1 3653//1 3866//1
f 3866//1 3654//1 3867//1
f 3867//1 3655//1 3868//1
f 3868//1 3656//1 3869//1
f 3869//1 3657//1 3870//1
f 3870//1 3658//1 3871//1
f 3871//89 3659//89 3872//89
f 3872//1 3660//1 3873//1
f 3873//1 3661//1 3874//1
f 3874//1 3662//1 3875//1
f 3875//1 3663//1 3876//1
f 3876//1 3664//1 3877//1
f 3877//67 3665//67 3878//67
f 3878//1 3666//1 3879//1
f 3879//1 3667//1 3880//1
f 3880//1 3668//1 3881//1
f 3881//1 3669//1 3882//1
f 3882//1 3670//1 3883//1
f 3883//1 3671//1 3884//1
f 3884//1 3672//1 3885//1
f 3885//1 3673//1 3886//1
f 3886//1 3674//1 3887//1
f 3887//1 3675//1 3888//1
f 3888//1 3676//1 3889//1
f 3889//1 3677//1 3890//1
f 3890//1 3677//1 3891//1
f 3891//1 3678//1 3892//1
f 3892//1 3679//1 3893//1
f 3893//1 3680//1 3894//1
f 3894//1 3681//1 3895//1
f 3895//1 3682//1 3896//1
f 3896//1 3683//1 3897//1
f 3897//1 3684//1 3898//1
f 3898//1 3685//1 3899//1
f 3899//1 3686//1 3900//1
f 3900//1 3687//1 3901//1
f 3901//1 3688//1 3902//1
f 3902//1 3689//1 3903//1
f 3903//1 3690//1 3904//1
f 3904//1 3691//1 3905//1
f 3905//1 3692//1 3906//1
f 3906//1 3693//1 3907//1
f 3907//1 3694//1 3908//1
f 3908//1 3695//1 3909//1
f 3909//1 3696//1 3910//1
f 3910//1 3697//1 3911//1
f 3911//1 3698//1 3912//1
f 3912//1 3699//1 3913//1
f 3913//1 3700//1 3914//1
f 3914//1 3701//1 3915//1
f 3915//1 3702//1 3916//1
f 3916//1 3703//1 3917//1
f 3917//1 3704//1 3918//1
f 3918//1 3705//1 3919//1
f 3919//1 3706//1 3920//1
f 3920//1 3707//1 3921//1
f 3921//1 3708//1 3922//1
f 3922//1 3709//1 3923//1
f 3923//1 3710//1 3924//1
f 3924//1 3711//1 3925//1
f 3925//1 3712//1 3926//1
f 3926//1 3712//1 3927//1
f 3927//1 3713//1 3928//1
f 3928//1 3714//1 3929//1
f 3929//1 3715//1 3930//1
f 3930//1 3716//1 3931//1
f 3931//1 3717//1 3932//1
f 3932//1 3718//1 3933//1
f 3933//1 3719//1 3934//1
f 3934//1 3720//1 3935//1
f 3935//1 3721//1 3936//1
f 3936//1 3722//1 3937//1
f 3937//1 3723//1 3938//1
f 3938//1 3724//1 3939//1
f 3939//1 3725//1 3940//1
f 3940//1 3726//1 3941//1
f 3941//1 3727//1 3942//1
f 3942//1 3728//1 3943//1
f 3943//1 3729//1 3944//1
f 3944//1 3730//1 3945//1
f 3945//1 3731//1 3946//1
f 3946//1 3732//1 3947//1
f 3947//1 3733//1 3948//1
f 3948//1 3734//1 3949//1
f 3949//1 3735//1 3950//1
f 3950//1 3736//1 3951//1
f 3951//40 3737//40 3952//40
f 3952//1 3738//1 3953//1
f 3953//1 3739//1 3954//1
f 3954//1 3740//1 3955//1
f 3955//1 3741//1 3956//1
f 3956//1 3742//1 3957//1
f 3957//1 3743//1 3958//1
f 3958//1 3744//1 3959//1
f 3959//1 3745//1 3960//1
f 3960//1 3746//1 3961//1
f 3961//1 3747//1 3962//1
f 3962//1 3747//1 3963//1
f 3963//1 3748//1 3964//1
f 3964//1 3749//1 3965//1
f 3965//1 3750//1 3966//1
f 3966//1 3751//1 3967//1
f 3967//1 3752//1 3968//1
f 3968//1 3753//1 3969//1
f 3969//1 3754//1 3970//1
f 3970//1 3755//1 3971//1
f 3971//1 3756//1 3972//1
f 3972//1 3757//1 3973//1
f 3973//1 3758//1 3974//1
f 3974//1 3759//1 3975//1
f 3975//1 3760//1 3976//1
f 3976//1 3761//1 3977//1
f 3977//1 3762//1 3978//1
f 3978//1 3763//1 3979//1
f 3979//1 3764//1 3980//1
f 3980//1 3765//1 3981//1
f 3981//1 3766//1 3982//1
f 3982//1 3767//1 3983//1
f 3983//1 3768//1 3984//1
f 3984//1 3769//1 3985//1
f 3985//1 3770//1 3986//1
f 3986//1 3771//1 3987//1
f 3987//1 3772//1 3988//1
f 3988//1 3773//1 3989//1
f 3989//1 3774//1 3990//1
f 3990//1 3775//1 3991//1
f 3991//1 3776//1 3992//1
f 3992//1 3777//1 3993//1
f 3993//1 3778//1 3994//1
f 3994//1 3779//1 3995//1
f 3995//1 3780//1 3996//1
f 3996//1 3781//1 3997//1
f 3997//1 3572//1 3782//1
f 3998//1 3782//1 3999//1
f 3999//1 3783//1 4000//1
f 4000//1 3784//1 4001//1
f 4001//1 3785//1 4002//1
f 4002//1 3786//1 4003//1
f 4003//1 3787//1 4004//1
f 4004//1 3788//1 4005//1
f 4005//1 3789//1 4006//1
f 4006//1 3790//1 4007//1
f 4007//1 3791//1 4008//1
f 4008//1 3792//1 4009//1
f 4009//1 3793//1 4010//1
f 4010//1 3794//1 4011//1
f 4011//1 3795//1 4012//1
f 4012//24 3796//24 4013//24
f 4013//1 3797//1 4014//1
f 4014//1 3798//1 4015//1
f 4015//1 3799//1 4016//1
f 4016//1 3800//1 4017//1
f 4017//100 3801//100 4018//100
f 4018//1 3802//1 4019//1
f 4019//1 3803//1 4020//1
f 4020//1 3804//1 4021//1
f 4021//1 3805//1 4022//1
f 4022//1 3806//1 4023//1
f 4023//1 3807//1 4024//1
f 4024//1 3808//1 4025//1
f 4025//1 3809//1 4026//1
f 4026//1 3810//1 4027//1
f 4027//1 3811//1 4028//1
f 4028//1 3812//1 4029//1
f 4029//1 3813//1 4030//1
f 4030//1 3814//1 4031//1
f 4031//1 3815//1 4032//1
f 4032//1 3816//1 4033//1
f 4033//1 3817//1 4034//1
f 4034//1 3818//1 4035//1
f 4035//1 3818//1 4036//1
f 4036//1 3819//1 4037//1
f 4037//1 3820//1 4038//1
f 4038//1 3821//1 4039//1
f 4039//1 3822//1 4040//1
f 4040//1 3823//1 4041//1
f 4041//1 3824//1 4042//1
f 4042//1 3825//1 4043//1
f 4043//1 3826//1 4044//1
f 4044//1 3827//1 4045//1
f 4045//1 3828//1 4046//1
f 4046//1 3829//1 4047//1
f 4047//1 3830//1 4048//1
f 4048//1 3831//1 4049//1
f 4049//1 3832//1 4050//1
f 4050//1 3833//1 4051//1
f 4051//1 3834//1 4052//1
f 4052//1 3835//1 4053//1
f 4053//1 3836//1 4054//1
f 4054//1 3837//1 4055//1
f 4055//1 3838//1 4056//1
f 4056//1 3839//1 4057//1
f 4057//1 3840//1 4058//1
f 4058//1 3841//1 4059//1
f 4059//1 3842//1 4060//1
f 4060//1 3843//1 4061//1
f 4061//1 3844//1 4062//1
f 4062//1 3845//1 4063//1
f 4063//1 3846//1 4064//1
f 4064//1 3847//1 4065//1
f 4065//1 3848//1 4066//1
f 4066//1 3849//1 4067//1
f 4067//1 3850//1 4068//1
f 4068//1 3851//1 4069//1
f 4069//1 3852//1 4070//1
f 4070//1 3853//1 4071//1
f 4071//1 3854//1 4072//1
f 4072//1 3854//1 4073//1
f 4073//1 3855//1 4074//1
f 4074//1 3856//1 4075//1
f 4075//1 3857//1 4076//1
f 4076//1 3858//1 4077//1
f 4077//1 3859//1 4078//1
f 4078//1 3860//1 4079//1
f 4079//1 3861//1 4080//1
f 4080//1 3862//1 4081//1
f 4081//1 3863//1 4082//1
f 4082//1 3864//1 4083//1
f 4083//1 3865//1 4084//1
f 4084//1 3866//1 4085//1
f 4085//1 3867//1 4086//1
f 4086//1 3868//1 4087//1
f 4087//1 3869//1 4088//1
f 4088//1 3870//1 4089//1
f 4089//89 3871//89 4090//89
f 4090//1 3872//1 4091//1
f 4091//1 3873//1 4092//1
f 4092//1 3874//1 4093//1
f 4093//1 3875//1 4094//1
f 4094//1 3876//1 4095//1
f 4095//67 3877//67 4096//67
f 4096//1 3878//1 4097//1
f 4097//1 3879//1 4098//1
f 4098//1 3880//1 4099//1
f 4099//1 3881//1 4100//1
f 4100//1 3882//1 4101//1
f 4101//1 3883//1 4102//1
f 4102//1 3884//1 4103//1
f 4103//1 3885//1 4104//1
f 4104//1 3886//1 4105//1
f 4105//1 3887//1 4106//1
f 4106//1 3888//1 4107//1
f 4107//1 3889//1 4108//1
f 4108//1 3890//1 4109//1
f 4109//1 3890//1 4110//1
f 4110//1 3891//1 4111//1
f 4111//1 3892//1 4112//1
f 4112//1 3893//1 4113//1
f 4113//1 3894//1 4114//1
f 4114//1 3895//1 4115//1
f 4115//1 3896//1 4116//1
f 4116//1 3897//1 4117//1
f 4117//1 3898//1 4118//1
f 4118//1 3899//1 4119//1
f 4119//1 3900//1 4120//1
f 4120//1 3901//1 4121//1
f 4121//1 3902//1 4122//1
f 4122//1 3903//1 4123//1
f 4123//1 3904//1 4124//1
f 4124//1 3905//1 4125//1
f 4125//1 3906//1 4126//1
f 4126//1 3907//1 4127//1
f 4127//1 3908//1 4128//1
f 4128//1 3909//1 4129//1
f 4129//1 3910//1 4130//1
f 4130//1 3911//1 4131//1
f 4131//1 3912//1 4132//1
f 4132//1 3913//1 4133//1
f 4133//1 3914//1 4134//1
f 4134//1 3915//1 4135//1
f 4135//1 3916//1 4136//1
f 4136//1 3917//1 4137//1
f 4137//1 3918//1 4138//1
f 4138//1 3919//1 4139//1
f 4139//1 3920//1 4140//1
f 4140//1 3921//1 4141//1
f 4141//1 3922//1 4142//1
f 4142//1 3923//1 4143//1
f 4143//1 3924//1 4144//1
f 4144//1 3925//1 4145//1
f 4145//1 3926//1 4146//1
f 4146//1 3926//1 4147//1
f 4147//1 3927//1 4148//1
f 4148//1 3928//1 4149//1
f 4149//1 3929//1 4150//1
f 4150//1 3930//1 4151//1
f 4151//1 3931//1 4152//1
f 4152//1 3932//1 4153//1
f 4153//1 3933//1 4154//1
f 4154//1 3934//1 4155//1
f 4155//1 3935//1 4156//1
f 4156//1 3936//1 4157//1
f 4157//1 3937//1 4158//1
f 4158//1 3938//1 4159//1
f 4159//1 3939//1 4160//1
f 4160//1 3940//1 4161//1
f 4161//1 3941//1 4162//1
f 4162//1 3942//1 4163//1
f 4163//1 3943//1 4164//1
f 4164//1 3944//1 4165//1
f 4165//1 3945//1 4166//1
f 4166//1 3946//1 4167//1
f 4167//1 3947//1 4168//1
f 4168//1 3948//1 4169//1
f 4169//1 3949//1 4170//1
f 4170//1 3950//1 4171//1
f 4171//1 3951//1 4172//1
f 4172//1 3952//1 4173//1
f 4173//1 3953//1 4174//1
f 4174//1 3954//1 4175//1
f 4175//1 3955//1 4176//1
f 4176//1 3956//1 4177//1
f 4177//1 3957//1 4178//1
f 4178//1 3958//1 4179//1
f 4179//1 3959//1 4180//1
f 4180//1 3960//1 4181//1
f 4181//1 3961//1 4182//1
f 4182//1 3962//1 4183//1
f 4183//1 3962//1 4184//1
f 4184//1 3963//1 4185//1
f 4185//1 3964//1 4186//1
f 4186//1 3965//1 4187//1
f 4187//1 3966//1 4188//1
f 4188//1 3967//1 4189//1
f 4189//1 3968//1 4190//1
f 4190//1 3969//1 4191//1
f 4191//1 3970//1 4192//1
f 4192//1 3971//1 4193//1
f 4193//1 3972//1 4194//1
f 4194//1 3973//1 4195//1
f 4195//1 3974//1 4196//1
f 4196//1 3975//1 4197//1
f 4197//1 3976//1 4198//1
f 4198//1 3977//1 4199//1
f 4199//1 3978//1 4200//1
f 4200//1 3979//1 4201//1
f 4201//1 3980//1 4202//1
f 4202//1 3981//1 4203//1
f 4203//1 3982//1 4204//1
f 4204//1 3983//1 4205//1
f 4205//1 3984//1 4206//1
f 4206//1 3985//1 4207//1
f 4207//1 3986//1 4208//1
f 4208//1 3987//1 4209//1
f 4209//1 3988//1 4210//1
f 4210//1 3989//1 4211//1
f 4211//1 3990//1 4212//1
f 4212//1 3991//1 4213//1
f 4213//1 3992//1 4214//1
f 4214//1 3993//1 4215//1
f 4215//1 3994//1 4216//1
f 4216//1 3995//1 4217//1
f 4217//1 3996//1 4218//1
f 4218//1 3997//1 4219//1
f 4219//1 3782//1 3998//1
f 4220//1 3998//1 4221//1
f 4221//1 3999//1 4222//1
f 4222//1 4000//1 4223//1
f 4223//1 4001//1 4224//1
f 4224//1 4002//1 4225//1
f 4225//1 4003//1 4226//1
f 4226//1 4004//1 4227//1
f 4227//1 4005//1 4228//1
f 4228//1 4006//1 4229//1
f 4229//1 4007//1 4230//1
f 4230//1 4008//1 4231//1
f 4231//1 4009//1 4232//1
f 4232//1 4010//1 4233//1
f 4233//1 4011//1 4234//1
f 4234//1 4012//1 4235//1
f 4235//89 4013//89 4236//89
f 4236//24 4014//24 4237//24
f 4237//1 4015//1 4238//1
f 4238//1 4016//1 4239//1
f 4239//1 4017//1 4240//1
f 4240//100 4018//100 4241//100
f 4241//1 4019//1 4242//1
f 4242//1 4020//1 4243//1
f 4243//1 4021//1 4244//1
f 4244//1 4022//1 4245//1
f 4245//1 4023//1 4246//1
f 4246//1 4024//1 4247//1
f 4247//1 4025//1 4248//1
f 4248//1 4026//1 4249//1
f 4249//1 4027//1 4250//1
f 4250//1 4028//1 4251//1
f 4251//1 4029//1 4252//1
f 4252//1 4030//1 4253//1
f 4253//1 4031//1 4254//1
f 4254//1 4032//1 4255//1
f 4255//1 4033//1 4256//1
f 4256//1 4034//1 4257//1
f 4257//1 4035//1 4258//1
f 4258//1 4035//1 4259//1
f 4259//1 4036//1 4260//1
f 4260//1 4037//1 4261//1
f 4261//1 4038//1 4262//1
f 4262//1 4039//1 4263//1
f 4263//1 4040//1 4264//1
f 4264//1 4041//1 4265//1
f 4265//1 4042//1 4266//1
f 4266//1 4043//1 4267//1
f 4267//1 4044//1 4268//1
f 4268//1 4045//1 4269//1
f 4269//1 4046//1 4270//1
f 4270//1 4047//1 4271//1
f 4271//1 4048//1 4272//1
f 4272//1 4049//1 4273//1
f 4273//1 4050//1 4274//1
f 4274//1 4051//1 4275//1
f 4275//1 4052//1 4276//1
f 4276//1 4053//1 4277//1
f 4277//1 4054//1 4278//1
f 4278//1 4055//1 4279//1
f 4279//1 4056//1 4280//1
f 4280//1 4057//1 4281//1
f 4281//1 4058//1 4282//1
f 4282//1 4059//1 4283//1
f 4283//1 4060//1 4284//1
f 4284//1 4061//1 4285//1
f 4285//1 4062//1 4286//1
f 4286//1 4063//1 4287//1
f 4287//1 4064//1 4288//1
f 4288//1 4065//1 4289//1
f 4289//1 4066//1 4290//1
f 4290//1 4067//1 4291//1
f 4291//1 4068//1 4292//1
f 4292//1 4069//1 4293//1
f 4293//1 4070//1 4294//1
f 4294//1 4071//1 4295//1
f 4295//1 4072//1 4296//1
f 4296//1 4072//1 4297//1
f 4297//1 4073//1 4298//1
f 4298//1 4074//1 4299//1
f 4299//1 4075//1 4300//1
f 4300//1 4076//1 4301//1
f 4301//1 4077//1 4302//1
f 4302//1 4078//1 4303//1
f 4303//1 4079//1 4304//1
f 4304//1 4080//1 4305//1
f 4305//1 4081//1 4306//1
f 4306//1 4082//1 4307//1
f 4307//1 4083//1 4308//1
f 4308//1 4084//1 4309//1
f 4309//1 4085//1 4310//1
f 4310//1 4086//1 4311//1
f 4311//1 4087//1 4312//1
f 4312//89 4088//89 4313//89
f 4313//24 4089//24 4314//24
f 4314//1 4090//1 4315//1
f 4315//1 4091//1 4316//1
f 4316//1 4092//1 4317//1
f 4317//1 4093//1 4318//1
f 4318//1 4094//1 4319//1
f 4319//67 4095//67 4320//67
f 4320//1 4096//1 4321//1
f 4321//1 4097//1 4322//1
f 4322//1 4098//1 4323//1
f 4323//1 4099//1 4324//1
f 4324//1 4100//1 4325//1
f 4325//1 4101//1 4326//1
f 4326//1 4102//1 4327//1
f 4327//1 4103//1 4328//1
f 4328//1 4104//1 4329//1
f 4329//1 4105//1 4330//1
f 4330//1 4106//1 4331//1
f 4331//1 4107//1 4332//1
f 4332//1 4108//1 4333//1
f 4333//1 4109//1 4334//1
f 4334//1 4109//1 4335//1
f 4335//1 4110//1 4336//1
f 4336//1 4111//1 4337//1
f 4337//1 4112//1 4338//1
f 4338//1 4113//1 4339//1
f 4339//1 4114//1 4340//1
f 4340//1 4115//1 4341//1
f 4341//1 4116//1 4342//1
f 4342//1 4117//1 4343//1
f 4343//1 4118//1 4344//1
f 4344//1 4119//1 4345//1
f 4345//1 4120//1 4346//1
f 4346//1 4121//1 4347//1
f 4347//1 4122//1 4348//1
f 4348//1 4123//1 4349//1
f 4349//1 4124//1 4350//1
f 4350//1 4125//1 4351//1
f 4351//1 4126//1 4352//1
f 4352//1 4127//1 4353//1
f 4353//1 4128//1 4354//1
f 4354//1 4129//1 4355//1
f 4355//1 4130//1 4356//1
f 4356//1 4131//1 4357//1
f 4357//1 4132//1 4358//1
f 4358//1 4133//1 4359//1
f 4359//1 4134//1 4360//1
f 4360//1 4135//1 4361//1
f 4361//1 4136//1 4362//1
f 4362//1 4137//1 4363//1
f 4363//1 4138//1 4364//1
f 4364//1 4139//1 4365//1
f 4365//1 4140//1 4366//1
f 4366//1 4141//1 4367//1
f 4367//1 4142//1 4368//1
f 4368//1 4143//1 4369//1
f 4369//1 4144//1 4370//1
f 4370//1 4145//1 4371//1
f 4371//1 4146//1 4372//1
f 4372//1 4146//1 4373//1
f 4373//1 4147//1 4374//1
f 4374//1 4148//1 4375//1
f 4375//1 4149//1 4376//1
f 4376//1 4150//1 4377//1
f 4377//1 4151//1 4378//1
f 4378//1 4152//1 4379//1
f 4379//1 4153//1 4380//1
f 4380//1 4154//1 4381//1
f 4381//1 4155//1 4382//1
f 4382//1 4156//1 4383//1
f 4383//1 4157//1 4384//1
f 4384//1 4158//1 4385//1
f 4385//1 4159//1 4386//1
f 4386//1 4160//1 4387//1
f 4387//1 4161//1 4388//1
f 4388//1 4162//1 4389//1
f 4389//1 4163//1 4390//1
f 4390//1 4164//1 4391//1
f 4391//1 4165//1 4392//1
f 4392//1 4166//1 4393//1
f 4393//1 4167//1 4394//1
f 4394//1 4168//1 4395//1
f 4395//1 4169//1 4396//1
f 4396//1 4170//1 4397//1
f 4397//1 4171//1 4398//1
f 4398//1 4172//1 4399//1
f 4399//1 4173//1 4400//1
f 4400//1 4174//1 4401//1
f 4401//1 4175//1 4402//1
f 4402//1 4176//1 4403//1
f 4403//1 4177//1 4404//1
f 4404//1 4178//1 4405//1
f 4405//1 4179//1 4406//1
f 4406//1 4180//1 4407//1
f 4407//1 4181//1 4408//1
f 4408//1 4182//1 4409//1
f 4409//1 4183//1 4410//1
f 4410//1 4183//1 4411//1
f 4411//1 4184//1 4412//1
f 4412//1 4185//1 4413//1
f 4413//1 4186//1 4414//1
f 4414//1 4187//1 4415//1
f 4415//1 4188//1 4416//1
f 4416//1 4189//1 4417//1
f 4417//1 4190//1 4418//1
f 4418//1 4191//1 4419//1
f 4419//1 4192//1 4420//1
f 4420//1 4193//1 4421//1
f 4421//1 4194//1 4422//1
f 4422//1 4195//1 4423//1
f 4423//1 4196//1 4424//1
f 4424//1 4197//1 4425//1
f 4425//1 4198//1 4426//1
f 4426//1 4199//1 4427//1
f 4427//1 4200//1 4428//1
f 4428//1 4201//1 4429//1
f 4429//1 4202//1 4430//1
f 4430//1 4203//1 4431//1
f 4431//1 4204//1 4432//1
f 4432//1 4205//1 4433//1
f 4433//1 4206//1 4434//1
f 4434//1 4207//1 4435//1
f 4435//1 4208//1 4436//1
f 4436//1 4209//1 4437//1
f 4437//1 4210//1 4438//1
f 4438//1 4211//1 4439//1
f 4439//1 4212//1 4440//1
f 4440//1 4213//1 4441//1
f 4441//1 4214//1 4442//1
f 4442//1 4215//1 4443//1
f 4443//1 4216//1 4444//1
f 4444//1 4217//1 4445//1
f 4445//1 4218//1 4446//1
f 4446//1 4219//1 4447//1
f 4447//1 3998//1 4220//1
f 4448//1 4220//1 4449//1
f 4449//1 4221//1 4450//1
f 4450//1 4222//1 4451//1
f 4451//1 4223//1 4452//1
f 4452//1 4224//1 4453//1
f 4453//1 4225//1 4454//1
f 4454//1 4226//1 4455//1
f 4455//1 4227//1 4456//1
f 4456//1 4228//1 4457//1
f 4457//1 4229//1 4458//1
f 4458//1 4230//1 4459//1
f 4459//1 4231//1 4460//1
f 4460//1 4232//1 4461//1
f 4461//1 4233//1 4462//1
f 4462//1 4234//1 4463//1
f 4463//1 4235//1 4464//1
f 4464//1 4236//1 4465//1
f 4465//24 4237//24 4466//24
f 4466//1 4238//1 4467//1
f 4467//1 4239//1 4468//1
f 4468//1 4240//1 4469//1
f 4469//100 4241//100 4470//100
f 4470//1 4242//1 4471//1
f 4471//1 4243//1 4472//1
f 4472//1 4244//1 4473//1
f 4473//1 4245//1 4474//1
f 4474//1 4246//1 4475//1
f 4475//1 4247//1 4476//1
f 4476//1 4248//1 4477//1
f 4477//1 4249//1 4478//1
f 4478//1 4250//1 4479//1
f 4479//1 4251//1 4480//1
f 4480//1 4252//1 4481//1
f 4481//1 4253//1 4482//1
f 4482//1 4254//1 4483//1
f 4483//1 4255//1 4484//1
f 4484//1 4256//1 4485//1
f 4485//1 4257//1 4486//1
f 4486//1 4258//1 4487//1
f 4487//1 4258//1 4488//1
f 4488//1 4259//1 4489//1
f 4489//1 4260//1 4490//1
f 4490//1 4261//1 4491//1
f 4491//1 4262//1 4492//1
f 4492//1 4263//1 4493//1
f 4493//1 4264//1 4494//1
f 4494//1 4265//1 4495//1
f 4495//1 4266//1 4496//1
f 4496//1 4267//1 4497//1
f 4497//1 4268//1 4498//1
f 4498//1 4269//1 4499//1
f 4499//1 4270//1 4500//1
f 4500//1 4271//1 4501//1
f 4501//1 4272//1 4502//1
f 4502//1 4273//1 4503//1
f 4503//1 4274//1 4504//1
f 4504//1 4275//1 4505//1
f 4505//1 4276//1 4506//1
f 4506//1 4277//1 4507//1
f 4507//1 4278//1 4508//1
f 4508//1 4279//1 4509//1
f 4509//1 4280//1 4510//1
f 4510//1 4281//1 4511//1
f 4511//1 4282//1 4512//1
f 4512//1 4283//1 4513//1
f 4513//1 4284//1 4514//1
f 4514//1 4285//1 4515//1
f 4515//1 4286//1 4516//1
f 4516//1 4287//1 4517//1
f 4517//1 4288//1 4518//1
f 4518//1 4289//1 4519//1
f 4519//1 4290//1 4520//1
f 4520//1 4291//1 4521//1
f 4521//1 4292//1 4522//1
f 4522//1 4293//1 4523//1
f 4523//1 4294//1 4524//1
f 4524//1 4295//1 4525//1
f 4525//1 4296//1 4526//1
f 4526//1 4296//1 4527//1
f 4527//1 4297//1 4528//1
f 4528//1 4298//1 4529//1
f 4529//1 4299//1 4530//1
f 4530//1 4300//1 4531//1
f 4531//1 4301//1 4532//1
f 4532//1 4302//1 4533//1
f 4533//1 4303//1 4534//1
f 4534//1 4304//1 4535//1
f 4535//1 4305//1 4536//1
f 4536//1 4306//1 4537//1
f 4537//1 4307//1 4538//1
f 4538//1 4308//1 4539//1
f 4539//1 4309//1 4540//1
f 4540//1 4310//1 4541//1
f 4541//1 4311//1 4542//1
f 4542//89 4312//89 4543//89
f 4543//1 4313//1 4544//1
f 4544//1 4314//1 4545//1
f 4545//1 4315//1 4546//1
f 4546//1 4316//1 4547//1
f 4547//1 4317//1 4548//1
f 4548//1 4318//1 4549//1
f 4549//67 4319//67 4550//67
f 4550//1 4320//1 4551//1
f 4551//1 4321//1 4552//1
f 4552//1 4322//1 4553//1
f 4553//1 4323//1 4554//1
f 4554//1 4324//1 4555//1
f 4555//1 4325//1 4556//1
f 4556//1 4326//1 4557//1
f 4557//1 4327//1 4558//1
f 4558//1 4328//1 4559//1
f 4559//1 4329//1 4560//1
f 4560//1 4330//1 4561//1
f 4561//1 4331//1 4562//1
f 4562//1 4332//1 4563//1
f 4563//1 4333//1 4564//1
f 4564//1 4334//1 4565//1
f 4565//1 4334//1 4566//1
f 4566//1 4335//1 4567//1
f 4567//1 4336//1 4568//1
f 4568//1 4337//1 4569//1
f 4569//1 4338//1 4570//1
f 4570//1 4339//1 4571//1
f 4571//1 4340//1 4572//1
f 4572//1 4341//1 4573//1
f 4573//1 4342//1 4574//1
f 4574//1 4343//1 4575//1
f 4575//1 4344//1 4576//1
f 4576//1 4345//1 4577//1
f 4577//1 4346//1 4578//1
f 4578//1 4347//1 4579//1
f 4579//1 4348//1 4580//1
f 4580//1 4349//1 4581//1
f 4581//1 4350//1 4582//1
f 4582//1 4351//1 4583//1
f 4583//1 4352//1 4584//1
f 4584//1 4353//1 4585//1
f 4585//1 4354//1 4586//1
f 4586//1 4355//1 4587//1
f 4587//1 4356//1 4588//1
f 4588//1 4357//1 4589//1
f 4589//1 4358//1 4590//1
f 4590//1 4359//1 4591//1
f 4591//1 4360//1 4592//1
f 4592//1 4361//1 4593//1
f 4593//1 4362//1 4594//1
f 4594//1 4363//1 4595//1
f 4595//1 4364//1 4596//1
f 4596//1 4365//1 4597//1
f 4597//1 4366//1 4598//1
f 4598//1 4367//1 4599//1
f 4599//1 4368//1 4600//1
f 4600//1 4369//1 4601//1
f 4601//1 4370//1 4602//1
f 4602//1 4371//1 4603//1
f 4603//1 4372//1 4604//1
f 4604//1 4372//1 4605//1
f 4605//1 4373//1 4606//1
f 4606//1 4374//1 4607//1
f 4607//1 4375//1 4608//1
f 4608//1 4376//1 4609//1
f 4609//1 4377//1 4610//1
f 4610//1 4378//1 4611//1
f 4611//1 4379//1 4612//1
f 4612//1 4380//1 4613//1
f 4613//1 4381//1 4614//1
f 4614//1 4382//1 4615//1
f 4615//1 4383//1 4616//1
f 4616//1 4384//1 4617//1
f 4617//1 4385//1 4618//1
f 4618//1 4386//1 4619//1
f 4619//1 4387//1 4620//1
f 4620//1 4388//1 4621//1
f 4621//1 4389//1 4622//1
f 4622//1 4390//1 4623//1
f 4623//1 4391//1 4624//1
f 4624//1 4392//1 4625//1
f 4625//1 4393//1 4626//1
f 4626//1 4394//1 4627//1
f 4627//1 4395//1 4628//1
f 4628//1 4396//1 4629//1
f 4629//1 4397//1 4630//1
f 4630//1 4398//1 4631//1
f 4631//1 4399//1 4632//1
f 4632//1 4400//1 4633//1
f 4633//1 4401//1 4634//1
f 4634//1 4402//1 4635//1
f 4635//1 4403//1 4636//1
f 4636//1 4404//1 4637//1
f 4637//1 4405//1 4638//1
f 4638//1 4406//1 4639//1
f 4639//1 4407//1 4640//1
f 4640//1 4408//1 4641//1
f 4641//1 4409//1 4642//1
f 4642//1 4410//1 4643//1
f 4643//1 4410//1 4644//1
f 4644//1 4411//1 4645//1
f 4645//1 4412//1 4646//1
f 4646//1 4413//1 4647//1
f 4647//1 4414//1 4648//1
f 4648//1 4415//1 4649//1
f 4649//1 4416//1 4650//1
f 4650//1 4417//1 4651//1
f 4651//1 4418//1 4652//1
f 4652//1 4419//1 4653//1
f 4653//1 4420//1 4654//1
f 4654//1 4421//1 4655//1
f 4655//1 4422//1 4656//1
f 4656//1 4423//1 4657//1
f 4657//1 4424//1 4658//1
f 4658//1 4425//1 4659//1
f 4659//1 4426//1 4660//1
f 4660//1 4427//1 4661//1
f 4661//1 4428//1 4662//1
f 4662//1 4429//1 4663//1
f 4663//1 4430//1 4664//1
f 4664//1 4431//1 4665//1
f 4665//1 4432//1 4666//1
f 4666//1 4433//1 4667//1
f 4667//1 4434//1 4668//1
f 4668//1 4435//1 4669//1
f 4669//1 4436//1 4670//1
f 4670//1 4437//1 4671//1
f 4671//1 4438//1 4672//1
f 4672//1 4439//1 4673//1
f 4673//1 4440//1 4674//1
f 4674//1 4441//1 4675//1
f 4675//1 4442//1 4676//1
f 4676//1 4443//1 4677//1
f 4677//1 4444//1 4678//1
f 4678//1 4445//1 4679//1
f 4679//1 4446//1 4680//1
f 4680//1 4447//1 4681//1
f 4681//1 4220//1 4448//1
f 4682//1 4448//1 4683//1
f 4683//1 4449//1 4684//1
f 4684//1 4450//1 4685//1
f 4685//1 4451//1 4686//1
f 4686//1 4452//1 4687//1
f 4687//1 4453//1 4688//1
f 4688//1 4454//1 4689//1
f 4689//1 4455//1 4690//1
f 4690//1 4456//1 4691//1
f 4691//1 4457//1 4692//1
f 4692//1 4458//1 4693//1
f 4693//1 4459//1 4694//1
f 4694//1 4460//1 4695//1
f 4695//1 4461//1 4696//1
f 4696//1 4462//1 4697//1
f 4697//1 4463//1 4698//1
f 4698//1 4464//1 4699//1
f 4699//60 4465//60 4700//60
f 4700//1 4466//1 4701//1
f 4701//1 4467//1 4702//1
f 4702//1 4468//1 4703//1
f 4703//1 4469//1 4704//1
f 4704//100 4470//100 4705//100
f 4705//1 4471//1 4706//1
f 4706//1 4472//1 4707//1
f 4707//1 4473//1 4708//1
f 4708//1 4474//1 4709//1
f 4709//1 4475//1 4710//1
f 4710//1 4476//1 4711//1
f 4711//1 4477//1 4712//1
f 4712//1 4478//1 4713//1
f 4713//1 4479//1 4714//1
f 4714//1 4480//1 4715//1
f 4715//1 4481//1 4716//1
f 4716//1 4482//1 4717//1
f 4717//1 4483//1 4718//1
f 4718//1 4484//1 4719//1
f 4719//1 4485//1 4720//1
f 4720//1 4486//1 4721//1
f 4721//1 4487//1 4722//1
f 4722//1 4487//1 4723//1
f 4723//1 4488//1 4724//1
f 4724//1 4489//1 4725//1
f 4725//1 4490//1 4726//1
f 4726//1 4491//1 4727//1
f 4727//1 4492//1 4728//1
f 4728//1 4493//1 4729//1
f 4729//1 4494//1 4730//1
f 4730//1 4495//1 4731//1
f 4731//1 4496//1 4732//1
f 4732//1 4497//1 4733//1
f 4733//1 4498//1 4734//1
f 4734//1 4499//1 4735//1
f 4735//1 4500//1 4736//1
f 4736//1 4501//1 4737//1
f 4737//1 4502//1 4738//1
f 4738//1 4503//1 4739//1
f 4739//1 4504//1 4740//1
f 4740//1 4505//1 4741//1
f 4741//1 4506//1 4742//1
f 4742//1 4507//1 4743//1
f 4743//1 4508//1 4744//1
f 4744//1 4509//1 4745//1
f 4745//1 4510//1 4746//1
f 4746//1 4511//1 4747//1
f 4747//1 4512//1 4748//1
f 4748//1 4513//1 4749//1
f 4749//1 4514//1 4750//1
f 4750//1 4515//1 4751//1
f 4751//1 4516//1 4752//1
f 4752//1 4517//1 4753//1
f 4753//1 4518//1 4754//1
f 4754//1 4519//1 4755//1
f 4755//1 4520//1 4756//1
f 4756//1 4521//1 4757//1
f 4757//1 4522//1 4758//1
f 4758//1 4523//1 4759//1
f 4759//1 4524//1 4760//1
f 4760//1 4525//1 4761//1
f 4761//1 4526//1 4762//1
f 4762//1 4526//1 4763//1
f 4763//1 4527//1 4764//1
f 4764//1 4528//1 4765//1
f 4765//1 4529//1 4766//1
f 4766//1 4530//1 4767//1
f 4767//1 4531//1 4768//1
f 4768//1 4532//1 4769//1
f 4769//1 4533//1 4770//1
f 4770//1 4534//1 4771//1
f 4771//1 4535//1 4772//1
f 4772//1 4536//1 4773//1
f 4773//1 4537//1 4774//1
f 4774//1 4538//1 4775//1
f 4775//1 4539//1 4776//1
f 4776//1 4540//1 4777//1
f 4777//1 4541//1 4778//1
f 4778//1 4542//1 4779//1
f 4779//84 4543//84 4780//84
f 4780//1 4544//1 4781//1
f 4781//1 4545//1 4782//1
f 4782//1 4546//1 4783//1
f 4783//1 4547//1 4784//1
f 4784//67 4548//67 4785//67
f 4785//100 4549//100 4786//100
f 4786//1 4550//1 4787//1
f 4787//1 4551//1 4788//1
f 4788//1 4552//1 4789//1
f 4789//1 4553//1 4790//1
f 4790//1 4554//1 4791//1
f 4791//1 4555//1 4792//1
f 4792//1 4556//1 4793//1
f 4793//1 4557//1 4794//1
f 4794//1 4558//1 4795//1
f 4795//1 4559//1 4796//1
f 4796//1 4560//1 4797//1
f 4797//1 4561//1 4798//1
f 4798//1 4562//1 4799//1
f 4799//1 4563//1 4800//1
f 4800//1 4564//1 4801//1
f 4801//1 4565//1 4802//1
f 4802//1 4565//1 4803//1
f 4803//1 4566//1 4804//1
f 4804//1 4567//1 4805//1
f 4805//1 4568//1 4806//1
f 4806//1 4569//1 4807//1
f 4807//1 4570//1 4808//1
f 4808//1 4571//1 4809//1
f 4809//1 4572//1 4810//1
f 4810//1 4573//1 4811//1
f 4811//1 4574//1 4812//1
f 4812//1 4575//1 4813//1
f 4813//1 4576//1 4814//1
f 4814//1 4577//1 4815//1
f 4815//1 4578//1 4816//1
f 4816//1 4579//1 4817//1
f 4817//1 4580//1 4818//1
f 4818//1 4581//1 4819//1
f 4819//1 4582//1 4820//1
f 4820//1 4583//1 4821//1
f 4821//1 4584//1 4822//1
f 4822//1 4585//1 4823//1
f 4823//1 4586//1 4824//1
f 4824//1 4587//1 4825//1
f 4825//1 4588//1 4826//1
f 4826//1 4589//1 4827//1
f 4827//1 4590//1 4828//1
f 4828//1 4591//1 4829//1
f 4829//1 4592//1 4830//1
f 4830//1 4593//1 4831//1
f 4831//1 4594//1 4832//1
f 4832//1 4595//1 4833//1
f 4833//1 4596//1 4834//1
f 4834//1 4597//1 4835//1
f 4835//1 4598//1 4836//1
f 4836//1 4599//1 4837//1
f 4837//1 4600//1 4838//1
f 4838//1 4601//1 4839//1
f 4839//1 4602//1 4840//1
f 4840//1 4603//1 4841//1
f 4841//1 4604//1 4842//1
f 4842//1 4604//1 4843//1
f 4843//1 4605//1 4844//1
f 4844//1 4606//1 4845//1
f 4845//1 4607//1 4846//1
f 4846//1 4608//1 4847//1
f 4847//1 4609//1 4848//1
f 4848//1 4610//1 4849//1
f 4849//1 4611//1 4850//1
f 4850//1 4612//1 4851//1
f 4851//1 4613//1 4852//1
f 4852//1 4614//1 4853//1
f 4853//1 4615//1 4854//1
f 4854//1 4616//1 4855//1
f 4855//1 4617//1 4856//1
f 4856//1 4618//1 4857//1
f 4857//1 4619//1 4858//1
f 4858//1 4620//1 4859//1
f 4859//1 4621//1 4860//1
f 4860//1 4622//1 4861//1
f 4861//1 4623//1 4862//1
f 4862//1 4624//1 4863//1
f 4863//1 4625//1 4864//1
f 4864//1 4626//1 4865//1
f 4865//1 4627//1 4866//1
f 4866//1 4628//1 4867//1
f 4867//1 4629//1 4868//1
f 4868//1 4630//1 4869//1
f 4869//1 4631//1 4870//1
f 4870//1 4632//1 4871//1
f 4871//1 4633//1 4872//1
f 4872//1 4634//1 4873//1
f 4873//1 4635//1 4874//1
f 4874//1 4636//1 4875//1
f 4875//1 4637//1 4876//1
f 4876//1 4638//1 4877//1
f 4877//1 4639//1 4878//1
f 4878//1 4640//1 4879//1
f 4879//1 4641//1 4880//1
f 4880//1 4642//1 4881//1
f 4881//1 4643//1 4882//1
f 4882//1 4643//1 4883//1
f 4883//1 4644//1 4884//1
f 4884//1 4645//1 4885//1
f 4885//1 4646//1 4886//1
f 4886//1 4647//1 4887//1
f 4887//1 4648//1 4888//1
f 4888//1 4649//1 4889//1
f 4889//1 4650//1 4890//1
f 4890//1 4651//1 4891//1
f 4891//1 4652//1 4892//1
f 4892//1 4653//1 4893//1
f 4893//1 4654//1 4894//1
f 4894//1 4655//1 4895//1
f 4895//1 4656//1 4896//1
f 4896//1 4657//1 4897//1
f 4897//1 4658//1 4898//1
f 4898//1 4659//1 4899//1
f 4899//1 4660//1 4900//1
f 4900//1 4661//1 4901//1
f 4901//1 4662//1 4902//1
f 4902//1 4663//1 4903//1
f 4903//1 4664//1 4904//1
f 4904//1 4665//1 4905//1
f 4905//1 4666//1 4906//1
f 4906//1 4667//1 4907//1
f 4907//1 4668//1 4908//1
f 4908//1 4669//1 4909//1
f 4909//1 4670//1 4910//1
f 4910//1 4671//1 4911//1
f 4911//1 4672//1 4912//1
f 4912//1 4673//1 4913//1
f 4913//1 4674//1 4914//1
f 4914//1 4675//1 4915//1
f 4915//1 4676//1 4916//1
f 4916//1 4677//1 4917//1
f 4917//1 4678//1 4918//1
f 4918//1 4679//1 4919//1
f 4919//1 4680//1 4920//1
f 4920//1 4681//1 4921//1
f 4921//1 4448//1 4682//1
f 3//1 9//1 2//1
f 4//1 11//1 3//1
f 5//1 13//1 4//1
f 6//1 15//1 5//1
f 7//1 17//1 6//1
f 2//1 19//1 7//1
f 9//1 21//1 8//1
f 10//1 22//1 9//1
f 11//1 24//1 10//1
f 12//1 25//1 11//1
f 13//1 27//1 12//1
f 14//1 28//1 13//1
f 15//1 30//1 14//1
f 16//1 31//1 15//1
f 17//2 33//2 16//2
f 18//2 34//2 17//2
f 19//1 36//1 18//1
f 8//1 37//1 19//1
f 21//1 39//1 20//1
f 22//1 40//1 21//1
f 23//1 41//1 22//1
f 24//1 43//1 23//1
f 25//1 44//1 24//1
f 26//1 45//1 25//1
f 27//1 47//1 26//1
f 28//1 48//1 27//1
f 29//1 49//1 28//1
f 30//1 51//1 29//1
f 31//1 52//1 30//1
f 32//2 53//2 31//2
f 33//1 55//1 32//1
f 34//1 56//1 33//1
f 35//1 57//1 34//1
f 36//2 59//2 35//2
f 37//1 60//1 36//1
f 20//1 61//1 37//1
f 39//1 63//1 38//1
f 40//1 64//1 39//1
f 41//1 65//1 40//1
f 42//1 66//1 41//1
f 43//1 68//1 42//1
f 44//1 69//1 43//1
f 45//1 70//1 44//1
f 46//1 71//1 45//1
f 47//1 73//1 46//1
f 48//1 74//1 47//1
f 49//1 75//1 48//1
f 50//1 76//1 49//1
f 51//1 78//1 50//1
f 52//3 79//3 51//3
f 53//2 80//2 52//2
f 54//1 81//1 53//1
f 55//1 83//1 54//1
f 56//1 84//1 55//1
f 57//1 85//1 56//1
f 58//1 86//1 57//1
f 59//1 88//1 58//1
f 60//2 89//2 59//2
f 61//1 90//1 60//1
f 38//1 91//1 61//1
f 63//1 93//1 62//1
f 64//1 94//1 63//1
f 65//1 95//1 64//1
f 66//1 96//1 65//1
f 67//1 97//1 66//1
f 68//1 99//1 67//1
f 69//1 100//1 68//1
f 70//1 101//1 69//1
f 71//1 102//1 70//1
f 72//1 103//1 71//1
f 73//1 105//1 72//1
f 74//1 106//1 73//1
f 75//1 107//1 74//1
f 76//1 108//1 75//1
f 77//1 109//1 76//1
f 78//1 111//1 77//1
f 79//2 112//2 78//2
f 80//1 113//1 79//1
f 81//1 114//1 80//1
f 82//1 115//1 81//1
f 83//1 117//1 82//1
f 84//1 118//1 83//1
f 85//1 119//1 84//1
f 86//1 120//1 85//1
f 87//1 121//1 86//1
f 88//1 123//1 87//1
f 89//1 124//1 88//1
f 90//2 125//2 89//2
f 91//1 126//1 90//1
f 62//1 127//1 91//1
f 93//1 129//1 92//1
f 94//1 130//1 93//1
f 95//1 131//1 94//1
f 96//1 132//1 95//1
f 97//1 133//1 96//1
f 98//1 134//1 97//1
f 99//1 136//1 98//1
f 100//1 137//1 99//1
f 101//1 138//1 100//1
f 102//1 139//1 101//1
f 103//1 140//1 102//1
f 104//1 141//1 103//1
f 105//1 143//1 104//1
f 106//1 144//1 105//1
f 107//1 145//1 106//1
f 108//1 146//1 107//1
f 109//1 147//1 108//1
f 110//1 148//1 109//1
f 111//3 150//3 110//3
f 112//2 151//2 111//2
f 113//1 152//1 112//1
f 114//1 153//1 113//1
f 115//1 154//1 114//1
f 116//1 155//1 115//1
f 117//1 157//1 116//1
f 118//1 158//1 117//1
f 119//1 159//1 118//1
f 120//1 160//1 119//1
f 121//1 161//1 120//1
f 122//1 162//1 121//1
f 123//1 164//1 122//1
f 124//1 165//1 123//1
f 125//1 166//1 124//1
f 126//2 167//2 125//2
f 127//4 168//4 126//4
f 92//1 169//1 127//1
f 129//1 171//1 128//1
f 130//1 172//1 129//1
f 131//1 173//1 130//1
f 132//1 174//1 131//1
f 133//1 175//1 132//1
f 134//1 176//1 133//1
f 135//1 177//1 134//1
f 136//1 179//1 135//1
f 137//1 180//1 136//1
f 138//1 181//1 137//1
f 139//1 182//1 138//1
f 140//1 183//1 139//1
f 141//1 184//1 140//1
f 142//1 185//1 141//1
f 143//1 187//1 142//1
f 144//1 188//1 143//1
f 145//1 189//1 144//1
f 146//1 190//1 145//1
f 147//1 191//1 146//1
f 148//1 192//1 147//1
f 149//1 193//1 148//1
f 150//2 195//2 149//2
f 151//1 196//1 150//1
f 152//1 197//1 151//1
f 153//1 198//1 152//1
f 154//1 199//1 153//1
f 155//1 200//1 154//1
f 156//1 201//1 155//1
f 157//1 203//1 156//1
f 158//1 204//1 157//1
f 159//1 205//1 158//1
f 160//1 206//1 159//1
f 161//1 207//1 160//1
f 162//1 208//1 161//1
f 163//1 209//1 162//1
f 164//1 211//1 163//1
f 165//1 212//1 164//1
f 166//1 213//1 165//1
f 167//1 214//1 166//1
f 168//1 215//1 167//1
f 169//2 216//2 168//2
f 128//1 217//1 169//1
f 171//1 219//1 170//1
f 172//1 220//1 171//1
f 173//1 221//1 172//1
f 174//1 222//1 173//1
f 175//1 223//1 174//1
f 176//1 224//1 175//1
f 177//1 225//1 176//1
f 178//1 226//1 177//1
f 179//1 228//1 178//1
f 180//1 229//1 179//1
f 181//1 230//1 180//1
f 182//1 231//1 181//1
f 183//1 232//1 182//1
f 184//1 233//1 183//1
f 185//1 234//1 184//1
f 186//1 235//1 185//1
f 187//1 237//1 186//1
f 188//1 238//1 187//1
f 189//1 239//1 188//1
f 190//1 240//1 189//1
f 191//1 241//1 190//1
f 192//1 242//1 191//1
f 193//1 243//1 192//1
f 194//1 244//1 193//1
f 195//2 246//2 194//2
f 196//1 247//1 195//1
f 197//1 248//1 196//1
f 198//1 249//1 197//1
f 199//1 250//1 198//1
f 200//1 251//1 199//1
f 201//1 252//1 200//1
f 202//6 253//6 201//6
f 203//5 255//5 202//5
f 204//5 256//5 203//5
f 205//5 257//5 204//5
f 206//5 258//5 205//5
f 207//1 259//1 206//1
f 208//1 260//1 207//1
f 209//1 261//1 208//1
f 210//5 262//5 209//5
f 211//1 264//1 210//1
f 212//1 265//1 211//1
f 213//1 266//1 212//1
f 214//1 267//1 213//1
f 215//1 268//1 214//1
f 216//1 269//1 215//1
f 217//2 270//2 216//2
f 170//4 271//4 217//4
f 219//1 273//1 218//1
f 220//1 274//1 219//1
f 221//1 275//1 220//1
f 222//1 276//1 221//1
f 223//1 277//1 222//1
f 224//1 278//1 223//1
f 225//1 279//1 224//1
f 226//1 280//1 225//1
f 227//1 281//1 226//1
f 228//1 283//1 227//1
f 229//1 284//1 228//1
f 230//1 285//1 229//1
f 231//1 286//1 230//1
f 232//1 287//1 231//1
f 233//1 288//1 232//1
f 234//1 289//1 233//1
f 235//1 290//1 234//1
f 236//1 291//1 235//1
f 237//1 293//1 236//1
f 238//1 294//1 237//1
f 239//1 295//1 238//1
f 240//1 296//1 239//1
f 241//1 297//1 240//1
f 242//1 298//1 241//1
f 243//1 299//1 242//1
f 244//1 300//1 243//1
f 245//1 301//1 244//1
f 246//2 303//2 245//2
f 247//1 304//1 246//1
f 248//1 305//1 247//1
f 249//1 306//1 248//1
f 250//1 307//1 249//1
f 251//1 308//1 250//1
f 252//1 309//1 251//1
f 253//5 310//5 252//5
f 254//1 311//1 253//1
f 255//1 313//1 254//1
f 256//1 314//1 255//1
f 257//1 315//1 256//1
f 258//1 316//1 257//1
f 259//6 317//6 258//6
f 260//5 318//5 259//5
f 261//5 319//5 260//5
f 262//7 320//7 261//7
f 263//1 321//1 262//1
f 264//5 323//5 263//5
f 265//7 324//7 264//7
f 266//1 325//1 265//1
f 267//1 326//1 266//1
f 268//1 327//1 267//1
f 269//1 328//1 268//1
f 270//1 329//1 269//1
f 271//1 330//1 270//1
f 218//2 331//2 271//2
f 273//4 333//4 272//4
f 274//1 334//1 273//1
f 275//1 335//1 274//1
f 276//1 336//1 275//1
f 277//1 337//1 276//1
f 278//1 338//1 277//1
f 279//1 339//1 278//1
f 280//1 340//1 279//1
f 281//1 341//1 280//1
f 282//1 342//1 281//1
f 283//1 344//1 282//1
f 284//1 345//1 283//1
f 285//1 346//1 284//1
f 286//1 347//1 285//1
f 287//1 348//1 286//1
f 288//1 349//1 287//1
f 289//1 350//1 288//1
f 290//1 351//1 289//1
f 291//1 352//1 290//1
f 292//1 353//1 291//1
f 293//1 355//1 292//1
f 294//1 356//1 293//1
f 295//1 357//1 294//1
f 296//1 358//1 295//1
f 297//1 359//1 296//1
f 298//1 360//1 297//1
f 299//1 361//1 298//1
f 300//1 362//1 299//1
f 301//1 363//1 300//1
f 302//2 364//2 301//2
f 303//1 366//1 302//1
f 304//1 367//1 303//1
f 305//1 368//1 304//1
f 306//1 369//1 305//1
f 307//1 370//1 306//1
f 308//1 371//1 307//1
f 309//1 372//1 308//1
f 310//5 373//5 309//5
f 311//1 374//1 310//1
f 312//1 375//1 311//1
f 313//1 377//1 312//1
f 314//1 378//1 313//1
f 315//1 379//1 314//1
f 316//1 380//1 315//1
f 317//1 381//1 316//1
f 318//1 382//1 317//1
f 319//1 383//1 318//1
f 320//1 384//1 319//1
f 321//1 385//1 320//1
f 322//1 386//1 321//1
f 323//1 388//1 322//1
f 324//1 389//1 323//1
f 325//5 390//5 324//5
f 326//1 391//1 325//1
f 327//1 392//1 326//1
f 328//1 393//1 327//1
f 329//1 394//1 328//1
f 330//1 395//1 329//1
f 331//1 396//1 330//1
f 272//1 397//1 331//1
f 333//1 399//1 332//1
f 334//2 400//2 333//2
f 335//1 401//1 334//1
f 336//1 402//1 335//1
f 337//1 403//1 336//1
f 338//1 404//1 337//1
f 339//1 405//1 338//1
f 340//1 406//1 339//1
f 341//1 407//1 340//1
f 342//1 408//1 341//1
f 343//1 409//1 342//1
f 344//1 411//1 343//1
f 345//1 412//1 344//1
f 346//1 413//1 345//1
f 347//1 414//1 346//1
f 348//1 415//1 347//1
f 349//1 416//1 348//1
f 350//1 417//1 349//1
f 351//1 418//1 350//1
f 352//1 419//1 351//1
f 353//1 420//1 352//1
f 354//1 421//1 353//1
f 355//1 423//1 354//1
f 356//1 424//1 355//1
f 357//1 425//1 356//1
f 358//1 426//1 357//1
f 359//1 427//1 358//1
f 360//1 428//1 359//1
f 361//1 429//1 360//1
f 362//1 430//1 361//1
f 363//1 431//1 362//1
f 364//1 432//1 363//1
f 365//3 433//3 364//3
f 366//1 435//1 365//1
f 367//1 436//1 366//1
f 368//1 437//1 367//1
f 369//1 438//1 368//1
f 370//1 439//1 369//1
f 371//1 440//1 370//1
f 372//1 441//1 371//1
f 373//5 442//5 372//5
f 374//1 443//1 373//1
f 375//1 444//1 374//1
f 376//1 445//1 375//1
f 377//1 447//1 376//1
f 378//1 448//1 377//1
f 379//1 449//1 378//1
f 380//1 450//1 379//1
f 381//1 451//1 380//1
f 382//1 452//1 381//1
f 383//1 453//1 382//1
f 384//1 454//1 383//1
f 385//1 455//1 384//1
f 386//1 456//1 385//1
f 387//1 457//1 386//1
f 388//1 459//1 387//1
f 389//1 460//1 388//1
f 390//1 461//1 389//1
f 391//5 462//5 390//5
f 392//7 463//7 391//7
f 393//1 464//1 392//1
f 394//1 465//1 393//1
f 395//1 466//1 394//1
f 396//1 467//1 395//1
f 397//1 468//1 396//1
f 332//1 469//1 397//1
f 399//1 471//1 398//1
f 400//2 472//2 399//2
f 401//1 473//1 400//1
f 402//1 474//1 401//1
f 403//1 475//1 402//1
f 404//1 476//1 403//1
f 405//1 477//1 404//1
f 406//1 478//1 405//1
f 407//1 479//1 406//1
f 408//1 480//1 407//1
f 409//1 481//1 408//1
f 410//1 482//1 409//1
f 411//1 484//1 410//1
f 412//1 485//1 411//1
f 413//1 486//1 412//1
f 414//1 487//1 413//1
f 415//1 488//1 414//1
f 416//1 489//1 415//1
f 417//1 490//1 416//1
f 418//1 491//1 417//1
f 419//1 492//1 418//1
f 420//1 493//1 419//1
f 421//1 494//1 420//1
f 422//1 495//1 421//1
f 423//1 497//1 422//1
f 424//1 498//1 423//1
f 425//1 499//1 424//1
f 426//1 500//1 425//1
f 427//1 501//1 426//1
f 428//1 502//1 427//1
f 429//1 503//1 428//1
f 430//1 504//1 429//1
f 431//1 505//1 430//1
f 432//1 506//1 431//1
f 433//2 507//2 432//2
f 434//1 508//1 433//1
f 435//1 510//1 434//1
f 436//1 511//1 435//1
f 437//1 512//1 436//1
f 438//1 513//1 437//1
f 439//1 514//1 438//1
f 440//1 515//1 439//1
f 441//6 516//6 440//6
f 442//5 517//5 441//5
f 443//1 518//1 442//1
f 444//1 519//1 443//1
f 445//1 520//1 444//1
f 446//1 521//1 445//1
f 447//1 523//1 446//1
f 448//1 524//1 447//1
f 449//1 525//1 448//1
f 450//1 526//1 449//1
f 451//1 527//1 450//1
f 452//1 528//1 451//1
f 453//1 529//1 452//1
f 454//1 530//1 453//1
f 455//1 531//1 454//1
f 456//1 532//1 455//1
f 457//1 533//1 456//1
f 458//1 534//1 457//1
f 459//1 536//1 458//1
f 460//1 537//1 459//1
f 461//1 538//1 460//1
f 462//1 539//1 461//1
f 463//1 540//1 462//1
f 464//5 541//5 463//5
f 465//1 542//1 464//1
f 466//1 543//1 465//1
f 467//1 544//1 466//1
f 468//1 545//1 467//1
f 469//1 546//1 468//1
f 398//1 547//1 469//1
f 471//1 549//1 470//1
f 472//4 550//4 471//4
f 473//1 551//1 472//1
f 474//1 552//1 473//1
f 475//1 553//1 474//1
f 476//1 554//1 475//1
f 477//1 555//1 476//1
f 478//1 556//1 477//1
f 479//1 557//1 478//1
f 480//1 558//1 479//1
f 481//1 559//1 480//1
f 482//1 560//1 481//1
f 483//1 561//1 482//1
f 484//1 563//1 483//1
f 485//1 564//1 484//1
f 486//1 565//1 485//1
f 487//1 566//1 486//1
f 488//1 567//1 487//1
f 489//1 568//1 488//1
f 490//1 569//1 489//1
f 491//1 570//1 490//1
f 492//1 571//1 491//1
f 493//1 572//1 492//1
f 494//1 573//1 493//1
f 495//1 574//1 494//1
f 496//1 575//1 495//1
f 497//1 577//1 496//1
f 498//1 578//1 497//1
f 499//1 579//1 498//1
f 500//1 580//1 499//1
f 501//1 581//1 500//1
f 502//1 582//1 501//1
f 503//1 583//1 502//1
f 504//1 584//1 503//1
f 505//1 585//1 504//1
f 506//1 586//1 505//1
f 507//1 587//1 506//1
f 508//3 588//3 507//3
f 509//1 589//1 508//1
f 510//1 591//1 509//1
f 511//1 592//1 510//1
f 512//1 593//1 511//1
f 513//1 594//1 512//1
f 514//1 595//1 513//1
f 515//6 596//6 514//6
f 516//5 597//5 515//5
f 517//1 598//1 516//1
f 518//1 599//1 517//1
f 519//1 600//1 518//1
f 520//1 601//1 519//1
f 521//1 602//1 520//1
f 522//1 603//1 521//1
f 523//1 605//1 522//1
f 524//1 606//1 523//1
f 525//1 607//1 524//1
f 526//1 608//1 525//1
f 527//1 609//1 526//1
f 528//1 610//1 527//1
f 529//1 611//1 528//1
f 530//1 612//1 529//1
f 531//1 613//1 530//1
f 532//1 614//1 531//1
f 533//1 615//1 532//1
f 534//1 616//1 533//1
f 535//1 617//1 534//1
f 536//1 619//1 535//1
f 537//1 620//1 536//1
f 538//1 621//1 537//1
f 539//1 622//1 538//1
f 540//1 623//1 539//1
f 541//1 624//1 540//1
f 542//5 625//5 541//5
f 543//7 626//7 542//7
f 544//1 627//1 543//1
f 545//1 628//1 544//1
f 546//1 629//1 545//1
f 547//1 630//1 546//1
f 470//1 631//1 547//1
f 549//1 633//1 548//1
f 550//1 634//1 549//1
f 551//4 635//4 550//4
f 552//1 636//1 551//1
f 553//1 637//1 552//1
f 554//1 638//1 553//1
f 555//1 639//1 554//1
f 556//1 640//1 555//1
f 557//1 641//1 556//1
f 558//1 642//1 557//1
f 559//1 643//1 558//1
f 560//1 644//1 559//1
f 561//1 645//1 560//1
f 562//1 646//1 561//1
f 563//1 648//1 562//1
f 564//1 649//1 563//1
f 565//1 650//1 564//1
f 566//1 651//1 565//1
f 567//1 652//1 566//1
f 568//1 653//1 567//1
f 569//1 654//1 568//1
f 570//1 655//1 569//1
f 571//1 656//1 570//1
f 572//1 657//1 571//1
f 573//1 658//1 572//1
f 574//1 659//1 573//1
f 575//1 660//1 574//1
f 576//1 661//1 575//1
f 577//1 663//1 576//1
f 578//1 664//1 577//1
f 579//1 665//1 578//1
f 580//1 666//1 579//1
f 581//1 667//1 580//1
f 582//1 668//1 581//1
f 583//1 669//1 582//1
f 584//1 670//1 583//1
f 585//1 671//1 584//1
f 586//1 672//1 585//1
f 587//1 673//1 586//1
f 588//2 674//2 587//2
f 589//1 675//1 588//1
f 590//1 676//1 589//1
f 591//1 678//1 590//1
f 592//1 679//1 591//1
f 593//1 680//1 592//1
f 594//1 681//1 593//1
f 595//6 682//6 594//6
f 596//5 683//5 595//5
f 597//1 684//1 596//1
f 598//1 685//1 597//1
f 599//1 686//1 598//1
f 600//1 687//1 599//1
f 601//1 688//1 600//1
f 602//1 689//1 601//1
f 603//1 690//1 602//1
f 604//1 691//1 603//1
f 605//1 693//1 604//1
f 606//1 694//1 605//1
f 607//1 695//1 606//1
f 608//1 696//1 607//1
f 609//1 697//1 608//1
f 610//1 698//1 609//1
f 611//1 699//1 610//1
f 612//1 700//1 611//1
f 613//1 701//1 612//1
f 614//1 702//1 613//1
f 615//1 703//1 614//1
f 616//1 704//1 615//1
f 617//1 705//1 616//1
f 618//1 706//1 617//1
f 619//1 708//1 618//1
f 620//1 709//1 619//1
f 621//1 710//1 620//1
f 622//1 711//1 621//1
f 623//1 712//1 622//1
f 624//1 713//1 623//1
f 625//1 714//1 624//1
f 626//1 715//1 625//1
f 627//5 716//5 626//5
f 628//1 717//1 627//1
f 629//1 718//1 628//1
f 630//1 719//1 629//1
f 631//1 720//1 630//1
f 548//1 721//1 631//1
f 633//1 723//1 632//1
f 634//1 724//1 633//1
f 635//1 725//1 634//1
f 636//2 726//2 635//2
f 637//1 727//1 636//1
f 638//1 728//1 637//1
f 639//1 729//1 638//1
f 640//1 730//1 639//1
f 641//1 731//1 640//1
f 642//1 732//1 641//1
f 643//1 733//1 642//1
f 644//1 734//1 643//1
f 645//1 735//1 644//1
f 646//1 736//1 645//1
f 647//1 737//1 646//1
f 648//1 739//1 647//1
f 649//1 740//1 648//1
f 650//1 741//1 649//1
f 651//1 742//1 650//1
f 652//1 743//1 651//1
f 653//1 744//1 652//1
f 654//1 745//1 653//1
f 655//1 746//1 654//1
f 656//1 747//1 655//1
f 657//1 748//1 656//1
f 658//1 749//1 657//1
f 659//1 750//1 658//1
f 660//1 751//1 659//1
f 661//1 752//1 660//1
f 662//1 753//1 661//1
f 663//1 755//1 662//1
f 664//1 756//1 663//1
f 665//1 757//1 664//1
f 666//1 758//1 665//1
f 667//1 759//1 666//1
f 668//1 760//1 667//1
f 669//1 761//1 668//1
f 670//1 762//1 669//1
f 671//1 763//1 670//1
f 672//1 764//1 671//1
f 673//1 765//1 672//1
f 674//1 766//1 673//1
f 675//3 767//3 674//3
f 676//1 768//1 675//1
f 677//1 769//1 676//1
f 678//1 771//1 677//1
f 679//1 772//1 678//1
f 680//1 773//1 679//1
f 681//1 774//1 680//1
f 682//5 775//5 681//5
f 683//1 776//1 682//1
f 684//1 777//1 683//1
f 685//1 778//1 684//1
f 686//1 779//1 685//1
f 687//12 780//11 686//12
f 688//12 781//13 687//12
f 689//1 782//1 688//1
f 690//1 783//1 689//1
f 691//1 784//1 690//1
f 692//1 785//1 691//1
f 693//1 787//1 692//1
f 694//1 788//1 693//1
f 695//1 789//1 694//1
f 696//1 790//1 695//1
f 697//1 791//1 696//1
f 698//1 792//1 697//1
f 699//1 793//1 698//1
f 700//1 794//1 699//1
f 701//1 795//1 700//1
f 702//1 796//1 701//1
f 703//1 797//1 702//1
f 704//1 798//1 703//1
f 705//1 799//1 704//1
f 706//1 800//1 705//1
f 707//1 801//1 706//1
f 708//1 803//1 707//1
f 709//1 804//1 708//1
f 710//1 805//1 709//1
f 711//1 806//1 710//1
f 712//1 807//1 711//1
f 713//1 808//1 712//1
f 714//1 809//1 713//1
f 715//1 810//1 714//1
f 716//1 811//1 715//1
f 717//5 812//5 716//5
f 718//7 813//7 717//7
f 719//1 814//1 718//1
f 720//1 815//1 719//1
f 721//1 816//1 720//1
f 632//1 817//1 721//1
f 723//1 819//1 722//1
f 724//1 820//1 723//1
f 725//1 821//1 724//1
f 726//4 822//4 725//4
f 727//1 823//1 726//1
f 728//1 824//1 727//1
f 729//1 825//1 728//1
f 730//1 826//1 729//1
f 731//1 827//1 730//1
f 732//1 828//1 731//1
f 733//1 829//1 732//1
f 734//1 830//1 733//1
f 735//1 831//1 734//1
f 736//1 832//1 735//1
f 737//1 833//1 736//1
f 738//1 834//1 737//1
f 739//1 836//1 738//1
f 740//1 837//1 739//1
f 741//1 838//1 740//1
f 742//1 839//1 741//1
f 743//1 840//1 742//1
f 744//1 841//1 743//1
f 745//1 842//1 744//1
f 746//1 843//1 745//1
f 747//1 844//1 746//1
f 748//1 845//1 747//1
f 749//1 846//1 748//1
f 750//1 847//1 749//1
f 751//1 848//1 750//1
f 752//1 849//1 751//1
f 753//1 850//1 752//1
f 754//1 851//1 753//1
f 755//1 853//1 754//1
f 756//1 854//1 755//1
f 757//1 855//1 756//1
f 758//1 856//1 757//1
f 759//1 857//1 758//1
f 760//1 858//1 759//1
f 761//1 859//1 760//1
f 762//1 860//1 761//1
f 763//1 861//1 762//1
f 764//1 862//1 763//1
f 765//1 863//1 764//1
f 766//1 864//1 765//1
f 767//3 865//3 766//3
f 768//1 866//1 767//1
f 769//1 867//1 768//1
f 770//1 868//1 769//1
f 771//1 870//1 770//1
f 772//1 871//1 771//1
f 773//1 872//1 772//1
f 774//6 873//6 773//6
f 775//5 874//5 774//5
f 776//1 875//1 775//1
f 777//1 876//1 776//1
f 778//1 877//1 777//1
f 779//1 878//1 778//1
f 780//10 879//17 779//8
f 781//13 880//18 780//11
f 782//15 881//20 781//14
f 783//1 882//1 782//1
f 784//1 883//1 783//1
f 785//1 884//1 784//1
f 786//1 885//1 785//1
f 787//1 887//1 786//1
f 788//1 888//1 787//1
f 789//1 889//1 788//1
f 790//1 890//1 789//1
f 791//1 891//1 790//1
f 792//1 892//1 791//1
f 793//1 893//1 792//1
f 794//1 894//1 793//1
f 795//1 895//1 794//1
f 796//1 896//1 795//1
f 797//1 897//1 796//1
f 798//1 898//1 797//1
f 799//1 899//1 798//1
f 800//1 900//1 799//1
f 801//1 901//1 800//1
f 802//1 902//1 801//1
f 803//1 904//1 802//1
f 804//1 905//1 803//1
f 805//1 906//1 804//1
f 806//1 907//1 805//1
f 807//1 908//1 806//1
f 808//1 909//1 807//1
f 809//1 910//1 808//1
f 810//1 911//1 809//1
f 811//1 912//1 810//1
f 812//1 913//1 811//1
f 813//1 914//1 812//1
f 814//5 915//5 813//5
f 815//7 916//7 814//7
f 816//7 917//7 815//7
f 817//1 918//1 816//1
f 722//1 919//1 817//1
f 819//1 921//1 818//1
f 820//1 922//1 819//1
f 821//1 923//1 820//1
f 822//1 924//1 821//1
f 823//4 925//4 822//4
f 824//1 926//1 823//1
f 825//1 927//1 824//1
f 826//1 928//1 825//1
f 827//1 929//1 826//1
f 828//1 930//1 827//1
f 829//1 931//1 828//1
f 830//1 932//1 829//1
f 831//1 933//1 830//1
f 832//1 934//1 831//1
f 833//1 935//1 832//1
f 834//1 936//1 833//1
f 835//1 937//1 834//1
f 836//1 939//1 835//1
f 837//1 940//1 836//1
f 838//1 941//1 837//1
f 839//1 942//1 838//1
f 840//1 943//1 839//1
f 841//1 944//1 840//1
f 842//1 945//1 841//1
f 843//1 946//1 842//1
f 844//1 947//1 843//1
f 845//1 948//1 844//1
f 846//1 949//1 845//1
f 847//1 950//1 846//1
f 848//1 951//1 847//1
f 849//1 952//1 848//1
f 850//1 953//1 849//1
f 851//1 954//1 850//1
f 852//1 955//1 851//1
f 853//1 957//1 852//1
f 854//1 958//1 853//1
f 855//1 959//1 854//1
f 856//1 960//1 855//1
f 857//1 961//1 856//1
f 858//1 962//1 857//1
f 859//1 963//1 858//1
f 860//1 964//1 859//1
f 861//1 965//1 860//1
f 862//1 966//1 861//1
f 863//1 967//1 862//1
f 864//1 968//1 863//1
f 865//2 969//2 864//2
f 866//1 970//1 865//1
f 867//1 971//1 866//1
f 868//1 972//1 867//1
f 869//1 973//1 868//1
f 870//1 975//1 869//1
f 871//6 976//6 870//6
f 872//6 977//6 871//6
f 873//5 978//5 872//5
f 874//1 979//1 873//1
f 875//1 980//1 874//1
f 876//1 981//1 875//1
f 877//1 982//1 876//1
f 878//22 983//21 877//12
f 879//17 984//16 878//16
f 880//1 985//1 879//1
f 881//20 986//19 880//19
f 882//15 987//20 881//20
f 883//1 988//1 882//1
f 884//1 989//1 883//1
f 885//1 990//1 884//1
f 886//1 991//1 885//1
f 887//1 993//1 886//1
f 888//1 994//1 887//1
f 889//1 995//1 888//1
f 890//1 996//1 889//1
f 891//1 997//1 890//1
f 892//1 998//1 891//1
f 893//1 999//1 892//1
f 894//1 1000//1 893//1
f 895//1 1001//1 894//1
f 896//1 1002//1 895//1
f 897//1 1003//1 896//1
f 898//1 1004//1 897//1
f 899//1 1005//1 898//1
f 900//1 1006//1 899//1
f 901//1 1007//1 900//1
f 902//1 1008//1 901//1
f 903//1 1009//1 902//1
f 904//1 1011//1 903//1
f 905//1 1012//1 904//1
f 906//1 1013//1 905//1
f 907//1 1014//1 906//1
f 908//1 1015//1 907//1
f 909//1 1016//1 908//1
f 910//1 1017//1 909//1
f 911//1 1018//1 910//1
f 912//1 1019//1 911//1
f 913//1 1020//1 912//1
f 914//1 1021//1 913//1
f 915//1 1022//1 914//1
f 916//1 1023//1 915//1
f 917//1 1024//1 916//1
f 918//5 1025//5 917//5
f 919//7 1026//7 918//7
f 818//7 1027//7 919//7
f 921//1 1029//1 920//1
f 922//1 1030//1 921//1
f 923//1 1031//1 922//1
f 924//1 1032//1 923//1
f 925//1 1033//1 924//1
f 926//2 1034//2 925//2
f 927//1 1035//1 926//1
f 928//1 1036//1 927//1
f 929//1 1037//1 928//1
f 930//1 1038//1 929//1
f 931//1 1039//1 930//1
f 932//1 1040//1 931//1
f 933//1 1041//1 932//1
f 934//1 1042//1 933//1
f 935//1 1043//1 934//1
f 936//1 1044//1 935//1
f 937//1 1045//1 936//1
f 938//1 1046//1 937//1
f 939//1 1048//1 938//1
f 940//1 1049//1 939//1
f 941//1 1050//1 940//1
f 942//1 1051//1 941//1
f 943//1 1052//1 942//1
f 944//1 1053//1 943//1
f 945//1 1054//1 944//1
f 946//1 1055//1 945//1
f 947//1 1056//1 946//1
f 948//1 1057//1 947//1
f 949//1 1058//1 948//1
f 950//1 1059//1 949//1
f 951//1 1060//1 950//1
f 952//1 1061//1 951//1
f 953//1 1062//1 952//1
f 954//1 1063//1 953//1
f 955//1 1064//1 954//1
f 956//1 1065//1 955//1
f 957//1 1067//1 956//1
f 958//1 1068//1 957//1
f 959//1 1069//1 958//1
f 960//1 1070//1 959//1
f 961//1 1071//1 960//1
f 962//1 1072//1 961//1
f 963//1 1073//1 962//1
f 964//1 1074//1 963//1
f 965//1 1075//1 964//1
f 966//1 1076//1 965//1
f 967//1 1077//1 966//1
f 968//1 1078//1 967//1
f 969//1 1079//1 968//1
f 970//2 1080//2 969//2
f 971//1 1081//1 970//1
f 972//1 1082//1 971//1
f 973//1 1083//1 972//1
f 974//1 1084//1 973//1
f 975//1 1086//1 974//1
f 976//5 1087//5 975//5
f 977//1 1088//1 976//1
f 978//1 1089//1 977//1
f 979//1 1090//1 978//1
f 980//1 1091//1 979//1
f 981//1 1092//1 980//1
f 982//1 1093//1 981//1
f 983//26 1094//25 982//25
f 984//28 1095//27 983//26
f 985//1 1096//1 984//1
f 986//1 1097//1 985//1
f 987//20 1098//19 986//19
f 988//15 1099//20 987//20
f 989//1 1100//1 988//1
f 990//1 1101//1 989//1
f 991//1 1102//1 990//1
f 992//1 1103//1 991//1
f 993//1 1105//1 992//1
f 994//1 1106//1 993//1
f 995//1 1107//1 994//1
f 996//1 1108//1 995//1
f 997//1 1109//1 996//1
f 998//1 1110//1 997//1
f 999//1 1111//1 998//1
f 1000//1 1112//1 999//1
f 1001//1 1113//1 1000//1
f 1002//1 1114//1 1001//1
f 1003//1 1115//1 1002//1
f 1004//1 1116//1 1003//1
f 1005//1 1117//1 1004//1
f 1006//1 1118//1 1005//1
f 1007//1 1119//1 1006//1
f 1008//1 1120//1 1007//1
f 1009//1 1121//1 1008//1
f 1010//1 1122//1 1009//1
f 1011//1 1124//1 1010//1
f 1012//1 1125//1 1011//1
f 1013//1 1126//1 1012//1
f 1014//1 1127//1 1013//1
f 1015//1 1128//1 1014//1
f 1016//1 1129//1 1015//1
f 1017//1 1130//1 1016//1
f 1018//1 1131//1 1017//1
f 1019//1 1132//1 1018//1
f 1020//1 1133//1 1019//1
f 1021//1 1134//1 1020//1
f 1022//1 1135//1 1021//1
f 1023//1 1136//1 1022//1
f 1024//1 1137//1 1023//1
f 1025//31 1138//30 1024//25
f 1026//33 1139//32 1025//31
f 1027//33 1140//33 1026//33
f 920//104 1141//104 1027//104
f 1029//24 1143//24 1028//24
f 1030//1 1144//1 1029//1
f 1031//1 1145//1 1030//1
f 1032//1 1146//1 1031//1
f 1033//1 1147//1 1032//1
f 1034//4 1148//4 1033//4
f 1035//1 1149//1 1034//1
f 1036//1 1150//1 1035//1
f 1037//1 1151//1 1036//1
f 1038//1 1152//1 1037//1
f 1039//1 1153//1 1038//1
f 1040//1 1154//1 1039//1
f 1041//1 1155//1 1040//1
f 1042//1 1156//1 1041//1
f 1043//1 1157//1 1042//1
f 1044//1 1158//1 1043//1
f 1045//1 1159//1 1044//1
f 1046//1 1160//1 1045//1
f 1047//1 1161//1 1046//1
f 1048//1 1163//1 1047//1
f 1049//1 1164//1 1048//1
f 1050//1 1165//1 1049//1
f 1051//1 1166//1 1050//1
f 1052//1 1167//1 1051//1
f 1053//1 1168//1 1052//1
f 1054//1 1169//1 1053//1
f 1055//1 1170//1 1054//1
f 1056//1 1171//1 1055//1
f 1057//1 1172//1 1056//1
f 1058//1 1173//1 1057//1
f 1059//1 1174//1 1058//1
f 1060//1 1175//1 1059//1
f 1061//1 1176//1 1060//1
f 1062//1 1177//1 1061//1
f 1063//1 1178//1 1062//1
f 1064//1 1179//1 1063//1
f 1065//1 1180//1 1064//1
f 1066//1 1181//1 1065//1
f 1067//1 1183//1 1066//1
f 1068//1 1184//1 1067//1
f 1069//1 1185//1 1068//1
f 1070//1 1186//1 1069//1
f 1071//1 1187//1 1070//1
f 1072//1 1188//1 1071//1
f 1073//1 1189//1 1072//1
f 1074//1 1190//1 1073//1
f 1075//1 1191//1 1074//1
f 1076//1 1192//1 1075//1
f 1077//1 1193//1 1076//1
f 1078//1 1194//1 1077//1
f 1079//1 1195//1 1078//1
f 1080//1 1196//1 1079//1
f 1081//3 1197//3 1080//3
f 1082//1 1198//1 1081//1
f 1083//1 1199//1 1082//1
f 1084//1 1200//1 1083//1
f 1085//1 1201//1 1084//1
f 1086//6 1203//37 1085//35
f 1087//5 1204//5 1086//5
f 1088//1 1205//1 1087//1
f 1089//1 1206//1 1088//1
f 1090//1 1207//1 1089//1
f 1091//1 1208//1 1090//1
f 1092//1 1209//1 1091//1
f 1093//1 1210//1 1092//1
f 1094//1 1211//1 1093//1
f 1095//39 1212//38 1094//9
f 1096//40 1213//40 1095//39
f 1097//1 1214//1 1096//1
f 1098//1 1215//1 1097//1
f 1099//20 1216//19 1098//19
f 1100//15 1217//41 1099//20
f 1101//12 1218//13 1100//12
f 1102//1 1219//1 1101//1
f 1103//1 1220//1 1102//1
f 1104//1 1221//1 1103//1
f 1105//1 1223//1 1104//1
f 1106//1 1224//1 1105//1
f 1107//1 1225//1 1106//1
f 1108//1 1226//1 1107//1
f 1109//1 1227//1 1108//1
f 1110//1 1228//1 1109//1
f 1111//1 1229//1 1110//1
f 1112//1 1230//1 1111//1
f 1113//1 1231//1 1112//1
f 1114//1 1232//1 1113//1
f 1115//1 1233//1 1114//1
f 1116//1 1234//1 1115//1
f 1117//1 1235//1 1116//1
f 1118//1 1236//1 1117//1
f 1119//1 1237//1 1118//1
f 1120//1 1238//1 1119//1
f 1121//1 1239//1 1120//1
f 1122//1 1240//1 1121//1
f 1123//1 1241//1 1122//1
f 1124//1 1243//1 1123//1
f 1125//1 1244//1 1124//1
f 1126//1 1245//1 1125//1
f 1127//1 1246//1 1126//1
f 1128//1 1247//1 1127//1
f 1129//1 1248//1 1128//1
f 1130//1 1249//1 1129//1
f 1131//1 1250//1 1130//1
f 1132//1 1251//1 1131//1
f 1133//1 1252//1 1132//1
f 1134//1 1253//1 1133//1
f 1135//1 1254//1 1134//1
f 1136//1 1255//1 1135//1
f 1137//1 1256//1 1136//1
f 1138//44 1257//43 1137//43
f 1139//46 1258//45 1138//44
f 1140//1 1259//1 1139//1
f 1141//1 1260//1 1140//1
f 1028//1 1261//1 1141//1
f 1143//1 1263//1 1142//1
f 1144//24 1264//24 1143//24
f 1145//1 1265//1 1144//1
f 1146//1 1266//1 1145//1
f 1147//1 1267//1 1146//1
f 1148//1 1268//1 1147//1
f 1149//4 1269//4 1148//4
f 1150//1 1270//1 1149//1
f 1151//1 1271//1 1150//1
f 1152//1 1272//1 1151//1
f 1153//1 1273//1 1152//1
f 1154//1 1274//1 1153//1
f 1155//1 1275//1 1154//1
f 1156//1 1276//1 1155//1
f 1157//1 1277//1 1156//1
f 1158//1 1278//1 1157//1
f 1159//1 1279//1 1158//1
f 1160//1 1280//1 1159//1
f 1161//1 1281//1 1160//1
f 1162//1 1282//1 1161//1
f 1163//1 1284//1 1162//1
f 1164//1 1285//1 1163//1
f 1165//1 1286//1 1164//1
f 1166//1 1287//1 1165//1
f 1167//1 1288//1 1166//1
f 1168//1 1289//1 1167//1
f 1169//1 1290//1 1168//1
f 1170//1 1291//1 1169//1
f 1171//1 1292//1 1170//1
f 1172//1 1293//1 1171//1
f 1173//1 1294//1 1172//1
f 1174//1 1295//1 1173//1
f 1175//1 1296//1 1174//1
f 1176//1 1297//1 1175//1
f 1177//1 1298//1 1176//1
f 1178//1 1299//1 1177//1
f 1179//1 1300//1 1178//1
f 1180//1 1301//1 1179//1
f 1181//1 1302//1 1180//1
f 1182//43 1303//49 1181//43
f 1183//1 1305//1 1182//1
f 1184//1 1306//1 1183//1
f 1185//1 1307//1 1184//1
f 1186//1 1308//1 1185//1
f 1187//1 1309//1 1186//1
f 1188//1 1310//1 1187//1
f 1189//1 1311//1 1188//1
f 1190//1 1312//1 1189//1
f 1191//1 1313//1 1190//1
f 1192//1 1314//1 1191//1
f 1193//1 1315//1 1192//1
f 1194//1 1316//1 1193//1
f 1195//1 1317//1 1194//1
f 1196//1 1318//1 1195//1
f 1197//3 1319//3 1196//3
f 1198//1 1320//1 1197//1
f 1199//1 1321//1 1198//1
f 1200//1 1322//1 1199//1
f 1201//1 1323//1 1200//1
f 1202//52 1324//51 1201//105
f 1203//15 1326//20 1202//54
f 1204//1 1327//1 1203//1
f 1205//1 1328//1 1204//1
f 1206//1 1329//1 1205//1
f 1207//12 1330//13 1206//12
f 1208//12 1331//56 1207//12
f 1209//12 1332//56 1208//12
f 1210//12 1333//56 1209//12
f 1211//12 1334//56 1210//12
f 1212//38 1335//39 1211//9
f 1213//40 1336//40 1212//38
f 1214//1 1337//1 1213//1
f 1215//1 1338//1 1214//1
f 1216//1 1339//1 1215//1
f 1217//41 1340//19 1216//19
f 1218//13 1341//18 1217//42
f 1219//15 1342//41 1218//14
f 1220//12 1343//56 1219//12
f 1221//12 1344//56 1220//12
f 1222//12 1345//56 1221//12
f 1223//1 1347//1 1222//1
f 1224//1 1348//1 1223//1
f 1225//1 1349//1 1224//1
f 1226//1 1350//1 1225//1
f 1227//1 1351//1 1226//1
f 1228//1 1352//1 1227//1
f 1229//1 1353//1 1228//1
f 1230//1 1354//1 1229//1
f 1231//1 1355//1 1230//1
f 1232//1 1356//1 1231//1
f 1233//1 1357//1 1232//1
f 1234//1 1358//1 1233//1
f 1235//1 1359//1 1234//1
f 1236//1 1360//1 1235//1
f 1237//1 1361//1 1236//1
f 1238//1 1362//1 1237//1
f 1239//1 1363//1 1238//1
f 1240//1 1364//1 1239//1
f 1241//1 1365//1 1240//1
f 1242//1 1366//1 1241//1
f 1243//1 1368//1 1242//1
f 1244//1 1369//1 1243//1
f 1245//1 1370//1 1244//1
f 1246//1 1371//1 1245//1
f 1247//1 1372//1 1246//1
f 1248//1 1373//1 1247//1
f 1249//1 1374//1 1248//1
f 1250//1 1375//1 1249//1
f 1251//1 1376//1 1250//1
f 1252//1 1377//1 1251//1
f 1253//1 1378//1 1252//1
f 1254//1 1379//1 1253//1
f 1255//1 1380//1 1254//1
f 1256//1 1381//1 1255//1
f 1257//1 1382//1 1256//1
f 1258//58 1383//57 1257//29
f 1259//59 1384//59 1258//58
f 1260//1 1385//1 1259//1
f 1261//1 1386//1 1260//1
f 1142//1 1387//1 1261//1
f 1263//1 1389//1 1262//1
f 1264//1 1390//1 1263//1
f 1265//60 1391//60 1264//60
f 1266//1 1392//1 1265//1
f 1267//1 1393//1 1266//1
f 1268//1 1394//1 1267//1
f 1269//1 1395//1 1268//1
f 1270//4 1396//4 1269//4
f 1271//1 1397//1 1270//1
f 1272//1 1398//1 1271//1
f 1273//1 1399//1 1272//1
f 1274//1 1400//1 1273//1
f 1275//1 1401//1 1274//1
f 1276//1 1402//1 1275//1
f 1277//1 1403//1 1276//1
f 1278//1 1404//1 1277//1
f 1279//1 1405//1 1278//1
f 1280//1 1406//1 1279//1
f 1281//1 1407//1 1280//1
f 1282//1 1408//1 1281//1
f 1283//1 1409//1 1282//1
f 1284//1 1411//1 1283//1
f 1285//1 1412//1 1284//1
f 1286//1 1413//1 1285//1
f 1287//1 1414//1 1286//1
f 1288//1 1415//1 1287//1
f 1289//1 1416//1 1288//1
f 1290//1 1417//1 1289//1
f 1291//1 1418//1 1290//1
f 1292//1 1419//1 1291//1
f 1293//1 1420//1 1292//1
f 1294//1 1421//1 1293//1
f 1295//1 1422//1 1294//1
f 1296//1 1423//1 1295//1
f 1297//1 1424//1 1296//1
f 1298//1 1425//1 1297//1
f 1299//1 1426//1 1298//1
f 1300//1 1427//1 1299//1
f 1301//1 1428//1 1300//1
f 1302//47 1429//61 1301//43
f 1303//48 1430//62 1302//47
f 1304//50 1431//46 1303//49
f 1305//43 1433//45 1304//50
f 1306//15 1434//14 1305//15
f 1307//1 1435//1 1306//1
f 1308//1 1436//1 1307//1
f 1309//1 1437//1 1308//1
f 1310//1 1438//1 1309//1
f 1311//1 1439//1 1310//1
f 1312//1 1440//1 1311//1
f 1313//1 1441//1 1312//1
f 1314//1 1442//1 1313//1
f 1315//1 1443//1 1314//1
f 1316//1 1444//1 1315//1
f 1317//1 1445//1 1316//1
f 1318//1 1446//1 1317//1
f 1319//65 1447//64 1318//106
f 1320//1 1448//1 1319//1
f 1321//1 1449//1 1320//1
f 1322//1 1450//1 1321//1
f 1323//1 1451//1 1322//1
f 1324//1 1452//1 1323//1
f 1325//67 1453//67 1324//67
f 1326//20 1455//19 1325//19
f 1327//15 1456//41 1326//20
f 1328//12 1457//56 1327//12
f 1329//12 1458//56 1328//12
f 1330//55 1459//39 1329//9
f 1331//56 1460//18 1330//13
f 1332//56 1461//18 1331//56
f 1333//56 1462//18 1332//56
f 1334//56 1463//18 1333//56
f 1335//42 1464//18 1334//56
f 1336//40 1465//40 1335//39
f 1337//1 1466//1 1336//1
f 1338//1 1467//1 1337//1
f 1339//1 1468//1 1338//1
f 1340//1 1469//1 1339//1
f 1341//1 1470//1 1340//1
f 1342//41 1471//19 1341//19
f 1343//56 1472//18 1342//42
f 1344//56 1473//18 1343//56
f 1345//56 1474//18 1344//56
f 1346//13 1475//18 1345//56
f 1347//15 1477//15 1346//14
f 1348//1 1478//1 1347//1
f 1349//1 1479//1 1348//1
f 1350//1 1480//1 1349//1
f 1351//1 1481//1 1350//1
f 1352//1 1482//1 1351//1
f 1353//1 1483//1 1352//1
f 1354//1 1484//1 1353//1
f 1355//1 1485//1 1354//1
f 1356//1 1486//1 1355//1
f 1357//1 1487//1 1356//1
f 1358//1 1488//1 1357//1
f 1359//1 1489//1 1358//1
f 1360//1 1490//1 1359//1
f 1361//1 1491//1 1360//1
f 1362//1 1492//1 1361//1
f 1363//1 1493//1 1362//1
f 1364//1 1494//1 1363//1
f 1365//1 1495//1 1364//1
f 1366//1 1496//1 1365//1
f 1367//1 1497//1 1366//1
f 1368//1 1499//1 1367//1
f 1369//1 1500//1 1368//1
f 1370//1 1501//1 1369//1
f 1371//1 1502//1 1370//1
f 1372//1 1503//1 1371//1
f 1373//1 1504//1 1372//1
f 1374//1 1505//1 1373//1
f 1375//1 1506//1 1374//1
f 1376//1 1507//1 1375//1
f 1377//1 1508//1 1376//1
f 1378//1 1509//1 1377//1
f 1379//1 1510//1 1378//1
f 1380//1 1511//1 1379//1
f 1381//1 1512//1 1380//1
f 1382//25 1513//26 1381//25
f 1383//57 1514//58 1382//29
f 1384//59 1515//59 1383//57
f 1385//1 1516//1 1384//1
f 1386//1 1517//1 1385//1
f 1387//1 1518//1 1386//1
f 1262//1 1519//1 1387//1
f 1389//1 1521//1 1388//1
f 1390//1 1522//1 1389//1
f 1391//24 1523//24 1390//24
f 1392//1 1524//1 1391//1
f 1393//1 1525//1 1392//1
f 1394//1 1526//1 1393//1
f 1395//1 1527//1 1394//1
f 1396//1 1528//1 1395//1
f 1397//4 1529//4 1396//4
f 1398//1 1530//1 1397//1
f 1399//1 1531//1 1398//1
f 1400//1 1532//1 1399//1
f 1401//1 1533//1 1400//1
f 1402//1 1534//1 1401//1
f 1403//1 1535//1 1402//1
f 1404//1 1536//1 1403//1
f 1405//1 1537//1 1404//1
f 1406//1 1538//1 1405//1
f 1407//1 1539//1 1406//1
f 1408//1 1540//1 1407//1
f 1409//1 1541//1 1408//1
f 1410//1 1542//1 1409//1
f 1411//1 1544//1 1410//1
f 1412//1 1545//1 1411//1
f 1413//1 1546//1 1412//1
f 1414//1 1547//1 1413//1
f 1415//1 1548//1 1414//1
f 1416//1 1549//1 1415//1
f 1417//1 1550//1 1416//1
f 1418//1 1551//1 1417//1
f 1419//1 1552//1 1418//1
f 1420//1 1553//1 1419//1
f 1421//1 1554//1 1420//1
f 1422//1 1555//1 1421//1
f 1423//1 1556//1 1422//1
f 1424//1 1557//1 1423//1
f 1425//1 1558//1 1424//1
f 1426//1 1559//1 1425//1
f 1427//43 1560//44 1426//43
f 1428//47 1561//69 1427//43
f 1429//48 1562//62 1428//47
f 1430//19 1563//19 1429//19
f 1431//1 1564//1 1430//1
f 1432//1 1565//1 1431//1
f 1433//45 1567//46 1432//46
f 1434//14 1568//19 1433//41
f 1435//43 1569//45 1434//44
f 1436//15 1570//20 1435//15
f 1437//15 1571//20 1436//15
f 1438//15 1572//14 1437//15
f 1439//1 1573//1 1438//1
f 1440//1 1574//1 1439//1
f 1441//1 1575//1 1440//1
f 1442//1 1576//1 1441//1
f 1443//1 1577//1 1442//1
f 1444//1 1578//1 1443//1
f 1445//1 1579//1 1444//1
f 1446//1 1580//1 1445//1
f 1447//63 1581//70 1446//12
f 1448//71 1582//71 1447//63
f 1449//1 1583//1 1448//1
f 1450//1 1584//1 1449//1
f 1451//1 1585//1 1450//1
f 1452//1 1586//1 1451//1
f 1453//60 1587//60 1452//60
f 1454//1 1588//1 1453//1
f 1455//1 1590//1 1454//1
f 1456//41 1591//19 1455//19
f 1457//56 1592//18 1456//42
f 1458//56 1593//18 1457//56
f 1459//42 1594//18 1458//56
f 1460//40 1595//40 1459//39
f 1461//1 1596//1 1460//1
f 1462//1 1597//1 1461//1
f 1463//1 1598//1 1462//1
f 1464//1 1599//1 1463//1
f 1465//1 1600//1 1464//1
f 1466//1 1601//1 1465//1
f 1467//1 1602//1 1466//1
f 1468//1 1603//1 1467//1
f 1469//1 1604//1 1468//1
f 1470//1 1605//1 1469//1
f 1471//1 1606//1 1470//1
f 1472//1 1607//1 1471//1
f 1473//1 1608//1 1472//1
f 1474//1 1609//1 1473//1
f 1475//1 1610//1 1474//1
f 1476//20 1611//19 1475//19
f 1477//15 1613//15 1476//20
f 1478//1 1614//1 1477//1
f 1479//1 1615//1 1478//1
f 1480//1 1616//1 1479//1
f 1481//1 1617//1 1480//1
f 1482//1 1618//1 1481//1
f 1483//1 1619//1 1482//1
f 1484//1 1620//1 1483//1
f 1485//1 1621//1 1484//1
f 1486//1 1622//1 1485//1
f 1487//1 1623//1 1486//1
f 1488//1 1624//1 1487//1
f 1489//1 1625//1 1488//1
f 1490//1 1626//1 1489//1
f 1491//1 1627//1 1490//1
f 1492//1 1628//1 1491//1
f 1493//1 1629//1 1492//1
f 1494//1 1630//1 1493//1
f 1495//1 1631//1 1494//1
f 1496//1 1632//1 1495//1
f 1497//1 1633//1 1496//1
f 1498//1 1634//1 1497//1
f 1499//1 1636//1 1498//1
f 1500//1 1637//1 1499//1
f 1501//1 1638//1 1500//1
f 1502//1 1639//1 1501//1
f 1503//1 1640//1 1502//1
f 1504//1 1641//1 1503//1
f 1505//1 1642//1 1504//1
f 1506//1 1643//1 1505//1
f 1507//1 1644//1 1506//1
f 1508//1 1645//1 1507//1
f 1509//1 1646//1 1508//1
f 1510//1 1647//1 1509//1
f 1511//25 1648//26 1510//25
f 1512//25 1649//72 1511//25
f 1513//68 1650//58 1512//29
f 1514//27 1651//28 1513//26
f 1515//59 1652//59 1514//58
f 1516//1 1653//1 1515//1
f 1517//1 1654//1 1516//1
f 1518//1 1655//1 1517//1
f 1519//1 1656//1 1518//1
f 1388//1 1657//1 1519//1
f 1521//1 1659//1 1520//1
f 1522//1 1660//1 1521//1
f 1523//1 1661//1 1522//1
f 1524//60 1662//60 1523//60
f 1525//1 1663//1 1524//1
f 1526//1 1664//1 1525//1
f 1527//1 1665//1 1526//1
f 1528//1 1666//1 1527//1
f 1529//1 1667//1 1528//1
f 1530//107 1668//74 1529//73
f 1531//1 1669//1 1530//1
f 1532//1 1670//1 1531//1
f 1533//1 1671//1 1532//1
f 1534//1 1672//1 1533//1
f 1535//1 1673//1 1534//1
f 1536//1 1674//1 1535//1
f 1537//1 1675//1 1536//1
f 1538//1 1676//1 1537//1
f 1539//1 1677//1 1538//1
f 1540//1 1678//1 1539//1
f 1541//1 1679//1 1540//1
f 1542//1 1680//1 1541//1
f 1543//1 1681//1 1542//1
f 1544//1 1683//1 1543//1
f 1545//1 1684//1 1544//1
f 1546//1 1685//1 1545//1
f 1547//1 1686//1 1546//1
f 1548//1 1687//1 1547//1
f 1549//1 1688//1 1548//1
f 1550//1 1689//1 1549//1
f 1551//1 1690//1 1550//1
f 1552//1 1691//1 1551//1
f 1553//1 1692//1 1552//1
f 1554//1 1693//1 1553//1
f 1555//1 1694//1 1554//1
f 1556//1 1695//1 1555//1
f 1557//43 1696//44 1556//43
f 1558//43 1697//50 1557//43
f 1559//43 1698//50 1558//43
f 1560//14 1699//41 1559//15
f 1561//69 1700//46 1560//44
f 1562//19 1701//19 1561//19
f 1563//1 1702//1 1562//1
f 1564//1 1703//1 1563//1
f 1565//1 1704//1 1564//1
f 1566//1 1705//1 1565//1
f 1567//1 1707//1 1566//1
f 1568//1 1708//1 1567//1
f 1569//45 1709//46 1568//46
f 1570//20 1710//19 1569//41
f 1571//20 1711//19 1570//20
f 1572//14 1712//19 1571//20
f 1573//43 1713//50 1572//44
f 1574//1 1714//1 1573//1
f 1575//1 1715//1 1574//1
f 1576//1 1716//1 1575//1
f 1577//15 1717//14 1576//15
f 1578//15 1718//14 1577//15
f 1579//1 1719//1 1578//1
f 1580//1 1720//1 1579//1
f 1581//70 1721//75 1580//12
f 1582//71 1722//71 1581//70
f 1583//1 1723//1 1582//1
f 1584//1 1724//1 1583//1
f 1585//1 1725//1 1584//1
f 1586//1 1726//1 1585//1
f 1587//1 1727//1 1586//1
f 1588//67 1728//67 1587//67
f 1589//1 1729//1 1588//1
f 1590//1 1731//1 1589//1
f 1591//1 1732//1 1590//1
f 1592//1 1733//1 1591//1
f 1593//1 1734//1 1592//1
f 1594//1 1735//1 1593//1
f 1595//1 1736//1 1594//1
f 1596//1 1737//1 1595//1
f 1597//1 1738//1 1596//1
f 1598//1 1739//1 1597//1
f 1599//1 1740//1 1598//1
f 1600//1 1741//1 1599//1
f 1601//1 1742//1 1600//1
f 1602//1 1743//1 1601//1
f 1603//1 1744//1 1602//1
f 1604//1 1745//1 1603//1
f 1605//1 1746//1 1604//1
f 1606//1 1747//1 1605//1
f 1607//1 1748//1 1606//1
f 1608//1 1749//1 1607//1
f 1609//1 1750//1 1608//1
f 1610//1 1751//1 1609//1
f 1611//1 1752//1 1610//1
f 1612//20 1753//19 1611//19
f 1613//15 1755//15 1612//20
f 1614//1 1756//1 1613//1
f 1615//1 1757//1 1614//1
f 1616//1 1758//1 1615//1
f 1617//1 1759//1 1616//1
f 1618//1 1760//1 1617//1
f 1619//1 1761//1 1618//1
f 1620//1 1762//1 1619//1
f 1621//1 1763//1 1620//1
f 1622//1 1764//1 1621//1
f 1623//1 1765//1 1622//1
f 1624//1 1766//1 1623//1
f 1625//1 1767//1 1624//1
f 1626//1 1768//1 1625//1
f 1627//1 1769//1 1626//1
f 1628//1 1770//1 1627//1
f 1629//1 1771//1 1628//1
f 1630//1 1772//1 1629//1
f 1631//1 1773//1 1630//1
f 1632//1 1774//1 1631//1
f 1633//1 1775//1 1632//1
f 1634//1 1776//1 1633//1
f 1635//1 1777//1 1634//1
f 1636//1 1779//1 1635//1
f 1637//1 1780//1 1636//1
f 1638//1 1781//1 1637//1
f 1639//1 1782//1 1638//1
f 1640//1 1783//1 1639//1
f 1641//1 1784//1 1640//1
f 1642//1 1785//1 1641//1
f 1643//1 1786//1 1642//1
f 1644//1 1787//1 1643//1
f 1645//1 1788//1 1644//1
f 1646//25 1789//26 1645//25
f 1647//25 1790//72 1646//25
f 1648//68 1791//58 1647//29
f 1649//72 1792//28 1648//26
f 1650//27 1793//28 1649//72
f 1651//59 1794//59 1650//58
f 1652//1 1795//1 1651//1
f 1653//1 1796//1 1652//1
f 1654//1 1797//1 1653//1
f 1655//1 1798//1 1654//1
f 1656//1 1799//1 1655//1
f 1657//1 1800//1 1656//1
f 1520//1 1801//1 1657//1
f 1659//1 1803//1 1658//1
f 1660//1 1804//1 1659//1
f 1661//1 1805//1 1660//1
f 1662//24 1806//24 1661//24
f 1663//1 1807//1 1662//1
f 1664//1 1808//1 1663//1
f 1665//1 1809//1 1664//1
f 1666//1 1810//1 1665//1
f 1667//1 1811//1 1666//1
f 1668//77 1812//76 1667//92
f 1669//9 1813//9 1668//9
f 1670//1 1814//1 1669//1
f 1671//1 1815//1 1670//1
f 1672//1 1816//1 1671//1
f 1673//1 1817//1 1672//1
f 1674//1 1818//1 1673//1
f 1675//1 1819//1 1674//1
f 1676//1 1820//1 1675//1
f 1677//1 1821//1 1676//1
f 1678//1 1822//1 1677//1
f 1679//1 1823//1 1678//1
f 1680//1 1824//1 1679//1
f 1681//1 1825//1 1680//1
f 1682//44 1826//50 1681//43
f 1683//29 1828//57 1682//68
f 1684//1 1829//1 1683//1
f 1685//1 1830//1 1684//1
f 1686//1 1831//1 1685//1
f 1687//1 1832//1 1686//1
f 1688//1 1833//1 1687//1
f 1689//1 1834//1 1688//1
f 1690//1 1835//1 1689//1
f 1691//1 1836//1 1690//1
f 1692//1 1837//1 1691//1
f 1693//1 1838//1 1692//1
f 1694//1 1839//1 1693//1
f 1695//1 1840//1 1694//1
f 1696//14 1841//20 1695//15
f 1697//50 1842//46 1696//44
f 1698//50 1843//46 1697//50
f 1699//45 1844//46 1698//50
f 1700//19 1845//19 1699//41
f 1701//1 1846//1 1700//1
f 1702//1 1847//1 1701//1
f 1703//1 1848//1 1702//1
f 1704//1 1849//1 1703//1
f 1705//1 1850//1 1704//1
f 1706//1 1851//1 1705//1
f 1707//1 1853//1 1706//1
f 1708//1 1854//1 1707//1
f 1709//1 1855//1 1708//1
f 1710//1 1856//1 1709//1
f 1711//1 1857//1 1710//1
f 1712//1 1858//1 1711//1
f 1713//50 1859//46 1712//46
f 1714//43 1860//50 1713//50
f 1715//1 1861//1 1714//1
f 1716//15 1862//14 1715//15
f 1717//13 1863//42 1716//12
f 1718//14 1864//19 1717//14
f 1719//43 1865//45 1718//44
f 1720//15 1866//79 1719//15
f 1721//75 1867//80 1720//12
f 1722//83 1868//82 1721//108
f 1723//1 1869//1 1722//1
f 1724//1 1870//1 1723//1
f 1725//1 1871//1 1724//1
f 1726//1 1872//1 1725//1
f 1727//1 1873//1 1726//1
f 1728//67 1874//67 1727//67
f 1729//1 1875//1 1728//1
f 1730//1 1876//1 1729//1
f 1731//1 1878//1 1730//1
f 1732//1 1879//1 1731//1
f 1733//1 1880//1 1732//1
f 1734//1 1881//1 1733//1
f 1735//1 1882//1 1734//1
f 1736//1 1883//1 1735//1
f 1737//1 1884//1 1736//1
f 1738//1 1885//1 1737//1
f 1739//1 1886//1 1738//1
f 1740//1 1887//1 1739//1
f 1741//1 1888//1 1740//1
f 1742//1 1889//1 1741//1
f 1743//1 1890//1 1742//1
f 1744//1 1891//1 1743//1
f 1745//1 1892//1 1744//1
f 1746//1 1893//1 1745//1
f 1747//1 1894//1 1746//1
f 1748//1 1895//1 1747//1
f 1749//1 1896//1 1748//1
f 1750//1 1897//1 1749//1
f 1751//1 1898//1 1750//1
f 1752//1 1899//1 1751//1
f 1753//1 1900//1 1752//1
f 1754//41 1901//19 1753//19
f 1755//12 1903//85 1754//42
f 1756//9 1904//86 1755//9
f 1757//9 1905//38 1756//9
f 1758//9 1906//38 1757//9
f 1759//9 1907//55 1758//9
f 1760//1 1908//1 1759//1
f 1761//1 1909//1 1760//1
f 1762//1 1910//1 1761//1
f 1763//1 1911//1 1762//1
f 1764//1 1912//1 1763//1
f 1765//1 1913//1 1764//1
f 1766//1 1914//1 1765//1
f 1767//1 1915//1 1766//1
f 1768//1 1916//1 1767//1
f 1769//1 1917//1 1768//1
f 1770//1 1918//1 1769//1
f 1771//1 1919//1 1770//1
f 1772//1 1920//1 1771//1
f 1773//1 1921//1 1772//1
f 1774//1 1922//1 1773//1
f 1775//1 1923//1 1774//1
f 1776//1 1924//1 1775//1
f 1777//1 1925//1 1776//1
f 1778//1 1926//1 1777//1
f 1779//1 1928//1 1778//1
f 1780//1 1929//1 1779//1
f 1781//1 1930//1 1780//1
f 1782//1 1931//1 1781//1
f 1783//1 1932//1 1782//1
f 1784//1 1933//1 1783//1
f 1785//1 1934//1 1784//1
f 1786//1 1935//1 1785//1
f 1787//1 1936//1 1786//1
f 1788//1 1937//1 1787//1
f 1789//68 1938//57 1788//29
f 1790//72 1939//28 1789//26
f 1791//27 1940//28 1790//72
f 1792//59 1941//59 1791//58
f 1793//1 1942//1 1792//1
f 1794//1 1943//1 1793//1
f 1795//1 1944//1 1794//1
f 1796//1 1945//1 1795//1
f 1797//1 1946//1 1796//1
f 1798//1 1947//1 1797//1
f 1799//1 1948//1 1798//1
f 1800//1 1949//1 1799//1
f 1801//1 1950//1 1800//1
f 1658//1 1951//1 1801//1
f 1803//1 1953//1 1802//1
f 1804//1 1954//1 1803//1
f 1805//1 1955//1 1804//1
f 1806//1 1956//1 1805//1
f 1807//24 1957//24 1806//24
f 1808//1 1958//1 1807//1
f 1809//1 1959//1 1808//1
f 1810//1 1960//1 1809//1
f 1811//1 1961//1 1810//1
f 1812//1 1962//1 1811//1
f 1813//78 1963//4 1812//76
f 1814//1 1964//1 1813//1
f 1815//1 1965//1 1814//1
f 1816//1 1966//1 1815//1
f 1817//1 1967//1 1816//1
f 1818//1 1968//1 1817//1
f 1819//29 1969//68 1818//29
f 1820//29 1970//68 1819//29
f 1821//1 1971//1 1820//1
f 1822//1 1972//1 1821//1
f 1823//1 1973//1 1822//1
f 1824//1 1974//1 1823//1
f 1825//1 1975//1 1824//1
f 1826//50 1976//50 1825//43
f 1827//46 1977//46 1826//50
f 1828//57 1979//59 1827//59
f 1829//29 1980//68 1828//57
f 1830//1 1981//1 1829//1
f 1831//1 1982//1 1830//1
f 1832//1 1983//1 1831//1
f 1833//1 1984//1 1832//1
f 1834//1 1985//1 1833//1
f 1835//1 1986//1 1834//1
f 1836//1 1987//1 1835//1
f 1837//1 1988//1 1836//1
f 1838//1 1989//1 1837//1
f 1839//1 1990//1 1838//1
f 1840//1 1991//1 1839//1
f 1841//20 1992//20 1840//15
f 1842//19 1993//19 1841//20
f 1843//1 1994//1 1842//1
f 1844//1 1995//1 1843//1
f 1845//1 1996//1 1844//1
f 1846//1 1997//1 1845//1
f 1847//1 1998//1 1846//1
f 1848//1 1999//1 1847//1
f 1849//1 2000//1 1848//1
f 1850//1 2001//1 1849//1
f 1851//1 2002//1 1850//1
f 1852//1 2003//1 1851//1
f 1853//1 2005//1 1852//1
f 1854//1 2006//1 1853//1
f 1855//1 2007//1 1854//1
f 1856//1 2008//1 1855//1
f 1857//1 2009//1 1856//1
f 1858//1 2010//1 1857//1
f 1859//1 2011//1 1858//1
f 1860//50 2012//46 1859//46
f 1861//43 2013//87 1860//50
f 1862//13 2014//80 1861//12
f 1863//41 2015//19 1862//14
f 1864//18 2016//18 1863//42
f 1865//45 2017//46 1864//46
f 1866//79 2018//19 1865//41
f 1867//1 2019//1 1866//1
f 1868//81 2020//88 1867//80
f 1869//89 2021//89 1868//81
f 1870//1 2022//1 1869//1
f 1871//1 2023//1 1870//1
f 1872//1 2024//1 1871//1
f 1873//1 2025//1 1872//1
f 1874//67 2026//67 1873//67
f 1875//1 2027//1 1874//1
f 1876//1 2028//1 1875//1
f 1877//1 2029//1 1876//1
f 1878//1 2031//1 1877//1
f 1879//1 2032//1 1878//1
f 1880//1 2033//1 1879//1
f 1881//1 2034//1 1880//1
f 1882//1 2035//1 1881//1
f 1883//1 2036//1 1882//1
f 1884//1 2037//1 1883//1
f 1885//1 2038//1 1884//1
f 1886//1 2039//1 1885//1
f 1887//1 2040//1 1886//1
f 1888//1 2041//1 1887//1
f 1889//1 2042//1 1888//1
f 1890//1 2043//1 1889//1
f 1891//1 2044//1 1890//1
f 1892//1 2045//1 1891//1
f 1893//1 2046//1 1892//1
f 1894//1 2047//1 1893//1
f 1895//1 2048//1 1894//1
f 1896//1 2049//1 1895//1
f 1897//1 2050//1 1896//1
f 1898//1 2051//1 1897//1
f 1899//1 2052//1 1898//1
f 1900//1 2053//1 1899//1
f 1901//1 2054//1 1900//1
f 1902//1 2055//1 1901//1
f 1903//19 2057//19 1902//19
f 1904//1 2058//1 1903//1
f 1905//38 2059//40 1904//86
f 1906//38 2060//40 1905//38
f 1907//55 2061//40 1906//38
f 1908//12 2062//56 1907//13
f 1909//1 2063//1 1908//1
f 1910//1 2064//1 1909//1
f 1911//1 2065//1 1910//1
f 1912//1 2066//1 1911//1
f 1913//1 2067//1 1912//1
f 1914//1 2068//1 1913//1
f 1915//1 2069//1 1914//1
f 1916//1 2070//1 1915//1
f 1917//1 2071//1 1916//1
f 1918//1 2072//1 1917//1
f 1919//1 2073//1 1918//1
f 1920//1 2074//1 1919//1
f 1921//1 2075//1 1920//1
f 1922//1 2076//1 1921//1
f 1923//1 2077//1 1922//1
f 1924//1 2078//1 1923//1
f 1925//1 2079//1 1924//1
f 1926//1 2080//1 1925//1
f 1927//1 2081//1 1926//1
f 1928//1 2083//1 1927//1
f 1929//1 2084//1 1928//1
f 1930//1 2085//1 1929//1
f 1931//1 2086//1 1930//1
f 1932//1 2087//1 1931//1
f 1933//1 2088//1 1932//1
f 1934//1 2089//1 1933//1
f 1935//1 2090//1 1934//1
f 1936//1 2091//1 1935//1
f 1937//1 2092//1 1936//1
f 1938//57 2093//57 1937//29
f 1939//59 2094//59 1938//57
f 1940//1 2095//1 1939//1
f 1941//1 2096//1 1940//1
f 1942//1 2097//1 1941//1
f 1943//1 2098//1 1942//1
f 1944//1 2099//1 1943//1
f 1945//1 2100//1 1944//1
f 1946//1 2101//1 1945//1
f 1947//1 2102//1 1946//1
f 1948//1 2103//1 1947//1
f 1949//1 2104//1 1948//1
f 1950//1 2105//1 1949//1
f 1951//1 2106//1 1950//1
f 1802//1 2107//1 1951//1
f 1953//1 2109//1 1952//1
f 1954//1 2110//1 1953//1
f 1955//1 2111//1 1954//1
f 1956//1 2112//1 1955//1
f 1957//1 2113//1 1956//1
f 1958//24 2114//24 1957//24
f 1959//1 2115//1 1958//1
f 1960//1 2116//1 1959//1
f 1961//1 2117//1 1960//1
f 1962//1 2118//1 1961//1
f 1963//1 2119//1 1962//1
f 1964//107 2120//74 1963//73
f 1965//1 2121//1 1964//1
f 1966//1 2122//1 1965//1
f 1967//1 2123//1 1966//1
f 1968//29 2124//68 1967//29
f 1969//44 2125//45 1968//43
f 1970//68 2126//59 1969//68
f 1971//25 2127//27 1970//26
f 1972//29 2128//68 1971//29
f 1973//1 2129//1 1972//1
f 1974//1 2130//1 1973//1
f 1975//1 2131//1 1974//1
f 1976//50 2132//50 1975//43
f 1977//46 2133//46 1976//50
f 1978//1 2134//1 1977//1
f 1979//1 2136//1 1978//1
f 1980//26 2137//27 1979//28
f 1981//25 2138//25 1980//26
f 1982//1 2139//1 1981//1
f 1983//43 2140//44 1982//43
f 1984//43 2141//50 1983//43
f 1985//43 2142//44 1984//43
f 1986//1 2143//1 1985//1
f 1987//1 2144//1 1986//1
f 1988//1 2145//1 1987//1
f 1989//1 2146//1 1988//1
f 1990//1 2147//1 1989//1
f 1991//1 2148//1 1990//1
f 1992//20 2149//20 1991//15
f 1993//19 2150//19 1992//20
f 1994//1 2151//1 1993//1
f 1995//1 2152//1 1994//1
f 1996//1 2153//1 1995//1
f 1997//1 2154//1 1996//1
f 1998//1 2155//1 1997//1
f 1999//1 2156//1 1998//1
f 2000//1 2157//1 1999//1
f 2001//1 2158//1 2000//1
f 2002//1 2159//1 2001//1
f 2003//1 2160//1 2002//1
f 2004//1 2161//1 2003//1
f 2005//1 2163//1 2004//1
f 2006//1 2164//1 2005//1
f 2007//1 2165//1 2006//1
f 2008//1 2166//1 2007//1
f 2009//1 2167//1 2008//1
f 2010//1 2168//1 2009//1
f 2011//1 2169//1 2010//1
f 2012//1 2170//1 2011//1
f 2013//87 2171//46 2012//46
f 2014//1 2172//1 2013//1
f 2015//18 2173//18 2014//80
f 2016//1 2174//1 2015//1
f 2017//1 2175//1 2016//1
f 2018//1 2176//1 2017//1
f 2019//46 2177//46 2018//46
f 2020//88 2178//91 2019//18
f 2021//89 2179//89 2020//88
f 2022//1 2180//1 2021//1
f 2023//1 2181//1 2022//1
f 2024//1 2182//1 2023//1
f 2025//1 2183//1 2024//1
f 2026//67 2184//67 2025//67
f 2027//1 2185//1 2026//1
f 2028//1 2186//1 2027//1
f 2029//1 2187//1 2028//1
f 2030//1 2188//1 2029//1
f 2031//1 2190//1 2030//1
f 2032//1 2191//1 2031//1
f 2033//1 2192//1 2032//1
f 2034//1 2193//1 2033//1
f 2035//1 2194//1 2034//1
f 2036//1 2195//1 2035//1
f 2037//1 2196//1 2036//1
f 2038//1 2197//1 2037//1
f 2039//1 2198//1 2038//1
f 2040//1 2199//1 2039//1
f 2041//1 2200//1 2040//1
f 2042//1 2201//1 2041//1
f 2043//1 2202//1 2042//1
f 2044//1 2203//1 2043//1
f 2045//1 2204//1 2044//1
f 2046//1 2205//1 2045//1
f 2047//1 2206//1 2046//1
f 2048//1 2207//1 2047//1
f 2049//1 2208//1 2048//1
f 2050//1 2209//1 2049//1
f 2051//1 2210//1 2050//1
f 2052//1 2211//1 2051//1
f 2053//1 2212//1 2052//1
f 2054//1 2213//1 2053//1
f 2055//1 2214//1 2054//1
f 2056//1 2215//1 2055//1
f 2057//18 2217//18 2056//18
f 2058//40 2218//40 2057//40
f 2059//28 2219//28 2058//28
f 2060//1 2220//1 2059//1
f 2061//1 2221//1 2060//1
f 2062//56 2222//18 2061//18
f 2063//12 2223//13 2062//56
f 2064//1 2224//1 2063//1
f 2065//1 2225//1 2064//1
f 2066//1 2226//1 2065//1
f 2067//1 2227//1 2066//1
f 2068//1 2228//1 2067//1
f 2069//1 2229//1 2068//1
f 2070//1 2230//1 2069//1
f 2071//1 2231//1 2070//1
f 2072//1 2232//1 2071//1
f 2073//1 2233//1 2072//1
f 2074//1 2234//1 2073//1
f 2075//1 2235//1 2074//1
f 2076//1 2236//1 2075//1
f 2077//1 2237//1 2076//1
f 2078//1 2238//1 2077//1
f 2079//1 2239//1 2078//1
f 2080//1 2240//1 2079//1
f 2081//1 2241//1 2080//1
f 2082//1 2242//1 2081//1
f 2083//1 2244//1 2082//1
f 2084//1 2245//1 2083//1
f 2085//1 2246//1 2084//1
f 2086//1 2247//1 2085//1
f 2087//1 2248//1 2086//1
f 2088//1 2249//1 2087//1
f 2089//1 2250//1 2088//1
f 2090//1 2251//1 2089//1
f 2091//1 2252//1 2090//1
f 2092//1 2253//1 2091//1
f 2093//57 2254//68 2092//29
f 2094//59 2255//59 2093//57
f 2095//1 2256//1 2094//1
f 2096//1 2257//1 2095//1
f 2097//1 2258//1 2096//1
f 2098//1 2259//1 2097//1
f 2099//1 2260//1 2098//1
f 2100//1 2261//1 2099//1
f 2101//1 2262//1 2100//1
f 2102//1 2263//1 2101//1
f 2103//1 2264//1 2102//1
f 2104//1 2265//1 2103//1
f 2105//1 2266//1 2104//1
f 2106//1 2267//1 2105//1
f 2107//1 2268//1 2106//1
f 1952//1 2269//1 2107//1
f 2109//1 2271//1 2108//1
f 2110//1 2272//1 2109//1
f 2111//1 2273//1 2110//1
f 2112//1 2274//1 2111//1
f 2113//1 2275//1 2112//1
f 2114//1 2276//1 2113//1
f 2115//24 2277//24 2114//24
f 2116//1 2278//1 2115//1
f 2117//1 2279//1 2116//1
f 2118//1 2280//1 2117//1
f 2119//1 2281//1 2118//1
f 2120//90 2282//92 2119//92
f 2121//25 2283//93 2120//90
f 2122//29 2284//95 2121//29
f 2123//29 2285//95 2122//29
f 2124//44 2286//45 2123//43
f 2125//58 2287//59 2124//68
f 2126//46 2288//46 2125//45
f 2127//27 2289//28 2126//28
f 2128//68 2290//59 2127//58
f 2129//25 2291//27 2128//26
f 2130//29 2292//57 2129//29
f 2131//29 2293//57 2130//29
f 2132//50 2294//45 2131//43
f 2133//46 2295//46 2132//50
f 2134//1 2296//1 2133//1
f 2135//1 2297//1 2134//1
f 2136//1 2299//1 2135//1
f 2137//58 2300//59 2136//59
f 2138//29 2301//96 2137//58
f 2139//43 2302//97 2138//43
f 2140//14 2303//41 2139//15
f 2141//50 2304//46 2140//44
f 2142//44 2305//46 2141//50
f 2143//29 2306//58 2142//68
f 2144//43 2307//44 2143//43
f 2145//1 2308//1 2144//1
f 2146//1 2309//1 2145//1
f 2147//1 2310//1 2146//1
f 2148//43 2311//44 2147//43
f 2149//20 2312//41 2148//15
f 2150//19 2313//19 2149//20
f 2151//1 2314//1 2150//1
f 2152//1 2315//1 2151//1
f 2153//1 2316//1 2152//1
f 2154//1 2317//1 2153//1
f 2155//1 2318//1 2154//1
f 2156//1 2319//1 2155//1
f 2157//1 2320//1 2156//1
f 2158//1 2321//1 2157//1
f 2159//1 2322//1 2158//1
f 2160//1 2323//1 2159//1
f 2161//1 2324//1 2160//1
f 2162//1 2325//1 2161//1
f 2163//1 2327//1 2162//1
f 2164//1 2328//1 2163//1
f 2165//1 2329//1 2164//1
f 2166//1 2330//1 2165//1
f 2167//1 2331//1 2166//1
f 2168//1 2332//1 2167//1
f 2169//1 2333//1 2168//1
f 2170//1 2334//1 2169//1
f 2171//1 2335//1 2170//1
f 2172//46 2336//46 2171//46
f 2173//18 2337//18 2172//18
f 2174//1 2338//1 2173//1
f 2175//1 2339//1 2174//1
f 2176//1 2340//1 2175//1
f 2177//1 2341//1 2176//1
f 2178//1 2342//1 2177//1
f 2179//84 2343//84 2178//84
f 2180//1 2344//1 2179//1
f 2181//1 2345//1 2180//1
f 2182//1 2346//1 2181//1
f 2183//1 2347//1 2182//1
f 2184//60 2348//60 2183//60
f 2185//1 2349//1 2184//1
f 2186//1 2350//1 2185//1
f 2187//1 2351//1 2186//1
f 2188//1 2352//1 2187//1
f 2189//1 2353//1 2188//1
f 2190//1 2355//1 2189//1
f 2191//1 2356//1 2190//1
f 2192//1 2357//1 2191//1
f 2193//1 2358//1 2192//1
f 2194//1 2359//1 2193//1
f 2195//1 2360//1 2194//1
f 2196//1 2361//1 2195//1
f 2197//1 2362//1 2196//1
f 2198//1 2363//1 2197//1
f 2199//1 2364//1 2198//1
f 2200//1 2365//1 2199//1
f 2201//1 2366//1 2200//1
f 2202//1 2367//1 2201//1
f 2203//1 2368//1 2202//1
f 2204//1 2369//1 2203//1
f 2205//1 2370//1 2204//1
f 2206//1 2371//1 2205//1
f 2207//1 2372//1 2206//1
f 2208//1 2373//1 2207//1
f 2209//1 2374//1 2208//1
f 2210//1 2375//1 2209//1
f 2211//1 2376//1 2210//1
f 2212//1 2377//1 2211//1
f 2213//1 2378//1 2212//1
f 2214//1 2379//1 2213//1
f 2215//1 2380//1 2214//1
f 2216//1 2381//1 2215//1
f 2217//1 2383//1 2216//1
f 2218//1 2384//1 2217//1
f 2219//1 2385//1 2218//1
f 2220//1 2386//1 2219//1
f 2221//1 2387//1 2220//1
f 2222//1 2388//1 2221//1
f 2223//14 2389//41 2222//19
f 2224//15 2390//15 2223//14
f 2225//1 2391//1 2224//1
f 2226//1 2392//1 2225//1
f 2227//1 2393//1 2226//1
f 2228//1 2394//1 2227//1
f 2229//1 2395//1 2228//1
f 2230//1 2396//1 2229//1
f 2231//1 2397//1 2230//1
f 2232//1 2398//1 2231//1
f 2233//1 2399//1 2232//1
f 2234//1 2400//1 2233//1
f 2235//1 2401//1 2234//1
f 2236//1 2402//1 2235//1
f 2237//1 2403//1 2236//1
f 2238//1 2404//1 2237//1
f 2239//1 2405//1 2238//1
f 2240//1 2406//1 2239//1
f 2241//1 2407//1 2240//1
f 2242//1 2408//1 2241//1
f 2243//1 2409//1 2242//1
f 2244//25 2411//72 2243//25
f 2245//25 2412//26 2244//25
f 2246//1 2413//1 2245//1
f 2247//1 2414//1 2246//1
f 2248//1 2415//1 2247//1
f 2249//1 2416//1 2248//1
f 2250//1 2417//1 2249//1
f 2251//1 2418//1 2250//1
f 2252//1 2419//1 2251//1
f 2253//1 2420//1 2252//1
f 2254//44 2421//43 2253//43
f 2255//46 2422//45 2254//44
f 2256//1 2423//1 2255//1
f 2257//1 2424//1 2256//1
f 2258//1 2425//1 2257//1
f 2259//1 2426//1 2258//1
f 2260//1 2427//1 2259//1
f 2261//1 2428//1 2260//1
f 2262//1 2429//1 2261//1
f 2263//1 2430//1 2262//1
f 2264//1 2431//1 2263//1
f 2265//1 2432//1 2264//1
f 2266//1 2433//1 2265//1
f 2267//1 2434//1 2266//1
f 2268//1 2435//1 2267//1
f 2269//1 2436//1 2268//1
f 2108//1 2437//1 2269//1
f 2271//1 2439//1 2270//1
f 2272//1 2440//1 2271//1
f 2273//1 2441//1 2272//1
f 2274//1 2442//1 2273//1
f 2275//1 2443//1 2274//1
f 2276//1 2444//1 2275//1
f 2277//1 2445//1 2276//1
f 2278//24 2446//24 2277//24
f 2279//1 2447//1 2278//1
f 2280//1 2448//1 2279//1
f 2281//1 2449//1 2280//1
f 2282//1 2450//1 2281//1
f 2283//93 2451//98 2282//92
f 2284//95 2452//59 2283//94
f 2285//1 2453//1 2284//1
f 2286//58 2454//59 2285//95
f 2287//46 2455//46 2286//45
f 2288//1 2456//1 2287//1
f 2289//1 2457//1 2288//1
f 2290//1 2458//1 2289//1
f 2291//27 2459//28 2290//28
f 2292//57 2460//59 2291//58
f 2293//57 2461//59 2292//57
f 2294//58 2462//59 2293//57
f 2295//46 2463//46 2294//45
f 2296//1 2464//1 2295//1
f 2297//1 2465//1 2296//1
f 2298//1 2466//1 2297//1
f 2299//1 2468//1 2298//1
f 2300//1 2469//1 2299//1
f 2301//96 2470//59 2300//59
f 2302//1 2471//1 2301//1
f 2303//45 2472//46 2302//97
f 2304//19 2473//19 2303//41
f 2305//1 2474//1 2304//1
f 2306//58 2475//59 2305//59
f 2307//44 2476//46 2306//45
f 2308//29 2477//58 2307//68
f 2309//43 2478//50 2308//43
f 2310//43 2479//50 2309//43
f 2311//14 2480//41 2310//15
f 2312//45 2481//46 2311//44
f 2313//19 2482//19 2312//41
f 2314//1 2483//1 2313//1
f 2315//1 2484//1 2314//1
f 2316//1 2485//1 2315//1
f 2317//1 2486//1 2316//1
f 2318//1 2487//1 2317//1
f 2319//1 2488//1 2318//1
f 2320//1 2489//1 2319//1
f 2321//1 2490//1 2320//1
f 2322//1 2491//1 2321//1
f 2323//1 2492//1 2322//1
f 2324//1 2493//1 2323//1
f 2325//1 2494//1 2324//1
f 2326//1 2495//1 2325//1
f 2327//1 2497//1 2326//1
f 2328//1 2498//1 2327//1
f 2329//1 2499//1 2328//1
f 2330//1 2500//1 2329//1
f 2331//1 2501//1 2330//1
f 2332//1 2502//1 2331//1
f 2333//1 2503//1 2332//1
f 2334//1 2504//1 2333//1
f 2335//1 2505//1 2334//1
f 2336//1 2506//1 2335//1
f 2337//1 2507//1 2336//1
f 2338//1 2508//1 2337//1
f 2339//1 2509//1 2338//1
f 2340//1 2510//1 2339//1
f 2341//1 2511//1 2340//1
f 2342//1 2512//1 2341//1
f 2343//1 2513//1 2342//1
f 2344//89 2514//89 2343//89
f 2345//1 2515//1 2344//1
f 2346//1 2516//1 2345//1
f 2347//1 2517//1 2346//1
f 2348//1 2518//1 2347//1
f 2349//67 2519//67 2348//67
f 2350//1 2520//1 2349//1
f 2351//1 2521//1 2350//1
f 2352//1 2522//1 2351//1
f 2353//1 2523//1 2352//1
f 2354//1 2524//1 2353//1
f 2355//1 2526//1 2354//1
f 2356//1 2527//1 2355//1
f 2357//1 2528//1 2356//1
f 2358//1 2529//1 2357//1
f 2359//1 2530//1 2358//1
f 2360//1 2531//1 2359//1
f 2361//1 2532//1 2360//1
f 2362//1 2533//1 2361//1
f 2363//1 2534//1 2362//1
f 2364//1 2535//1 2363//1
f 2365//1 2536//1 2364//1
f 2366//1 2537//1 2365//1
f 2367//1 2538//1 2366//1
f 2368//1 2539//1 2367//1
f 2369//1 2540//1 2368//1
f 2370//1 2541//1 2369//1
f 2371//1 2542//1 2370//1
f 2372//1 2543//1 2371//1
f 2373//1 2544//1 2372//1
f 2374//1 2545//1 2373//1
f 2375//1 2546//1 2374//1
f 2376//1 2547//1 2375//1
f 2377//1 2548//1 2376//1
f 2378//1 2549//1 2377//1
f 2379//1 2550//1 2378//1
f 2380//1 2551//1 2379//1
f 2381//1 2552//1 2380//1
f 2382//1 2553//1 2381//1
f 2383//1 2555//1 2382//1
f 2384//1 2556//1 2383//1
f 2385//1 2557//1 2384//1
f 2386//1 2558//1 2385//1
f 2387//1 2559//1 2386//1
f 2388//1 2560//1 2387//1
f 2389//42 2561//18 2388//18
f 2390//12 2562//56 2389//42
f 2391//1 2563//1 2390//1
f 2392//1 2564//1 2391//1
f 2393//1 2565//1 2392//1
f 2394//1 2566//1 2393//1
f 2395//1 2567//1 2394//1
f 2396//1 2568//1 2395//1
f 2397//1 2569//1 2396//1
f 2398//1 2570//1 2397//1
f 2399//1 2571//1 2398//1
f 2400//1 2572//1 2399//1
f 2401//1 2573//1 2400//1
f 2402//1 2574//1 2401//1
f 2403//1 2575//1 2402//1
f 2404//1 2576//1 2403//1
f 2405//1 2577//1 2404//1
f 2406//1 2578//1 2405//1
f 2407//1 2579//1 2406//1
f 2408//1 2580//1 2407//1
f 2409//1 2581//1 2408//1
f 2410//72 2582//72 2409//25
f 2411//72 2584//28 2410//72
f 2412//26 2585//28 2411//72
f 2413//9 2586//39 2412//55
f 2414//25 2587//72 2413//25
f 2415//25 2588//72 2414//25
f 2416//25 2589//72 2415//25
f 2417//25 2590//72 2416//25
f 2418//25 2591//72 2417//25
f 2419//25 2592//72 2418//25
f 2420//25 2593//72 2419//25
f 2421//25 2594//72 2420//25
f 2422//58 2595//58 2421//29
f 2423//59 2596//59 2422//58
f 2424//1 2597//1 2423//1
f 2425//1 2598//1 2424//1
f 2426//1 2599//1 2425//1
f 2427//1 2600//1 2426//1
f 2428//1 2601//1 2427//1
f 2429//1 2602//1 2428//1
f 2430//1 2603//1 2429//1
f 2431//1 2604//1 2430//1
f 2432//1 2605//1 2431//1
f 2433//1 2606//1 2432//1
f 2434//1 2607//1 2433//1
f 2435//1 2608//1 2434//1
f 2436//1 2609//1 2435//1
f 2437//1 2610//1 2436//1
f 2270//1 2611//1 2437//1
f 2439//1 2613//1 2438//1
f 2440//1 2614//1 2439//1
f 2441//1 2615//1 2440//1
f 2442//1 2616//1 2441//1
f 2443//1 2617//1 2442//1
f 2444//1 2618//1 2443//1
f 2445//1 2619//1 2444//1
f 2446//1 2620//1 2445//1
f 2447//24 2621//24 2446//24
f 2448//1 2622//1 2447//1
f 2449//1 2623//1 2448//1
f 2450//1 2624//1 2449//1
f 2451//1 2625//1 2450//1
f 2452//99 2626//100 2451//98
f 2453//28 2627//101 2452//99
f 2454//46 2628//46 2453//46
f 2455//1 2629//1 2454//1
f 2456//1 2630//1 2455//1
f 2457//1 2631//1 2456//1
f 2458//1 2632//1 2457//1
f 2459//1 2633//1 2458//1
f 2460//1 2634//1 2459//1
f 2461//1 2635//1 2460//1
f 2462//1 2636//1 2461//1
f 2463//1 2637//1 2462//1
f 2464//1 2638//1 2463//1
f 2465//1 2639//1 2464//1
f 2466//1 2640//1 2465//1
f 2467//1 2641//1 2466//1
f 2468//1 2643//1 2467//1
f 2469//1 2644//1 2468//1
f 2470//1 2645//1 2469//1
f 2471//59 2646//59 2470//59
f 2472//19 2647//19 2471//19
f 2473//1 2648//1 2472//1
f 2474//1 2649//1 2473//1
f 2475//1 2650//1 2474//1
f 2476//1 2651//1 2475//1
f 2477//58 2652//59 2476//59
f 2478//50 2653//46 2477//45
f 2479//50 2654//46 2478//50
f 2480//45 2655//46 2479//50
f 2481//19 2656//19 2480//41
f 2482//1 2657//1 2481//1
f 2483//1 2658//1 2482//1
f 2484//1 2659//1 2483//1
f 2485//1 2660//1 2484//1
f 2486//1 2661//1 2485//1
f 2487//1 2662//1 2486//1
f 2488//1 2663//1 2487//1
f 2489//1 2664//1 2488//1
f 2490//1 2665//1 2489//1
f 2491//1 2666//1 2490//1
f 2492//1 2667//1 2491//1
f 2493//1 2668//1 2492//1
f 2494//1 2669//1 2493//1
f 2495//1 2670//1 2494//1
f 2496//1 2671//1 2495//1
f 2497//1 2673//1 2496//1
f 2498//1 2674//1 2497//1
f 2499//1 2675//1 2498//1
f 2500//1 2676//1 2499//1
f 2501//1 2677//1 2500//1
f 2502//1 2678//1 2501//1
f 2503//1 2679//1 2502//1
f 2504//1 2680//1 2503//1
f 2505//1 2681//1 2504//1
f 2506//1 2682//1 2505//1
f 2507//1 2683//1 2506//1
f 2508//1 2684//1 2507//1
f 2509//1 2685//1 2508//1
f 2510//1 2686//1 2509//1
f 2511//1 2687//1 2510//1
f 2512//1 2688//1 2511//1
f 2513//1 2689//1 2512//1
f 2514//89 2690//89 2513//89
f 2515//1 2691//1 2514//1
f 2516//1 2692//1 2515//1
f 2517//1 2693//1 2516//1
f 2518//1 2694//1 2517//1
f 2519//67 2695//67 2518//67
f 2520//1 2696//1 2519//1
f 2521//1 2697//1 2520//1
f 2522//1 2698//1 2521//1
f 2523//1 2699//1 2522//1
f 2524//1 2700//1 2523//1
f 2525//1 2701//1 2524//1
f 2526//1 2703//1 2525//1
f 2527//1 2704//1 2526//1
f 2528//1 2705//1 2527//1
f 2529//1 2706//1 2528//1
f 2530//1 2707//1 2529//1
f 2531//1 2708//1 2530//1
f 2532//1 2709//1 2531//1
f 2533//1 2710//1 2532//1
f 2534//1 2711//1 2533//1
f 2535//1 2712//1 2534//1
f 2536//1 2713//1 2535//1
f 2537//1 2714//1 2536//1
f 2538//1 2715//1 2537//1
f 2539//1 2716//1 2538//1
f 2540//1 2717//1 2539//1
f 2541//1 2718//1 2540//1
f 2542//1 2719//1 2541//1
f 2543//1 2720//1 2542//1
f 2544//1 2721//1 2543//1
f 2545//1 2722//1 2544//1
f 2546//1 2723//1 2545//1
f 2547//1 2724//1 2546//1
f 2548//1 2725//1 2547//1
f 2549//1 2726//1 2548//1
f 2550//1 2727//1 2549//1
f 2551//1 2728//1 2550//1
f 2552//1 2729//1 2551//1
f 2553//1 2730//1 2552//1
f 2554//1 2731//1 2553//1
f 2555//1 2733//1 2554//1
f 2556//1 2734//1 2555//1
f 2557//1 2735//1 2556//1
f 2558//1 2736//1 2557//1
f 2559//1 2737//1 2558//1
f 2560//1 2738//1 2559//1
f 2561//1 2739//1 2560//1
f 2562//56 2740//18 2561//18
f 2563//12 2741//102 2562//56
f 2564//1 2742//1 2563//1
f 2565//1 2743//1 2564//1
f 2566//1 2744//1 2565//1
f 2567//1 2745//1 2566//1
f 2568//1 2746//1 2567//1
f 2569//1 2747//1 2568//1
f 2570//1 2748//1 2569//1
f 2571//1 2749//1 2570//1
f 2572//1 2750//1 2571//1
f 2573//1 2751//1 2572//1
f 2574//1 2752//1 2573//1
f 2575//1 2753//1 2574//1
f 2576//1 2754//1 2575//1
f 2577//1 2755//1 2576//1
f 2578//1 2756//1 2577//1
f 2579//1 2757//1 2578//1
f 2580//1 2758//1 2579//1
f 2581//9 2759//55 2580//9
f 2582//72 2760//27 2581//25
f 2583//28 2761//28 2582//72
f 2584//1 2763//1 2583//1
f 2585//1 2764//1 2584//1
f 2586//39 2765//40 2585//40
f 2587//72 2766//28 2586//27
f 2588//72 2767//28 2587//72
f 2589//72 2768//28 2588//72
f 2590//72 2769//28 2589//72
f 2591//72 2770//28 2590//72
f 2592//72 2771//28 2591//72
f 2593//72 2772//28 2592//72
f 2594//72 2773//28 2593//72
f 2595//27 2774//28 2594//72
f 2596//59 2775//59 2595//58
f 2597//1 2776//1 2596//1
f 2598//1 2777//1 2597//1
f 2599//1 2778//1 2598//1
f 2600//1 2779//1 2599//1
f 2601//1 2780//1 2600//1
f 2602//1 2781//1 2601//1
f 2603//1 2782//1 2602//1
f 2604//1 2783//1 2603//1
f 2605//1 2784//1 2604//1
f 2606//1 2785//1 2605//1
f 2607//1 2786//1 2606//1
f 2608//1 2787//1 2607//1
f 2609//1 2788//1 2608//1
f 2610//1 2789//1 2609//1
f 2611//1 2790//1 2610//1
f 2438//1 2791//1 2611//1
f 2613//1 2793//1 2612//1
f 2614//1 2794//1 2613//1
f 2615//1 2795//1 2614//1
f 2616//1 2796//1 2615//1
f 2617//1 2797//1 2616//1
f 2618//1 2798//1 2617//1
f 2619//1 2799//1 2618//1
f 2620//1 2800//1 2619//1
f 2621//1 2801//1 2620//1
f 2622//60 2802//60 2621//60
f 2623//1 2803//1 2622//1
f 2624//1 2804//1 2623//1
f 2625//1 2805//1 2624//1
f 2626//1 2806//1 2625//1
f 2627//101 2807//100 2626//100
f 2628//1 2808//1 2627//1
f 2629//1 2809//1 2628//1
f 2630//1 2810//1 2629//1
f 2631//1 2811//1 2630//1
f 2632//1 2812//1 2631//1
f 2633//1 2813//1 2632//1
f 2634//1 2814//1 2633//1
f 2635//1 2815//1 2634//1
f 2636//1 2816//1 2635//1
f 2637//1 2817//1 2636//1
f 2638//1 2818//1 2637//1
f 2639//1 2819//1 2638//1
f 2640//1 2820//1 2639//1
f 2641//1 2821//1 2640//1
f 2642//1 2822//1 2641//1
f 2643//1 2824//1 2642//1
f 2644//1 2825//1 2643//1
f 2645//1 2826//1 2644//1
f 2646//1 2827//1 2645//1
f 2647//1 2828//1 2646//1
f 2648//1 2829//1 2647//1
f 2649//1 2830//1 2648//1
f 2650//1 2831//1 2649//1
f 2651//1 2832//1 2650//1
f 2652//1 2833//1 2651//1
f 2653//1 2834//1 2652//1
f 2654//1 2835//1 2653//1
f 2655//1 2836//1 2654//1
f 2656//1 2837//1 2655//1
f 2657//1 2838//1 2656//1
f 2658//1 2839//1 2657//1
f 2659//1 2840//1 2658//1
f 2660//1 2841//1 2659//1
f 2661//1 2842//1 2660//1
f 2662//1 2843//1 2661//1
f 2663//1 2844//1 2662//1
f 2664//1 2845//1 2663//1
f 2665//1 2846//1 2664//1
f 2666//1 2847//1 2665//1
f 2667//1 2848//1 2666//1
f 2668//1 2849//1 2667//1
f 2669//1 2850//1 2668//1
f 2670//1 2851//1 2669//1
f 2671//1 2852//1 2670//1
f 2672//1 2853//1 2671//1
f 2673//1 2855//1 2672//1
f 2674//1 2856//1 2673//1
f 2675//1 2857//1 2674//1
f 2676//1 2858//1 2675//1
f 2677//1 2859//1 2676//1
f 2678//1 2860//1 2677//1
f 2679//1 2861//1 2678//1
f 2680//1 2862//1 2679//1
f 2681//1 2863//1 2680//1
f 2682//1 2864//1 2681//1
f 2683//1 2865//1 2682//1
f 2684//1 2866//1 2683//1
f 2685//1 2867//1 2684//1
f 2686//1 2868//1 2685//1
f 2687//1 2869//1 2686//1
f 2688//1 2870//1 2687//1
f 2689//1 2871//1 2688//1
f 2690//89 2872//89 2689//89
f 2691//1 2873//1 2690//1
f 2692//1 2874//1 2691//1
f 2693//1 2875//1 2692//1
f 2694//1 2876//1 2693//1
f 2695//60 2877//60 2694//60
f 2696//1 2878//1 2695//1
f 2697//1 2879//1 2696//1
f 2698//1 2880//1 2697//1
f 2699//1 2881//1 2698//1
f 2700//1 2882//1 2699//1
f 2701//1 2883//1 2700//1
f 2702//1 2884//1 2701//1
f 2703//1 2886//1 2702//1
f 2704//1 2887//1 2703//1
f 2705//1 2888//1 2704//1
f 2706//1 2889//1 2705//1
f 2707//1 2890//1 2706//1
f 2708//1 2891//1 2707//1
f 2709//1 2892//1 2708//1
f 2710//1 2893//1 2709//1
f 2711//1 2894//1 2710//1
f 2712//1 2895//1 2711//1
f 2713//1 2896//1 2712//1
f 2714//1 2897//1 2713//1
f 2715//1 2898//1 2714//1
f 2716//1 2899//1 2715//1
f 2717//1 2900//1 2716//1
f 2718//1 2901//1 2717//1
f 2719//1 2902//1 2718//1
f 2720//1 2903//1 2719//1
f 2721//1 2904//1 2720//1
f 2722//1 2905//1 2721//1
f 2723//1 2906//1 2722//1
f 2724//1 2907//1 2723//1
f 2725//1 2908//1 2724//1
f 2726//1 2909//1 2725//1
f 2727//1 2910//1 2726//1
f 2728//1 2911//1 2727//1
f 2729//1 2912//1 2728//1
f 2730//1 2913//1 2729//1
f 2731//1 2914//1 2730//1
f 2732//1 2915//1 2731//1
f 2733//1 2917//1 2732//1
f 2734//1 2918//1 2733//1
f 2735//1 2919//1 2734//1
f 2736//1 2920//1 2735//1
f 2737//1 2921//1 2736//1
f 2738//1 2922//1 2737//1
f 2739//1 2923//1 2738//1
f 2740//1 2924//1 2739//1
f 2741//19 2925//19 2740//19
f 2742//12 2926//102 2741//102
f 2743//1 2927//1 2742//1
f 2744//1 2928//1 2743//1
f 2745//1 2929//1 2744//1
f 2746//1 2930//1 2745//1
f 2747//1 2931//1 2746//1
f 2748//1 2932//1 2747//1
f 2749//1 2933//1 2748//1
f 2750//1 2934//1 2749//1
f 2751//1 2935//1 2750//1
f 2752//1 2936//1 2751//1
f 2753//1 2937//1 2752//1
f 2754//1 2938//1 2753//1
f 2755//1 2939//1 2754//1
f 2756//1 2940//1 2755//1
f 2757//1 2941//1 2756//1
f 2758//1 2942//1 2757//1
f 2759//26 2943//72 2758//25
f 2760//39 2944//40 2759//55
f 2761//28 2945//28 2760//27
f 2762//1 2946//1 2761//1
f 2763//1 2948//1 2762//1
f 2764//1 2949//1 2763//1
f 2765//1 2950//1 2764//1
f 2766//1 2951//1 2765//1
f 2767//1 2952//1 2766//1
f 2768//1 2953//1 2767//1
f 2769//1 2954//1 2768//1
f 2770//1 2955//1 2769//1
f 2771//1 2956//1 2770//1
f 2772//1 2957//1 2771//1
f 2773//1 2958//1 2772//1
f 2774//1 2959//1 2773//1
f 2775//1 2960//1 2774//1
f 2776//1 2961//1 2775//1
f 2777//1 2962//1 2776//1
f 2778//1 2963//1 2777//1
f 2779//1 2964//1 2778//1
f 2780//1 2965//1 2779//1
f 2781//1 2966//1 2780//1
f 2782//1 2967//1 2781//1
f 2783//1 2968//1 2782//1
f 2784//1 2969//1 2783//1
f 2785//1 2970//1 2784//1
f 2786//1 2971//1 2785//1
f 2787//1 2972//1 2786//1
f 2788//1 2973//1 2787//1
f 2789//1 2974//1 2788//1
f 2790//1 2975//1 2789//1
f 2791//1 2976//1 2790//1
f 2612//1 2977//1 2791//1
f 2793//1 2979//1 2792//1
f 2794//1 2980//1 2793//1
f 2795//1 2981//1 2794//1
f 2796//1 2982//1 2795//1
f 2797//1 2983//1 2796//1
f 2798//1 2984//1 2797//1
f 2799//1 2985//1 2798//1
f 2800//1 2986//1 2799//1
f 2801//1 2987//1 2800//1
f 2802//24 2988//24 2801//24
f 2803//1 2989//1 2802//1
f 2804//1 2990//1 2803//1
f 2805//1 2991//1 2804//1
f 2806//1 2992//1 2805//1
f 2807//1 2993//1 2806//1
f 2808//84 2994//84 2807//84
f 2809//1 2995//1 2808//1
f 2810//1 2996//1 2809//1
f 2811//1 2997//1 2810//1
f 2812//1 2998//1 2811//1
f 2813//1 2999//1 2812//1
f 2814//1 3000//1 2813//1
f 2815//1 3001//1 2814//1
f 2816//1 3002//1 2815//1
f 2817//1 3003//1 2816//1
f 2818//1 3004//1 2817//1
f 2819//1 3005//1 2818//1
f 2820//1 3006//1 2819//1
f 2821//1 3007//1 2820//1
f 2822//1 3008//1 2821//1
f 2823//1 3009//1 2822//1
f 2824//1 3011//1 2823//1
f 2825//1 3012//1 2824//1
f 2826//1 3013//1 2825//1
f 2827//1 3014//1 2826//1
f 2828//1 3015//1 2827//1
f 2829//1 3016//1 2828//1
f 2830//1 3017//1 2829//1
f 2831//1 3018//1 2830//1
f 2832//1 3019//1 2831//1
f 2833//1 3020//1 2832//1
f 2834//1 3021//1 2833//1
f 2835//1 3022//1 2834//1
f 2836//1 3023//1 2835//1
f 2837//1 3024//1 2836//1
f 2838//1 3025//1 2837//1
f 2839//1 3026//1 2838//1
f 2840//1 3027//1 2839//1
f 2841//1 3028//1 2840//1
f 2842//1 3029//1 2841//1
f 2843//1 3030//1 2842//1
f 2844//1 3031//1 2843//1
f 2845//1 3032//1 2844//1
f 2846//1 3033//1 2845//1
f 2847//1 3034//1 2846//1
f 2848//1 3035//1 2847//1
f 2849//1 3036//1 2848//1
f 2850//1 3037//1 2849//1
f 2851//1 3038//1 2850//1
f 2852//1 3039//1 2851//1
f 2853//1 3040//1 2852//1
f 2854//1 3041//1 2853//1
f 2855//1 3043//1 2854//1
f 2856//1 3044//1 2855//1
f 2857//1 3045//1 2856//1
f 2858//1 3046//1 2857//1
f 2859//1 3047//1 2858//1
f 2860//1 3048//1 2859//1
f 2861//1 3049//1 2860//1
f 2862//1 3050//1 2861//1
f 2863//1 3051//1 2862//1
f 2864//1 3052//1 2863//1
f 2865//1 3053//1 2864//1
f 2866//1 3054//1 2865//1
f 2867//1 3055//1 2866//1
f 2868//1 3056//1 2867//1
f 2869//1 3057//1 2868//1
f 2870//1 3058//1 2869//1
f 2871//1 3059//1 2870//1
f 2872//89 3060//89 2871//89
f 2873//1 3061//1 2872//1
f 2874//1 3062//1 2873//1
f 2875//1 3063//1 2874//1
f 2876//1 3064//1 2875//1
f 2877//1 3065//1 2876//1
f 2878//67 3066//67 2877//67
f 2879//1 3067//1 2878//1
f 2880//1 3068//1 2879//1
f 2881//1 3069//1 2880//1
f 2882//1 3070//1 2881//1
f 2883//1 3071//1 2882//1
f 2884//1 3072//1 2883//1
f 2885//1 3073//1 2884//1
f 2886//1 3075//1 2885//1
f 2887//1 3076//1 2886//1
f 2888//1 3077//1 2887//1
f 2889//1 3078//1 2888//1
f 2890//1 3079//1 2889//1
f 2891//1 3080//1 2890//1
f 2892//1 3081//1 2891//1
f 2893//1 3082//1 2892//1
f 2894//1 3083//1 2893//1
f 2895//1 3084//1 2894//1
f 2896//1 3085//1 2895//1
f 2897//1 3086//1 2896//1
f 2898//1 3087//1 2897//1
f 2899//1 3088//1 2898//1
f 2900//1 3089//1 2899//1
f 2901//1 3090//1 2900//1
f 2902//1 3091//1 2901//1
f 2903//1 3092//1 2902//1
f 2904//1 3093//1 2903//1
f 2905//1 3094//1 2904//1
f 2906//1 3095//1 2905//1
f 2907//1 3096//1 2906//1
f 2908//1 3097//1 2907//1
f 2909//1 3098//1 2908//1
f 2910//1 3099//1 2909//1
f 2911//1 3100//1 2910//1
f 2912//1 3101//1 2911//1
f 2913//1 3102//1 2912//1
f 2914//1 3103//1 2913//1
f 2915//1 3104//1 2914//1
f 2916//1 3105//1 2915//1
f 2917//1 3107//1 2916//1
f 2918//1 3108//1 2917//1
f 2919//1 3109//1 2918//1
f 2920//1 3110//1 2919//1
f 2921//1 3111//1 2920//1
f 2922//1 3112//1 2921//1
f 2923//1 3113//1 2922//1
f 2924//1 3114//1 2923//1
f 2925//18 3115//18 2924//18
f 2926//40 3116//40 2925//40
f 2927//12 3117//42 2926//102
f 2928//9 3118//38 2927//9
f 2929//9 3119//38 2928//9
f 2930//9 3120//38 2929//9
f 2931//9 3121//55 2930//9
f 2932//1 3122//1 2931//1
f 2933//1 3123//1 2932//1
f 2934//9 3124//55 2933//9
f 2935//9 3125//38 2934//9
f 2936//9 3126//55 2935//9
f 2937//1 3127//1 2936//1
f 2938//1 3128//1 2937//1
f 2939//1 3129//1 2938//1
f 2940//1 3130//1 2939//1
f 2941//1 3131//1 2940//1
f 2942//9 3132//55 2941//9
f 2943//72 3133//27 2942//25
f 2944//28 3134//28 2943//72
f 2945//1 3135//1 2944//1
f 2946//1 3136//1 2945//1
f 2947//1 3137//1 2946//1
f 2948//1 3139//1 2947//1
f 2949//1 3140//1 2948//1
f 2950//1 3141//1 2949//1
f 2951//1 3142//1 2950//1
f 2952//1 3143//1 2951//1
f 2953//1 3144//1 2952//1
f 2954//1 3145//1 2953//1
f 2955//1 3146//1 2954//1
f 2956//1 3147//1 2955//1
f 2957//1 3148//1 2956//1
f 2958//1 3149//1 2957//1
f 2959//1 3150//1 2958//1
f 2960//1 3151//1 2959//1
f 2961//1 3152//1 2960//1
f 2962//1 3153//1 2961//1
f 2963//1 3154//1 2962//1
f 2964//1 3155//1 2963//1
f 2965//1 3156//1 2964//1
f 2966//1 3157//1 2965//1
f 2967//1 3158//1 2966//1
f 2968//1 3159//1 2967//1
f 2969//1 3160//1 2968//1
f 2970//1 3161//1 2969//1
f 2971//1 3162//1 2970//1
f 2972//1 3163//1 2971//1
f 2973//1 3164//1 2972//1
f 2974//1 3165//1 2973//1
f 2975//1 3166//1 2974//1
f 2976//1 3167//1 2975//1
f 2977//1 3168//1 2976//1
f 2792//1 3169//1 2977//1
f 2979//1 3171//1 2978//1
f 2980//1 3172//1 2979//1
f 2981//1 3173//1 2980//1
f 2982//1 3174//1 2981//1
f 2983//1 3175//1 2982//1
f 2984//1 3176//1 2983//1
f 2985//1 3177//1 2984//1
f 2986//1 3178//1 2985//1
f 2987//1 3179//1 2986//1
f 2988//1 3180//1 2987//1
f 2989//24 3181//24 2988//24
f 2990//1 3182//1 2989//1
f 2991//1 3183//1 2990//1
f 2992//1 3184//1 2991//1
f 2993//1 3185//1 2992//1
f 2994//100 3186//100 2993//100
f 2995//1 3187//1 2994//1
f 2996//1 3188//1 2995//1
f 2997//1 3189//1 2996//1
f 2998//1 3190//1 2997//1
f 2999//1 3191//1 2998//1
f 3000//1 3192//1 2999//1
f 3001//1 3193//1 3000//1
f 3002//1 3194//1 3001//1
f 3003//1 3195//1 3002//1
f 3004//1 3196//1 3003//1
f 3005//1 3197//1 3004//1
f 3006//1 3198//1 3005//1
f 3007//1 3199//1 3006//1
f 3008//1 3200//1 3007//1
f 3009//1 3201//1 3008//1
f 3010//1 3202//1 3009//1
f 3011//1 3204//1 3010//1
f 3012//1 3205//1 3011//1
f 3013//1 3206//1 3012//1
f 3014//1 3207//1 3013//1
f 3015//1 3208//1 3014//1
f 3016//1 3209//1 3015//1
f 3017//1 3210//1 3016//1
f 3018//1 3211//1 3017//1
f 3019//1 3212//1 3018//1
f 3020//1 3213//1 3019//1
f 3021//1 3214//1 3020//1
f 3022//1 3215//1 3021//1
f 3023//1 3216//1 3022//1
f 3024//1 3217//1 3023//1
f 3025//1 3218//1 3024//1
f 3026//1 3219//1 3025//1
f 3027//1 3220//1 3026//1
f 3028//1 3221//1 3027//1
f 3029//1 3222//1 3028//1
f 3030//1 3223//1 3029//1
f 3031//1 3224//1 3030//1
f 3032//1 3225//1 3031//1
f 3033//1 3226//1 3032//1
f 3034//1 3227//1 3033//1
f 3035//1 3228//1 3034//1
f 3036//1 3229//1 3035//1
f 3037//1 3230//1 3036//1
f 3038//1 3231//1 3037//1
f 3039//1 3232//1 3038//1
f 3040//1 3233//1 3039//1
f 3041//1 3234//1 3040//1
f 3042//1 3235//1 3041//1
f 3043//1 3237//1 3042//1
f 3044//1 3238//1 3043//1
f 3045//1 3239//1 3044//1
f 3046//1 3240//1 3045//1
f 3047//1 3241//1 3046//1
f 3048//1 3242//1 3047//1
f 3049//1 3243//1 3048//1
f 3050//1 3244//1 3049//1
f 3051//1 3245//1 3050//1
f 3052//1 3246//1 3051//1
f 3053//1 3247//1 3052//1
f 3054//1 3248//1 3053//1
f 3055//1 3249//1 3054//1
f 3056//1 3250//1 3055//1
f 3057//1 3251//1 3056//1
f 3058//1 3252//1 3057//1
f 3059//1 3253//1 3058//1
f 3060//89 3254//89 3059//89
f 3061//1 3255//1 3060//1
f 3062//1 3256//1 3061//1
f 3063//1 3257//1 3062//1
f 3064//1 3258//1 3063//1
f 3065//1 3259//1 3064//1
f 3066//67 3260//67 3065//67
f 3067//1 3261//1 3066//1
f 3068//1 3262//1 3067//1
f 3069//1 3263//1 3068//1
f 3070//1 3264//1 3069//1
f 3071//1 3265//1 3070//1
f 3072//1 3266//1 3071//1
f 3073//1 3267//1 3072//1
f 3074//1 3268//1 3073//1
f 3075//1 3270//1 3074//1
f 3076//1 3271//1 3075//1
f 3077//1 3272//1 3076//1
f 3078//1 3273//1 3077//1
f 3079//1 3274//1 3078//1
f 3080//1 3275//1 3079//1
f 3081//1 3276//1 3080//1
f 3082//1 3277//1 3081//1
f 3083//1 3278//1 3082//1
f 3084//1 3279//1 3083//1
f 3085//1 3280//1 3084//1
f 3086//1 3281//1 3085//1
f 3087//1 3282//1 3086//1
f 3088//1 3283//1 3087//1
f 3089//1 3284//1 3088//1
f 3090//1 3285//1 3089//1
f 3091//1 3286//1 3090//1
f 3092//1 3287//1 3091//1
f 3093//1 3288//1 3092//1
f 3094//1 3289//1 3093//1
f 3095//1 3290//1 3094//1
f 3096//1 3291//1 3095//1
f 3097//1 3292//1 3096//1
f 3098//1 3293//1 3097//1
f 3099//1 3294//1 3098//1
f 3100//1 3295//1 3099//1
f 3101//1 3296//1 3100//1
f 3102//1 3297//1 3101//1
f 3103//1 3298//1 3102//1
f 3104//1 3299//1 3103//1
f 3105//1 3300//1 3104//1
f 3106//1 3301//1 3105//1
f 3107//1 3303//1 3106//1
f 3108//1 3304//1 3107//1
f 3109//1 3305//1 3108//1
f 3110//1 3306//1 3109//1
f 3111//1 3307//1 3110//1
f 3112//1 3308//1 3111//1
f 3113//1 3309//1 3112//1
f 3114//1 3310//1 3113//1
f 3115//1 3311//1 3114//1
f 3116//1 3312//1 3115//1
f 3117//42 3313//18 3116//18
f 3118//38 3314//40 3117//39
f 3119//38 3315//40 3118//38
f 3120//38 3316//40 3119//38
f 3121//55 3317//40 3120//38
f 3122//12 3318//42 3121//13
f 3123//9 3319//38 3122//9
f 3124//26 3320//27 3123//25
f 3125//38 3321//40 3124//55
f 3126//55 3322//40 3125//38
f 3127//12 3323//42 3126//13
f 3128//9 3324//55 3127//9
f 3129//1 3325//1 3128//1
f 3130//1 3326//1 3129//1
f 3131//9 3327//55 3130//9
f 3132//26 3328//27 3131//25
f 3133//39 3329//40 3132//55
f 3134//28 3330//28 3133//27
f 3135//1 3331//1 3134//1
f 3136//1 3332//1 3135//1
f 3137//1 3333//1 3136//1
f 3138//1 3334//1 3137//1
f 3139//1 3336//1 3138//1
f 3140//1 3337//1 3139//1
f 3141//1 3338//1 3140//1
f 3142//1 3339//1 3141//1
f 3143//1 3340//1 3142//1
f 3144//1 3341//1 3143//1
f 3145//1 3342//1 3144//1
f 3146//1 3343//1 3145//1
f 3147//1 3344//1 3146//1
f 3148//1 3345//1 3147//1
f 3149//1 3346//1 3148//1
f 3150//1 3347//1 3149//1
f 3151//1 3348//1 3150//1
f 3152//1 3349//1 3151//1
f 3153//1 3350//1 3152//1
f 3154//1 3351//1 3153//1
f 3155//1 3352//1 3154//1
f 3156//1 3353//1 3155//1
f 3157//1 3354//1 3156//1
f 3158//1 3355//1 3157//1
f 3159//1 3356//1 3158//1
f 3160//1 3357//1 3159//1
f 3161//1 3358//1 3160//1
f 3162//1 3359//1 3161//1
f 3163//1 3360//1 3162//1
f 3164//1 3361//1 3163//1
f 3165//1 3362//1 3164//1
f 3166//1 3363//1 3165//1
f 3167//1 3364//1 3166//1
f 3168//1 3365//1 3167//1
f 3169//1 3366//1 3168//1
f 2978//1 3367//1 3169//1
f 3171//1 3369//1 3170//1
f 3172//1 3370//1 3171//1
f 3173//1 3371//1 3172//1
f 3174//1 3372//1 3173//1
f 3175//1 3373//1 3174//1
f 3176//1 3374//1 3175//1
f 3177//1 3375//1 3176//1
f 3178//1 3376//1 3177//1
f 3179//1 3377//1 3178//1
f 3180//1 3378//1 3179//1
f 3181//1 3379//1 3180//1
f 3182//24 3380//24 3181//24
f 3183//1 3381//1 3182//1
f 3184//1 3382//1 3183//1
f 3185//1 3383//1 3184//1
f 3186//1 3384//1 3185//1
f 3187//100 3385//100 3186//100
f 3188//1 3386//1 3187//1
f 3189//1 3387//1 3188//1
f 3190//1 3388//1 3189//1
f 3191//1 3389//1 3190//1
f 3192//1 3390//1 3191//1
f 3193//1 3391//1 3192//1
f 3194//1 3392//1 3193//1
f 3195//1 3393//1 3194//1
f 3196//1 3394//1 3195//1
f 3197//1 3395//1 3196//1
f 3198//1 3396//1 3197//1
f 3199//1 3397//1 3198//1
f 3200//1 3398//1 3199//1
f 3201//1 3399//1 3200//1
f 3202//1 3400//1 3201//1
f 3203//1 3401//1 3202//1
f 3204//1 3403//1 3203//1
f 3205//1 3404//1 3204//1
f 3206//1 3405//1 3205//1
f 3207//1 3406//1 3206//1
f 3208//1 3407//1 3207//1
f 3209//1 3408//1 3208//1
f 3210//1 3409//1 3209//1
f 3211//1 3410//1 3210//1
f 3212//1 3411//1 3211//1
f 3213//1 3412//1 3212//1
f 3214//1 3413//1 3213//1
f 3215//1 3414//1 3214//1
f 3216//1 3415//1 3215//1
f 3217//1 3416//1 3216//1
f 3218//1 3417//1 3217//1
f 3219//1 3418//1 3218//1
f 3220//1 3419//1 3219//1
f 3221//1 3420//1 3220//1
f 3222//1 3421//1 3221//1
f 3223//1 3422//1 3222//1
f 3224//1 3423//1 3223//1
f 3225//1 3424//1 3224//1
f 3226//1 3425//1 3225//1
f 3227//1 3426//1 3226//1
f 3228//1 3427//1 3227//1
f 3229//1 3428//1 3228//1
f 3230//1 3429//1 3229//1
f 3231//1 3430//1 3230//1
f 3232//1 3431//1 3231//1
f 3233//1 3432//1 3232//1
f 3234//1 3433//1 3233//1
f 3235//1 3434//1 3234//1
f 3236//1 3435//1 3235//1
f 3237//1 3437//1 3236//1
f 3238//1 3438//1 3237//1
f 3239//1 3439//1 3238//1
f 3240//1 3440//1 3239//1
f 3241//1 3441//1 3240//1
f 3242//1 3442//1 3241//1
f 3243//1 3443//1 3242//1
f 3244//1 3444//1 3243//1
f 3245//1 3445//1 3244//1
f 3246//1 3446//1 3245//1
f 3247//1 3447//1 3246//1
f 3248//1 3448//1 3247//1
f 3249//1 3449//1 3248//1
f 3250//1 3450//1 3249//1
f 3251//1 3451//1 3250//1
f 3252//1 3452//1 3251//1
f 3253//1 3453//1 3252//1
f 3254//89 3454//89 3253//89
f 3255//1 3455//1 3254//1
f 3256//1 3456//1 3255//1
f 3257//1 3457//1 3256//1
f 3258//1 3458//1 3257//1
f 3259//100 3459//100 3258//100
f 3260//67 3460//67 3259//67
f 3261//1 3461//1 3260//1
f 3262//1 3462//1 3261//1
f 3263//1 3463//1 3262//1
f 3264//1 3464//1 3263//1
f 3265//1 3465//1 3264//1
f 3266//1 3466//1 3265//1
f 3267//1 3467//1 3266//1
f 3268//1 3468//1 3267//1
f 3269//1 3469//1 3268//1
f 3270//1 3471//1 3269//1
f 3271//1 3472//1 3270//1
f 3272//1 3473//1 3271//1
f 3273//1 3474//1 3272//1
f 3274//1 3475//1 3273//1
f 3275//1 3476//1 3274//1
f 3276//1 3477//1 3275//1
f 3277//1 3478//1 3276//1
f 3278//1 3479//1 3277//1
f 3279//1 3480//1 3278//1
f 3280//1 3481//1 3279//1
f 3281//1 3482//1 3280//1
f 3282//1 3483//1 3281//1
f 3283//1 3484//1 3282//1
f 3284//1 3485//1 3283//1
f 3285//1 3486//1 3284//1
f 3286//1 3487//1 3285//1
f 3287//1 3488//1 3286//1
f 3288//1 3489//1 3287//1
f 3289//1 3490//1 3288//1
f 3290//1 3491//1 3289//1
f 3291//1 3492//1 3290//1
f 3292//1 3493//1 3291//1
f 3293//1 3494//1 3292//1
f 3294//1 3495//1 3293//1
f 3295//1 3496//1 3294//1
f 3296//1 3497//1 3295//1
f 3297//1 3498//1 3296//1
f 3298//1 3499//1 3297//1
f 3299//1 3500//1 3298//1
f 3300//1 3501//1 3299//1
f 3301//1 3502//1 3300//1
f 3302//1 3503//1 3301//1
f 3303//1 3505//1 3302//1
f 3304//1 3506//1 3303//1
f 3305//1 3507//1 3304//1
f 3306//1 3508//1 3305//1
f 3307//1 3509//1 3306//1
f 3308//1 3510//1 3307//1
f 3309//1 3511//1 3308//1
f 3310//1 3512//1 3309//1
f 3311//1 3513//1 3310//1
f 3312//1 3514//1 3311//1
f 3313//1 3515//1 3312//1
f 3314//1 3516//1 3313//1
f 3315//1 3517//1 3314//1
f 3316//1 3518//1 3315//1
f 3317//1 3519//1 3316//1
f 3318//42 3520//18 3317//18
f 3319//38 3521//40 3318//39
f 3320//39 3522//40 3319//38
f 3321//28 3523//28 3320//27
f 3322//1 3524//1 3321//1
f 3323//42 3525//18 3322//18
f 3324//55 3526//40 3323//39
f 3325//12 3527//42 3324//13
f 3326//9 3528//86 3325//9
f 3327//26 3529//103 3326//25
f 3328//39 3530//40 3327//55
f 3329//28 3531//28 3328//27
f 3330//1 3532//1 3329//1
f 3331//1 3533//1 3330//1
f 3332//1 3534//1 3331//1
f 3333//1 3535//1 3332//1
f 3334//1 3536//1 3333//1
f 3335//1 3537//1 3334//1
f 3336//1 3539//1 3335//1
f 3337//1 3540//1 3336//1
f 3338//1 3541//1 3337//1
f 3339//1 3542//1 3338//1
f 3340//1 3543//1 3339//1
f 3341//1 3544//1 3340//1
f 3342//1 3545//1 3341//1
f 3343//1 3546//1 3342//1
f 3344//1 3547//1 3343//1
f 3345//1 3548//1 3344//1
f 3346//1 3549//1 3345//1
f 3347//1 3550//1 3346//1
f 3348//1 3551//1 3347//1
f 3349//1 3552//1 3348//1
f 3350//1 3553//1 3349//1
f 3351//1 3554//1 3350//1
f 3352//1 3555//1 3351//1
f 3353//1 3556//1 3352//1
f 3354//1 3557//1 3353//1
f 3355//1 3558//1 3354//1
f 3356//1 3559//1 3355//1
f 3357//1 3560//1 3356//1
f 3358//1 3561//1 3357//1
f 3359//1 3562//1 3358//1
f 3360//1 3563//1 3359//1
f 3361//1 3564//1 3360//1
f 3362//1 3565//1 3361//1
f 3363//1 3566//1 3362//1
f 3364//1 3567//1 3363//1
f 3365//1 3568//1 3364//1
f 3366//1 3569//1 3365//1
f 3367//1 3570//1 3366//1
f 3170//1 3571//1 3367//1
f 3369//1 3573//1 3368//1
f 3370//1 3574//1 3369//1
f 3371//1 3575//1 3370//1
f 3372//1 3576//1 3371//1
f 3373//1 3577//1 3372//1
f 3374//1 3578//1 3373//1
f 3375//1 3579//1 3374//1
f 3376//1 3580//1 3375//1
f 3377//1 3581//1 3376//1
f 3378//1 3582//1 3377//1
f 3379//1 3583//1 3378//1
f 3380//1 3584//1 3379//1
f 3381//24 3585//24 3380//24
f 3382//1 3586//1 3381//1
f 3383//1 3587//1 3382//1
f 3384//1 3588//1 3383//1
f 3385//1 3589//1 3384//1
f 3386//100 3590//100 3385//100
f 3387//1 3591//1 3386//1
f 3388//1 3592//1 3387//1
f 3389//1 3593//1 3388//1
f 3390//1 3594//1 3389//1
f 3391//1 3595//1 3390//1
f 3392//1 3596//1 3391//1
f 3393//1 3597//1 3392//1
f 3394//1 3598//1 3393//1
f 3395//1 3599//1 3394//1
f 3396//1 3600//1 3395//1
f 3397//1 3601//1 3396//1
f 3398//1 3602//1 3397//1
f 3399//1 3603//1 3398//1
f 3400//1 3604//1 3399//1
f 3401//1 3605//1 3400//1
f 3402//1 3606//1 3401//1
f 3403//1 3608//1 3402//1
f 3404//1 3609//1 3403//1
f 3405//1 3610//1 3404//1
f 3406//1 3611//1 3405//1
f 3407//1 3612//1 3406//1
f 3408//1 3613//1 3407//1
f 3409//1 3614//1 3408//1
f 3410//1 3615//1 3409//1
f 3411//1 3616//1 3410//1
f 3412//1 3617//1 3411//1
f 3413//1 3618//1 3412//1
f 3414//1 3619//1 3413//1
f 3415//1 3620//1 3414//1
f 3416//1 3621//1 3415//1
f 3417//1 3622//1 3416//1
f 3418//1 3623//1 3417//1
f 3419//1 3624//1 3418//1
f 3420//1 3625//1 3419//1
f 3421//1 3626//1 3420//1
f 3422//1 3627//1 3421//1
f 3423//1 3628//1 3422//1
f 3424//1 3629//1 3423//1
f 3425//1 3630//1 3424//1
f 3426//1 3631//1 3425//1
f 3427//1 3632//1 3426//1
f 3428//1 3633//1 3427//1
f 3429//1 3634//1 3428//1
f 3430//1 3635//1 3429//1
f 3431//1 3636//1 3430//1
f 3432//1 3637//1 3431//1
f 3433//1 3638//1 3432//1
f 3434//1 3639//1 3433//1
f 3435//1 3640//1 3434//1
f 3436//1 3641//1 3435//1
f 3437//1 3643//1 3436//1
f 3438//1 3644//1 3437//1
f 3439//1 3645//1 3438//1
f 3440//1 3646//1 3439//1
f 3441//1 3647//1 3440//1
f 3442//1 3648//1 3441//1
f 3443//1 3649//1 3442//1
f 3444//1 3650//1 3443//1
f 3445//1 3651//1 3444//1
f 3446//1 3652//1 3445//1
f 3447//1 3653//1 3446//1
f 3448//1 3654//1 3447//1
f 3449//1 3655//1 3448//1
f 3450//1 3656//1 3449//1
f 3451//1 3657//1 3450//1
f 3452//1 3658//1 3451//1
f 3453//1 3659//1 3452//1
f 3454//89 3660//89 3453//89
f 3455//1 3661//1 3454//1
f 3456//1 3662//1 3455//1
f 3457//1 3663//1 3456//1
f 3458//1 3664//1 3457//1
f 3459//60 3665//60 3458//60
f 3460//1 3666//1 3459//1
f 3461//1 3667//1 3460//1
f 3462//1 3668//1 3461//1
f 3463//1 3669//1 3462//1
f 3464//1 3670//1 3463//1
f 3465//1 3671//1 3464//1
f 3466//1 3672//1 3465//1
f 3467//1 3673//1 3466//1
f 3468//1 3674//1 3467//1
f 3469//1 3675//1 3468//1
f 3470//1 3676//1 3469//1
f 3471//1 3678//1 3470//1
f 3472//1 3679//1 3471//1
f 3473//1 3680//1 3472//1
f 3474//1 3681//1 3473//1
f 3475//1 3682//1 3474//1
f 3476//1 3683//1 3475//1
f 3477//1 3684//1 3476//1
f 3478//1 3685//1 3477//1
f 3479//1 3686//1 3478//1
f 3480//1 3687//1 3479//1
f 3481//1 3688//1 3480//1
f 3482//1 3689//1 3481//1
f 3483//1 3690//1 3482//1
f 3484//1 3691//1 3483//1
f 3485//1 3692//1 3484//1
f 3486//1 3693//1 3485//1
f 3487//1 3694//1 3486//1
f 3488//1 3695//1 3487//1
f 3489//1 3696//1 3488//1
f 3490//1 3697//1 3489//1
f 3491//1 3698//1 3490//1
f 3492//1 3699//1 3491//1
f 3493//1 3700//1 3492//1
f 3494//1 3701//1 3493//1
f 3495//1 3702//1 3494//1
f 3496//1 3703//1 3495//1
f 3497//1 3704//1 3496//1
f 3498//1 3705//1 3497//1
f 3499//1 3706//1 3498//1
f 3500//1 3707//1 3499//1
f 3501//1 3708//1 3500//1
f 3502//1 3709//1 3501//1
f 3503//1 3710//1 3502//1
f 3504//1 3711//1 3503//1
f 3505//1 3713//1 3504//1
f 3506//1 3714//1 3505//1
f 3507//1 3715//1 3506//1
f 3508//1 3716//1 3507//1
f 3509//1 3717//1 3508//1
f 3510//1 3718//1 3509//1
f 3511//1 3719//1 3510//1
f 3512//1 3720//1 3511//1
f 3513//1 3721//1 3512//1
f 3514//1 3722//1 3513//1
f 3515//1 3723//1 3514//1
f 3516//1 3724//1 3515//1
f 3517//1 3725//1 3516//1
f 3518//1 3726//1 3517//1
f 3519//1 3727//1 3518//1
f 3520//1 3728//1 3519//1
f 3521//1 3729//1 3520//1
f 3522//1 3730//1 3521//1
f 3523//1 3731//1 3522//1
f 3524//1 3732//1 3523//1
f 3525//1 3733//1 3524//1
f 3526//1 3734//1 3525//1
f 3527//42 3735//18 3526//18
f 3528//86 3736//40 3527//39
f 3529//1 3737//1 3528//1
f 3530//28 3738//28 3529//103
f 3531//1 3739//1 3530//1
f 3532//1 3740//1 3531//1
f 3533//1 3741//1 3532//1
f 3534//1 3742//1 3533//1
f 3535//1 3743//1 3534//1
f 3536//1 3744//1 3535//1
f 3537//1 3745//1 3536//1
f 3538//1 3746//1 3537//1
f 3539//1 3748//1 3538//1
f 3540//1 3749//1 3539//1
f 3541//1 3750//1 3540//1
f 3542//1 3751//1 3541//1
f 3543//1 3752//1 3542//1
f 3544//1 3753//1 3543//1
f 3545//1 3754//1 3544//1
f 3546//1 3755//1 3545//1
f 3547//1 3756//1 3546//1
f 3548//1 3757//1 3547//1
f 3549//1 3758//1 3548//1
f 3550//1 3759//1 3549//1
f 3551//1 3760//1 3550//1
f 3552//1 3761//1 3551//1
f 3553//1 3762//1 3552//1
f 3554//1 3763//1 3553//1
f 3555//1 3764//1 3554//1
f 3556//1 3765//1 3555//1
f 3557//1 3766//1 3556//1
f 3558//1 3767//1 3557//1
f 3559//1 3768//1 3558//1
f 3560//1 3769//1 3559//1
f 3561//1 3770//1 3560//1
f 3562//1 3771//1 3561//1
f 3563//1 3772//1 3562//1
f 3564//1 3773//1 3563//1
f 3565//1 3774//1 3564//1
f 3566//1 3775//1 3565//1
f 3567//1 3776//1 3566//1
f 3568//1 3777//1 3567//1
f 3569//1 3778//1 3568//1
f 3570//1 3779//1 3569//1
f 3571//1 3780//1 3570//1
f 3368//1 3781//1 3571//1
f 3573//1 3783//1 3572//1
f 3574//1 3784//1 3573//1
f 3575//1 3785//1 3574//1
f 3576//1 3786//1 3575//1
f 3577//1 3787//1 3576//1
f 3578//1 3788//1 3577//1
f 3579//1 3789//1 3578//1
f 3580//1 3790//1 3579//1
f 3581//1 3791//1 3580//1
f 3582//1 3792//1 3581//1
f 3583//1 3793//1 3582//1
f 3584//1 3794//1 3583//1
f 3585//1 3795//1 3584//1
f 3586//60 3796//60 3585//60
f 3587//1 3797//1 3586//1
f 3588//1 3798//1 3587//1
f 3589//1 3799//1 3588//1
f 3590//1 3800//1 3589//1
f 3591//84 3801//84 3590//84
f 3592//1 3802//1 3591//1
f 3593//1 3803//1 3592//1
f 3594//1 3804//1 3593//1
f 3595//1 3805//1 3594//1
f 3596//1 3806//1 3595//1
f 3597//1 3807//1 3596//1
f 3598//1 3808//1 3597//1
f 3599//1 3809//1 3598//1
f 3600//1 3810//1 3599//1
f 3601//1 3811//1 3600//1
f 3602//1 3812//1 3601//1
f 3603//1 3813//1 3602//1
f 3604//1 3814//1 3603//1
f 3605//1 3815//1 3604//1
f 3606//1 3816//1 3605//1
f 3607//1 3817//1 3606//1
f 3608//1 3819//1 3607//1
f 3609//1 3820//1 3608//1
f 3610//1 3821//1 3609//1
f 3611//1 3822//1 3610//1
f 3612//1 3823//1 3611//1
f 3613//1 3824//1 3612//1
f 3614//1 3825//1 3613//1
f 3615//1 3826//1 3614//1
f 3616//1 3827//1 3615//1
f 3617//1 3828//1 3616//1
f 3618//1 3829//1 3617//1
f 3619//1 3830//1 3618//1
f 3620//1 3831//1 3619//1
f 3621//1 3832//1 3620//1
f 3622//1 3833//1 3621//1
f 3623//1 3834//1 3622//1
f 3624//1 3835//1 3623//1
f 3625//1 3836//1 3624//1
f 3626//1 3837//1 3625//1
f 3627//1 3838//1 3626//1
f 3628//1 3839//1 3627//1
f 3629//1 3840//1 3628//1
f 3630//1 3841//1 3629//1
f 3631//1 3842//1 3630//1
f 3632//1 3843//1 3631//1
f 3633//1 3844//1 3632//1
f 3634//1 3845//1 3633//1
f 3635//1 3846//1 3634//1
f 3636//1 3847//1 3635//1
f 3637//1 3848//1 3636//1
f 3638//1 3849//1 3637//1
f 3639//1 3850//1 3638//1
f 3640//1 3851//1 3639//1
f 3641//1 3852//1 3640//1
f 3642//1 3853//1 3641//1
f 3643//1 3855//1 3642//1
f 3644//1 3856//1 3643//1
f 3645//1 3857//1 3644//1
f 3646//1 3858//1 3645//1
f 3647//1 3859//1 3646//1
f 3648//1 3860//1 3647//1
f 3649//1 3861//1 3648//1
f 3650//1 3862//1 3649//1
f 3651//1 3863//1 3650//1
f 3652//1 3864//1 3651//1
f 3653//1 3865//1 3652//1
f 3654//1 3866//1 3653//1
f 3655//1 3867//1 3654//1
f 3656//1 3868//1 3655//1
f 3657//1 3869//1 3656//1
f 3658//1 3870//1 3657//1
f 3659//1 3871//1 3658//1
f 3660//89 3872//89 3659//89
f 3661//1 3873//1 3660//1
f 3662//1 3874//1 3661//1
f 3663//1 3875//1 3662//1
f 3664//1 3876//1 3663//1
f 3665//1 3877//1 3664//1
f 3666//67 3878//67 3665//67
f 3667//1 3879//1 3666//1
f 3668//1 3880//1 3667//1
f 3669//1 3881//1 3668//1
f 3670//1 3882//1 3669//1
f 3671//1 3883//1 3670//1
f 3672//1 3884//1 3671//1
f 3673//1 3885//1 3672//1
f 3674//1 3886//1 3673//1
f 3675//1 3887//1 3674//1
f 3676//1 3888//1 3675//1
f 3677//1 3889//1 3676//1
f 3678//1 3891//1 3677//1
f 3679//1 3892//1 3678//1
f 3680//1 3893//1 3679//1
f 3681//1 3894//1 3680//1
f 3682//1 3895//1 3681//1
f 3683//1 3896//1 3682//1
f 3684//1 3897//1 3683//1
f 3685//1 3898//1 3684//1
f 3686//1 3899//1 3685//1
f 3687//1 3900//1 3686//1
f 3688//1 3901//1 3687//1
f 3689//1 3902//1 3688//1
f 3690//1 3903//1 3689//1
f 3691//1 3904//1 3690//1
f 3692//1 3905//1 3691//1
f 3693//1 3906//1 3692//1
f 3694//1 3907//1 3693//1
f 3695//1 3908//1 3694//1
f 3696//1 3909//1 3695//1
f 3697//1 3910//1 3696//1
f 3698//1 3911//1 3697//1
f 3699//1 3912//1 3698//1
f 3700//1 3913//1 3699//1
f 3701//1 3914//1 3700//1
f 3702//1 3915//1 3701//1
f 3703//1 3916//1 3702//1
f 3704//1 3917//1 3703//1
f 3705//1 3918//1 3704//1
f 3706//1 3919//1 3705//1
f 3707//1 3920//1 3706//1
f 3708//1 3921//1 3707//1
f 3709//1 3922//1 3708//1
f 3710//1 3923//1 3709//1
f 3711//1 3924//1 3710//1
f 3712//1 3925//1 3711//1
f 3713//1 3927//1 3712//1
f 3714//1 3928//1 3713//1
f 3715//1 3929//1 3714//1
f 3716//1 3930//1 3715//1
f 3717//1 3931//1 3716//1
f 3718//1 3932//1 3717//1
f 3719//1 3933//1 3718//1
f 3720//1 3934//1 3719//1
f 3721//1 3935//1 3720//1
f 3722//1 3936//1 3721//1
f 3723//1 3937//1 3722//1
f 3724//1 3938//1 3723//1
f 3725//1 3939//1 3724//1
f 3726//1 3940//1 3725//1
f 3727//1 3941//1 3726//1
f 3728//1 3942//1 3727//1
f 3729//1 3943//1 3728//1
f 3730//1 3944//1 3729//1
f 3731//1 3945//1 3730//1
f 3732//1 3946//1 3731//1
f 3733//1 3947//1 3732//1
f 3734//1 3948//1 3733//1
f 3735//1 3949//1 3734//1
f 3736//1 3950//1 3735//1
f 3737//18 3951//18 3736//18
f 3738//28 3952//28 3737//28
f 3739//1 3953//1 3738//1
f 3740//1 3954//1 3739//1
f 3741//1 3955//1 3740//1
f 3742//1 3956//1 3741//1
f 3743//1 3957//1 3742//1
f 3744//1 3958//1 3743//1
f 3745//1 3959//1 3744//1
f 3746//1 3960//1 3745//1
f 3747//1 3961//1 3746//1
f 3748//1 3963//1 3747//1
f 3749//1 3964//1 3748//1
f 3750//1 3965//1 3749//1
f 3751//1 3966//1 3750//1
f 3752//1 3967//1 3751//1
f 3753//1 3968//1 3752//1
f 3754//1 3969//1 3753//1
f 3755//1 3970//1 3754//1
f 3756//1 3971//1 3755//1
f 3757//1 3972//1 3756//1
f 3758//1 3973//1 3757//1
f 3759//1 3974//1 3758//1
f 3760//1 3975//1 3759//1
f 3761//1 3976//1 3760//1
f 3762//1 3977//1 3761//1
f 3763//1 3978//1 3762//1
f 3764//1 3979//1 3763//1
f 3765//1 3980//1 3764//1
f 3766//1 3981//1 3765//1
f 3767//1 3982//1 3766//1
f 3768//1 3983//1 3767//1
f 3769//1 3984//1 3768//1
f 3770//1 3985//1 3769//1
f 3771//1 3986//1 3770//1
f 3772//1 3987//1 3771//1
f 3773//1 3988//1 3772//1
f 3774//1 3989//1 3773//1
f 3775//1 3990//1 3774//1
f 3776//1 3991//1 3775//1
f 3777//1 3992//1 3776//1
f 3778//1 3993//1 3777//1
f 3779//1 3994//1 3778//1
f 3780//1 3995//1 3779//1
f 3781//1 3996//1 3780//1
f 3572//1 3997//1 3781//1
f 3783//1 3999//1 3782//1
f 3784//1 4000//1 3783//1
f 3785//1 4001//1 3784//1
f 3786//1 4002//1 3785//1
f 3787//1 4003//1 3786//1
f 3788//1 4004//1 3787//1
f 3789//1 4005//1 3788//1
f 3790//1 4006//1 3789//1
f 3791//1 4007//1 3790//1
f 3792//1 4008//1 3791//1
f 3793//1 4009//1 3792//1
f 3794//1 4010//1 3793//1
f 3795//1 4011//1 3794//1
f 3796//24 4012//24 3795//24
f 3797//1 4013//1 3796//1
f 3798//1 4014//1 3797//1
f 3799//1 4015//1 3798//1
f 3800//1 4016//1 3799//1
f 3801//100 4017//100 3800//100
f 3802//1 4018//1 3801//1
f 3803//1 4019//1 3802//1
f 3804//1 4020//1 3803//1
f 3805//1 4021//1 3804//1
f 3806//1 4022//1 3805//1
f 3807//1 4023//1 3806//1
f 3808//1 4024//1 3807//1
f 3809//1 4025//1 3808//1
f 3810//1 4026//1 3809//1
f 3811//1 4027//1 3810//1
f 3812//1 4028//1 3811//1
f 3813//1 4029//1 3812//1
f 3814//1 4030//1 3813//1
f 3815//1 4031//1 3814//1
f 3816//1 4032//1 3815//1
f 3817//1 4033//1 3816//1
f 3818//1 4034//1 3817//1
f 3819//1 4036//1 3818//1
f 3820//1 4037//1 3819//1
f 3821//1 4038//1 3820//1
f 3822//1 4039//1 3821//1
f 3823//1 4040//1 3822//1
f 3824//1 4041//1 3823//1
f 3825//1 4042//1 3824//1
f 3826//1 4043//1 3825//1
f 3827//1 4044//1 3826//1
f 3828//1 4045//1 3827//1
f 3829//1 4046//1 3828//1
f 3830//1 4047//1 3829//1
f 3831//1 4048//1 3830//1
f 3832//1 4049//1 3831//1
f 3833//1 4050//1 3832//1
f 3834//1 4051//1 3833//1
f 3835//1 4052//1 3834//1
f 3836//1 4053//1 3835//1
f 3837//1 4054//1 3836//1
f 3838//1 4055//1 3837//1
f 3839//1 4056//1 3838//1
f 3840//1 4057//1 3839//1
f 3841//1 4058//1 3840//1
f 3842//1 4059//1 3841//1
f 3843//1 4060//1 3842//1
f 3844//1 4061//1 3843//1
f 3845//1 4062//1 3844//1
f 3846//1 4063//1 3845//1
f 3847//1 4064//1 3846//1
f 3848//1 4065//1 3847//1
f 3849//1 4066//1 3848//1
f 3850//1 4067//1 3849//1
f 3851//1 4068//1 3850//1
f 3852//1 4069//1 3851//1
f 3853//1 4070//1 3852//1
f 3854//1 4071//1 3853//1
f 3855//1 4073//1 3854//1
f 3856//1 4074//1 3855//1
f 3857//1 4075//1 3856//1
f 3858//1 4076//1 3857//1
f 3859//1 4077//1 3858//1
f 3860//1 4078//1 3859//1
f 3861//1 4079//1 3860//1
f 3862//1 4080//1 3861//1
f 3863//1 4081//1 3862//1
f 3864//1 4082//1 3863//1
f 3865//1 4083//1 3864//1
f 3866//1 4084//1 3865//1
f 3867//1 4085//1 3866//1
f 3868//1 4086//1 3867//1
f 3869//1 4087//1 3868//1
f 3870//1 4088//1 3869//1
f 3871//1 4089//1 3870//1
f 3872//89 4090//89 3871//89
f 3873//1 4091//1 3872//1
f 3874//1 4092//1 3873//1
f 3875//1 4093//1 3874//1
f 3876//1 4094//1 3875//1
f 3877//1 4095//1 3876//1
f 3878//67 4096//67 3877//67
f 3879//1 4097//1 3878//1
f 3880//1 4098//1 3879//1
f 3881//1 4099//1 3880//1
f 3882//1 4100//1 3881//1
f 3883//1 4101//1 3882//1
f 3884//1 4102//1 3883//1
f 3885//1 4103//1 3884//1
f 3886//1 4104//1 3885//1
f 3887//1 4105//1 3886//1
f 3888//1 4106//1 3887//1
f 3889//1 4107//1 3888//1
f 3890//1 4108//1 3889//1
f 3891//1 4110//1 3890//1
f 3892//1 4111//1 3891//1
f 3893//1 4112//1 3892//1
f 3894//1 4113//1 3893//1
f 3895//1 4114//1 3894//1
f 3896//1 4115//1 3895//1
f 3897//1 4116//1 3896//1
f 3898//1 4117//1 3897//1
f 3899//1 4118//1 3898//1
f 3900//1 4119//1 3899//1
f 3901//1 4120//1 3900//1
f 3902//1 4121//1 3901//1
f 3903//1 4122//1 3902//1
f 3904//1 4123//1 3903//1
f 3905//1 4124//1 3904//1
f 3906//1 4125//1 3905//1
f 3907//1 4126//1 3906//1
f 3908//1 4127//1 3907//1
f 3909//1 4128//1 3908//1
f 3910//1 4129//1 3909//1
f 3911//1 4130//1 3910//1
f 3912//1 4131//1 3911//1
f 3913//1 4132//1 3912//1
f 3914//1 4133//1 3913//1
f 3915//1 4134//1 3914//1
f 3916//1 4135//1 3915//1
f 3917//1 4136//1 3916//1
f 3918//1 4137//1 3917//1
f 3919//1 4138//1 3918//1
f 3920//1 4139//1 3919//1
f 3921//1 4140//1 3920//1
f 3922//1 4141//1 3921//1
f 3923//1 4142//1 3922//1
f 3924//1 4143//1 3923//1
f 3925//1 4144//1 3924//1
f 3926//1 4145//1 3925//1
f 3927//1 4147//1 3926//1
f 3928//1 4148//1 3927//1
f 3929//1 4149//1 3928//1
f 3930//1 4150//1 3929//1
f 3931//1 4151//1 3930//1
f 3932//1 4152//1 3931//1
f 3933//1 4153//1 3932//1
f 3934//1 4154//1 3933//1
f 3935//1 4155//1 3934//1
f 3936//1 4156//1 3935//1
f 3937//1 4157//1 3936//1
f 3938//1 4158//1 3937//1
f 3939//1 4159//1 3938//1
f 3940//1 4160//1 3939//1
f 3941//1 4161//1 3940//1
f 3942//1 4162//1 3941//1
f 3943//1 4163//1 3942//1
f 3944//1 4164//1 3943//1
f 3945//1 4165//1 3944//1
f 3946//1 4166//1 3945//1
f 3947//1 4167//1 3946//1
f 3948//1 4168//1 3947//1
f 3949//1 4169//1 3948//1
f 3950//1 4170//1 3949//1
f 3951//1 4171//1 3950//1
f 3952//1 4172//1 3951//1
f 3953//1 4173//1 3952//1
f 3954//1 4174//1 3953//1
f 3955//1 4175//1 3954//1
f 3956//1 4176//1 3955//1
f 3957//1 4177//1 3956//1
f 3958//1 4178//1 3957//1
f 3959//1 4179//1 3958//1
f 3960//1 4180//1 3959//1
f 3961//1 4181//1 3960//1
f 3962//1 4182//1 3961//1
f 3963//1 4184//1 3962//1
f 3964//1 4185//1 3963//1
f 3965//1 4186//1 3964//1
f 3966//1 4187//1 3965//1
f 3967//1 4188//1 3966//1
f 3968//1 4189//1 3967//1
f 3969//1 4190//1 3968//1
f 3970//1 4191//1 3969//1
f 3971//1 4192//1 3970//1
f 3972//1 4193//1 3971//1
f 3973//1 4194//1 3972//1
f 3974//1 4195//1 3973//1
f 3975//1 4196//1 3974//1
f 3976//1 4197//1 3975//1
f 3977//1 4198//1 3976//1
f 3978//1 4199//1 3977//1
f 3979//1 4200//1 3978//1
f 3980//1 4201//1 3979//1
f 3981//1 4202//1 3980//1
f 3982//1 4203//1 3981//1
f 3983//1 4204//1 3982//1
f 3984//1 4205//1 3983//1
f 3985//1 4206//1 3984//1
f 3986//1 4207//1 3985//1
f 3987//1 4208//1 3986//1
f 3988//1 4209//1 3987//1
f 3989//1 4210//1 3988//1
f 3990//1 4211//1 3989//1
f 3991//1 4212//1 3990//1
f 3992//1 4213//1 3991//1
f 3993//1 4214//1 3992//1
f 3994//1 4215//1 3993//1
f 3995//1 4216//1 3994//1
f 3996//1 4217//1 3995//1
f 3997//1 4218//1 3996//1
f 3782//1 4219//1 3997//1
f 3999//1 4221//1 3998//1
f 4000//1 4222//1 3999//1
f 4001//1 4223//1 4000//1
f 4002//1 4224//1 4001//1
f 4003//1 4225//1 4002//1
f 4004//1 4226//1 4003//1
f 4005//1 4227//1 4004//1
f 4006//1 4228//1 4005//1
f 4007//1 4229//1 4006//1
f 4008//1 4230//1 4007//1
f 4009//1 4231//1 4008//1
f 4010//1 4232//1 4009//1
f 4011//1 4233//1 4010//1
f 4012//1 4234//1 4011//1
f 4013//24 4235//24 4012//24
f 4014//89 4236//89 4013//89
f 4015//1 4237//1 4014//1
f 4016//1 4238//1 4015//1
f 4017//1 4239//1 4016//1
f 4018//100 4240//100 4017//100
f 4019//1 4241//1 4018//1
f 4020//1 4242//1 4019//1
f 4021//1 4243//1 4020//1
f 4022//1 4244//1 4021//1
f 4023//1 4245//1 4022//1
f 4024//1 4246//1 4023//1
f 4025//1 4247//1 4024//1
f 4026//1 4248//1 4025//1
f 4027//1 4249//1 4026//1
f 4028//1 4250//1 4027//1
f 4029//1 4251//1 4028//1
f 4030//1 4252//1 4029//1
f 4031//1 4253//1 4030//1
f 4032//1 4254//1 4031//1
f 4033//1 4255//1 4032//1
f 4034//1 4256//1 4033//1
f 4035//1 4257//1 4034//1
f 4036//1 4259//1 4035//1
f 4037//1 4260//1 4036//1
f 4038//1 4261//1 4037//1
f 4039//1 4262//1 4038//1
f 4040//1 4263//1 4039//1
f 4041//1 4264//1 4040//1
f 4042//1 4265//1 4041//1
f 4043//1 4266//1 4042//1
f 4044//1 4267//1 4043//1
f 4045//1 4268//1 4044//1
f 4046//1 4269//1 4045//1
f 4047//1 4270//1 4046//1
f 4048//1 4271//1 4047//1
f 4049//1 4272//1 4048//1
f 4050//1 4273//1 4049//1
f 4051//1 4274//1 4050//1
f 4052//1 4275//1 4051//1
f 4053//1 4276//1 4052//1
f 4054//1 4277//1 4053//1
f 4055//1 4278//1 4054//1
f 4056//1 4279//1 4055//1
f 4057//1 4280//1 4056//1
f 4058//1 4281//1 4057//1
f 4059//1 4282//1 4058//1
f 4060//1 4283//1 4059//1
f 4061//1 4284//1 4060//1
f 4062//1 4285//1 4061//1
f 4063//1 4286//1 4062//1
f 4064//1 4287//1 4063//1
f 4065//1 4288//1 4064//1
f 4066//1 4289//1 4065//1
f 4067//1 4290//1 4066//1
f 4068//1 4291//1 4067//1
f 4069//1 4292//1 4068//1
f 4070//1 4293//1 4069//1
f 4071//1 4294//1 4070//1
f 4072//1 4295//1 4071//1
f 4073//1 4297//1 4072//1
f 4074//1 4298//1 4073//1
f 4075//1 4299//1 4074//1
f 4076//1 4300//1 4075//1
f 4077//1 4301//1 4076//1
f 4078//1 4302//1 4077//1
f 4079//1 4303//1 4078//1
f 4080//1 4304//1 4079//1
f 4081//1 4305//1 4080//1
f 4082//1 4306//1 4081//1
f 4083//1 4307//1 4082//1
f 4084//1 4308//1 4083//1
f 4085//1 4309//1 4084//1
f 4086//1 4310//1 4085//1
f 4087//1 4311//1 4086//1
f 4088//1 4312//1 4087//1
f 4089//24 4313//24 4088//24
f 4090//89 4314//89 4089//89
f 4091//1 4315//1 4090//1
f 4092//1 4316//1 4091//1
f 4093//1 4317//1 4092//1
f 4094//1 4318//1 4093//1
f 4095//1 4319//1 4094//1
f 4096//67 4320//67 4095//67
f 4097//1 4321//1 4096//1
f 4098//1 4322//1 4097//1
f 4099//1 4323//1 4098//1
f 4100//1 4324//1 4099//1
f 4101//1 4325//1 4100//1
f 4102//1 4326//1 4101//1
f 4103//1 4327//1 4102//1
f 4104//1 4328//1 4103//1
f 4105//1 4329//1 4104//1
f 4106//1 4330//1 4105//1
f 4107//1 4331//1 4106//1
f 4108//1 4332//1 4107//1
f 4109//1 4333//1 4108//1
f 4110//1 4335//1 4109//1
f 4111//1 4336//1 4110//1
f 4112//1 4337//1 4111//1
f 4113//1 4338//1 4112//1
f 4114//1 4339//1 4113//1
f 4115//1 4340//1 4114//1
f 4116//1 4341//1 4115//1
f 4117//1 4342//1 4116//1
f 4118//1 4343//1 4117//1
f 4119//1 4344//1 4118//1
f 4120//1 4345//1 4119//1
f 4121//1 4346//1 4120//1
f 4122//1 4347//1 4121//1
f 4123//1 4348//1 4122//1
f 4124//1 4349//1 4123//1
f 4125//1 4350//1 4124//1
f 4126//1 4351//1 4125//1
f 4127//1 4352//1 4126//1
f 4128//1 4353//1 4127//1
f 4129//1 4354//1 4128//1
f 4130//1 4355//1 4129//1
f 4131//1 4356//1 4130//1
f 4132//1 4357//1 4131//1
f 4133//1 4358//1 4132//1
f 4134//1 4359//1 4133//1
f 4135//1 4360//1 4134//1
f 4136//1 4361//1 4135//1
f 4137//1 4362//1 4136//1
f 4138//1 4363//1 4137//1
f 4139//1 4364//1 4138//1
f 4140//1 4365//1 4139//1
f 4141//1 4366//1 4140//1
f 4142//1 4367//1 4141//1
f 4143//1 4368//1 4142//1
f 4144//1 4369//1 4143//1
f 4145//1 4370//1 4144//1
f 4146//1 4371//1 4145//1
f 4147//1 4373//1 4146//1
f 4148//1 4374//1 4147//1
f 4149//1 4375//1 4148//1
f 4150//1 4376//1 4149//1
f 4151//1 4377//1 4150//1
f 4152//1 4378//1 4151//1
f 4153//1 4379//1 4152//1
f 4154//1 4380//1 4153//1
f 4155//1 4381//1 4154//1
f 4156//1 4382//1 4155//1
f 4157//1 4383//1 4156//1
f 4158//1 4384//1 4157//1
f 4159//1 4385//1 4158//1
f 4160//1 4386//1 4159//1
f 4161//1 4387//1 4160//1
f 4162//1 4388//1 4161//1
f 4163//1 4389//1 4162//1
f 4164//1 4390//1 4163//1
f 4165//1 4391//1 4164//1
f 4166//1 4392//1 4165//1
f 4167//1 4393//1 4166//1
f 4168//1 4394//1 4167//1
f 4169//1 4395//1 4168//1
f 4170//1 4396//1 4169//1
f 4171//1 4397//1 4170//1
f 4172//1 4398//1 4171//1
f 4173//1 4399//1 4172//1
f 4174//1 4400//1 4173//1
f 4175//1 4401//1 4174//1
f 4176//1 4402//1 4175//1
f 4177//1 4403//1 4176//1
f 4178//1 4404//1 4177//1
f 4179//1 4405//1 4178//1
f 4180//1 4406//1 4179//1
f 4181//1 4407//1 4180//1
f 4182//1 4408//1 4181//1
f 4183//1 4409//1 4182//1
f 4184//1 4411//1 4183//1
f 4185//1 4412//1 4184//1
f 4186//1 4413//1 4185//1
f 4187//1 4414//1 4186//1
f 4188//1 4415//1 4187//1
f 4189//1 4416//1 4188//1
f 4190//1 4417//1 4189//1
f 4191//1 4418//1 4190//1
f 4192//1 4419//1 4191//1
f 4193//1 4420//1 4192//1
f 4194//1 4421//1 4193//1
f 4195//1 4422//1 4194//1
f 4196//1 4423//1 4195//1
f 4197//1 4424//1 4196//1
f 4198//1 4425//1 4197//1
f 4199//1 4426//1 4198//1
f 4200//1 4427//1 4199//1
f 4201//1 4428//1 4200//1
f 4202//1 4429//1 4201//1
f 4203//1 4430//1 4202//1
f 4204//1 4431//1 4203//1
f 4205//1 4432//1 4204//1
f 4206//1 4433//1 4205//1
f 4207//1 4434//1 4206//1
f 4208//1 4435//1 4207//1
f 4209//1 4436//1 4208//1
f 4210//1 4437//1 4209//1
f 4211//1 4438//1 4210//1
f 4212//1 4439//1 4211//1
f 4213//1 4440//1 4212//1
f 4214//1 4441//1 4213//1
f 4215//1 4442//1 4214//1
f 4216//1 4443//1 4215//1
f 4217//1 4444//1 4216//1
f 4218//1 4445//1 4217//1
f 4219//1 4446//1 4218//1
f 3998//1 4447//1 4219//1
f 4221//1 4449//1 4220//1
f 4222//1 4450//1 4221//1
f 4223//1 4451//1 4222//1
f 4224//1 4452//1 4223//1
f 4225//1 4453//1 4224//1
f 4226//1 4454//1 4225//1
f 4227//1 4455//1 4226//1
f 4228//1 4456//1 4227//1
f 4229//1 4457//1 4228//1
f 4230//1 4458//1 4229//1
f 4231//1 4459//1 4230//1
f 4232//1 4460//1 4231//1
f 4233//1 4461//1 4232//1
f 4234//1 4462//1 4233//1
f 4235//1 4463//1 4234//1
f 4236//1 4464//1 4235//1
f 4237//24 4465//24 4236//24
f 4238//1 4466//1 4237//1
f 4239//1 4467//1 4238//1
f 4240//1 4468//1 4239//1
f 4241//100 4469//100 4240//100
f 4242//1 4470//1 4241//1
f 4243//1 4471//1 4242//1
f 4244//1 4472//1 4243//1
f 4245//1 4473//1 4244//1
f 4246//1 4474//1 4245//1
f 4247//1 4475//1 4246//1
f 4248//1 4476//1 4247//1
f 4249//1 4477//1 4248//1
f 4250//1 4478//1 4249//1
f 4251//1 4479//1 4250//1
f 4252//1 4480//1 4251//1
f 4253//1 4481//1 4252//1
f 4254//1 4482//1 4253//1
f 4255//1 4483//1 4254//1
f 4256//1 4484//1 4255//1
f 4257//1 4485//1 4256//1
f 4258//1 4486//1 4257//1
f 4259//1 4488//1 4258//1
f 4260//1 4489//1 4259//1
f 4261//1 4490//1 4260//1
f 4262//1 4491//1 4261//1
f 4263//1 4492//1 4262//1
f 4264//1 4493//1 4263//1
f 4265//1 4494//1 4264//1
f 4266//1 4495//1 4265//1
f 4267//1 4496//1 4266//1
f 4268//1 4497//1 4267//1
f 4269//1 4498//1 4268//1
f 4270//1 4499//1 4269//1
f 4271//1 4500//1 4270//1
f 4272//1 4501//1 4271//1
f 4273//1 4502//1 4272//1
f 4274//1 4503//1 4273//1
f 4275//1 4504//1 4274//1
f 4276//1 4505//1 4275//1
f 4277//1 4506//1 4276//1
f 4278//1 4507//1 4277//1
f 4279//1 4508//1 4278//1
f 4280//1 4509//1 4279//1
f 4281//1 4510//1 4280//1
f 4282//1 4511//1 4281//1
f 4283//1 4512//1 4282//1
f 4284//1 4513//1 4283//1
f 4285//1 4514//1 4284//1
f 4286//1 4515//1 4285//1
f 4287//1 4516//1 4286//1
f 4288//1 4517//1 4287//1
f 4289//1 4518//1 4288//1
f 4290//1 4519//1 4289//1
f 4291//1 4520//1 4290//1
f 4292//1 4521//1 4291//1
f 4293//1 4522//1 4292//1
f 4294//1 4523//1 4293//1
f 4295//1 4524//1 4294//1
f 4296//1 4525//1 4295//1
f 4297//1 4527//1 4296//1
f 4298//1 4528//1 4297//1
f 4299//1 4529//1 4298//1
f 4300//1 4530//1 4299//1
f 4301//1 4531//1 4300//1
f 4302//1 4532//1 4301//1
f 4303//1 4533//1 4302//1
f 4304//1 4534//1 4303//1
f 4305//1 4535//1 4304//1
f 4306//1 4536//1 4305//1
f 4307//1 4537//1 4306//1
f 4308//1 4538//1 4307//1
f 4309//1 4539//1 4308//1
f 4310//1 4540//1 4309//1
f 4311//1 4541//1 4310//1
f 4312//1 4542//1 4311//1
f 4313//89 4543//89 4312//89
f 4314//1 4544//1 4313//1
f 4315//1 4545//1 4314//1
f 4316//1 4546//1 4315//1
f 4317//1 4547//1 4316//1
f 4318//1 4548//1 4317//1
f 4319//1 4549//1 4318//1
f 4320//67 4550//67 4319//67
f 4321//1 4551//1 4320//1
f 4322//1 4552//1 4321//1
f 4323//1 4553//1 4322//1
f 4324//1 4554//1 4323//1
f 4325//1 4555//1 4324//1
f 4326//1 4556//1 4325//1
f 4327//1 4557//1 4326//1
f 4328//1 4558//1 4327//1
f 4329//1 4559//1 4328//1
f 4330//1 4560//1 4329//1
f 4331//1 4561//1 4330//1
f 4332//1 4562//1 4331//1
f 4333//1 4563//1 4332//1
f 4334//1 4564//1 4333//1
f 4335//1 4566//1 4334//1
f 4336//1 4567//1 4335//1
f 4337//1 4568//1 4336//1
f 4338//1 4569//1 4337//1
f 4339//1 4570//1 4338//1
f 4340//1 4571//1 4339//1
f 4341//1 4572//1 4340//1
f 4342//1 4573//1 4341//1
f 4343//1 4574//1 4342//1
f 4344//1 4575//1 4343//1
f 4345//1 4576//1 4344//1
f 4346//1 4577//1 4345//1
f 4347//1 4578//1 4346//1
f 4348//1 4579//1 4347//1
f 4349//1 4580//1 4348//1
f 4350//1 4581//1 4349//1
f 4351//1 4582//1 4350//1
f 4352//1 4583//1 4351//1
f 4353//1 4584//1 4352//1
f 4354//1 4585//1 4353//1
f 4355//1 4586//1 4354//1
f 4356//1 4587//1 4355//1
f 4357//1 4588//1 4356//1
f 4358//1 4589//1 4357//1
f 4359//1 4590//1 4358//1
f 4360//1 4591//1 4359//1
f 4361//1 4592//1 4360//1
f 4362//1 4593//1 4361//1
f 4363//1 4594//1 4362//1
f 4364//1 4595//1 4363//1
f 4365//1 4596//1 4364//1
f 4366//1 4597//1 4365//1
f 4367//1 4598//1 4366//1
f 4368//1 4599//1 4367//1
f 4369//1 4600//1 4368//1
f 4370//1 4601//1 4369//1
f 4371//1 4602//1 4370//1
f 4372//1 4603//1 4371//1
f 4373//1 4605//1 4372//1
f 4374//1 4606//1 4373//1
f 4375//1 4607//1 4374//1
f 4376//1 4608//1 4375//1
f 4377//1 4609//1 4376//1
f 4378//1 4610//1 4377//1
f 4379//1 4611//1 4378//1
f 4380//1 4612//1 4379//1
f 4381//1 4613//1 4380//1
f 4382//1 4614//1 4381//1
f 4383//1 4615//1 4382//1
f 4384//1 4616//1 4383//1
f 4385//1 4617//1 4384//1
f 4386//1 4618//1 4385//1
f 4387//1 4619//1 4386//1
f 4388//1 4620//1 4387//1
f 4389//1 4621//1 4388//1
f 4390//1 4622//1 4389//1
f 4391//1 4623//1 4390//1
f 4392//1 4624//1 4391//1
f 4393//1 4625//1 4392//1
f 4394//1 4626//1 4393//1
f 4395//1 4627//1 4394//1
f 4396//1 4628//1 4395//1
f 4397//1 4629//1 4396//1
f 4398//1 4630//1 4397//1
f 4399//1 4631//1 4398//1
f 4400//1 4632//1 4399//1
f 4401//1 4633//1 4400//1
f 4402//1 4634//1 4401//1
f 4403//1 4635//1 4402//1
f 4404//1 4636//1 4403//1
f 4405//1 4637//1 4404//1
f 4406//1 4638//1 4405//1
f 4407//1 4639//1 4406//1
f 4408//1 4640//1 4407//1
f 4409//1 4641//1 4408//1
f 4410//1 4642//1 4409//1
f 4411//1 4644//1 4410//1
f 4412//1 4645//1 4411//1
f 4413//1 4646//1 4412//1
f 4414//1 4647//1 4413//1
f 4415//1 4648//1 4414//1
f 4416//1 4649//1 4415//1
f 4417//1 4650//1 4416//1
f 4418//1 4651//1 4417//1
f 4419//1 4652//1 4418//1
f 4420//1 4653//1 4419//1
f 4421//1 4654//1 4420//1
f 4422//1 4655//1 4421//1
f 4423//1 4656//1 4422//1
f 4424//1 4657//1 4423//1
f 4425//1 4658//1 4424//1
f 4426//1 4659//1 4425//1
f 4427//1 4660//1 4426//1
f 4428//1 4661//1 4427//1
f 4429//1 4662//1 4428//1
f 4430//1 4663//1 4429//1
f 4431//1 4664//1 4430//1
f 4432//1 4665//1 4431//1
f 4433//1 4666//1 4432//1
f 4434//1 4667//1 4433//1
f 4435//1 4668//1 4434//1
f 4436//1 4669//1 4435//1
f 4437//1 4670//1 4436//1
f 4438//1 4671//1 4437//1
f 4439//1 4672//1 4438//1
f 4440//1 4673//1 4439//1
f 4441//1 4674//1 4440//1
f 4442//1 4675//1 4441//1
f 4443//1 4676//1 4442//1
f 4444//1 4677//1 4443//1
f 4445//1 4678//1 4444//1
f 4446//1 4679//1 4445//1
f 4447//1 4680//1 4446//1
f 4220//1 4681//1 4447//1
f 4449//1 4683//1 4448//1
f 4450//1 4684//1 4449//1
f 4451//1 4685//1 4450//1
f 4452//1 4686//1 4451//1
f 4453//1 4687//1 4452//1
f 4454//1 4688//1 4453//1
f 4455//1 4689//1 4454//1
f 4456//1 4690//1 4455//1
f 4457//1 4691//1 4456//1
f 4458//1 4692//1 4457//1
f 4459//1 4693//1 4458//1
f 4460//1 4694//1 4459//1
f 4461//1 4695//1 4460//1
f 4462//1 4696//1 4461//1
f 4463//1 4697//1 4462//1
f 4464//1 4698//1 4463//1
f 4465//1 4699//1 4464//1
f 4466//60 4700//60 4465//60
f 4467//1 4701//1 4466//1
f 4468//1 4702//1 4467//1
f 4469//1 4703//1 4468//1
f 4470//100 4704//100 4469//100
f 4471//1 4705//1 4470//1
f 4472//1 4706//1 4471//1
f 4473//1 4707//1 4472//1
f 4474//1 4708//1 4473//1
f 4475//1 4709//1 4474//1
f 4476//1 4710//1 4475//1
f 4477//1 4711//1 4476//1
f 4478//1 4712//1 4477//1
f 4479//1 4713//1 4478//1
f 4480//1 4714//1 4479//1
f 4481//1 4715//1 4480//1
f 4482//1 4716//1 4481//1
f 4483//1 4717//1 4482//1
f 4484//1 4718//1 4483//1
f 4485//1 4719//1 4484//1
f 4486//1 4720//1 4485//1
f 4487//1 4721//1 4486//1
f 4488//1 4723//1 4487//1
f 4489//1 4724//1 4488//1
f 4490//1 4725//1 4489//1
f 4491//1 4726//1 4490//1
f 4492//1 4727//1 4491//1
f 4493//1 4728//1 4492//1
f 4494//1 4729//1 4493//1
f 4495//1 4730//1 4494//1
f 4496//1 4731//1 4495//1
f 4497//1 4732//1 4496//1
f 4498//1 4733//1 4497//1
f 4499//1 4734//1 4498//1
f 4500//1 4735//1 4499//1
f 4501//1 4736//1 4500//1
f 4502//1 4737//1 4501//1
f 4503//1 4738//1 4502//1
f 4504//1 4739//1 4503//1
f 4505//1 4740//1 4504//1
f 4506//1 4741//1 4505//1
f 4507//1 4742//1 4506//1
f 4508//1 4743//1 4507//1
f 4509//1 4744//1 4508//1
f 4510//1 4745//1 4509//1
f 4511//1 4746//1 4510//1
f 4512//1 4747//1 4511//1
f 4513//1 4748//1 4512//1
f 4514//1 4749//1 4513//1
f 4515//1 4750//1 4514//1
f 4516//1 4751//1 4515//1
f 4517//1 4752//1 4516//1
f 4518//1 4753//1 4517//1
f 4519//1 4754//1 4518//1
f 4520//1 4755//1 4519//1
f 4521//1 4756//1 4520//1
f 4522//1 4757//1 4521//1
f 4523//1 4758//1 4522//1
f 4524//1 4759//1 4523//1
f 4525//1 4760//1 4524//1
f 4526//1 4761//1 4525//1
f 4527//1 4763//1 4526//1
f 4528//1 4764//1 4527//1
f 4529//1 4765//1 4528//1
f 4530//1 4766//1 4529//1
f 4531//1 4767//1 4530//1
f 4532//1 4768//1 4531//1
f 4533//1 4769//1 4532//1
f 4534//1 4770//1 4533//1
f 4535//1 4771//1 4534//1
f 4536//1 4772//1 4535//1
f 4537//1 4773//1 4536//1
f 4538//1 4774//1 4537//1
f 4539//1 4775//1 4538//1
f 4540//1 4776//1 4539//1
f 4541//1 4777//1 4540//1
f 4542//1 4778//1 4541//1
f 4543//84 4779//84 4542//84
f 4544//1 4780//1 4543//1
f 4545//1 4781//1 4544//1
f 4546//1 4782//1 4545//1
f 4547//1 4783//1 4546//1
f 4548//1 4784//1 4547//1
f 4549//100 4785//100 4548//100
f 4550//67 4786//67 4549//67
f 4551//1 4787//1 4550//1
f 4552//1 4788//1 4551//1
f 4553//1 4789//1 4552//1
f 4554//1 4790//1 4553//1
f 4555//1 4791//1 4554//1
f 4556//1 4792//1 4555//1
f 4557//1 4793//1 4556//1
f 4558//1 4794//1 4557//1
f 4559//1 4795//1 4558//1
f 4560//1 4796//1 4559//1
f 4561//1 4797//1 4560//1
f 4562//1 4798//1 4561//1
f 4563//1 4799//1 4562//1
f 4564//1 4800//1 4563//1
f 4565//1 4801//1 4564//1
f 4566//1 4803//1 4565//1
f 4567//1 4804//1 4566//1
f 4568//1 4805//1 4567//1
f 4569//1 4806//1 4568//1
f 4570//1 4807//1 4569//1
f 4571//1 4808//1 4570//1
f 4572//1 4809//1 4571//1
f 4573//1 4810//1 4572//1
f 4574//1 4811//1 4573//1
f 4575//1 4812//1 4574//1
f 4576//1 4813//1 4575//1
f 4577//1 4814//1 4576//1
f 4578//1 4815//1 4577//1
f 4579//1 4816//1 4578//1
f 4580//1 4817//1 4579//1
f 4581//1 4818//1 4580//1
f 4582//1 4819//1 4581//1
f 4583//1 4820//1 4582//1
f 4584//1 4821//1 4583//1
f 4585//1 4822//1 4584//1
f 4586//1 4823//1 4585//1
f 4587//1 4824//1 4586//1
f 4588//1 4825//1 4587//1
f 4589//1 4826//1 4588//1
f 4590//1 4827//1 4589//1
f 4591//1 4828//1 4590//1
f 4592//1 4829//1 4591//1
f 4593//1 4830//1 4592//1
f 4594//1 4831//1 4593//1
f 4595//1 4832//1 4594//1
f 4596//1 4833//1 4595//1
f 4597//1 4834//1 4596//1
f 4598//1 4835//1 4597//1
f 4599//1 4836//1 4598//1
f 4600//1 4837//1 4599//1
f 4601//1 4838//1 4600//1
f 4602//1 4839//1 4601//1
f 4603//1 4840//1 4602//1
f 4604//1 4841//1 4603//1
f 4605//1 4843//1 4604//1
f 4606//1 4844//1 4605//1
f 4607//1 4845//1 4606//1
f 4608//1 4846//1 4607//1
f 4609//1 4847//1 4608//1
f 4610//1 4848//1 4609//1
f 4611//1 4849//1 4610//1
f 4612//1 4850//1 4611//1
f 4613//1 4851//1 4612//1
f 4614//1 4852//1 4613//1
f 4615//1 4853//1 4614//1
f 4616//1 4854//1 4615//1
f 4617//1 4855//1 4616//1
f 4618//1 4856//1 4617//1
f 4619//1 4857//1 4618//1
f 4620//1 4858//1 4619//1
f 4621//1 4859//1 4620//1
f 4622//1 4860//1 4621//1
f 4623//1 4861//1 4622//1
f 4624//1 4862//1 4623//1
f 4625//1 4863//1 4624//1
f 4626//1 4864//1 4625//1
f 4627//1 4865//1 4626//1
f 4628//1 4866//1 4627//1
f 4629//1 4867//1 4628//1
f 4630//1 4868//1 4629//1
f 4631//1 4869//1 4630//1
f 4632//1 4870//1 4631//1
f 4633//1 4871//1 4632//1
f 4634//1 4872//1 4633//1
f 4635//1 4873//1 4634//1
f 4636//1 4874//1 4635//1
f 4637//1 4875//1 4636//1
f 4638//1 4876//1 4637//1
f 4639//1 4877//1 4638//1
f 4640//1 4878//1 4639//1
f 4641//1 4879//1 4640//1
f 4642//1 4880//1 4641//1
f 4643//1 4881//1 4642//1
f 4644//1 4883//1 4643//1
f 4645//1 4884//1 4644//1
f 4646//1 4885//1 4645//1
f 4647//1 4886//1 4646//1
f 4648//1 4887//1 4647//1
f 4649//1 4888//1 4648//1
f 4650//1 4889//1 4649//1
f 4651//1 4890//1 4650//1
f 4652//1 4891//1 4651//1
f 4653//1 4892//1 4652//1
f 4654//1 4893//1 4653//1
f 4655//1 4894//1 4654//1
f 4656//1 4895//1 4655//1
f 4657//1 4896//1 4656//1
f 4658//1 4897//1 4657//1
f 4659//1 4898//1 4658//1
f 4660//1 4899//1 4659//1
f 4661//1 4900//1 4660//1
f 4662//1 4901//1 4661//1
f 4663//1 4902//1 4662//1
f 4664//1 4903//1 4663//1
f 4665//1 4904//1 4664//1
f 4666//1 4905//1 4665//1
f 4667//1 4906//1 4666//1
f 4668//1 4907//1 4667//1
f 4669//1 4908//1 4668//1
f 4670//1 4909//1 4669//1
f 4671//1 4910//1 4670//1
f 4672//1 4911//1 4671//1
f 4673//1 4912//1 4672//1
f 4674//1 4913//1 4673//1
f 4675//1 4914//1 4674//1
f 4676//1 4915//1 4675//1
f 4677//1 4916//1 4676//1
f 4678//1 4917//1 4677//1
f 4679//1 4918//1 4678//1
f 4680//1 4919//1 4679//1
f 4681//1 4920//1 4680//1
f 4448//1 4921//1 4681//1
