# Blender 4.5.5 LTS
# www.blender.org
o mountain
v 0.000000 3.230000 0.000000
v 0.000000 3.230000 -0.100000
v 0.086603 3.230000 -0.050000
v 0.086603 3.230000 0.050000
v 0.000000 3.230000 0.100000
v -0.086603 3.230000 0.050000
v -0.086603 3.230000 -0.050000
v 0.000000 3.230000 -0.200000
v 0.086603 3.230000 -0.150000
v 0.173205 3.230000 -0.100000
v 0.173205 3.230000 -0.000000
v 0.173205 3.230000 0.100000
v 0.086603 3.230000 0.150000
v 0.000000 3.230000 0.200000
v -0.086603 3.230000 0.150000
v -0.173205 3.230000 0.100000
v -0.173205 3.230000 0.000000
v -0.173205 3.230000 -0.100000
v -0.086603 3.230000 -0.150000
v 0.000000 3.230000 -0.300000
v 0.086603 3.230000 -0.250000
v 0.173205 3.230000 -0.200000
v 0.259808 3.230000 -0.150000
v 0.259808 3.230000 -0.050000
v 0.259808 3.230000 0.050000
v 0.259808 3.230000 0.150000
v 0.173205 3.230000 0.200000
v 0.086603 3.230000 0.250000
v 0.000000 3.230000 0.300000
v -0.086603 3.230000 0.250000
v -0.173205 3.230000 0.200000
v -0.259808 3.230000 0.150000
v -0.259808 3.230000 0.050000
v -0.259808 3.230000 -0.050000
v -0.259808 3.230000 -0.150000
v -0.173205 3.230000 -0.200000
v -0.086603 3.230000 -0.250000
v 0.000000 3.230000 -0.400000
v 0.086603 3.230000 -0.350000
v 0.173205 3.230000 -0.300000
v 0.259808 3.230000 -0.250000
v 0.346410 3.400000 -0.200000
v 0.346410 3.230000 -0.100000
v 0.346410 3.230000 -0.000000
v 0.346410 3.230000 0.100000
v 0.346410 3.230000 0.200000
v 0.259808 3.230000 0.250000
v 0.173205 3.230000 0.300000
v 0.086603 3.230000 0.350000
v 0.000000 3.060000 0.400000
v -0.086603 3.060000 0.350000
v -0.173205 3.060000 0.300000
v -0.259808 3.060000 0.250000
v -0.346410 3.060000 0.200000
v -0.346410 3.230000 0.100000
v -0.346410 2.720000 0.000000
v -0.346410 3.230000 -0.100000
v -0.346410 2.720000 -0.200000
v -0.259808 3.230000 -0.250000
v -0.173205 3.230000 -0.300000
v -0.086603 3.230000 -0.350000
v 0.000000 3.230000 -0.500000
v 0.086603 3.230000 -0.450000
v 0.173205 3.230000 -0.400000
v 0.259808 3.230000 -0.350000
v 0.346410 3.230000 -0.300000
v 0.433013 3.400000 -0.250000
v 0.433013 3.400000 -0.150000
v 0.433013 3.400000 -0.050000
v 0.433013 3.400000 0.050000
v 0.433013 3.400000 0.150000
v 0.433013 3.230000 0.250000
v 0.346410 3.230000 0.300000
v 0.259808 3.230000 0.350000
v 0.173205 3.230000 0.400000
v 0.086603 3.060000 0.450000
v 0.000000 3.060000 0.500000
v -0.086603 3.060000 0.450000
v -0.173205 3.060000 0.400000
v -0.259808 3.060000 0.350000
v -0.346410 3.060000 0.300000
v -0.433013 2.720000 0.250000
v -0.433013 3.060000 0.150000
v -0.433013 2.720000 0.050000
v -0.433013 2.720000 -0.050000
v -0.433013 2.720000 -0.150000
v -0.433013 2.720000 -0.250000
v -0.346410 3.230000 -0.300000
v -0.259808 3.230000 -0.350000
v -0.173205 3.230000 -0.400000
v -0.086603 3.230000 -0.450000
v 0.000000 3.230000 -0.600000
v 0.086603 3.230000 -0.550000
v 0.173205 3.230000 -0.500000
v 0.259808 3.230000 -0.450000
v 0.346410 3.230000 -0.400000
v 0.433013 3.230000 -0.350000
v 0.519615 3.400000 -0.300000
v 0.519615 3.400000 -0.200000
v 0.519615 3.400000 -0.100000
v 0.519615 3.400000 -0.000000
v 0.519615 3.400000 0.100000
v 0.519615 3.230000 0.200000
v 0.519615 3.060000 0.300000
v 0.433013 3.230000 0.350000
v 0.346410 3.060000 0.400000
v 0.259808 3.060000 0.450000
v 0.173205 3.060000 0.500000
v 0.086603 3.060000 0.550000
v 0.000000 3.060000 0.600000
v -0.086603 3.060000 0.550000
v -0.173205 3.060000 0.500000
v -0.259808 3.060000 0.450000
v -0.346410 3.060000 0.400000
v -0.433013 3.060000 0.350000
v -0.519615 2.720000 0.300000
v -0.519615 2.720000 0.200000
v -0.519615 2.720000 0.100000
v -0.519615 2.720000 0.000000
v -0.519615 2.720000 -0.100000
v -0.519615 2.720000 -0.200000
v -0.519615 2.720000 -0.300000
v -0.433013 2.890000 -0.350000
v -0.346410 3.230000 -0.400000
v -0.259808 2.890000 -0.450000
v -0.173205 2.890000 -0.500000
v -0.086603 3.230000 -0.550000
v 0.000000 2.890000 -0.700000
v 0.086603 2.890000 -0.650000
v 0.173205 3.230000 -0.600000
v 0.259808 3.230000 -0.550000
v 0.346410 3.230000 -0.500000
v 0.433013 3.230000 -0.450000
v 0.519615 3.230000 -0.400000
v 0.606218 2.890000 -0.350000
v 0.606218 3.400000 -0.250000
v 0.606218 3.400000 -0.150000
v 0.606218 3.400000 -0.050000
v 0.606218 3.400000 0.050000
v 0.606218 3.400000 0.150000
v 0.606218 3.060000 0.250000
v 0.606218 3.060000 0.350000
v 0.519615 3.060000 0.400000
v 0.433013 3.060000 0.450000
v 0.346410 3.060000 0.500000
v 0.259808 3.060000 0.550000
v 0.173205 3.060000 0.600000
v 0.086603 3.060000 0.650000
v 0.000000 3.060000 0.700000
v -0.086603 3.060000 0.650000
v -0.173205 3.060000 0.600000
v -0.259808 3.060000 0.550000
v -0.346410 3.060000 0.500000
v -0.433013 3.060000 0.450000
v -0.519615 2.720000 0.400000
v -0.606218 2.720000 0.350000
v -0.606218 2.720000 0.250000
v -0.606218 2.720000 0.150000
v -0.606218 2.720000 0.050000
v -0.606218 2.720000 -0.050000
v -0.606218 2.720000 -0.150000
v -0.606218 2.720000 -0.250000
v -0.606218 2.720000 -0.350000
v -0.519615 2.720000 -0.400000
v -0.433013 2.890000 -0.450000
v -0.346410 2.890000 -0.500000
v -0.259808 2.890000 -0.550000
v -0.173205 2.890000 -0.600000
v -0.086603 2.890000 -0.650000
v 0.000000 2.890000 -0.800000
v 0.086603 2.890000 -0.750000
v 0.173205 2.890000 -0.700000
v 0.259808 2.890000 -0.650000
v 0.346410 2.890000 -0.600000
v 0.433013 2.890000 -0.550000
v 0.519615 3.230000 -0.500000
v 0.606218 2.890000 -0.450000
v 0.692820 2.890000 -0.400000
v 0.692820 3.400000 -0.300000
v 0.692820 3.400000 -0.200000
v 0.692820 3.400000 -0.100000
v 0.692820 3.400000 -0.000000
v 0.692820 3.400000 0.100000
v 0.692820 3.060000 0.200000
v 0.692820 3.060000 0.300000
v 0.692820 3.060000 0.400000
v 0.606218 3.060000 0.450000
v 0.519615 3.060000 0.500000
v 0.433013 3.060000 0.550000
v 0.346410 3.060000 0.600000
v 0.259808 3.060000 0.650000
v 0.173205 3.060000 0.700000
v 0.086603 3.060000 0.750000
v 0.000000 3.060000 0.800000
v -0.086603 3.060000 0.750000
v -0.173205 3.060000 0.700000
v -0.259808 3.060000 0.650000
v -0.346410 3.060000 0.600000
v -0.433013 3.060000 0.550000
v -0.519615 2.720000 0.500000
v -0.606218 2.720000 0.450000
v -0.692820 2.720000 0.400000
v -0.692820 2.720000 0.300000
v -0.692820 2.720000 0.200000
v -0.692820 2.720000 0.100000
v -0.692820 2.720000 0.000000
v -0.692820 2.720000 -0.100000
v -0.692820 2.720000 -0.200000
v -0.692820 2.720000 -0.300000
v -0.692820 2.720000 -0.400000
v -0.606218 2.720000 -0.450000
v -0.519615 2.720000 -0.500000
v -0.433013 2.890000 -0.550000
v -0.346410 2.890000 -0.600000
v -0.259808 2.890000 -0.650000
v -0.173205 2.890000 -0.700000
v -0.086603 2.890000 -0.750000
v 0.000000 2.890000 -0.900000
v 0.086603 2.890000 -0.850000
v 0.173205 2.890000 -0.800000
v 0.259808 2.890000 -0.750000
v 0.346410 2.890000 -0.700000
v 0.433013 2.890000 -0.650000
v 0.519615 2.890000 -0.600000
v 0.606218 2.890000 -0.550000
v 0.692820 2.890000 -0.500000
v 0.779423 2.890000 -0.450000
v 0.779423 3.400000 -0.350000
v 0.779423 3.400000 -0.250000
v 0.779423 3.400000 -0.150000
v 0.779423 3.400000 -0.050000
v 0.779423 3.400000 0.050000
v 0.779423 3.400000 0.150000
v 0.779423 3.060000 0.250000
v 0.779423 3.060000 0.350000
v 0.779423 3.060000 0.450000
v 0.692820 3.060000 0.500000
v 0.606218 3.060000 0.550000
v 0.519615 3.060000 0.600000
v 0.433013 3.060000 0.650000
v 0.346410 3.060000 0.700000
v 0.259808 3.060000 0.750000
v 0.173205 3.060000 0.800000
v 0.086603 3.060000 0.850000
v 0.000000 3.060000 0.900000
v -0.086603 3.060000 0.850000
v -0.173205 3.060000 0.800000
v -0.259808 3.060000 0.750000
v -0.346410 3.060000 0.700000
v -0.433013 3.060000 0.650000
v -0.519615 2.720000 0.600000
v -0.606218 2.720000 0.550000
v -0.692820 2.720000 0.500000
v -0.779423 2.720000 0.450000
v -0.779423 2.720000 0.350000
v -0.779423 2.720000 0.250000
v -0.779423 2.720000 0.150000
v -0.779423 2.720000 0.050000
v -0.779423 2.720000 -0.050000
v -0.779423 2.720000 -0.150000
v -0.779423 2.720000 -0.250000
v -0.779423 2.720000 -0.350000
v -0.779423 2.720000 -0.450000
v -0.692820 2.720000 -0.500000
v -0.606218 2.720000 -0.550000
v -0.519615 2.550000 -0.600000
v -0.433013 2.890000 -0.650000
v -0.346410 2.890000 -0.700000
v -0.259808 2.890000 -0.750000
v -0.173205 2.890000 -0.800000
v -0.086603 2.890000 -0.850000
v 0.000000 2.890000 -1.000000
v 0.086603 2.890000 -0.950000
v 0.173205 2.890000 -0.900000
v 0.259808 2.890000 -0.850000
v 0.346410 2.890000 -0.800000
v 0.433013 2.890000 -0.750000
v 0.519615 2.890000 -0.700000
v 0.606218 2.890000 -0.650000
v 0.692820 2.890000 -0.600000
v 0.779423 2.890000 -0.550000
v 0.866025 2.890000 -0.500000
v 0.866025 2.890000 -0.400000
v 0.866025 2.890000 -0.300000
v 0.866025 3.400000 -0.200000
v 0.866025 3.400000 -0.100000
v 0.866025 3.400000 -0.000000
v 0.866025 3.400000 0.100000
v 0.866025 2.380000 0.200000
v 0.866025 2.380000 0.300000
v 0.866025 3.060000 0.400000
v 0.866025 2.380000 0.500000
v 0.779423 2.380000 0.550000
v 0.692820 3.060000 0.600000
v 0.606218 3.060000 0.650000
v 0.519615 3.060000 0.700000
v 0.433013 3.060000 0.750000
v 0.346410 3.060000 0.800000
v 0.259808 3.060000 0.850000
v 0.173205 3.060000 0.900000
v 0.086603 3.060000 0.950000
v 0.000000 3.060000 1.000000
v -0.086603 3.060000 0.950000
v -0.173205 3.060000 0.900000
v -0.259808 3.060000 0.850000
v -0.346410 3.060000 0.800000
v -0.433013 3.060000 0.750000
v -0.519615 2.720000 0.700000
v -0.606218 2.720000 0.650000
v -0.692820 2.720000 0.600000
v -0.779423 2.720000 0.550000
v -0.866025 2.720000 0.500000
v -0.866025 2.720000 0.400000
v -0.866025 2.720000 0.300000
v -0.866025 2.720000 0.200000
v -0.866025 2.720000 0.100000
v -0.866025 2.720000 0.000000
v -0.866025 2.720000 -0.100000
v -0.866025 2.720000 -0.200000
v -0.866025 2.720000 -0.300000
v -0.866025 2.550000 -0.400000
v -0.866025 2.550000 -0.500000
v -0.779423 2.550000 -0.550000
v -0.692820 2.550000 -0.600000
v -0.606218 2.550000 -0.650000
v -0.519615 2.550000 -0.700000
v -0.433013 2.550000 -0.750000
v -0.346410 2.550000 -0.800000
v -0.259808 2.550000 -0.850000
v -0.173205 2.890000 -0.900000
v -0.086603 2.890000 -0.950000
v 0.000000 2.550000 -1.100000
v 0.086603 2.550000 -1.050000
v 0.173205 2.890000 -1.000000
v 0.259808 2.890000 -0.950000
v 0.346410 2.890000 -0.900000
v 0.433013 2.890000 -0.850000
v 0.519615 2.890000 -0.800000
v 0.606218 2.890000 -0.750000
v 0.692820 2.890000 -0.700000
v 0.779423 2.890000 -0.650000
v 0.866025 2.890000 -0.600000
v 0.952628 2.890000 -0.550000
v 0.952628 2.890000 -0.450000
v 0.952628 2.890000 -0.350000
v 0.952628 2.890000 -0.250000
v 0.952628 2.890000 -0.150000
v 0.952628 2.890000 -0.050000
v 0.952628 2.890000 0.050000
v 0.952628 2.380000 0.150000
v 0.952628 2.380000 0.250000
v 0.952628 2.380000 0.350000
v 0.952628 2.380000 0.450000
v 0.952628 2.380000 0.550000
v 0.866025 2.380000 0.600000
v 0.779423 2.380000 0.650000
v 0.692820 3.060000 0.700000
v 0.606218 3.060000 0.750000
v 0.519615 3.060000 0.800000
v 0.433013 3.060000 0.850000
v 0.346410 3.060000 0.900000
v 0.259808 3.060000 0.950000
v 0.173205 2.210000 1.000000
v 0.086603 2.210000 1.050000
v 0.000000 2.210000 1.100000
v -0.086603 3.060000 1.050000
v -0.173205 3.060000 1.000000
v -0.259808 2.380000 0.950000
v -0.346410 2.720000 0.900000
v -0.433013 2.720000 0.850000
v -0.519615 2.720000 0.800000
v -0.606218 2.720000 0.750000
v -0.692820 2.720000 0.700000
v -0.779423 2.720000 0.650000
v -0.866025 2.720000 0.600000
v -0.952628 2.720000 0.550000
v -0.952628 2.720000 0.450000
v -0.952628 2.720000 0.350000
v -0.952628 2.720000 0.250000
v -0.952628 2.720000 0.150000
v -0.952628 2.720000 0.050000
v -0.952628 2.720000 -0.050000
v -0.952628 2.720000 -0.150000
v -0.952628 2.550000 -0.250000
v -0.952628 2.550000 -0.350000
v -0.952628 2.550000 -0.450000
v -0.952628 2.550000 -0.550000
v -0.866025 2.550000 -0.600000
v -0.779423 2.550000 -0.650000
v -0.692820 2.550000 -0.700000
v -0.606218 2.550000 -0.750000
v -0.519615 2.550000 -0.800000
v -0.433013 2.550000 -0.850000
v -0.346410 2.550000 -0.900000
v -0.259808 2.550000 -0.950000
v -0.173205 2.550000 -1.000000
v -0.086603 2.550000 -1.050000
v 0.000000 2.550000 -1.200000
v 0.086603 2.550000 -1.150000
v 0.173205 2.550000 -1.100000
v 0.259808 2.550000 -1.050000
v 0.346410 2.890000 -1.000000
v 0.433013 2.890000 -0.950000
v 0.519615 2.890000 -0.900000
v 0.606218 2.890000 -0.850000
v 0.692820 2.890000 -0.800000
v 0.779423 2.890000 -0.750000
v 0.866025 2.890000 -0.700000
v 0.952628 2.890000 -0.650000
v 1.039230 2.890000 -0.600000
v 1.039230 2.890000 -0.500000
v 1.039230 2.890000 -0.400000
v 1.039230 2.890000 -0.300000
v 1.039230 2.890000 -0.200000
v 1.039230 2.890000 -0.100000
v 1.039230 2.380000 -0.000000
v 1.039230 2.380000 0.100000
v 1.039230 2.380000 0.200000
v 1.039230 2.380000 0.300000
v 1.039230 2.380000 0.400000
v 1.039230 2.380000 0.500000
v 1.039230 2.210000 0.600000
v 0.952628 2.380000 0.650000
v 0.866025 2.380000 0.700000
v 0.779423 2.210000 0.750000
v 0.692820 2.210000 0.800000
v 0.606218 2.210000 0.850000
v 0.519615 2.210000 0.900000
v 0.433013 2.210000 0.950000
v 0.346410 2.210000 1.000000
v 0.259808 2.210000 1.050000
v 0.173205 2.210000 1.100000
v 0.086603 2.210000 1.150000
v 0.000000 2.210000 1.200000
v -0.086603 2.210000 1.150000
v -0.173205 2.210000 1.100000
v -0.259808 2.380000 1.050000
v -0.346410 2.210000 1.000000
v -0.433013 2.720000 0.950000
v -0.519615 2.720000 0.900000
v -0.606218 2.210000 0.850000
v -0.692820 2.210000 0.800000
v -0.779423 2.210000 0.750000
v -0.866025 2.720000 0.700000
v -0.952628 2.720000 0.650000
v -1.039230 2.720000 0.600000
v -1.039230 2.720000 0.500000
v -1.039230 2.720000 0.400000
v -1.039230 2.720000 0.300000
v -1.039230 2.550000 0.200000
v -1.039230 2.550000 0.100000
v -1.039230 2.550000 0.000000
v -1.039230 2.720000 -0.100000
v -1.039230 2.380000 -0.200000
v -1.039230 2.550000 -0.300000
v -1.039230 2.550000 -0.400000
v -1.039230 2.550000 -0.500000
v -1.039230 2.550000 -0.600000
v -0.952628 2.550000 -0.650000
v -0.866025 2.550000 -0.700000
v -0.779423 2.550000 -0.750000
v -0.692820 2.550000 -0.800000
v -0.606218 2.550000 -0.850000
v -0.519615 2.550000 -0.900000
v -0.433013 2.550000 -0.950000
v -0.346410 2.550000 -1.000000
v -0.259808 2.550000 -1.050000
v -0.173205 2.550000 -1.100000
v -0.086603 2.550000 -1.150000
v 0.000000 2.550000 -1.300000
v 0.086603 2.550000 -1.250000
v 0.173205 2.550000 -1.200000
v 0.259808 2.550000 -1.150000
v 0.346410 2.550000 -1.100000
v 0.433013 2.890000 -1.050000
v 0.519615 2.890000 -1.000000
v 0.606218 2.890000 -0.950000
v 0.692820 2.890000 -0.900000
v 0.779423 2.890000 -0.850000
v 0.866025 2.890000 -0.800000
v 0.952628 2.890000 -0.750000
v 1.039230 2.890000 -0.700000
v 1.125833 2.380000 -0.650000
v 1.125833 2.380000 -0.550000
v 1.125833 2.380000 -0.450000
v 1.125833 2.380000 -0.350000
v 1.125833 2.380000 -0.250000
v 1.125833 2.380000 -0.150000
v 1.125833 2.380000 -0.050000
v 1.125833 2.210000 0.050000
v 1.125833 2.210000 0.150000
v 1.125833 2.210000 0.250000
v 1.125833 2.210000 0.350000
v 1.125833 2.210000 0.450000
v 1.125833 2.210000 0.550000
v 1.125833 2.210000 0.650000
v 1.039230 2.210000 0.700000
v 0.952628 2.210000 0.750000
v 0.866025 2.210000 0.800000
v 0.779423 2.210000 0.850000
v 0.692820 2.210000 0.900000
v 0.606218 2.210000 0.950000
v 0.519615 2.210000 1.000000
v 0.433013 2.210000 1.050000
v 0.346410 2.210000 1.100000
v 0.259808 2.210000 1.150000
v 0.173205 2.210000 1.200000
v 0.086603 2.210000 1.250000
v 0.000000 2.210000 1.300000
v -0.086603 2.210000 1.250000
v -0.173205 2.210000 1.200000
v -0.259808 2.210000 1.150000
v -0.346410 2.210000 1.100000
v -0.433013 2.210000 1.050000
v -0.519615 2.210000 1.000000
v -0.606218 2.210000 0.950000
v -0.692820 2.210000 0.900000
v -0.779423 2.210000 0.850000
v -0.866025 2.210000 0.800000
v -0.952628 2.210000 0.750000
v -1.039230 2.210000 0.700000
v -1.125833 2.210000 0.650000
v -1.125833 2.210000 0.550000
v -1.125833 2.210000 0.450000
v -1.125833 2.210000 0.350000
v -1.125833 2.210000 0.250000
v -1.125833 2.550000 0.150000
v -1.125833 2.550000 0.050000
v -1.125833 2.380000 -0.050000
v -1.125833 2.380000 -0.150000
v -1.125833 2.380000 -0.250000
v -1.125833 2.550000 -0.350000
v -1.125833 2.550000 -0.450000
v -1.125833 2.550000 -0.550000
v -1.125833 2.550000 -0.650000
v -1.039230 2.550000 -0.700000
v -0.952628 2.550000 -0.750000
v -0.866025 2.550000 -0.800000
v -0.779423 2.550000 -0.850000
v -0.692820 2.550000 -0.900000
v -0.606218 2.550000 -0.950000
v -0.519615 2.550000 -1.000000
v -0.433013 2.550000 -1.050000
v -0.346410 2.550000 -1.100000
v -0.259808 2.550000 -1.150000
v -0.173205 2.550000 -1.200000
v -0.086603 2.550000 -1.250000
v 0.000000 2.550000 -1.400000
v 0.086603 2.550000 -1.350000
v 0.173205 2.380000 -1.300000
v 0.259808 2.380000 -1.250000
v 0.346410 2.550000 -1.200000
v 0.433013 2.550000 -1.150000
v 0.519615 2.550000 -1.100000
v 0.606218 2.550000 -1.050000
v 0.692820 2.890000 -1.000000
v 0.779423 2.890000 -0.950000
v 0.866025 2.040000 -0.900000
v 0.952628 2.890000 -0.850000
v 1.039230 2.380000 -0.800000
v 1.125833 2.380000 -0.750000
v 1.212436 1.530000 -0.700000
v 1.212436 2.380000 -0.600000
v 1.212436 2.380000 -0.500000
v 1.212436 2.380000 -0.400000
v 1.212436 2.380000 -0.300000
v 1.212436 2.380000 -0.200000
v 1.212436 2.210000 -0.100000
v 1.212436 1.870000 -0.000000
v 1.212436 1.870000 0.100000
v 1.212436 2.210000 0.200000
v 1.212436 2.210000 0.300000
v 1.212436 2.210000 0.400000
v 1.212436 2.210000 0.500000
v 1.212436 2.210000 0.600000
v 1.212436 2.210000 0.700000
v 1.125833 2.210000 0.750000
v 1.039230 2.210000 0.800000
v 0.952628 2.210000 0.850000
v 0.866025 2.210000 0.900000
v 0.779423 2.210000 0.950000
v 0.692820 2.210000 1.000000
v 0.606218 2.210000 1.050000
v 0.519615 2.210000 1.100000
v 0.433013 2.210000 1.150000
v 0.346410 2.210000 1.200000
v 0.259808 2.210000 1.250000
v 0.173205 2.210000 1.300000
v 0.086603 2.210000 1.350000
v 0.000000 2.210000 1.400000
v -0.086603 2.210000 1.350000
v -0.173205 2.210000 1.300000
v -0.259808 2.210000 1.250000
v -0.346410 2.210000 1.200000
v -0.433013 2.210000 1.150000
v -0.519615 2.210000 1.100000
v -0.606218 2.210000 1.050000
v -0.692820 2.210000 1.000000
v -0.779423 2.210000 0.950000
v -0.866025 2.210000 0.900000
v -0.952628 2.210000 0.850000
v -1.039230 2.210000 0.800000
v -1.125833 2.210000 0.750000
v -1.212436 2.210000 0.700000
v -1.212436 2.210000 0.600000
v -1.212436 2.210000 0.500000
v -1.212436 2.210000 0.400000
v -1.212436 2.210000 0.300000
v -1.212436 2.210000 0.200000
v -1.212436 2.380000 0.100000
v -1.212436 2.210000 0.000000
v -1.212436 2.210000 -0.100000
v -1.212436 2.210000 -0.200000
v -1.212436 2.210000 -0.300000
v -1.212436 2.210000 -0.400000
v -1.212436 1.870000 -0.500000
v -1.212436 1.700000 -0.600000
v -1.212436 1.700000 -0.700000
v -1.125833 1.870000 -0.750000
v -1.039230 2.550000 -0.800000
v -0.952628 2.550000 -0.850000
v -0.866025 2.550000 -0.900000
v -0.779423 2.550000 -0.950000
v -0.692820 2.550000 -1.000000
v -0.606218 2.550000 -1.050000
v -0.519615 2.550000 -1.100000
v -0.433013 2.550000 -1.150000
v -0.346410 2.550000 -1.200000
v -0.259808 2.550000 -1.250000
v -0.173205 2.550000 -1.300000
v -0.086603 2.550000 -1.350000
v 0.000000 2.550000 -1.500000
v 0.086603 2.550000 -1.450000
v 0.173205 2.040000 -1.400000
v 0.259808 2.380000 -1.350000
v 0.346410 2.040000 -1.300000
v 0.433013 2.550000 -1.250000
v 0.519615 2.550000 -1.200000
v 0.606218 2.550000 -1.150000
v 0.692820 2.040000 -1.100000
v 0.779423 2.890000 -1.050000
v 0.866025 2.040000 -1.000000
v 0.952628 2.040000 -0.950000
v 1.039230 2.040000 -0.900000
v 1.125833 1.700000 -0.850000
v 1.212436 1.700000 -0.800000
v 1.299038 1.530000 -0.750000
v 1.299038 1.530000 -0.650000
v 1.299038 1.530000 -0.550000
v 1.299038 1.870000 -0.450000
v 1.299038 1.870000 -0.350000
v 1.299038 2.210000 -0.250000
v 1.299038 1.870000 -0.150000
v 1.299038 1.870000 -0.050000
v 1.299038 1.870000 0.050000
v 1.299038 1.870000 0.150000
v 1.299038 1.870000 0.250000
v 1.299038 1.870000 0.350000
v 1.299038 2.210000 0.450000
v 1.299038 2.210000 0.550000
v 1.299038 1.870000 0.650000
v 1.299038 1.360000 0.750000
v 1.212436 2.210000 0.800000
v 1.125833 2.210000 0.850000
v 1.039230 2.210000 0.900000
v 0.952628 2.210000 0.950000
v 0.866025 2.210000 1.000000
v 0.779423 2.210000 1.050000
v 0.692820 2.210000 1.100000
v 0.606218 2.210000 1.150000
v 0.519615 2.210000 1.200000
v 0.433013 2.210000 1.250000
v 0.346410 2.210000 1.300000
v 0.259808 2.210000 1.350000
v 0.173205 2.210000 1.400000
v 0.086603 2.210000 1.450000
v 0.000000 2.210000 1.500000
v -0.086603 2.210000 1.450000
v -0.173205 1.870000 1.400000
v -0.259808 2.210000 1.350000
v -0.346410 2.210000 1.300000
v -0.433013 2.210000 1.250000
v -0.519615 2.210000 1.200000
v -0.606218 2.210000 1.150000
v -0.692820 2.210000 1.100000
v -0.779423 2.210000 1.050000
v -0.866025 2.210000 1.000000
v -0.952628 2.210000 0.950000
v -1.039230 2.210000 0.900000
v -1.125833 2.210000 0.850000
v -1.212436 2.210000 0.800000
v -1.299038 1.700000 0.750000
v -1.299038 1.700000 0.650000
v -1.299038 1.700000 0.550000
v -1.299038 1.700000 0.450000
v -1.299038 2.210000 0.350000
v -1.299038 2.210000 0.250000
v -1.299038 2.210000 0.150000
v -1.299038 2.210000 0.050000
v -1.299038 2.210000 -0.050000
v -1.299038 2.210000 -0.150000
v -1.299038 2.210000 -0.250000
v -1.299038 2.210000 -0.350000
v -1.299038 1.700000 -0.450000
v -1.299038 1.700000 -0.550000
v -1.299038 1.700000 -0.650000
v -1.299038 1.700000 -0.750000
v -1.212436 1.700000 -0.800000
v -1.125833 2.550000 -0.850000
v -1.039230 2.550000 -0.900000
v -0.952628 2.550000 -0.950000
v -0.866025 2.550000 -1.000000
v -0.779423 2.550000 -1.050000
v -0.692820 2.550000 -1.100000
v -0.606218 2.550000 -1.150000
v -0.519615 1.700000 -1.200000
v -0.433013 2.550000 -1.250000
v -0.346410 2.550000 -1.300000
v -0.259808 2.550000 -1.350000
v -0.173205 2.550000 -1.400000
v -0.086603 2.550000 -1.450000
v 0.000000 1.700000 -1.600000
v 0.086603 2.550000 -1.550000
v 0.173205 2.040000 -1.500000
v 0.259808 2.040000 -1.450000
v 0.346410 2.040000 -1.400000
v 0.433013 2.040000 -1.350000
v 0.519615 2.550000 -1.300000
v 0.606218 1.700000 -1.250000
v 0.692820 1.700000 -1.200000
v 0.779423 1.700000 -1.150000
v 0.866025 2.040000 -1.100000
v 0.952628 2.040000 -1.050000
v 1.039230 1.700000 -1.000000
v 1.125833 1.700000 -0.950000
v 1.212436 1.700000 -0.900000
v 1.299038 1.530000 -0.850000
v 1.385641 1.530000 -0.800000
v 1.385641 1.530000 -0.700000
v 1.385641 1.530000 -0.600000
v 1.385641 1.530000 -0.500000
v 1.385641 1.870000 -0.400000
v 1.385641 1.870000 -0.300000
v 1.385641 1.870000 -0.200000
v 1.385641 1.870000 -0.100000
v 1.385641 1.870000 -0.000000
v 1.385641 1.870000 0.100000
v 1.385641 1.870000 0.200000
v 1.385641 1.870000 0.300000
v 1.385641 1.530000 0.400000
v 1.385641 1.530000 0.500000
v 1.385641 1.530000 0.600000
v 1.385641 1.360000 0.700000
v 1.385641 1.360000 0.800000
v 1.299038 1.360000 0.850000
v 1.212436 1.530000 0.900000
v 1.125833 2.210000 0.950000
v 1.039230 2.210000 1.000000
v 0.952628 1.870000 1.050000
v 0.866025 1.870000 1.100000
v 0.779423 1.870000 1.150000
v 0.692820 1.870000 1.200000
v 0.606218 1.870000 1.250000
v 0.519615 1.870000 1.300000
v 0.433013 2.210000 1.350000
v 0.346410 2.210000 1.400000
v 0.259808 2.210000 1.450000
v 0.173205 2.210000 1.500000
v 0.086603 2.210000 1.550000
v 0.000000 1.360000 1.600000
v -0.086603 1.870000 1.550000
v -0.173205 1.870000 1.500000
v -0.259808 1.870000 1.450000
v -0.346410 1.870000 1.400000
v -0.433013 2.210000 1.350000
v -0.519615 2.210000 1.300000
v -0.606218 1.530000 1.250000
v -0.692820 1.870000 1.200000
v -0.779423 1.870000 1.150000
v -0.866025 1.870000 1.100000
v -0.952628 1.870000 1.050000
v -1.039230 1.870000 1.000000
v -1.125833 1.700000 0.950000
v -1.212436 1.700000 0.900000
v -1.299038 1.700000 0.850000
v -1.385641 1.700000 0.800000
v -1.385641 1.700000 0.700000
v -1.385641 1.700000 0.600000
v -1.385641 1.700000 0.500000
v -1.385641 1.700000 0.400000
v -1.385641 2.210000 0.300000
v -1.385641 2.210000 0.200000
v -1.385641 2.210000 0.100000
v -1.385641 1.700000 0.000000
v -1.385641 1.700000 -0.100000
v -1.385641 1.700000 -0.200000
v -1.385641 1.700000 -0.300000
v -1.385641 1.700000 -0.400000
v -1.385641 1.700000 -0.500000
v -1.385641 1.700000 -0.600000
v -1.385641 1.700000 -0.700000
v -1.385641 1.700000 -0.800000
v -1.299038 1.700000 -0.850000
v -1.212436 1.700000 -0.900000
v -1.125833 2.550000 -0.950000
v -1.039230 2.550000 -1.000000
v -0.952628 2.550000 -1.050000
v -0.866025 1.700000 -1.100000
v -0.779423 2.550000 -1.150000
v -0.692820 2.550000 -1.200000
v -0.606218 1.700000 -1.250000
v -0.519615 1.700000 -1.300000
v -0.433013 1.700000 -1.350000
v -0.346410 2.550000 -1.400000
v -0.259808 2.550000 -1.450000
v -0.173205 2.550000 -1.500000
v -0.086603 2.550000 -1.550000
v 0.000000 1.530000 -1.700000
v 0.086603 1.700000 -1.650000
v 0.173205 1.700000 -1.600000
v 0.259808 2.040000 -1.550000
v 0.346410 2.040000 -1.500000
v 0.433013 2.040000 -1.450000
v 0.519615 2.040000 -1.400000
v 0.606218 1.700000 -1.350000
v 0.692820 1.700000 -1.300000
v 0.779423 1.700000 -1.250000
v 0.866025 1.700000 -1.200000
v 0.952628 1.700000 -1.150000
v 1.039230 1.700000 -1.100000
v 1.125833 1.700000 -1.050000
v 1.212436 1.700000 -1.000000
v 1.299038 1.530000 -0.950000
v 1.385641 1.530000 -0.900000
v 1.472243 1.360000 -0.850000
v 1.472243 1.360000 -0.750000
v 1.472243 1.530000 -0.650000
v 1.472243 1.530000 -0.550000
v 1.472243 1.870000 -0.450000
v 1.472243 1.870000 -0.350000
v 1.472243 1.870000 -0.250000
v 1.472243 1.870000 -0.150000
v 1.472243 1.870000 -0.050000
v 1.472243 1.870000 0.050000
v 1.472243 1.870000 0.150000
v 1.472243 1.870000 0.250000
v 1.472243 1.530000 0.350000
v 1.472243 1.530000 0.450000
v 1.472243 1.530000 0.550000
v 1.472243 1.360000 0.650000
v 1.472243 1.360000 0.750000
v 1.472243 1.360000 0.850000
v 1.385641 1.360000 0.900000
v 1.299038 1.360000 0.950000
v 1.212436 1.530000 1.000000
v 1.125833 1.870000 1.050000
v 1.039230 1.870000 1.100000
v 0.952628 1.870000 1.150000
v 0.866025 1.870000 1.200000
v 0.779423 1.870000 1.250000
v 0.692820 1.870000 1.300000
v 0.606218 1.870000 1.350000
v 0.519615 1.360000 1.400000
v 0.433013 1.360000 1.450000
v 0.346410 2.210000 1.500000
v 0.259808 2.210000 1.550000
v 0.173205 2.210000 1.600000
v 0.086603 1.360000 1.650000
v 0.000000 1.360000 1.700000
v -0.086603 1.360000 1.650000
v -0.173205 1.360000 1.600000
v -0.259808 1.870000 1.550000
v -0.346410 1.870000 1.500000
v -0.433013 1.870000 1.450000
v -0.519615 1.530000 1.400000
v -0.606218 1.530000 1.350000
v -0.692820 1.530000 1.300000
v -0.779423 1.530000 1.250000
v -0.866025 1.530000 1.200000
v -0.952628 1.360000 1.150000
v -1.039230 1.360000 1.100000
v -1.125833 1.360000 1.050000
v -1.212436 1.700000 1.000000
v -1.299038 1.700000 0.950000
v -1.385641 1.700000 0.900000
v -1.472243 1.360000 0.850000
v -1.472243 1.360000 0.750000
v -1.472243 1.700000 0.650000
v -1.472243 1.700000 0.550000
v -1.472243 1.700000 0.450000
v -1.472243 1.700000 0.350000
v -1.472243 1.700000 0.250000
v -1.472243 1.700000 0.150000
v -1.472243 1.700000 0.050000
v -1.472243 1.700000 -0.050000
v -1.472243 1.700000 -0.150000
v -1.472243 1.700000 -0.250000
v -1.472243 1.700000 -0.350000
v -1.472243 1.700000 -0.450000
v -1.472243 1.700000 -0.550000
v -1.472243 1.700000 -0.650000
v -1.472243 1.700000 -0.750000
v -1.472243 1.700000 -0.850000
v -1.385641 1.700000 -0.900000
v -1.299038 1.700000 -0.950000
v -1.212436 1.700000 -1.000000
v -1.125833 1.700000 -1.050000
v -1.039230 1.700000 -1.100000
v -0.952628 1.700000 -1.150000
v -0.866025 1.700000 -1.200000
v -0.779423 2.550000 -1.250000
v -0.692820 1.700000 -1.300000
v -0.606218 1.700000 -1.350000
v -0.519615 1.700000 -1.400000
v -0.433013 1.700000 -1.450000
v -0.346410 1.700000 -1.500000
v -0.259808 1.530000 -1.550000
v -0.173205 1.530000 -1.600000
v -0.086603 1.530000 -1.650000
v 0.000000 1.360000 -1.800000
v 0.086603 1.530000 -1.750000
v 0.173205 1.700000 -1.700000
v 0.259808 1.700000 -1.650000
v 0.346410 1.700000 -1.600000
v 0.433013 1.700000 -1.550000
v 0.519615 1.700000 -1.500000
v 0.606218 1.530000 -1.450000
v 0.692820 1.530000 -1.400000
v 0.779423 1.700000 -1.350000
v 0.866025 1.700000 -1.300000
v 0.952628 1.700000 -1.250000
v 1.039230 1.700000 -1.200000
v 1.125833 1.700000 -1.150000
v 1.212436 1.700000 -1.100000
v 1.299038 1.530000 -1.050000
v 1.385641 1.530000 -1.000000
v 1.472243 1.530000 -0.950000
v 1.558846 1.360000 -0.900000
v 1.558846 1.360000 -0.800000
v 1.558846 1.360000 -0.700000
v 1.558846 1.530000 -0.600000
v 1.558846 1.530000 -0.500000
v 1.558846 1.870000 -0.400000
v 1.558846 1.870000 -0.300000
v 1.558846 1.870000 -0.200000
v 1.558846 1.870000 -0.100000
v 1.558846 1.870000 -0.000000
v 1.558846 1.870000 0.100000
v 1.558846 1.870000 0.200000
v 1.558846 1.530000 0.300000
v 1.558846 1.530000 0.400000
v 1.558846 1.530000 0.500000
v 1.558846 1.360000 0.600000
v 1.558846 1.360000 0.700000
v 1.558846 1.360000 0.800000
v 1.558846 1.360000 0.900000
v 1.472243 1.360000 0.950000
v 1.385641 1.360000 1.000000
v 1.299038 1.360000 1.050000
v 1.212436 1.360000 1.100000
v 1.125833 1.870000 1.150000
v 1.039230 1.870000 1.200000
v 0.952628 1.870000 1.250000
v 0.866025 1.870000 1.300000
v 0.779423 1.870000 1.350000
v 0.692820 1.870000 1.400000
v 0.606218 1.360000 1.450000
v 0.519615 1.360000 1.500000
v 0.433013 1.360000 1.550000
v 0.346410 1.360000 1.600000
v 0.259808 2.210000 1.650000
v 0.173205 1.360000 1.700000
v 0.086603 1.360000 1.750000
v 0.000000 1.360000 1.800000
v -0.086603 1.360000 1.750000
v -0.173205 1.360000 1.700000
v -0.259808 1.360000 1.650000
v -0.346410 1.870000 1.600000
v -0.433013 1.870000 1.550000
v -0.519615 1.360000 1.500000
v -0.606218 1.530000 1.450000
v -0.692820 1.530000 1.400000
v -0.779423 1.360000 1.350000
v -0.866025 1.360000 1.300000
v -0.952628 1.360000 1.250000
v -1.039230 1.360000 1.200000
v -1.125833 1.360000 1.150000
v -1.212436 1.360000 1.100000
v -1.299038 1.360000 1.050000
v -1.385641 1.360000 1.000000
v -1.472243 1.360000 0.950000
v -1.558846 1.360000 0.900000
v -1.558846 1.360000 0.800000
v -1.558846 1.360000 0.700000
v -1.558846 1.700000 0.600000
v -1.558846 1.700000 0.500000
v -1.558846 1.700000 0.400000
v -1.558846 1.700000 0.300000
v -1.558846 1.700000 0.200000
v -1.558846 1.700000 0.100000
v -1.558846 1.700000 0.000000
v -1.558846 1.700000 -0.100000
v -1.558846 1.700000 -0.200000
v -1.558846 1.700000 -0.300000
v -1.558846 1.700000 -0.400000
v -1.558846 1.700000 -0.500000
v -1.558846 1.700000 -0.600000
v -1.558846 1.700000 -0.700000
v -1.558846 1.700000 -0.800000
v -1.558846 1.700000 -0.900000
v -1.472243 1.700000 -0.950000
v -1.385641 1.700000 -1.000000
v -1.299038 1.700000 -1.050000
v -1.212436 1.700000 -1.100000
v -1.125833 1.700000 -1.150000
v -1.039230 1.700000 -1.200000
v -0.952628 1.700000 -1.250000
v -0.866025 1.700000 -1.300000
v -0.779423 1.700000 -1.350000
v -0.692820 1.700000 -1.400000
v -0.606218 1.700000 -1.450000
v -0.519615 1.700000 -1.500000
v -0.433013 1.700000 -1.550000
v -0.346410 1.530000 -1.600000
v -0.259808 1.530000 -1.650000
v -0.173205 1.530000 -1.700000
v -0.086603 1.530000 -1.750000
v 0.000000 1.190000 -1.900000
v 0.086603 1.360000 -1.850000
v 0.173205 1.360000 -1.800000
v 0.259808 1.360000 -1.750000
v 0.346410 1.700000 -1.700000
v 0.433013 1.700000 -1.650000
v 0.519615 1.360000 -1.600000
v 0.606218 1.360000 -1.550000
v 0.692820 1.530000 -1.500000
v 0.779423 1.530000 -1.450000
v 0.866025 1.530000 -1.400000
v 0.952628 1.530000 -1.350000
v 1.039230 1.360000 -1.300000
v 1.125833 1.360000 -1.250000
v 1.212436 1.360000 -1.200000
v 1.299038 1.530000 -1.150000
v 1.385641 1.530000 -1.100000
v 1.472243 1.530000 -1.050000
v 1.558846 1.360000 -1.000000
v 1.645448 1.360000 -0.950000
v 1.645448 1.360000 -0.850000
v 1.645448 1.360000 -0.750000
v 1.645448 1.360000 -0.650000
v 1.645448 1.530000 -0.550000
v 1.645448 1.870000 -0.450000
v 1.645448 1.870000 -0.350000
v 1.645448 1.360000 -0.250000
v 1.645448 1.360000 -0.150000
v 1.645448 1.870000 -0.050000
v 1.645448 1.870000 0.050000
v 1.645448 1.870000 0.150000
v 1.645448 1.530000 0.250000
v 1.645448 1.530000 0.350000
v 1.645448 1.530000 0.450000
v 1.645448 1.360000 0.550000
v 1.645448 1.360000 0.650000
v 1.645448 1.360000 0.750000
v 1.645448 1.190000 0.850000
v 1.645448 1.020000 0.950000
v 1.558846 1.360000 1.000000
v 1.472243 1.360000 1.050000
v 1.385641 1.360000 1.100000
v 1.299038 1.360000 1.150000
v 1.212436 1.360000 1.200000
v 1.125833 1.870000 1.250000
v 1.039230 1.870000 1.300000
v 0.952628 1.870000 1.350000
v 0.866025 1.870000 1.400000
v 0.779423 1.870000 1.450000
v 0.692820 1.360000 1.500000
v 0.606218 1.360000 1.550000
v 0.519615 1.360000 1.600000
v 0.433013 1.360000 1.650000
v 0.346410 1.360000 1.700000
v 0.259808 1.360000 1.750000
v 0.173205 1.360000 1.800000
v 0.086603 1.360000 1.850000
v 0.000000 1.360000 1.900000
v -0.086603 1.360000 1.850000
v -0.173205 1.360000 1.800000
v -0.259808 1.360000 1.750000
v -0.346410 1.360000 1.700000
v -0.433013 1.360000 1.650000
v -0.519615 1.360000 1.600000
v -0.606218 1.360000 1.550000
v -0.692820 1.360000 1.500000
v -0.779423 1.360000 1.450000
v -0.866025 1.360000 1.400000
v -0.952628 1.360000 1.350000
v -1.039230 1.360000 1.300000
v -1.125833 1.360000 1.250000
v -1.212436 1.360000 1.200000
v -1.299038 1.360000 1.150000
v -1.385641 1.360000 1.100000
v -1.472243 1.360000 1.050000
v -1.558846 1.360000 1.000000
v -1.645448 1.360000 0.950000
v -1.645448 1.360000 0.850000
v -1.645448 1.360000 0.750000
v -1.645448 1.360000 0.650000
v -1.645448 1.360000 0.550000
v -1.645448 1.700000 0.450000
v -1.645448 1.700000 0.350000
v -1.645448 1.360000 0.250000
v -1.645448 1.360000 0.150000
v -1.645448 1.360000 0.050000
v -1.645448 1.700000 -0.050000
v -1.645448 1.700000 -0.150000
v -1.645448 1.700000 -0.250000
v -1.645448 1.700000 -0.350000
v -1.645448 1.700000 -0.450000
v -1.645448 1.700000 -0.550000
v -1.645448 1.700000 -0.650000
v -1.645448 1.700000 -0.750000
v -1.645448 1.700000 -0.850000
v -1.645448 1.360000 -0.950000
v -1.558846 1.700000 -1.000000
v -1.472243 1.700000 -1.050000
v -1.385641 1.700000 -1.100000
v -1.299038 1.700000 -1.150000
v -1.212436 1.700000 -1.200000
v -1.125833 1.700000 -1.250000
v -1.039230 1.700000 -1.300000
v -0.952628 1.360000 -1.350000
v -0.866025 1.700000 -1.400000
v -0.779423 1.700000 -1.450000
v -0.692820 1.700000 -1.500000
v -0.606218 1.700000 -1.550000
v -0.519615 1.700000 -1.600000
v -0.433013 1.530000 -1.650000
v -0.346410 1.530000 -1.700000
v -0.259808 1.530000 -1.750000
v -0.173205 1.190000 -1.800000
v -0.086603 1.190000 -1.850000
v 0.000000 1.190000 -2.000000
v 0.086603 1.190000 -1.950000
v 0.173205 1.360000 -1.900000
v 0.259808 1.190000 -1.850000
v 0.346410 1.190000 -1.800000
v 0.433013 1.190000 -1.750000
v 0.519615 1.360000 -1.700000
v 0.606218 1.360000 -1.650000
v 0.692820 1.360000 -1.600000
v 0.779423 1.360000 -1.550000
v 0.866025 1.530000 -1.500000
v 0.952628 1.530000 -1.450000
v 1.039230 1.360000 -1.400000
v 1.125833 1.360000 -1.350000
v 1.212436 1.360000 -1.300000
v 1.299038 1.360000 -1.250000
v 1.385641 1.360000 -1.200000
v 1.472243 1.360000 -1.150000
v 1.558846 1.360000 -1.100000
v 1.645448 1.360000 -1.050000
v 1.732051 1.360000 -1.000000
v 1.732051 1.360000 -0.900000
v 1.732051 1.360000 -0.800000
v 1.732051 1.190000 -0.700000
v 1.732051 1.190000 -0.600000
v 1.732051 1.530000 -0.500000
v 1.732051 1.020000 -0.400000
v 1.732051 1.020000 -0.300000
v 1.732051 1.360000 -0.200000
v 1.732051 1.360000 -0.100000
v 1.732051 1.360000 -0.000000
v 1.732051 1.870000 0.100000
v 1.732051 1.530000 0.200000
v 1.732051 1.530000 0.300000
v 1.732051 1.530000 0.400000
v 1.732051 1.360000 0.500000
v 1.732051 1.360000 0.600000
v 1.732051 1.360000 0.700000
v 1.732051 1.190000 0.800000
v 1.732051 1.190000 0.900000
v 1.732051 1.020000 1.000000
v 1.645448 1.020000 1.050000
v 1.558846 1.020000 1.100000
v 1.472243 1.360000 1.150000
v 1.385641 1.360000 1.200000
v 1.299038 1.360000 1.250000
v 1.212436 1.360000 1.300000
v 1.125833 1.360000 1.350000
v 1.039230 1.870000 1.400000
v 0.952628 1.870000 1.450000
v 0.866025 1.360000 1.500000
v 0.779423 1.360000 1.550000
v 0.692820 1.360000 1.600000
v 0.606218 1.360000 1.650000
v 0.519615 1.360000 1.700000
v 0.433013 1.360000 1.750000
v 0.346410 1.360000 1.800000
v 0.259808 1.360000 1.850000
v 0.173205 1.360000 1.900000
v 0.086603 1.360000 1.950000
v 0.000000 1.360000 2.000000
v -0.086603 1.360000 1.950000
v -0.173205 1.360000 1.900000
v -0.259808 1.360000 1.850000
v -0.346410 1.360000 1.800000
v -0.433013 1.360000 1.750000
v -0.519615 1.190000 1.700000
v -0.606218 1.190000 1.650000
v -0.692820 1.190000 1.600000
v -0.779423 1.190000 1.550000
v -0.866025 1.360000 1.500000
v -0.952628 1.360000 1.450000
v -1.039230 1.360000 1.400000
v -1.125833 1.360000 1.350000
v -1.212436 1.360000 1.300000
v -1.299038 1.360000 1.250000
v -1.385641 1.190000 1.200000
v -1.472243 1.190000 1.150000
v -1.558846 1.190000 1.100000
v -1.645448 1.190000 1.050000
v -1.732051 1.020000 1.000000
v -1.732051 1.360000 0.900000
v -1.732051 1.360000 0.800000
v -1.732051 1.360000 0.700000
v -1.732051 1.360000 0.600000
v -1.732051 1.360000 0.500000
v -1.732051 1.360000 0.400000
v -1.732051 1.360000 0.300000
v -1.732051 1.360000 0.200000
v -1.732051 1.360000 0.100000
v -1.732051 1.360000 0.000000
v -1.732051 1.700000 -0.100000
v -1.732051 1.700000 -0.200000
v -1.732051 1.700000 -0.300000
v -1.732051 1.700000 -0.400000
v -1.732051 1.700000 -0.500000
v -1.732051 1.700000 -0.600000
v -1.732051 1.700000 -0.700000
v -1.732051 1.190000 -0.800000
v -1.732051 1.190000 -0.900000
v -1.732051 1.190000 -1.000000
v -1.645448 1.190000 -1.050000
v -1.558846 1.700000 -1.100000
v -1.472243 1.700000 -1.150000
v -1.385641 1.700000 -1.200000
v -1.299038 1.700000 -1.250000
v -1.212436 1.700000 -1.300000
v -1.125833 1.360000 -1.350000
v -1.039230 1.360000 -1.400000
v -0.952628 1.360000 -1.450000
v -0.866025 1.700000 -1.500000
v -0.779423 1.700000 -1.550000
v -0.692820 1.700000 -1.600000
v -0.606218 1.700000 -1.650000
v -0.519615 1.190000 -1.700000
v -0.433013 1.190000 -1.750000
v -0.346410 1.190000 -1.800000
v -0.259808 1.190000 -1.850000
v -0.173205 1.190000 -1.900000
v -0.086603 1.190000 -1.950000
v 0.000000 1.190000 -2.100000
v 0.086603 1.190000 -2.050000
v 0.173205 1.190000 -2.000000
v 0.259808 1.190000 -1.950000
v 0.346410 1.190000 -1.900000
v 0.433013 1.190000 -1.850000
v 0.519615 1.190000 -1.800000
v 0.606218 1.190000 -1.750000
v 0.692820 1.360000 -1.700000
v 0.779423 1.360000 -1.650000
v 0.866025 1.360000 -1.600000
v 0.952628 1.360000 -1.550000
v 1.039230 1.360000 -1.500000
v 1.125833 1.360000 -1.450000
v 1.212436 1.360000 -1.400000
v 1.299038 1.360000 -1.350000
v 1.385641 1.360000 -1.300000
v 1.472243 1.360000 -1.250000
v 1.558846 1.360000 -1.200000
v 1.645448 1.360000 -1.150000
v 1.732051 1.360000 -1.100000
v 1.818653 1.360000 -1.050000
v 1.818653 1.360000 -0.950000
v 1.818653 1.190000 -0.850000
v 1.818653 1.190000 -0.750000
v 1.818653 1.190000 -0.650000
v 1.818653 1.020000 -0.550000
v 1.818653 1.020000 -0.450000
v 1.818653 1.020000 -0.350000
v 1.818653 1.020000 -0.250000
v 1.818653 1.020000 -0.150000
v 1.818653 1.360000 -0.050000
v 1.818653 1.360000 0.050000
v 1.818653 1.360000 0.150000
v 1.818653 1.360000 0.250000
v 1.818653 1.360000 0.350000
v 1.818653 1.360000 0.450000
v 1.818653 1.360000 0.550000
v 1.818653 1.360000 0.650000
v 1.818653 1.190000 0.750000
v 1.818653 1.190000 0.850000
v 1.818653 1.020000 0.950000
v 1.818653 1.020000 1.050000
v 1.732051 1.020000 1.100000
v 1.645448 1.020000 1.150000
v 1.558846 1.020000 1.200000
v 1.472243 1.360000 1.250000
v 1.385641 1.360000 1.300000
v 1.299038 1.360000 1.350000
v 1.212436 1.360000 1.400000
v 1.125833 1.360000 1.450000
v 1.039230 1.360000 1.500000
v 0.952628 1.360000 1.550000
v 0.866025 1.360000 1.600000
v 0.779423 1.360000 1.650000
v 0.692820 1.360000 1.700000
v 0.606218 1.360000 1.750000
v 0.519615 1.360000 1.800000
v 0.433013 1.360000 1.850000
v 0.346410 1.360000 1.900000
v 0.259808 1.190000 1.950000
v 0.173205 1.190000 2.000000
v 0.086603 1.020000 2.050000
v 0.000000 0.850000 2.100000
v -0.086603 1.360000 2.050000
v -0.173205 1.360000 2.000000
v -0.259808 1.360000 1.950000
v -0.346410 1.360000 1.900000
v -0.433013 1.360000 1.850000
v -0.519615 1.190000 1.800000
v -0.606218 1.190000 1.750000
v -0.692820 1.190000 1.700000
v -0.779423 1.190000 1.650000
v -0.866025 1.190000 1.600000
v -0.952628 1.190000 1.550000
v -1.039230 1.360000 1.500000
v -1.125833 1.360000 1.450000
v -1.212436 1.360000 1.400000
v -1.299038 1.360000 1.350000
v -1.385641 1.190000 1.300000
v -1.472243 1.190000 1.250000
v -1.558846 1.020000 1.200000
v -1.645448 1.020000 1.150000
v -1.732051 1.020000 1.100000
v -1.818653 1.020000 1.050000
v -1.818653 1.020000 0.950000
v -1.818653 1.190000 0.850000
v -1.818653 1.360000 0.750000
v -1.818653 1.360000 0.650000
v -1.818653 1.360000 0.550000
v -1.818653 1.360000 0.450000
v -1.818653 1.360000 0.350000
v -1.818653 1.360000 0.250000
v -1.818653 1.360000 0.150000
v -1.818653 1.360000 0.050000
v -1.818653 1.190000 -0.050000
v -1.818653 1.700000 -0.150000
v -1.818653 1.700000 -0.250000
v -1.818653 1.700000 -0.350000
v -1.818653 1.700000 -0.450000
v -1.818653 1.700000 -0.550000
v -1.818653 1.700000 -0.650000
v -1.818653 1.190000 -0.750000
v -1.818653 1.190000 -0.850000
v -1.818653 1.190000 -0.950000
v -1.818653 1.190000 -1.050000
v -1.732051 1.190000 -1.100000
v -1.645448 1.190000 -1.150000
v -1.558846 1.360000 -1.200000
v -1.472243 1.700000 -1.250000
v -1.385641 1.700000 -1.300000
v -1.299038 1.700000 -1.350000
v -1.212436 1.360000 -1.400000
v -1.125833 1.360000 -1.450000
v -1.039230 1.360000 -1.500000
v -0.952628 1.360000 -1.550000
v -0.866025 1.700000 -1.600000
v -0.779423 1.700000 -1.650000
v -0.692820 1.700000 -1.700000
v -0.606218 1.360000 -1.750000
v -0.519615 1.190000 -1.800000
v -0.433013 1.190000 -1.850000
v -0.346410 1.190000 -1.900000
v -0.259808 1.190000 -1.950000
v -0.173205 1.190000 -2.000000
v -0.086603 1.190000 -2.050000
v 0.000000 1.190000 -2.200000
v 0.086603 1.190000 -2.150000
v 0.173205 1.190000 -2.100000
v 0.259808 1.190000 -2.050000
v 0.346410 1.190000 -2.000000
v 0.433013 1.190000 -1.950000
v 0.519615 1.190000 -1.900000
v 0.606218 1.190000 -1.850000
v 0.692820 1.190000 -1.800000
v 0.779423 1.360000 -1.750000
v 0.866025 1.360000 -1.700000
v 0.952628 1.360000 -1.650000
v 1.039230 1.360000 -1.600000
v 1.125833 1.360000 -1.550000
v 1.212436 1.360000 -1.500000
v 1.299038 1.360000 -1.450000
v 1.385641 1.190000 -1.400000
v 1.472243 1.190000 -1.350000
v 1.558846 1.190000 -1.300000
v 1.645448 1.190000 -1.250000
v 1.732051 1.190000 -1.200000
v 1.818653 1.190000 -1.150000
v 1.905256 1.190000 -1.100000
v 1.905256 1.190000 -1.000000
v 1.905256 1.190000 -0.900000
v 1.905256 1.190000 -0.800000
v 1.905256 1.190000 -0.700000
v 1.905256 1.020000 -0.600000
v 1.905256 1.020000 -0.500000
v 1.905256 1.020000 -0.400000
v 1.905256 1.020000 -0.300000
v 1.905256 1.020000 -0.200000
v 1.905256 1.020000 -0.100000
v 1.905256 1.360000 -0.000000
v 1.905256 1.360000 0.100000
v 1.905256 1.360000 0.200000
v 1.905256 1.360000 0.300000
v 1.905256 1.360000 0.400000
v 1.905256 1.360000 0.500000
v 1.905256 1.360000 0.600000
v 1.905256 1.190000 0.700000
v 1.905256 1.190000 0.800000
v 1.905256 1.020000 0.900000
v 1.905256 1.020000 1.000000
v 1.905256 1.020000 1.100000
v 1.818653 1.020000 1.150000
v 1.732051 1.020000 1.200000
v 1.645448 1.020000 1.250000
v 1.558846 0.850000 1.300000
v 1.472243 1.360000 1.350000
v 1.385641 1.360000 1.400000
v 1.299038 1.360000 1.450000
v 1.212436 1.360000 1.500000
v 1.125833 1.360000 1.550000
v 1.039230 1.360000 1.600000
v 0.952628 1.360000 1.650000
v 0.866025 1.360000 1.700000
v 0.779423 1.360000 1.750000
v 0.692820 1.360000 1.800000
v 0.606218 1.360000 1.850000
v 0.519615 1.360000 1.900000
v 0.433013 0.850000 1.950000
v 0.346410 0.850000 2.000000
v 0.259808 1.190000 2.050000
v 0.173205 0.850000 2.100000
v 0.086603 0.850000 2.150000
v 0.000000 0.850000 2.200000
v -0.086603 0.850000 2.150000
v -0.173205 1.360000 2.100000
v -0.259808 1.360000 2.050000
v -0.346410 1.360000 2.000000
v -0.433013 0.850000 1.950000
v -0.519615 1.020000 1.900000
v -0.606218 1.190000 1.850000
v -0.692820 1.190000 1.800000
v -0.779423 1.190000 1.750000
v -0.866025 1.190000 1.700000
v -0.952628 1.190000 1.650000
v -1.039230 1.190000 1.600000
v -1.125833 1.360000 1.550000
v -1.212436 1.360000 1.500000
v -1.299038 1.360000 1.450000
v -1.385641 0.510000 1.400000
v -1.472243 1.020000 1.350000
v -1.558846 1.020000 1.300000
v -1.645448 1.020000 1.250000
v -1.732051 1.020000 1.200000
v -1.818653 1.020000 1.150000
v -1.905256 1.020000 1.100000
v -1.905256 1.020000 1.000000
v -1.905256 1.020000 0.900000
v -1.905256 1.190000 0.800000
v -1.905256 1.190000 0.700000
v -1.905256 1.360000 0.600000
v -1.905256 1.360000 0.500000
v -1.905256 1.360000 0.400000
v -1.905256 1.360000 0.300000
v -1.905256 1.360000 0.200000
v -1.905256 1.360000 0.100000
v -1.905256 1.190000 0.000000
v -1.905256 1.190000 -0.100000
v -1.905256 1.700000 -0.200000
v -1.905256 1.700000 -0.300000
v -1.905256 1.700000 -0.400000
v -1.905256 1.700000 -0.500000
v -1.905256 1.190000 -0.600000
v -1.905256 1.190000 -0.700000
v -1.905256 1.190000 -0.800000
v -1.905256 1.190000 -0.900000
v -1.905256 1.190000 -1.000000
v -1.905256 1.190000 -1.100000
v -1.818653 1.190000 -1.150000
v -1.732051 1.190000 -1.200000
v -1.645448 1.190000 -1.250000
v -1.558846 1.190000 -1.300000
v -1.472243 1.360000 -1.350000
v -1.385641 1.700000 -1.400000
v -1.299038 1.360000 -1.450000
v -1.212436 1.360000 -1.500000
v -1.125833 1.360000 -1.550000
v -1.039230 1.360000 -1.600000
v -0.952628 1.360000 -1.650000
v -0.866025 1.700000 -1.700000
v -0.779423 1.700000 -1.750000
v -0.692820 1.360000 -1.800000
v -0.606218 1.190000 -1.850000
v -0.519615 1.190000 -1.900000
v -0.433013 1.190000 -1.950000
v -0.346410 1.190000 -2.000000
v -0.259808 1.190000 -2.050000
v -0.173205 1.190000 -2.100000
v -0.086603 1.190000 -2.150000
v 0.000000 0.340000 -2.300000
v 0.086603 1.190000 -2.250000
v 0.173205 1.190000 -2.200000
v 0.259808 1.190000 -2.150000
v 0.346410 1.190000 -2.100000
v 0.433013 1.190000 -2.050000
v 0.519615 1.190000 -2.000000
v 0.606218 1.190000 -1.950000
v 0.692820 1.190000 -1.900000
v 0.779423 1.190000 -1.850000
v 0.866025 1.360000 -1.800000
v 0.952628 1.360000 -1.750000
v 1.039230 1.360000 -1.700000
v 1.125833 1.190000 -1.650000
v 1.212436 1.190000 -1.600000
v 1.299038 1.190000 -1.550000
v 1.385641 1.190000 -1.500000
v 1.472243 1.190000 -1.450000
v 1.558846 1.190000 -1.400000
v 1.645448 1.190000 -1.350000
v 1.732051 1.190000 -1.300000
v 1.818653 1.190000 -1.250000
v 1.905256 1.190000 -1.200000
v 1.991858 1.020000 -1.150000
v 1.991858 1.190000 -1.050000
v 1.991858 1.190000 -0.950000
v 1.991858 1.190000 -0.850000
v 1.991858 1.020000 -0.750000
v 1.991858 1.020000 -0.650000
v 1.991858 1.020000 -0.550000
v 1.991858 1.020000 -0.450000
v 1.991858 1.020000 -0.350000
v 1.991858 1.020000 -0.250000
v 1.991858 1.020000 -0.150000
v 1.991858 1.020000 -0.050000
v 1.991858 1.360000 0.050000
v 1.991858 1.360000 0.150000
v 1.991858 1.360000 0.250000
v 1.991858 1.360000 0.350000
v 1.991858 1.360000 0.450000
v 1.991858 1.360000 0.550000
v 1.991858 1.360000 0.650000
v 1.991858 1.190000 0.750000
v 1.991858 1.020000 0.850000
v 1.991858 1.020000 0.950000
v 1.991858 1.020000 1.050000
v 1.991858 1.020000 1.150000
v 1.905256 1.020000 1.200000
v 1.818653 1.020000 1.250000
v 1.732051 0.850000 1.300000
v 1.645448 0.850000 1.350000
v 1.558846 0.850000 1.400000
v 1.472243 1.360000 1.450000
v 1.385641 1.360000 1.500000
v 1.299038 1.360000 1.550000
v 1.212436 1.360000 1.600000
v 1.125833 1.360000 1.650000
v 1.039230 1.360000 1.700000
v 0.952628 1.360000 1.750000
v 0.866025 1.360000 1.800000
v 0.779423 1.360000 1.850000
v 0.692820 1.360000 1.900000
v 0.606218 1.360000 1.950000
v 0.519615 0.850000 2.000000
v 0.433013 0.850000 2.050000
v 0.346410 0.850000 2.100000
v 0.259808 0.850000 2.150000
v 0.173205 0.850000 2.200000
v 0.086603 0.850000 2.250000
v 0.000000 0.850000 2.300000
v -0.086603 0.850000 2.250000
v -0.173205 0.850000 2.200000
v -0.259808 1.360000 2.150000
v -0.346410 1.360000 2.100000
v -0.433013 0.850000 2.050000
v -0.519615 0.850000 2.000000
v -0.606218 1.020000 1.950000
v -0.692820 1.190000 1.900000
v -0.779423 1.190000 1.850000
v -0.866025 1.190000 1.800000
v -0.952628 1.190000 1.750000
v -1.039230 1.190000 1.700000
v -1.125833 1.190000 1.650000
v -1.212436 1.190000 1.600000
v -1.299038 0.850000 1.550000
v -1.385641 0.510000 1.500000
v -1.472243 0.510000 1.450000
v -1.558846 0.510000 1.400000
v -1.645448 1.020000 1.350000
v -1.732051 1.020000 1.300000
v -1.818653 1.020000 1.250000
v -1.905256 1.020000 1.200000
v -1.991858 1.020000 1.150000
v -1.991858 0.680000 1.050000
v -1.991858 0.680000 0.950000
v -1.991858 0.680000 0.850000
v -1.991858 1.190000 0.750000
v -1.991858 1.190000 0.650000
v -1.991858 1.190000 0.550000
v -1.991858 1.190000 0.450000
v -1.991858 1.190000 0.350000
v -1.991858 1.360000 0.250000
v -1.991858 1.190000 0.150000
v -1.991858 1.190000 0.050000
v -1.991858 1.020000 -0.050000
v -1.991858 1.190000 -0.150000
v -1.991858 1.190000 -0.250000
v -1.991858 1.190000 -0.350000
v -1.991858 1.190000 -0.450000
v -1.991858 1.190000 -0.550000
v -1.991858 1.190000 -0.650000
v -1.991858 1.190000 -0.750000
v -1.991858 1.190000 -0.850000
v -1.991858 1.190000 -0.950000
v -1.991858 1.190000 -1.050000
v -1.991858 1.190000 -1.150000
v -1.905256 1.190000 -1.200000
v -1.818653 1.190000 -1.250000
v -1.732051 1.190000 -1.300000
v -1.645448 1.190000 -1.350000
v -1.558846 1.190000 -1.400000
v -1.472243 1.190000 -1.450000
v -1.385641 1.190000 -1.500000
v -1.299038 1.190000 -1.550000
v -1.212436 1.190000 -1.600000
v -1.125833 1.190000 -1.650000
v -1.039230 1.190000 -1.700000
v -0.952628 1.190000 -1.750000
v -0.866025 1.700000 -1.800000
v -0.779423 1.190000 -1.850000
v -0.692820 1.190000 -1.900000
v -0.606218 1.190000 -1.950000
v -0.519615 1.190000 -2.000000
v -0.433013 1.190000 -2.050000
v -0.346410 1.190000 -2.100000
v -0.259808 1.190000 -2.150000
v -0.173205 1.190000 -2.200000
v -0.086603 1.190000 -2.250000
v 0.000000 0.340000 -2.400000
v 0.086603 0.340000 -2.350000
v 0.173205 0.340000 -2.300000
v 0.259808 0.510000 -2.250000
v 0.346410 1.190000 -2.200000
v 0.433013 1.190000 -2.150000
v 0.519615 1.190000 -2.100000
v 0.606218 1.190000 -2.050000
v 0.692820 1.190000 -2.000000
v 0.779423 1.190000 -1.950000
v 0.866025 1.190000 -1.900000
v 0.952628 1.360000 -1.850000
v 1.039230 1.020000 -1.800000
v 1.125833 1.020000 -1.750000
v 1.212436 1.020000 -1.700000
v 1.299038 1.020000 -1.650000
v 1.385641 1.020000 -1.600000
v 1.472243 0.680000 -1.550000
v 1.558846 0.680000 -1.500000
v 1.645448 0.680000 -1.450000
v 1.732051 1.190000 -1.400000
v 1.818653 1.190000 -1.350000
v 1.905256 1.020000 -1.300000
v 1.991858 1.020000 -1.250000
v 2.078461 0.850000 -1.200000
v 2.078461 1.020000 -1.100000
v 2.078461 1.020000 -1.000000
v 2.078461 1.020000 -0.900000
v 2.078461 1.020000 -0.800000
v 2.078461 1.020000 -0.700000
v 2.078461 1.020000 -0.600000
v 2.078461 1.020000 -0.500000
v 2.078461 1.020000 -0.400000
v 2.078461 1.020000 -0.300000
v 2.078461 1.020000 -0.200000
v 2.078461 1.020000 -0.100000
v 2.078461 1.020000 -0.000000
v 2.078461 1.360000 0.100000
v 2.078461 1.360000 0.200000
v 2.078461 1.360000 0.300000
v 2.078461 1.360000 0.400000
v 2.078461 1.360000 0.500000
v 2.078461 1.360000 0.600000
v 2.078461 1.020000 0.700000
v 2.078461 1.020000 0.800000
v 2.078461 1.020000 0.900000
v 2.078461 1.020000 1.000000
v 2.078461 1.020000 1.100000
v 2.078461 1.020000 1.200000
v 1.991858 1.020000 1.250000
v 1.905256 0.510000 1.300000
v 1.818653 0.850000 1.350000
v 1.732051 0.850000 1.400000
v 1.645448 0.850000 1.450000
v 1.558846 0.850000 1.500000
v 1.472243 1.360000 1.550000
v 1.385641 1.360000 1.600000
v 1.299038 1.360000 1.650000
v 1.212436 1.360000 1.700000
v 1.125833 1.360000 1.750000
v 1.039230 1.360000 1.800000
v 0.952628 1.360000 1.850000
v 0.866025 1.360000 1.900000
v 0.779423 1.360000 1.950000
v 0.692820 1.360000 2.000000
v 0.606218 0.850000 2.050000
v 0.519615 0.850000 2.100000
v 0.433013 0.850000 2.150000
v 0.346410 0.850000 2.200000
v 0.259808 0.850000 2.250000
v 0.173205 0.850000 2.300000
v 0.086603 0.850000 2.350000
v 0.000000 0.850000 2.400000
v -0.086603 0.850000 2.350000
v -0.173205 0.850000 2.300000
v -0.259808 1.360000 2.250000
v -0.346410 1.360000 2.200000
v -0.433013 0.850000 2.150000
v -0.519615 0.850000 2.100000
v -0.606218 0.850000 2.050000
v -0.692820 1.020000 2.000000
v -0.779423 1.190000 1.950000
v -0.866025 1.190000 1.900000
v -0.952628 1.190000 1.850000
v -1.039230 1.190000 1.800000
v -1.125833 1.190000 1.750000
v -1.212436 0.850000 1.700000
v -1.299038 0.850000 1.650000
v -1.385641 0.510000 1.600000
v -1.472243 0.510000 1.550000
v -1.558846 0.510000 1.500000
v -1.645448 0.510000 1.450000
v -1.732051 0.510000 1.400000
v -1.818653 1.020000 1.350000
v -1.905256 1.020000 1.300000
v -1.991858 1.020000 1.250000
v -2.078461 0.510000 1.200000
v -2.078461 0.680000 1.100000
v -2.078461 0.680000 1.000000
v -2.078461 0.680000 0.900000
v -2.078461 1.190000 0.800000
v -2.078461 1.190000 0.700000
v -2.078461 1.190000 0.600000
v -2.078461 1.190000 0.500000
v -2.078461 1.190000 0.400000
v -2.078461 1.190000 0.300000
v -2.078461 1.190000 0.200000
v -2.078461 1.020000 0.100000
v -2.078461 1.020000 0.000000
v -2.078461 1.020000 -0.100000
v -2.078461 1.020000 -0.200000
v -2.078461 1.190000 -0.300000
v -2.078461 1.190000 -0.400000
v -2.078461 1.190000 -0.500000
v -2.078461 1.190000 -0.600000
v -2.078461 1.190000 -0.700000
v -2.078461 1.190000 -0.800000
v -2.078461 1.190000 -0.900000
v -2.078461 1.190000 -1.000000
v -2.078461 0.340000 -1.100000
v -2.078461 0.340000 -1.200000
v -1.991858 1.190000 -1.250000
v -1.905256 1.190000 -1.300000
v -1.818653 1.190000 -1.350000
v -1.732051 1.190000 -1.400000
v -1.645448 1.190000 -1.450000
v -1.558846 1.190000 -1.500000
v -1.472243 1.190000 -1.550000
v -1.385641 1.190000 -1.600000
v -1.299038 1.190000 -1.650000
v -1.212436 1.190000 -1.700000
v -1.125833 1.190000 -1.750000
v -1.039230 1.190000 -1.800000
v -0.952628 1.190000 -1.850000
v -0.866025 1.190000 -1.900000
v -0.779423 1.190000 -1.950000
v -0.692820 1.190000 -2.000000
v -0.606218 1.190000 -2.050000
v -0.519615 1.190000 -2.100000
v -0.433013 1.190000 -2.150000
v -0.346410 1.190000 -2.200000
v -0.259808 1.190000 -2.250000
v -0.173205 0.340000 -2.300000
v -0.086603 0.340000 -2.350000
v 0.000000 0.340000 -2.500000
v 0.086603 0.340000 -2.450000
v 0.173205 0.340000 -2.400000
v 0.259808 0.340000 -2.350000
v 0.346410 0.510000 -2.300000
v 0.433013 0.510000 -2.250000
v 0.519615 1.190000 -2.200000
v 0.606218 1.190000 -2.150000
v 0.692820 1.190000 -2.100000
v 0.779423 1.190000 -2.050000
v 0.866025 1.020000 -2.000000
v 0.952628 1.020000 -1.950000
v 1.039230 1.020000 -1.900000
v 1.125833 1.020000 -1.850000
v 1.212436 1.020000 -1.800000
v 1.299038 1.020000 -1.750000
v 1.385641 1.020000 -1.700000
v 1.472243 0.680000 -1.650000
v 1.558846 0.680000 -1.600000
v 1.645448 0.680000 -1.550000
v 1.732051 0.680000 -1.500000
v 1.818653 0.680000 -1.450000
v 1.905256 0.680000 -1.400000
v 1.991858 0.680000 -1.350000
v 2.078461 0.340000 -1.300000
v 2.165064 0.850000 -1.250000
v 2.165064 0.850000 -1.150000
v 2.165064 1.020000 -1.050000
v 2.165064 1.020000 -0.950000
v 2.165064 1.020000 -0.850000
v 2.165064 1.020000 -0.750000
v 2.165064 1.020000 -0.650000
v 2.165064 1.020000 -0.550000
v 2.165064 1.020000 -0.450000
v 2.165064 1.020000 -0.350000
v 2.165064 1.020000 -0.250000
v 2.165064 1.020000 -0.150000
v 2.165064 1.020000 -0.050000
v 2.165064 1.020000 0.050000
v 2.165064 1.360000 0.150000
v 2.165064 1.360000 0.250000
v 2.165064 1.360000 0.350000
v 2.165064 1.360000 0.450000
v 2.165064 1.360000 0.550000
v 2.165064 1.020000 0.650000
v 2.165064 1.020000 0.750000
v 2.165064 1.020000 0.850000
v 2.165064 1.020000 0.950000
v 2.165064 1.020000 1.050000
v 2.165064 1.020000 1.150000
v 2.165064 0.510000 1.250000
v 2.078461 0.510000 1.300000
v 1.991858 0.510000 1.350000
v 1.905256 0.510000 1.400000
v 1.818653 0.850000 1.450000
v 1.732051 0.850000 1.500000
v 1.645448 0.850000 1.550000
v 1.558846 0.850000 1.600000
v 1.472243 1.360000 1.650000
v 1.385641 1.360000 1.700000
v 1.299038 1.360000 1.750000
v 1.212436 1.360000 1.800000
v 1.125833 1.360000 1.850000
v 1.039230 1.360000 1.900000
v 0.952628 1.360000 1.950000
v 0.866025 1.360000 2.000000
v 0.779423 1.360000 2.050000
v 0.692820 0.850000 2.100000
v 0.606218 0.850000 2.150000
v 0.519615 0.850000 2.200000
v 0.433013 0.850000 2.250000
v 0.346410 0.850000 2.300000
v 0.259808 0.850000 2.350000
v 0.173205 0.850000 2.400000
v 0.086603 0.850000 2.450000
v 0.000000 0.850000 2.500000
v -0.086603 0.850000 2.450000
v -0.173205 0.850000 2.400000
v -0.259808 0.850000 2.350000
v -0.346410 0.850000 2.300000
v -0.433013 0.850000 2.250000
v -0.519615 0.850000 2.200000
v -0.606218 0.850000 2.150000
v -0.692820 0.850000 2.100000
v -0.779423 1.020000 2.050000
v -0.866025 1.190000 2.000000
v -0.952628 1.190000 1.950000
v -1.039230 1.190000 1.900000
v -1.125833 1.190000 1.850000
v -1.212436 0.850000 1.800000
v -1.299038 0.510000 1.750000
v -1.385641 0.510000 1.700000
v -1.472243 0.510000 1.650000
v -1.558846 0.510000 1.600000
v -1.645448 0.510000 1.550000
v -1.732051 0.510000 1.500000
v -1.818653 0.510000 1.450000
v -1.905256 0.510000 1.400000
v -1.991858 1.020000 1.350000
v -2.078461 0.510000 1.300000
v -2.165064 0.510000 1.250000
v -2.165064 0.510000 1.150000
v -2.165064 0.680000 1.050000
v -2.165064 0.680000 0.950000
v -2.165064 0.680000 0.850000
v -2.165064 0.680000 0.750000
v -2.165064 1.190000 0.650000
v -2.165064 1.190000 0.550000
v -2.165064 1.190000 0.450000
v -2.165064 1.190000 0.350000
v -2.165064 1.190000 0.250000
v -2.165064 1.020000 0.150000
v -2.165064 1.020000 0.050000
v -2.165064 1.020000 -0.050000
v -2.165064 1.020000 -0.150000
v -2.165064 1.020000 -0.250000
v -2.165064 1.190000 -0.350000
v -2.165064 1.190000 -0.450000
v -2.165064 1.190000 -0.550000
v -2.165064 1.190000 -0.650000
v -2.165064 1.190000 -0.750000
v -2.165064 1.190000 -0.850000
v -2.165064 0.510000 -0.950000
v -2.165064 0.340000 -1.050000
v -2.165064 0.340000 -1.150000
v -2.165064 0.340000 -1.250000
v -2.078461 0.340000 -1.300000
v -1.991858 0.340000 -1.350000
v -1.905256 0.340000 -1.400000
v -1.818653 1.190000 -1.450000
v -1.732051 1.190000 -1.500000
v -1.645448 1.190000 -1.550000
v -1.558846 1.190000 -1.600000
v -1.472243 1.190000 -1.650000
v -1.385641 1.190000 -1.700000
v -1.299038 1.020000 -1.750000
v -1.212436 1.190000 -1.800000
v -1.125833 1.190000 -1.850000
v -1.039230 1.190000 -1.900000
v -0.952628 1.190000 -1.950000
v -0.866025 1.190000 -2.000000
v -0.779423 1.190000 -2.050000
v -0.692820 1.190000 -2.100000
v -0.606218 1.190000 -2.150000
v -0.519615 1.020000 -2.200000
v -0.433013 0.680000 -2.250000
v -0.346410 0.680000 -2.300000
v -0.259808 0.340000 -2.350000
v -0.173205 0.340000 -2.400000
v -0.086603 0.340000 -2.450000
v 0.000000 0.340000 -2.600000
v 0.086603 0.340000 -2.550000
v 0.173205 0.340000 -2.500000
v 0.259808 0.340000 -2.450000
v 0.346410 0.340000 -2.400000
v 0.433013 0.340000 -2.350000
v 0.519615 0.510000 -2.300000
v 0.606218 0.510000 -2.250000
v 0.692820 0.510000 -2.200000
v 0.779423 1.020000 -2.150000
v 0.866025 1.020000 -2.100000
v 0.952628 1.020000 -2.050000
v 1.039230 1.020000 -2.000000
v 1.125833 1.020000 -1.950000
v 1.212436 1.020000 -1.900000
v 1.299038 1.020000 -1.850000
v 1.385641 1.020000 -1.800000
v 1.472243 0.680000 -1.750000
v 1.558846 0.680000 -1.700000
v 1.645448 0.680000 -1.650000
v 1.732051 0.680000 -1.600000
v 1.818653 0.680000 -1.550000
v 1.905256 0.680000 -1.500000
v 1.991858 0.680000 -1.450000
v 2.078461 0.340000 -1.400000
v 2.165064 0.340000 -1.350000
v 2.251666 0.340000 -1.300000
v 2.251666 0.850000 -1.200000
v 2.251666 0.340000 -1.100000
v 2.251666 0.340000 -1.000000
v 2.251666 1.020000 -0.900000
v 2.251666 1.020000 -0.800000
v 2.251666 1.020000 -0.700000
v 2.251666 1.020000 -0.600000
v 2.251666 1.020000 -0.500000
v 2.251666 1.020000 -0.400000
v 2.251666 1.020000 -0.300000
v 2.251666 1.020000 -0.200000
v 2.251666 0.850000 -0.100000
v 2.251666 0.850000 -0.000000
v 2.251666 1.020000 0.100000
v 2.251666 1.360000 0.200000
v 2.251666 1.360000 0.300000
v 2.251666 1.360000 0.400000
v 2.251666 1.360000 0.500000
v 2.251666 1.360000 0.600000
v 2.251666 1.020000 0.700000
v 2.251666 1.020000 0.800000
v 2.251666 1.020000 0.900000
v 2.251666 1.020000 1.000000
v 2.251666 1.020000 1.100000
v 2.251666 0.510000 1.200000
v 2.251666 0.510000 1.300000
v 2.165064 0.510000 1.350000
v 2.078461 0.510000 1.400000
v 1.991858 0.510000 1.450000
v 1.905256 0.850000 1.500000
v 1.818653 0.850000 1.550000
v 1.732051 0.850000 1.600000
v 1.645448 0.850000 1.650000
v 1.558846 0.850000 1.700000
v 1.472243 0.850000 1.750000
v 1.385641 1.360000 1.800000
v 1.299038 1.360000 1.850000
v 1.212436 1.360000 1.900000
v 1.125833 1.360000 1.950000
v 1.039230 1.360000 2.000000
v 0.952628 1.360000 2.050000
v 0.866025 1.360000 2.100000
v 0.779423 0.850000 2.150000
v 0.692820 0.680000 2.200000
v 0.606218 0.680000 2.250000
v 0.519615 0.680000 2.300000
v 0.433013 0.850000 2.350000
v 0.346410 0.850000 2.400000
v 0.259808 0.850000 2.450000
v 0.173205 0.850000 2.500000
v 0.086603 0.850000 2.550000
v 0.000000 0.850000 2.600000
v -0.086603 0.850000 2.550000
v -0.173205 0.850000 2.500000
v -0.259808 0.850000 2.450000
v -0.346410 0.850000 2.400000
v -0.433013 0.850000 2.350000
v -0.519615 0.850000 2.300000
v -0.606218 0.850000 2.250000
v -0.692820 0.850000 2.200000
v -0.779423 0.850000 2.150000
v -0.866025 1.020000 2.100000
v -0.952628 1.190000 2.050000
v -1.039230 1.190000 2.000000
v -1.125833 1.190000 1.950000
v -1.212436 0.850000 1.900000
v -1.299038 0.340000 1.850000
v -1.385641 0.510000 1.800000
v -1.472243 0.510000 1.750000
v -1.558846 0.510000 1.700000
v -1.645448 0.510000 1.650000
v -1.732051 0.510000 1.600000
v -1.818653 0.510000 1.550000
v -1.905256 0.510000 1.500000
v -1.991858 0.510000 1.450000
v -2.078461 1.020000 1.400000
v -2.165064 0.510000 1.350000
v -2.251666 0.510000 1.300000
v -2.251666 0.170000 1.200000
v -2.251666 0.170000 1.100000
v -2.251666 0.340000 1.000000
v -2.251666 0.680000 0.900000
v -2.251666 0.680000 0.800000
v -2.251666 0.510000 0.700000
v -2.251666 1.190000 0.600000
v -2.251666 1.190000 0.500000
v -2.251666 1.190000 0.400000
v -2.251666 1.190000 0.300000
v -2.251666 1.020000 0.200000
v -2.251666 1.020000 0.100000
v -2.251666 1.020000 0.000000
v -2.251666 1.020000 -0.100000
v -2.251666 1.020000 -0.200000
v -2.251666 1.020000 -0.300000
v -2.251666 1.190000 -0.400000
v -2.251666 1.190000 -0.500000
v -2.251666 1.190000 -0.600000
v -2.251666 0.510000 -0.700000
v -2.251666 0.510000 -0.800000
v -2.251666 0.510000 -0.900000
v -2.251666 0.340000 -1.000000
v -2.251666 0.340000 -1.100000
v -2.251666 0.340000 -1.200000
v -2.251666 0.340000 -1.300000
v -2.165064 0.340000 -1.350000
v -2.078461 0.340000 -1.400000
v -1.991858 0.340000 -1.450000
v -1.905256 0.510000 -1.500000
v -1.818653 0.510000 -1.550000
v -1.732051 0.510000 -1.600000
v -1.645448 0.510000 -1.650000
v -1.558846 1.020000 -1.700000
v -1.472243 1.020000 -1.750000
v -1.385641 1.020000 -1.800000
v -1.299038 1.020000 -1.850000
v -1.212436 1.020000 -1.900000
v -1.125833 1.020000 -1.950000
v -1.039230 1.190000 -2.000000
v -0.952628 1.190000 -2.050000
v -0.866025 1.190000 -2.100000
v -0.779423 1.020000 -2.150000
v -0.692820 1.020000 -2.200000
v -0.606218 1.020000 -2.250000
v -0.519615 0.680000 -2.300000
v -0.433013 0.680000 -2.350000
v -0.346410 0.680000 -2.400000
v -0.259808 0.340000 -2.450000
v -0.173205 0.340000 -2.500000
v -0.086603 0.340000 -2.550000
v 0.000000 0.340000 -2.700000
v 0.086603 0.340000 -2.650000
v 0.173205 0.340000 -2.600000
v 0.259808 0.340000 -2.550000
v 0.346410 0.340000 -2.500000
v 0.433013 0.340000 -2.450000
v 0.519615 0.340000 -2.400000
v 0.606218 0.340000 -2.350000
v 0.692820 0.510000 -2.300000
v 0.779423 0.510000 -2.250000
v 0.866025 1.020000 -2.200000
v 0.952628 1.020000 -2.150000
v 1.039230 1.020000 -2.100000
v 1.125833 1.020000 -2.050000
v 1.212436 1.020000 -2.000000
v 1.299038 1.020000 -1.950000
v 1.385641 1.020000 -1.900000
v 1.472243 0.680000 -1.850000
v 1.558846 0.680000 -1.800000
v 1.645448 0.680000 -1.750000
v 1.732051 0.680000 -1.700000
v 1.818653 0.680000 -1.650000
v 1.905256 0.680000 -1.600000
v 1.991858 0.340000 -1.550000
v 2.078461 0.340000 -1.500000
v 2.165064 0.340000 -1.450000
v 2.251666 0.340000 -1.400000
v 2.338269 0.340000 -1.350000
v 2.338269 0.340000 -1.250000
v 2.338269 0.340000 -1.150000
v 2.338269 0.340000 -1.050000
v 2.338269 0.340000 -0.950000
v 2.338269 0.680000 -0.850000
v 2.338269 1.020000 -0.750000
v 2.338269 1.020000 -0.650000
v 2.338269 1.020000 -0.550000
v 2.338269 1.020000 -0.450000
v 2.338269 1.020000 -0.350000
v 2.338269 0.850000 -0.250000
v 2.338269 0.850000 -0.150000
v 2.338269 0.850000 -0.050000
v 2.338269 0.850000 0.050000
v 2.338269 0.850000 0.150000
v 2.338269 1.020000 0.250000
v 2.338269 1.020000 0.350000
v 2.338269 1.020000 0.450000
v 2.338269 1.020000 0.550000
v 2.338269 1.020000 0.650000
v 2.338269 1.020000 0.750000
v 2.338269 1.020000 0.850000
v 2.338269 1.020000 0.950000
v 2.338269 0.850000 1.050000
v 2.338269 0.510000 1.150000
v 2.338269 0.510000 1.250000
v 2.338269 0.340000 1.350000
v 2.251666 0.510000 1.400000
v 2.165064 0.510000 1.450000
v 2.078461 0.510000 1.500000
v 1.991858 0.510000 1.550000
v 1.905256 0.850000 1.600000
v 1.818653 0.850000 1.650000
v 1.732051 0.850000 1.700000
v 1.645448 0.850000 1.750000
v 1.558846 0.850000 1.800000
v 1.472243 0.850000 1.850000
v 1.385641 1.020000 1.900000
v 1.299038 1.360000 1.950000
v 1.212436 1.360000 2.000000
v 1.125833 1.360000 2.050000
v 1.039230 1.360000 2.100000
v 0.952628 1.020000 2.150000
v 0.866025 1.020000 2.200000
v 0.779423 0.510000 2.250000
v 0.692820 0.680000 2.300000
v 0.606218 0.680000 2.350000
v 0.519615 0.680000 2.400000
v 0.433013 0.510000 2.450000
v 0.346410 0.850000 2.500000
v 0.259808 0.850000 2.550000
v 0.173205 0.850000 2.600000
v 0.086603 0.850000 2.650000
v 0.000000 0.850000 2.700000
v -0.086603 0.850000 2.650000
v -0.173205 0.850000 2.600000
v -0.259808 0.850000 2.550000
v -0.346410 0.850000 2.500000
v -0.433013 0.850000 2.450000
v -0.519615 0.510000 2.400000
v -0.606218 0.510000 2.350000
v -0.692820 0.510000 2.300000
v -0.779423 0.170000 2.250000
v -0.866025 0.170000 2.200000
v -0.952628 0.850000 2.150000
v -1.039230 1.190000 2.100000
v -1.125833 0.850000 2.050000
v -1.212436 0.340000 2.000000
v -1.299038 0.340000 1.950000
v -1.385641 0.340000 1.900000
v -1.472243 0.340000 1.850000
v -1.558846 0.340000 1.800000
v -1.645448 0.510000 1.750000
v -1.732051 0.510000 1.700000
v -1.818653 0.510000 1.650000
v -1.905256 0.510000 1.600000
v -1.991858 0.510000 1.550000
v -2.078461 0.510000 1.500000
v -2.165064 0.510000 1.450000
v -2.251666 0.510000 1.400000
v -2.338269 0.000000 1.350000
v -2.338269 0.170000 1.250000
v -2.338269 0.170000 1.150000
v -2.338269 0.170000 1.050000
v -2.338269 0.340000 0.950000
v -2.338269 0.340000 0.850000
v -2.338269 0.340000 0.750000
v -2.338269 0.340000 0.650000
v -2.338269 1.190000 0.550000
v -2.338269 1.190000 0.450000
v -2.338269 1.190000 0.350000
v -2.338269 1.020000 0.250000
v -2.338269 1.020000 0.150000
v -2.338269 1.020000 0.050000
v -2.338269 1.020000 -0.050000
v -2.338269 0.850000 -0.150000
v -2.338269 0.850000 -0.250000
v -2.338269 0.850000 -0.350000
v -2.338269 0.510000 -0.450000
v -2.338269 0.510000 -0.550000
v -2.338269 0.510000 -0.650000
v -2.338269 0.510000 -0.750000
v -2.338269 0.510000 -0.850000
v -2.338269 0.510000 -0.950000
v -2.338269 0.340000 -1.050000
v -2.338269 0.340000 -1.150000
v -2.338269 0.340000 -1.250000
v -2.338269 0.340000 -1.350000
v -2.251666 0.340000 -1.400000
v -2.165064 0.340000 -1.450000
v -2.078461 0.340000 -1.500000
v -1.991858 0.340000 -1.550000
v -1.905256 0.510000 -1.600000
v -1.818653 0.510000 -1.650000
v -1.732051 0.510000 -1.700000
v -1.645448 0.510000 -1.750000
v -1.558846 0.510000 -1.800000
v -1.472243 1.020000 -1.850000
v -1.385641 1.020000 -1.900000
v -1.299038 1.020000 -1.950000
v -1.212436 1.020000 -2.000000
v -1.125833 1.020000 -2.050000
v -1.039230 1.020000 -2.100000
v -0.952628 1.020000 -2.150000
v -0.866025 1.020000 -2.200000
v -0.779423 1.020000 -2.250000
v -0.692820 1.020000 -2.300000
v -0.606218 0.680000 -2.350000
v -0.519615 0.680000 -2.400000
v -0.433013 0.680000 -2.450000
v -0.346410 0.340000 -2.500000
v -0.259808 0.340000 -2.550000
v -0.173205 0.340000 -2.600000
v -0.086603 0.340000 -2.650000
v 0.000000 0.340000 -2.800000
v 0.086603 0.340000 -2.750000
v 0.173205 0.340000 -2.700000
v 0.259808 0.340000 -2.650000
v 0.346410 0.340000 -2.600000
v 0.433013 0.340000 -2.550000
v 0.519615 0.340000 -2.500000
v 0.606218 0.340000 -2.450000
v 0.692820 0.340000 -2.400000
v 0.779423 0.340000 -2.350000
v 0.866025 0.510000 -2.300000
v 0.952628 1.020000 -2.250000
v 1.039230 1.020000 -2.200000
v 1.125833 1.020000 -2.150000
v 1.212436 1.020000 -2.100000
v 1.299038 1.020000 -2.050000
v 1.385641 1.020000 -2.000000
v 1.472243 0.680000 -1.950000
v 1.558846 0.680000 -1.900000
v 1.645448 0.680000 -1.850000
v 1.732051 0.680000 -1.800000
v 1.818653 0.680000 -1.750000
v 1.905256 0.680000 -1.700000
v 1.991858 0.340000 -1.650000
v 2.078461 0.340000 -1.600000
v 2.165064 0.340000 -1.550000
v 2.251666 0.340000 -1.500000
v 2.338269 0.340000 -1.450000
v 2.424871 0.340000 -1.400000
v 2.424871 0.340000 -1.300000
v 2.424871 0.340000 -1.200000
v 2.424871 0.340000 -1.100000
v 2.424871 0.340000 -1.000000
v 2.424871 0.340000 -0.900000
v 2.424871 0.340000 -0.800000
v 2.424871 0.680000 -0.700000
v 2.424871 1.020000 -0.600000
v 2.424871 1.020000 -0.500000
v 2.424871 0.850000 -0.400000
v 2.424871 0.850000 -0.300000
v 2.424871 0.850000 -0.200000
v 2.424871 0.850000 -0.100000
v 2.424871 0.850000 -0.000000
v 2.424871 0.850000 0.100000
v 2.424871 0.850000 0.200000
v 2.424871 0.850000 0.300000
v 2.424871 1.020000 0.400000
v 2.424871 1.020000 0.500000
v 2.424871 1.020000 0.600000
v 2.424871 1.020000 0.700000
v 2.424871 1.020000 0.800000
v 2.424871 1.020000 0.900000
v 2.424871 0.510000 1.000000
v 2.424871 0.510000 1.100000
v 2.424871 0.340000 1.200000
v 2.424871 0.340000 1.300000
v 2.424871 0.340000 1.400000
v 2.338269 0.340000 1.450000
v 2.251666 0.510000 1.500000
v 2.165064 0.510000 1.550000
v 2.078461 0.510000 1.600000
v 1.991858 0.510000 1.650000
v 1.905256 0.850000 1.700000
v 1.818653 0.850000 1.750000
v 1.732051 0.850000 1.800000
v 1.645448 0.850000 1.850000
v 1.558846 0.850000 1.900000
v 1.472243 0.850000 1.950000
v 1.385641 1.020000 2.000000
v 1.299038 1.020000 2.050000
v 1.212436 1.020000 2.100000
v 1.125833 1.020000 2.150000
v 1.039230 1.020000 2.200000
v 0.952628 1.020000 2.250000
v 0.866025 0.510000 2.300000
v 0.779423 0.510000 2.350000
v 0.692820 0.510000 2.400000
v 0.606218 0.510000 2.450000
v 0.519615 0.510000 2.500000
v 0.433013 0.510000 2.550000
v 0.346410 0.000000 2.600000
v 0.259808 0.850000 2.650000
v 0.173205 0.850000 2.700000
v 0.086603 0.850000 2.750000
v 0.000000 0.000000 2.800000
v -0.086603 0.000000 2.750000
v -0.173205 0.000000 2.700000
v -0.259808 0.000000 2.650000
v -0.346410 0.340000 2.600000
v -0.433013 0.340000 2.550000
v -0.519615 0.510000 2.500000
v -0.606218 0.510000 2.450000
v -0.692820 0.340000 2.400000
v -0.779423 0.170000 2.350000
v -0.866025 0.170000 2.300000
v -0.952628 0.170000 2.250000
v -1.039230 0.170000 2.200000
v -1.125833 0.850000 2.150000
v -1.212436 0.170000 2.100000
v -1.299038 0.340000 2.050000
v -1.385641 0.340000 2.000000
v -1.472243 0.340000 1.950000
v -1.558846 0.340000 1.900000
v -1.645448 0.170000 1.850000
v -1.732051 0.170000 1.800000
v -1.818653 0.510000 1.750000
v -1.905256 0.510000 1.700000
v -1.991858 0.510000 1.650000
v -2.078461 0.510000 1.600000
v -2.165064 0.510000 1.550000
v -2.251666 0.510000 1.500000
v -2.338269 0.000000 1.450000
v -2.424871 0.000000 1.400000
v -2.424871 0.170000 1.300000
v -2.424871 0.170000 1.200000
v -2.424871 0.170000 1.100000
v -2.424871 0.170000 1.000000
v -2.424871 0.340000 0.900000
v -2.424871 0.340000 0.800000
v -2.424871 0.340000 0.700000
v -2.424871 0.340000 0.600000
v -2.424871 0.510000 0.500000
v -2.424871 1.190000 0.400000
v -2.424871 0.510000 0.300000
v -2.424871 0.510000 0.200000
v -2.424871 0.510000 0.100000
v -2.424871 0.510000 0.000000
v -2.424871 0.510000 -0.100000
v -2.424871 0.510000 -0.200000
v -2.424871 0.510000 -0.300000
v -2.424871 0.510000 -0.400000
v -2.424871 0.510000 -0.500000
v -2.424871 0.510000 -0.600000
v -2.424871 0.510000 -0.700000
v -2.424871 0.510000 -0.800000
v -2.424871 0.510000 -0.900000
v -2.424871 0.340000 -1.000000
v -2.424871 0.340000 -1.100000
v -2.424871 0.340000 -1.200000
v -2.424871 0.340000 -1.300000
v -2.424871 0.340000 -1.400000
v -2.338269 0.340000 -1.450000
v -2.251666 0.340000 -1.500000
v -2.165064 0.340000 -1.550000
v -2.078461 0.340000 -1.600000
v -1.991858 0.340000 -1.650000
v -1.905256 0.510000 -1.700000
v -1.818653 0.510000 -1.750000
v -1.732051 0.510000 -1.800000
v -1.645448 0.510000 -1.850000
v -1.558846 0.510000 -1.900000
v -1.472243 0.510000 -1.950000
v -1.385641 1.020000 -2.000000
v -1.299038 1.020000 -2.050000
v -1.212436 1.020000 -2.100000
v -1.125833 1.020000 -2.150000
v -1.039230 1.020000 -2.200000
v -0.952628 1.020000 -2.250000
v -0.866025 1.020000 -2.300000
v -0.779423 0.340000 -2.350000
v -0.692820 0.340000 -2.400000
v -0.606218 0.340000 -2.450000
v -0.519615 0.340000 -2.500000
v -0.433013 0.340000 -2.550000
v -0.346410 0.340000 -2.600000
v -0.259808 0.340000 -2.650000
v -0.173205 0.340000 -2.700000
v -0.086603 0.340000 -2.750000
v 0.000000 0.340000 -2.900000
v 0.086603 0.340000 -2.850000
v 0.173205 0.340000 -2.800000
v 0.259808 0.340000 -2.750000
v 0.346410 0.340000 -2.700000
v 0.433013 0.340000 -2.650000
v 0.519615 0.340000 -2.600000
v 0.606218 0.340000 -2.550000
v 0.692820 0.340000 -2.500000
v 0.779423 0.340000 -2.450000
v 0.866025 0.340000 -2.400000
v 0.952628 0.340000 -2.350000
v 1.039230 1.020000 -2.300000
v 1.125833 1.020000 -2.250000
v 1.212436 1.020000 -2.200000
v 1.299038 1.020000 -2.150000
v 1.385641 1.020000 -2.100000
v 1.472243 1.020000 -2.050000
v 1.558846 0.340000 -2.000000
v 1.645448 0.340000 -1.950000
v 1.732051 0.680000 -1.900000
v 1.818653 0.680000 -1.850000
v 1.905256 0.000000 -1.800000
v 1.991858 0.340000 -1.750000
v 2.078461 0.340000 -1.700000
v 2.165064 0.340000 -1.650000
v 2.251666 0.340000 -1.600000
v 2.338269 0.340000 -1.550000
v 2.424871 0.340000 -1.500000
v 2.511474 0.340000 -1.450000
v 2.511474 0.340000 -1.350000
v 2.511474 0.340000 -1.250000
v 2.511474 0.340000 -1.150000
v 2.511474 0.340000 -1.050000
v 2.511474 0.340000 -0.950000
v 2.511474 0.340000 -0.850000
v 2.511474 0.340000 -0.750000
v 2.511474 0.680000 -0.650000
v 2.511474 0.680000 -0.550000
v 2.511474 0.680000 -0.450000
v 2.511474 0.850000 -0.350000
v 2.511474 0.850000 -0.250000
v 2.511474 0.850000 -0.150000
v 2.511474 0.850000 -0.050000
v 2.511474 0.850000 0.050000
v 2.511474 0.850000 0.150000
v 2.511474 0.850000 0.250000
v 2.511474 0.850000 0.350000
v 2.511474 0.850000 0.450000
v 2.511474 0.340000 0.550000
v 2.511474 0.510000 0.650000
v 2.511474 0.510000 0.750000
v 2.511474 0.340000 0.850000
v 2.511474 0.340000 0.950000
v 2.511474 0.340000 1.050000
v 2.511474 0.340000 1.150000
v 2.511474 0.340000 1.250000
v 2.511474 0.340000 1.350000
v 2.511474 0.000000 1.450000
v 2.424871 0.340000 1.500000
v 2.338269 0.000000 1.550000
v 2.251666 0.000000 1.600000
v 2.165064 0.000000 1.650000
v 2.078461 0.000000 1.700000
v 1.991858 0.000000 1.750000
v 1.905256 0.850000 1.800000
v 1.818653 0.850000 1.850000
v 1.732051 0.850000 1.900000
v 1.645448 0.850000 1.950000
v 1.558846 0.850000 2.000000
v 1.472243 1.020000 2.050000
v 1.385641 1.020000 2.100000
v 1.299038 1.020000 2.150000
v 1.212436 1.020000 2.200000
v 1.125833 1.020000 2.250000
v 1.039230 1.020000 2.300000
v 0.952628 0.510000 2.350000
v 0.866025 0.510000 2.400000
v 0.779423 0.340000 2.450000
v 0.692820 0.340000 2.500000
v 0.606218 0.340000 2.550000
v 0.519615 0.340000 2.600000
v 0.433013 0.000000 2.650000
v 0.346410 0.000000 2.700000
v 0.259808 0.000000 2.750000
v 0.173205 0.850000 2.800000
v 0.086603 0.000000 2.850000
v 0.000000 0.000000 2.900000
v -0.086603 0.000000 2.850000
v -0.173205 0.000000 2.800000
v -0.259808 0.000000 2.750000
v -0.346410 0.340000 2.700000
v -0.433013 0.340000 2.650000
v -0.519615 0.340000 2.600000
v -0.606218 0.340000 2.550000
v -0.692820 0.000000 2.500000
v -0.779423 0.000000 2.450000
v -0.866025 0.000000 2.400000
v -0.952628 0.000000 2.350000
v -1.039230 0.170000 2.300000
v -1.125833 0.170000 2.250000
v -1.212436 0.170000 2.200000
v -1.299038 0.170000 2.150000
v -1.385641 0.340000 2.100000
v -1.472243 0.170000 2.050000
v -1.558846 0.170000 2.000000
v -1.645448 0.170000 1.950000
v -1.732051 0.170000 1.900000
v -1.818653 0.170000 1.850000
v -1.905256 0.170000 1.800000
v -1.991858 0.170000 1.750000
v -2.078461 0.510000 1.700000
v -2.165064 0.510000 1.650000
v -2.251666 0.510000 1.600000
v -2.338269 0.510000 1.550000
v -2.424871 0.000000 1.500000
v -2.511474 0.000000 1.450000
v -2.511474 0.000000 1.350000
v -2.511474 0.170000 1.250000
v -2.511474 0.170000 1.150000
v -2.511474 0.170000 1.050000
v -2.511474 0.170000 0.950000
v -2.511474 0.340000 0.850000
v -2.511474 0.340000 0.750000
v -2.511474 0.340000 0.650000
v -2.511474 0.340000 0.550000
v -2.511474 0.340000 0.450000
v -2.511474 0.510000 0.350000
v -2.511474 0.510000 0.250000
v -2.511474 0.510000 0.150000
v -2.511474 0.510000 0.050000
v -2.511474 0.510000 -0.050000
v -2.511474 0.510000 -0.150000
v -2.511474 0.510000 -0.250000
v -2.511474 0.510000 -0.350000
v -2.511474 0.510000 -0.450000
v -2.511474 0.510000 -0.550000
v -2.511474 0.510000 -0.650000
v -2.511474 0.510000 -0.750000
v -2.511474 0.510000 -0.850000
v -2.511474 0.510000 -0.950000
v -2.511474 0.340000 -1.050000
v -2.511474 0.340000 -1.150000
v -2.511474 0.340000 -1.250000
v -2.511474 0.340000 -1.350000
v -2.511474 0.340000 -1.450000
v -2.424871 0.340000 -1.500000
v -2.338269 0.340000 -1.550000
v -2.251666 0.340000 -1.600000
v -2.165064 0.340000 -1.650000
v -2.078461 0.340000 -1.700000
v -1.991858 0.340000 -1.750000
v -1.905256 0.510000 -1.800000
v -1.818653 0.510000 -1.850000
v -1.732051 0.510000 -1.900000
v -1.645448 0.510000 -1.950000
v -1.558846 0.510000 -2.000000
v -1.472243 0.510000 -2.050000
v -1.385641 0.340000 -2.100000
v -1.299038 0.680000 -2.150000
v -1.212436 0.680000 -2.200000
v -1.125833 0.340000 -2.250000
v -1.039230 0.340000 -2.300000
v -0.952628 0.340000 -2.350000
v -0.866025 0.340000 -2.400000
v -0.779423 0.340000 -2.450000
v -0.692820 0.340000 -2.500000
v -0.606218 0.340000 -2.550000
v -0.519615 0.340000 -2.600000
v -0.433013 0.340000 -2.650000
v -0.346410 0.340000 -2.700000
v -0.259808 0.340000 -2.750000
v -0.173205 0.340000 -2.800000
v -0.086603 0.340000 -2.850000
v 0.000000 0.000000 -3.000000
v 0.086603 0.340000 -2.950000
v 0.173205 0.340000 -2.900000
v 0.259808 0.340000 -2.850000
v 0.346410 0.340000 -2.800000
v 0.433013 0.340000 -2.750000
v 0.519615 0.340000 -2.700000
v 0.606218 0.340000 -2.650000
v 0.692820 0.340000 -2.600000
v 0.779423 0.340000 -2.550000
v 0.866025 0.340000 -2.500000
v 0.952628 0.340000 -2.450000
v 1.039230 0.340000 -2.400000
v 1.125833 0.340000 -2.350000
v 1.212436 1.020000 -2.300000
v 1.299038 1.020000 -2.250000
v 1.385641 1.020000 -2.200000
v 1.472243 1.020000 -2.150000
v 1.558846 0.340000 -2.100000
v 1.645448 0.340000 -2.050000
v 1.732051 0.000000 -2.000000
v 1.818653 0.000000 -1.950000
v 1.905256 0.000000 -1.900000
v 1.991858 0.000000 -1.850000
v 2.078461 0.340000 -1.800000
v 2.165064 0.340000 -1.750000
v 2.251666 0.340000 -1.700000
v 2.338269 0.340000 -1.650000
v 2.424871 0.340000 -1.600000
v 2.511474 0.340000 -1.550000
v 2.598076 0.340000 -1.500000
v 2.598076 0.340000 -1.400000
v 2.598076 0.340000 -1.300000
v 2.598076 0.340000 -1.200000
v 2.598076 0.340000 -1.100000
v 2.598076 0.340000 -1.000000
v 2.598076 0.340000 -0.900000
v 2.598076 0.340000 -0.800000
v 2.598076 0.340000 -0.700000
v 2.598076 0.340000 -0.600000
v 2.598076 0.340000 -0.500000
v 2.598076 0.340000 -0.400000
v 2.598076 0.850000 -0.300000
v 2.598076 0.850000 -0.200000
v 2.598076 0.850000 -0.100000
v 2.598076 0.850000 -0.000000
v 2.598076 0.850000 0.100000
v 2.598076 0.850000 0.200000
v 2.598076 0.850000 0.300000
v 2.598076 0.340000 0.400000
v 2.598076 0.340000 0.500000
v 2.598076 0.340000 0.600000
v 2.598076 0.340000 0.700000
v 2.598076 0.340000 0.800000
v 2.598076 0.340000 0.900000
v 2.598076 0.340000 1.000000
v 2.598076 0.340000 1.100000
v 2.598076 0.170000 1.200000
v 2.598076 0.000000 1.300000
v 2.598076 0.000000 1.400000
v 2.598076 0.000000 1.500000
v 2.511474 0.000000 1.550000
v 2.424871 0.000000 1.600000
v 2.338269 0.000000 1.650000
v 2.251666 0.000000 1.700000
v 2.165064 0.000000 1.750000
v 2.078461 0.000000 1.800000
v 1.991858 0.000000 1.850000
v 1.905256 0.850000 1.900000
v 1.818653 0.850000 1.950000
v 1.732051 0.850000 2.000000
v 1.645448 0.850000 2.050000
v 1.558846 0.850000 2.100000
v 1.472243 0.850000 2.150000
v 1.385641 0.850000 2.200000
v 1.299038 0.850000 2.250000
v 1.212436 0.850000 2.300000
v 1.125833 0.850000 2.350000
v 1.039230 0.510000 2.400000
v 0.952628 0.340000 2.450000
v 0.866025 0.340000 2.500000
v 0.779423 0.340000 2.550000
v 0.692820 0.340000 2.600000
v 0.606218 0.340000 2.650000
v 0.519615 0.340000 2.700000
v 0.433013 0.000000 2.750000
v 0.346410 0.000000 2.800000
v 0.259808 0.000000 2.850000
v 0.173205 0.000000 2.900000
v 0.086603 0.000000 2.950000
v 0.000000 0.000000 3.000000
v -0.086603 0.000000 2.950000
v -0.173205 0.000000 2.900000
v -0.259808 0.000000 2.850000
v -0.346410 0.000000 2.800000
v -0.433013 0.340000 2.750000
v -0.519615 0.340000 2.700000
v -0.606218 0.340000 2.650000
v -0.692820 0.000000 2.600000
v -0.779423 0.000000 2.550000
v -0.866025 0.000000 2.500000
v -0.952628 0.000000 2.450000
v -1.039230 0.000000 2.400000
v -1.125833 0.170000 2.350000
v -1.212436 0.170000 2.300000
v -1.299038 0.170000 2.250000
v -1.385641 0.170000 2.200000
v -1.472243 0.170000 2.150000
v -1.558846 0.170000 2.100000
v -1.645448 0.170000 2.050000
v -1.732051 0.170000 2.000000
v -1.818653 0.170000 1.950000
v -1.905256 0.170000 1.900000
v -1.991858 0.170000 1.850000
v -2.078461 0.000000 1.800000
v -2.165064 0.000000 1.750000
v -2.251666 0.000000 1.700000
v -2.338269 0.510000 1.650000
v -2.424871 0.000000 1.600000
v -2.511474 0.000000 1.550000
v -2.598076 0.000000 1.500000
v -2.598076 0.000000 1.400000
v -2.598076 0.000000 1.300000
v -2.598076 0.170000 1.200000
v -2.598076 0.170000 1.100000
v -2.598076 0.170000 1.000000
v -2.598076 0.170000 0.900000
v -2.598076 0.340000 0.800000
v -2.598076 0.340000 0.700000
v -2.598076 0.340000 0.600000
v -2.598076 0.340000 0.500000
v -2.598076 0.340000 0.400000
v -2.598076 0.510000 0.300000
v -2.598076 0.510000 0.200000
v -2.598076 0.510000 0.100000
v -2.598076 0.510000 0.000000
v -2.598076 0.510000 -0.100000
v -2.598076 0.510000 -0.200000
v -2.598076 0.510000 -0.300000
v -2.598076 0.510000 -0.400000
v -2.598076 0.510000 -0.500000
v -2.598076 0.510000 -0.600000
v -2.598076 0.510000 -0.700000
v -2.598076 0.510000 -0.800000
v -2.598076 0.170000 -0.900000
v -2.598076 0.170000 -1.000000
v -2.598076 0.170000 -1.100000
v -2.598076 0.170000 -1.200000
v -2.598076 0.170000 -1.300000
v -2.598076 0.170000 -1.400000
v -2.598076 0.170000 -1.500000
v -2.511474 0.170000 -1.550000
v -2.424871 0.340000 -1.600000
v -2.338269 0.340000 -1.650000
v -2.251666 0.340000 -1.700000
v -2.165064 0.340000 -1.750000
v -2.078461 0.340000 -1.800000
v -1.991858 0.340000 -1.850000
v -1.905256 0.340000 -1.900000
v -1.818653 0.510000 -1.950000
v -1.732051 0.510000 -2.000000
v -1.645448 0.510000 -2.050000
v -1.558846 0.510000 -2.100000
v -1.472243 0.340000 -2.150000
v -1.385641 0.340000 -2.200000
v -1.299038 0.340000 -2.250000
v -1.212436 0.340000 -2.300000
v -1.125833 0.340000 -2.350000
v -1.039230 0.340000 -2.400000
v -0.952628 0.340000 -2.450000
v -0.866025 0.340000 -2.500000
v -0.779423 0.340000 -2.550000
v -0.692820 0.340000 -2.600000
v -0.606218 0.340000 -2.650000
v -0.519615 0.340000 -2.700000
v -0.433013 0.000000 -2.750000
v -0.346410 0.000000 -2.800000
v -0.259808 0.000000 -2.850000
v -0.173205 0.000000 -2.900000
v -0.086603 0.000000 -2.950000
v 0.000000 0.000000 -3.100000
v 0.086603 0.000000 -3.050000
v 0.173205 0.340000 -3.000000
v 0.259808 0.340000 -2.950000
v 0.346410 0.340000 -2.900000
v 0.433013 0.340000 -2.850000
v 0.519615 0.340000 -2.800000
v 0.606218 0.340000 -2.750000
v 0.692820 0.340000 -2.700000
v 0.779423 0.340000 -2.650000
v 0.866025 0.340000 -2.600000
v 0.952628 0.340000 -2.550000
v 1.039230 0.340000 -2.500000
v 1.125833 0.340000 -2.450000
v 1.212436 0.340000 -2.400000
v 1.299038 0.340000 -2.350000
v 1.385641 0.340000 -2.300000
v 1.472243 0.340000 -2.250000
v 1.558846 0.340000 -2.200000
v 1.645448 0.000000 -2.150000
v 1.732051 0.000000 -2.100000
v 1.818653 0.000000 -2.050000
v 1.905256 0.000000 -2.000000
v 1.991858 0.000000 -1.950000
v 2.078461 0.000000 -1.900000
v 2.165064 0.000000 -1.850000
v 2.251666 0.340000 -1.800000
v 2.338269 0.340000 -1.750000
v 2.424871 0.340000 -1.700000
v 2.511474 0.340000 -1.650000
v 2.598076 0.340000 -1.600000
v 2.684679 0.000000 -1.550000
v 2.684679 0.000000 -1.450000
v 2.684679 0.000000 -1.350000
v 2.684679 0.170000 -1.250000
v 2.684679 0.170000 -1.150000
v 2.684679 0.170000 -1.050000
v 2.684679 0.170000 -0.950000
v 2.684679 0.340000 -0.850000
v 2.684679 0.340000 -0.750000
v 2.684679 0.340000 -0.650000
v 2.684679 0.340000 -0.550000
v 2.684679 0.340000 -0.450000
v 2.684679 0.340000 -0.350000
v 2.684679 0.340000 -0.250000
v 2.684679 0.850000 -0.150000
v 2.684679 0.850000 -0.050000
v 2.684679 0.850000 0.050000
v 2.684679 0.850000 0.150000
v 2.684679 0.850000 0.250000
v 2.684679 0.340000 0.350000
v 2.684679 0.340000 0.450000
v 2.684679 0.340000 0.550000
v 2.684679 0.340000 0.650000
v 2.684679 0.340000 0.750000
v 2.684679 0.340000 0.850000
v 2.684679 0.170000 0.950000
v 2.684679 0.170000 1.050000
v 2.684679 0.170000 1.150000
v 2.684679 0.000000 1.250000
v 2.684679 0.000000 1.350000
v 2.684679 0.000000 1.450000
v 2.684679 0.000000 1.550000
v 2.598076 0.000000 1.600000
v 2.511474 0.000000 1.650000
v 2.424871 0.000000 1.700000
v 2.338269 0.000000 1.750000
v 2.251666 0.000000 1.800000
v 2.165064 0.000000 1.850000
v 2.078461 0.000000 1.900000
v 1.991858 0.000000 1.950000
v 1.905256 0.850000 2.000000
v 1.818653 0.850000 2.050000
v 1.732051 0.850000 2.100000
v 1.645448 0.850000 2.150000
v 1.558846 0.850000 2.200000
v 1.472243 0.850000 2.250000
v 1.385641 0.850000 2.300000
v 1.299038 0.850000 2.350000
v 1.212436 0.510000 2.400000
v 1.125833 0.170000 2.450000
v 1.039230 0.000000 2.500000
v 0.952628 0.000000 2.550000
v 0.866025 0.340000 2.600000
v 0.779423 0.340000 2.650000
v 0.692820 0.340000 2.700000
v 0.606218 0.340000 2.750000
v 0.519615 0.000000 2.800000
v 0.433013 0.000000 2.850000
v 0.346410 0.000000 2.900000
v 0.259808 0.000000 2.950000
v 0.173205 0.000000 3.000000
v 0.086603 0.000000 3.050000
v 0.000000 0.000000 3.100000
v -0.086603 0.000000 3.050000
v -0.173205 0.000000 3.000000
v -0.259808 0.000000 2.950000
v -0.346410 0.000000 2.900000
v -0.433013 0.000000 2.850000
v -0.519615 0.340000 2.800000
v -0.606218 0.340000 2.750000
v -0.692820 0.000000 2.700000
v -0.779423 0.000000 2.650000
v -0.866025 0.000000 2.600000
v -0.952628 0.000000 2.550000
v -1.039230 0.000000 2.500000
v -1.125833 0.000000 2.450000
v -1.212436 0.170000 2.400000
v -1.299038 0.170000 2.350000
v -1.385641 0.170000 2.300000
v -1.472243 0.170000 2.250000
v -1.558846 0.170000 2.200000
v -1.645448 0.170000 2.150000
v -1.732051 0.170000 2.100000
v -1.818653 0.170000 2.050000
v -1.905256 0.170000 2.000000
v -1.991858 0.170000 1.950000
v -2.078461 0.000000 1.900000
v -2.165064 0.000000 1.850000
v -2.251666 0.000000 1.800000
v -2.338269 0.000000 1.750000
v -2.424871 0.000000 1.700000
v -2.511474 0.000000 1.650000
v -2.598076 0.000000 1.600000
v -2.684679 0.000000 1.550000
v -2.684679 0.000000 1.450000
v -2.684679 0.000000 1.350000
v -2.684679 0.170000 1.250000
v -2.684679 0.170000 1.150000
v -2.684679 0.170000 1.050000
v -2.684679 0.170000 0.950000
v -2.684679 0.170000 0.850000
v -2.684679 0.340000 0.750000
v -2.684679 0.340000 0.650000
v -2.684679 0.340000 0.550000
v -2.684679 0.340000 0.450000
v -2.684679 0.340000 0.350000
v -2.684679 0.510000 0.250000
v -2.684679 0.510000 0.150000
v -2.684679 0.510000 0.050000
v -2.684679 0.510000 -0.050000
v -2.684679 0.510000 -0.150000
v -2.684679 0.510000 -0.250000
v -2.684679 0.510000 -0.350000
v -2.684679 0.510000 -0.450000
v -2.684679 0.510000 -0.550000
v -2.684679 0.510000 -0.650000
v -2.684679 0.170000 -0.750000
v -2.684679 0.170000 -0.850000
v -2.684679 0.170000 -0.950000
v -2.684679 0.170000 -1.050000
v -2.684679 0.170000 -1.150000
v -2.684679 0.170000 -1.250000
v -2.684679 0.170000 -1.350000
v -2.684679 0.170000 -1.450000
v -2.684679 0.170000 -1.550000
v -2.598076 0.170000 -1.600000
v -2.511474 0.170000 -1.650000
v -2.424871 0.340000 -1.700000
v -2.338269 0.340000 -1.750000
v -2.251666 0.340000 -1.800000
v -2.165064 0.340000 -1.850000
v -2.078461 0.340000 -1.900000
v -1.991858 0.000000 -1.950000
v -1.905256 0.000000 -2.000000
v -1.818653 0.000000 -2.050000
v -1.732051 0.000000 -2.100000
v -1.645448 0.510000 -2.150000
v -1.558846 0.170000 -2.200000
v -1.472243 0.170000 -2.250000
v -1.385641 0.170000 -2.300000
v -1.299038 0.340000 -2.350000
v -1.212436 0.340000 -2.400000
v -1.125833 0.340000 -2.450000
v -1.039230 0.340000 -2.500000
v -0.952628 0.340000 -2.550000
v -0.866025 0.340000 -2.600000
v -0.779423 0.340000 -2.650000
v -0.692820 0.340000 -2.700000
v -0.606218 0.340000 -2.750000
v -0.519615 0.000000 -2.800000
v -0.433013 0.000000 -2.850000
v -0.346410 0.000000 -2.900000
v -0.259808 0.000000 -2.950000
v -0.173205 0.000000 -3.000000
v -0.086603 0.000000 -3.050000
v 0.000000 0.000000 -3.200000
v 0.086603 0.000000 -3.150000
v 0.173205 0.000000 -3.100000
v 0.259808 0.340000 -3.050000
v 0.346410 0.340000 -3.000000
v 0.433013 0.340000 -2.950000
v 0.519615 0.340000 -2.900000
v 0.606218 0.340000 -2.850000
v 0.692820 0.340000 -2.800000
v 0.779423 0.340000 -2.750000
v 0.866025 0.340000 -2.700000
v 0.952628 0.340000 -2.650000
v 1.039230 0.000000 -2.600000
v 1.125833 0.000000 -2.550000
v 1.212436 0.000000 -2.500000
v 1.299038 0.000000 -2.450000
v 1.385641 0.340000 -2.400000
v 1.472243 0.340000 -2.350000
v 1.558846 0.340000 -2.300000
v 1.645448 0.000000 -2.250000
v 1.732051 0.000000 -2.200000
v 1.818653 0.000000 -2.150000
v 1.905256 0.000000 -2.100000
v 1.991858 0.000000 -2.050000
v 2.078461 0.000000 -2.000000
v 2.165064 0.000000 -1.950000
v 2.251666 0.000000 -1.900000
v 2.338269 0.000000 -1.850000
v 2.424871 0.340000 -1.800000
v 2.511474 0.340000 -1.750000
v 2.598076 0.340000 -1.700000
v 2.684679 0.340000 -1.650000
v 2.771281 0.000000 -1.600000
v 2.771281 0.000000 -1.500000
v 2.771281 0.000000 -1.400000
v 2.771281 0.000000 -1.300000
v 2.771281 0.170000 -1.200000
v 2.771281 0.170000 -1.100000
v 2.771281 0.170000 -1.000000
v 2.771281 0.170000 -0.900000
v 2.771281 0.170000 -0.800000
v 2.771281 0.170000 -0.700000
v 2.771281 0.170000 -0.600000
v 2.771281 0.340000 -0.500000
v 2.771281 0.340000 -0.400000
v 2.771281 0.340000 -0.300000
v 2.771281 0.340000 -0.200000
v 2.771281 0.340000 -0.100000
v 2.771281 0.340000 -0.000000
v 2.771281 0.850000 0.100000
v 2.771281 0.850000 0.200000
v 2.771281 0.340000 0.300000
v 2.771281 0.170000 0.400000
v 2.771281 0.170000 0.500000
v 2.771281 0.170000 0.600000
v 2.771281 0.170000 0.700000
v 2.771281 0.170000 0.800000
v 2.771281 0.170000 0.900000
v 2.771281 0.170000 1.000000
v 2.771281 0.170000 1.100000
v 2.771281 0.170000 1.200000
v 2.771281 0.000000 1.300000
v 2.771281 0.000000 1.400000
v 2.771281 0.000000 1.500000
v 2.771281 0.000000 1.600000
v 2.684679 0.000000 1.650000
v 2.598076 0.000000 1.700000
v 2.511474 0.000000 1.750000
v 2.424871 0.000000 1.800000
v 2.338269 0.000000 1.850000
v 2.251666 0.000000 1.900000
v 2.165064 0.000000 1.950000
v 2.078461 0.000000 2.000000
v 1.991858 0.000000 2.050000
v 1.905256 0.000000 2.100000
v 1.818653 0.000000 2.150000
v 1.732051 0.850000 2.200000
v 1.645448 0.850000 2.250000
v 1.558846 0.850000 2.300000
v 1.472243 0.510000 2.350000
v 1.385641 0.510000 2.400000
v 1.299038 0.510000 2.450000
v 1.212436 0.000000 2.500000
v 1.125833 0.000000 2.550000
v 1.039230 0.000000 2.600000
v 0.952628 0.000000 2.650000
v 0.866025 0.000000 2.700000
v 0.779423 0.340000 2.750000
v 0.692820 0.340000 2.800000
v 0.606218 0.000000 2.850000
v 0.519615 0.000000 2.900000
v 0.433013 0.000000 2.950000
v 0.346410 0.000000 3.000000
v 0.259808 0.000000 3.050000
v 0.173205 0.000000 3.100000
v 0.086603 0.000000 3.150000
v 0.000000 0.000000 3.200000
v -0.086603 0.000000 3.150000
v -0.173205 0.000000 3.100000
v -0.259808 0.000000 3.050000
v -0.346410 0.000000 3.000000
v -0.433013 0.000000 2.950000
v -0.519615 0.340000 2.900000
v -0.606218 0.000000 2.850000
v -0.692820 0.000000 2.800000
v -0.779423 0.000000 2.750000
v -0.866025 0.000000 2.700000
v -0.952628 0.000000 2.650000
v -1.039230 0.000000 2.600000
v -1.125833 0.000000 2.550000
v -1.212436 0.000000 2.500000
v -1.299038 0.000000 2.450000
v -1.385641 0.170000 2.400000
v -1.472243 0.170000 2.350000
v -1.558846 0.170000 2.300000
v -1.645448 0.170000 2.250000
v -1.732051 0.170000 2.200000
v -1.818653 0.170000 2.150000
v -1.905256 0.170000 2.100000
v -1.991858 0.170000 2.050000
v -2.078461 0.000000 2.000000
v -2.165064 0.000000 1.950000
v -2.251666 0.000000 1.900000
v -2.338269 0.000000 1.850000
v -2.424871 0.000000 1.800000
v -2.511474 0.000000 1.750000
v -2.598076 0.000000 1.700000
v -2.684679 0.000000 1.650000
v -2.771281 0.000000 1.600000
v -2.771281 0.000000 1.500000
v -2.771281 0.000000 1.400000
v -2.771281 0.000000 1.300000
v -2.771281 0.170000 1.200000
v -2.771281 0.170000 1.100000
v -2.771281 0.170000 1.000000
v -2.771281 0.170000 0.900000
v -2.771281 0.000000 0.800000
v -2.771281 0.000000 0.700000
v -2.771281 0.340000 0.600000
v -2.771281 0.340000 0.500000
v -2.771281 0.340000 0.400000
v -2.771281 0.340000 0.300000
v -2.771281 0.510000 0.200000
v -2.771281 0.510000 0.100000
v -2.771281 0.510000 0.000000
v -2.771281 0.510000 -0.100000
v -2.771281 0.510000 -0.200000
v -2.771281 0.510000 -0.300000
v -2.771281 0.510000 -0.400000
v -2.771281 0.510000 -0.500000
v -2.771281 0.000000 -0.600000
v -2.771281 0.000000 -0.700000
v -2.771281 0.170000 -0.800000
v -2.771281 0.170000 -0.900000
v -2.771281 0.170000 -1.000000
v -2.771281 0.170000 -1.100000
v -2.771281 0.170000 -1.200000
v -2.771281 0.170000 -1.300000
v -2.771281 0.170000 -1.400000
v -2.771281 0.170000 -1.500000
v -2.771281 0.000000 -1.600000
v -2.684679 0.170000 -1.650000
v -2.598076 0.170000 -1.700000
v -2.511474 0.170000 -1.750000
v -2.424871 0.340000 -1.800000
v -2.338269 0.000000 -1.850000
v -2.251666 0.000000 -1.900000
v -2.165064 0.000000 -1.950000
v -2.078461 0.000000 -2.000000
v -1.991858 0.000000 -2.050000
v -1.905256 0.000000 -2.100000
v -1.818653 0.000000 -2.150000
v -1.732051 0.000000 -2.200000
v -1.645448 0.000000 -2.250000
v -1.558846 0.000000 -2.300000
v -1.472243 0.170000 -2.350000
v -1.385641 0.170000 -2.400000
v -1.299038 0.340000 -2.450000
v -1.212436 0.340000 -2.500000
v -1.125833 0.340000 -2.550000
v -1.039230 0.340000 -2.600000
v -0.952628 0.340000 -2.650000
v -0.866025 0.340000 -2.700000
v -0.779423 0.340000 -2.750000
v -0.692820 0.340000 -2.800000
v -0.606218 0.000000 -2.850000
v -0.519615 0.000000 -2.900000
v -0.433013 0.000000 -2.950000
v -0.346410 0.000000 -3.000000
v -0.259808 0.000000 -3.050000
v -0.173205 0.000000 -3.100000
v -0.086603 0.000000 -3.150000
v 0.000000 0.000000 -3.300000
v 0.086603 0.000000 -3.250000
v 0.173205 0.000000 -3.200000
v 0.259808 0.000000 -3.150000
v 0.346410 0.340000 -3.100000
v 0.433013 0.340000 -3.050000
v 0.519615 0.340000 -3.000000
v 0.606218 0.340000 -2.950000
v 0.692820 0.340000 -2.900000
v 0.779423 0.340000 -2.850000
v 0.866025 0.340000 -2.800000
v 0.952628 0.000000 -2.750000
v 1.039230 0.000000 -2.700000
v 1.125833 0.000000 -2.650000
v 1.212436 0.000000 -2.600000
v 1.299038 0.000000 -2.550000
v 1.385641 0.000000 -2.500000
v 1.472243 0.000000 -2.450000
v 1.558846 0.000000 -2.400000
v 1.645448 0.000000 -2.350000
v 1.732051 0.000000 -2.300000
v 1.818653 0.000000 -2.250000
v 1.905256 0.000000 -2.200000
v 1.991858 0.000000 -2.150000
v 2.078461 0.000000 -2.100000
v 2.165064 0.000000 -2.050000
v 2.251666 0.000000 -2.000000
v 2.338269 0.000000 -1.950000
v 2.424871 0.000000 -1.900000
v 2.511474 0.340000 -1.850000
v 2.598076 0.340000 -1.800000
v 2.684679 0.340000 -1.750000
v 2.771281 0.000000 -1.700000
v 2.857884 0.000000 -1.650000
v 2.857884 0.000000 -1.550000
v 2.857884 0.000000 -1.450000
v 2.857884 0.000000 -1.350000
v 2.857884 0.000000 -1.250000
v 2.857884 0.170000 -1.150000
v 2.857884 0.170000 -1.050000
v 2.857884 0.170000 -0.950000
v 2.857884 0.170000 -0.850000
v 2.857884 0.170000 -0.750000
v 2.857884 0.170000 -0.650000
v 2.857884 0.170000 -0.550000
v 2.857884 0.170000 -0.450000
v 2.857884 0.340000 -0.350000
v 2.857884 0.340000 -0.250000
v 2.857884 0.340000 -0.150000
v 2.857884 0.340000 -0.050000
v 2.857884 0.340000 0.050000
v 2.857884 0.340000 0.150000
v 2.857884 0.170000 0.250000
v 2.857884 0.170000 0.350000
v 2.857884 0.170000 0.450000
v 2.857884 0.170000 0.550000
v 2.857884 0.170000 0.650000
v 2.857884 0.170000 0.750000
v 2.857884 0.170000 0.850000
v 2.857884 0.170000 0.950000
v 2.857884 0.170000 1.050000
v 2.857884 0.000000 1.150000
v 2.857884 0.000000 1.250000
v 2.857884 0.000000 1.350000
v 2.857884 0.000000 1.450000
v 2.857884 0.000000 1.550000
v 2.857884 0.000000 1.650000
v 2.771281 0.000000 1.700000
v 2.684679 0.000000 1.750000
v 2.598076 0.000000 1.800000
v 2.511474 0.000000 1.850000
v 2.424871 0.000000 1.900000
v 2.338269 0.000000 1.950000
v 2.251666 0.000000 2.000000
v 2.165064 0.000000 2.050000
v 2.078461 0.000000 2.100000
v 1.991858 0.000000 2.150000
v 1.905256 0.000000 2.200000
v 1.818653 0.000000 2.250000
v 1.732051 0.000000 2.300000
v 1.645448 0.340000 2.350000
v 1.558846 0.170000 2.400000
v 1.472243 0.510000 2.450000
v 1.385641 0.000000 2.500000
v 1.299038 0.000000 2.550000
v 1.212436 0.000000 2.600000
v 1.125833 0.000000 2.650000
v 1.039230 0.000000 2.700000
v 0.952628 0.000000 2.750000
v 0.866025 0.000000 2.800000
v 0.779423 0.000000 2.850000
v 0.692820 0.000000 2.900000
v 0.606218 0.000000 2.950000
v 0.519615 0.000000 3.000000
v 0.433013 0.000000 3.050000
v 0.346410 0.000000 3.100000
v 0.259808 0.000000 3.150000
v 0.173205 0.000000 3.200000
v 0.086603 0.000000 3.250000
v 0.000000 0.000000 3.300000
v -0.086603 0.000000 3.250000
v -0.173205 0.000000 3.200000
v -0.259808 0.000000 3.150000
v -0.346410 0.000000 3.100000
v -0.433013 0.000000 3.050000
v -0.519615 0.000000 3.000000
v -0.606218 0.000000 2.950000
v -0.692820 0.000000 2.900000
v -0.779423 0.000000 2.850000
v -0.866025 0.000000 2.800000
v -0.952628 0.000000 2.750000
v -1.039230 0.000000 2.700000
v -1.125833 0.000000 2.650000
v -1.212436 0.000000 2.600000
v -1.299038 0.000000 2.550000
v -1.385641 0.000000 2.500000
v -1.472243 0.170000 2.450000
v -1.558846 0.170000 2.400000
v -1.645448 0.170000 2.350000
v -1.732051 0.170000 2.300000
v -1.818653 0.170000 2.250000
v -1.905256 0.170000 2.200000
v -1.991858 0.170000 2.150000
v -2.078461 0.000000 2.100000
v -2.165064 0.000000 2.050000
v -2.251666 0.000000 2.000000
v -2.338269 0.000000 1.950000
v -2.424871 0.000000 1.900000
v -2.511474 0.000000 1.850000
v -2.598076 0.000000 1.800000
v -2.684679 0.000000 1.750000
v -2.771281 0.000000 1.700000
v -2.857884 0.000000 1.650000
v -2.857884 0.000000 1.550000
v -2.857884 0.000000 1.450000
v -2.857884 0.000000 1.350000
v -2.857884 0.170000 1.250000
v -2.857884 0.170000 1.150000
v -2.857884 0.170000 1.050000
v -2.857884 0.000000 0.950000
v -2.857884 0.000000 0.850000
v -2.857884 0.000000 0.750000
v -2.857884 0.000000 0.650000
v -2.857884 0.340000 0.550000
v -2.857884 0.340000 0.450000
v -2.857884 0.340000 0.350000
v -2.857884 0.340000 0.250000
v -2.857884 0.510000 0.150000
v -2.857884 0.510000 0.050000
v -2.857884 0.510000 -0.050000
v -2.857884 0.510000 -0.150000
v -2.857884 0.510000 -0.250000
v -2.857884 0.000000 -0.350000
v -2.857884 0.000000 -0.450000
v -2.857884 0.000000 -0.550000
v -2.857884 0.000000 -0.650000
v -2.857884 0.000000 -0.750000
v -2.857884 0.000000 -0.850000
v -2.857884 0.000000 -0.950000
v -2.857884 0.170000 -1.050000
v -2.857884 0.170000 -1.150000
v -2.857884 0.170000 -1.250000
v -2.857884 0.000000 -1.350000
v -2.857884 0.000000 -1.450000
v -2.857884 0.000000 -1.550000
v -2.857884 0.000000 -1.650000
v -2.771281 0.000000 -1.700000
v -2.684679 0.000000 -1.750000
v -2.598076 0.000000 -1.800000
v -2.511474 0.000000 -1.850000
v -2.424871 0.000000 -1.900000
v -2.338269 0.000000 -1.950000
v -2.251666 0.000000 -2.000000
v -2.165064 0.000000 -2.050000
v -2.078461 0.000000 -2.100000
v -1.991858 0.000000 -2.150000
v -1.905256 0.000000 -2.200000
v -1.818653 0.000000 -2.250000
v -1.732051 0.000000 -2.300000
v -1.645448 0.000000 -2.350000
v -1.558846 0.000000 -2.400000
v -1.472243 0.000000 -2.450000
v -1.385641 0.170000 -2.500000
v -1.299038 0.170000 -2.550000
v -1.212436 0.340000 -2.600000
v -1.125833 0.340000 -2.650000
v -1.039230 0.340000 -2.700000
v -0.952628 0.340000 -2.750000
v -0.866025 0.340000 -2.800000
v -0.779423 0.340000 -2.850000
v -0.692820 0.000000 -2.900000
v -0.606218 0.000000 -2.950000
v -0.519615 0.000000 -3.000000
v -0.433013 0.000000 -3.050000
v -0.346410 0.000000 -3.100000
v -0.259808 0.000000 -3.150000
v -0.173205 0.000000 -3.200000
v -0.086603 0.000000 -3.250000
v 0.000000 0.000000 -3.400000
v 0.086603 0.000000 -3.350000
v 0.173205 0.000000 -3.300000
v 0.259808 0.000000 -3.250000
v 0.346410 0.000000 -3.200000
v 0.433013 0.340000 -3.150000
v 0.519615 0.340000 -3.100000
v 0.606218 0.340000 -3.050000
v 0.692820 0.340000 -3.000000
v 0.779423 0.340000 -2.950000
v 0.866025 0.340000 -2.900000
v 0.952628 0.000000 -2.850000
v 1.039230 0.000000 -2.800000
v 1.125833 0.000000 -2.750000
v 1.212436 0.000000 -2.700000
v 1.299038 0.000000 -2.650000
v 1.385641 0.000000 -2.600000
v 1.472243 0.000000 -2.550000
v 1.558846 0.000000 -2.500000
v 1.645448 0.000000 -2.450000
v 1.732051 0.000000 -2.400000
v 1.818653 0.000000 -2.350000
v 1.905256 0.000000 -2.300000
v 1.991858 0.000000 -2.250000
v 2.078461 0.000000 -2.200000
v 2.165064 0.000000 -2.150000
v 2.251666 0.000000 -2.100000
v 2.338269 0.000000 -2.050000
v 2.424871 0.000000 -2.000000
v 2.511474 0.000000 -1.950000
v 2.598076 0.000000 -1.900000
v 2.684679 0.340000 -1.850000
v 2.771281 0.000000 -1.800000
v 2.857884 0.000000 -1.750000
v 2.944486 0.000000 -1.700000
v 2.944486 0.000000 -1.600000
v 2.944486 0.000000 -1.500000
v 2.944486 0.000000 -1.400000
v 2.944486 0.000000 -1.300000
v 2.944486 0.000000 -1.200000
v 2.944486 0.000000 -1.100000
v 2.944486 0.000000 -1.000000
v 2.944486 0.000000 -0.900000
v 2.944486 0.170000 -0.800000
v 2.944486 0.170000 -0.700000
v 2.944486 0.170000 -0.600000
v 2.944486 0.170000 -0.500000
v 2.944486 0.170000 -0.400000
v 2.944486 0.170000 -0.300000
v 2.944486 0.170000 -0.200000
v 2.944486 0.340000 -0.100000
v 2.944486 0.170000 -0.000000
v 2.944486 0.170000 0.100000
v 2.944486 0.170000 0.200000
v 2.944486 0.170000 0.300000
v 2.944486 0.170000 0.400000
v 2.944486 0.170000 0.500000
v 2.944486 0.170000 0.600000
v 2.944486 0.170000 0.700000
v 2.944486 0.170000 0.800000
v 2.944486 0.000000 0.900000
v 2.944486 0.000000 1.000000
v 2.944486 0.000000 1.100000
v 2.944486 0.000000 1.200000
v 2.944486 0.000000 1.300000
v 2.944486 0.000000 1.400000
v 2.944486 0.000000 1.500000
v 2.944486 0.000000 1.600000
v 2.944486 0.000000 1.700000
v 2.857884 0.000000 1.750000
v 2.771281 0.000000 1.800000
v 2.684679 0.000000 1.850000
v 2.598076 0.000000 1.900000
v 2.511474 0.000000 1.950000
v 2.424871 0.000000 2.000000
v 2.338269 0.000000 2.050000
v 2.251666 0.000000 2.100000
v 2.165064 0.000000 2.150000
v 2.078461 0.000000 2.200000
v 1.991858 0.000000 2.250000
v 1.905256 0.000000 2.300000
v 1.818653 0.000000 2.350000
v 1.732051 0.000000 2.400000
v 1.645448 0.000000 2.450000
v 1.558846 0.000000 2.500000
v 1.472243 0.000000 2.550000
v 1.385641 0.000000 2.600000
v 1.299038 0.000000 2.650000
v 1.212436 0.000000 2.700000
v 1.125833 0.000000 2.750000
v 1.039230 0.000000 2.800000
v 0.952628 0.000000 2.850000
v 0.866025 0.000000 2.900000
v 0.779423 0.000000 2.950000
v 0.692820 0.000000 3.000000
v 0.606218 0.000000 3.050000
v 0.519615 0.000000 3.100000
v 0.433013 0.000000 3.150000
v 0.346410 0.000000 3.200000
v 0.259808 0.000000 3.250000
v 0.173205 0.000000 3.300000
v 0.086603 0.000000 3.350000
v 0.000000 0.000000 3.400000
v -0.086603 0.000000 3.350000
v -0.173205 0.000000 3.300000
v -0.259808 0.000000 3.250000
v -0.346410 0.000000 3.200000
v -0.433013 0.000000 3.150000
v -0.519615 0.000000 3.100000
v -0.606218 0.000000 3.050000
v -0.692820 0.000000 3.000000
v -0.779423 0.000000 2.950000
v -0.866025 0.000000 2.900000
v -0.952628 0.000000 2.850000
v -1.039230 0.000000 2.800000
v -1.125833 0.000000 2.750000
v -1.212436 0.000000 2.700000
v -1.299038 0.000000 2.650000
v -1.385641 0.000000 2.600000
v -1.472243 0.000000 2.550000
v -1.558846 0.170000 2.500000
v -1.645448 0.170000 2.450000
v -1.732051 0.170000 2.400000
v -1.818653 0.170000 2.350000
v -1.905256 0.170000 2.300000
v -1.991858 0.000000 2.250000
v -2.078461 0.000000 2.200000
v -2.165064 0.000000 2.150000
v -2.251666 0.000000 2.100000
v -2.338269 0.000000 2.050000
v -2.424871 0.000000 2.000000
v -2.511474 0.000000 1.950000
v -2.598076 0.000000 1.900000
v -2.684679 0.000000 1.850000
v -2.771281 0.000000 1.800000
v -2.857884 0.000000 1.750000
v -2.944486 0.000000 1.700000
v -2.944486 0.000000 1.600000
v -2.944486 0.000000 1.500000
v -2.944486 0.000000 1.400000
v -2.944486 0.000000 1.300000
v -2.944486 0.170000 1.200000
v -2.944486 0.000000 1.100000
v -2.944486 0.000000 1.000000
v -2.944486 0.000000 0.900000
v -2.944486 0.000000 0.800000
v -2.944486 0.000000 0.700000
v -2.944486 0.000000 0.600000
v -2.944486 0.340000 0.500000
v -2.944486 0.340000 0.400000
v -2.944486 0.340000 0.300000
v -2.944486 0.340000 0.200000
v -2.944486 0.510000 0.100000
v -2.944486 0.510000 0.000000
v -2.944486 0.340000 -0.100000
v -2.944486 0.340000 -0.200000
v -2.944486 0.000000 -0.300000
v -2.944486 0.000000 -0.400000
v -2.944486 0.000000 -0.500000
v -2.944486 0.000000 -0.600000
v -2.944486 0.000000 -0.700000
v -2.944486 0.000000 -0.800000
v -2.944486 0.000000 -0.900000
v -2.944486 0.000000 -1.000000
v -2.944486 0.000000 -1.100000
v -2.944486 0.000000 -1.200000
v -2.944486 0.000000 -1.300000
v -2.944486 0.000000 -1.400000
v -2.944486 0.000000 -1.500000
v -2.944486 0.000000 -1.600000
v -2.944486 0.000000 -1.700000
v -2.857884 0.000000 -1.750000
v -2.771281 0.000000 -1.800000
v -2.684679 0.000000 -1.850000
v -2.598076 0.000000 -1.900000
v -2.511474 0.000000 -1.950000
v -2.424871 0.000000 -2.000000
v -2.338269 0.000000 -2.050000
v -2.251666 0.000000 -2.100000
v -2.165064 0.000000 -2.150000
v -2.078461 0.000000 -2.200000
v -1.991858 0.000000 -2.250000
v -1.905256 0.000000 -2.300000
v -1.818653 0.000000 -2.350000
v -1.732051 0.000000 -2.400000
v -1.645448 0.000000 -2.450000
v -1.558846 0.000000 -2.500000
v -1.472243 0.000000 -2.550000
v -1.385641 0.170000 -2.600000
v -1.299038 0.170000 -2.650000
v -1.212436 0.340000 -2.700000
v -1.125833 0.340000 -2.750000
v -1.039230 0.340000 -2.800000
v -0.952628 0.340000 -2.850000
v -0.866025 0.340000 -2.900000
v -0.779423 0.000000 -2.950000
v -0.692820 0.000000 -3.000000
v -0.606218 0.000000 -3.050000
v -0.519615 0.000000 -3.100000
v -0.433013 0.000000 -3.150000
v -0.346410 0.000000 -3.200000
v -0.259808 0.000000 -3.250000
v -0.173205 0.000000 -3.300000
v -0.086603 0.000000 -3.350000
v 0.000000 0.000000 -3.500000
v 0.086603 0.000000 -3.450000
v 0.173205 0.000000 -3.400000
v 0.259808 0.000000 -3.350000
v 0.346410 0.000000 -3.300000
v 0.433013 0.000000 -3.250000
v 0.519615 0.340000 -3.200000
v 0.606218 0.340000 -3.150000
v 0.692820 0.340000 -3.100000
v 0.779423 0.340000 -3.050000
v 0.866025 0.000000 -3.000000
v 0.952628 0.000000 -2.950000
v 1.039230 0.000000 -2.900000
v 1.125833 0.000000 -2.850000
v 1.212436 0.000000 -2.800000
v 1.299038 0.000000 -2.750000
v 1.385641 0.000000 -2.700000
v 1.472243 0.000000 -2.650000
v 1.558846 0.000000 -2.600000
v 1.645448 0.000000 -2.550000
v 1.732051 0.000000 -2.500000
v 1.818653 0.000000 -2.450000
v 1.905256 0.000000 -2.400000
v 1.991858 0.000000 -2.350000
v 2.078461 0.000000 -2.300000
v 2.165064 0.000000 -2.250000
v 2.251666 0.000000 -2.200000
v 2.338269 0.000000 -2.150000
v 2.424871 0.000000 -2.100000
v 2.511474 0.000000 -2.050000
v 2.598076 0.000000 -2.000000
v 2.684679 0.000000 -1.950000
v 2.771281 0.000000 -1.900000
v 2.857884 0.000000 -1.850000
v 2.944486 0.000000 -1.800000
v 3.031089 0.000000 -1.750000
v 3.031089 0.000000 -1.650000
v 3.031089 0.000000 -1.550000
v 3.031089 0.000000 -1.450000
v 3.031089 0.000000 -1.350000
v 3.031089 0.000000 -1.250000
v 3.031089 0.000000 -1.150000
v 3.031089 0.000000 -1.050000
v 3.031089 0.000000 -0.950000
v 3.031089 0.000000 -0.850000
v 3.031089 0.000000 -0.750000
v 3.031089 0.000000 -0.650000
v 3.031089 0.000000 -0.550000
v 3.031089 0.000000 -0.450000
v 3.031089 0.170000 -0.350000
v 3.031089 0.170000 -0.250000
v 3.031089 0.170000 -0.150000
v 3.031089 0.170000 -0.050000
v 3.031089 0.170000 0.050000
v 3.031089 0.170000 0.150000
v 3.031089 0.170000 0.250000
v 3.031089 0.170000 0.350000
v 3.031089 0.170000 0.450000
v 3.031089 0.170000 0.550000
v 3.031089 0.000000 0.650000
v 3.031089 0.000000 0.750000
v 3.031089 0.000000 0.850000
v 3.031089 0.000000 0.950000
v 3.031089 0.000000 1.050000
v 3.031089 0.000000 1.150000
v 3.031089 0.000000 1.250000
v 3.031089 0.000000 1.350000
v 3.031089 0.000000 1.450000
v 3.031089 0.000000 1.550000
v 3.031089 0.000000 1.650000
v 3.031089 0.000000 1.750000
v 2.944486 0.000000 1.800000
v 2.857884 0.000000 1.850000
v 2.771281 0.000000 1.900000
v 2.684679 0.000000 1.950000
v 2.598076 0.000000 2.000000
v 2.511474 0.000000 2.050000
v 2.424871 0.000000 2.100000
v 2.338269 0.000000 2.150000
v 2.251666 0.000000 2.200000
v 2.165064 0.000000 2.250000
v 2.078461 0.000000 2.300000
v 1.991858 0.000000 2.350000
v 1.905256 0.000000 2.400000
v 1.818653 0.000000 2.450000
v 1.732051 0.000000 2.500000
v 1.645448 0.000000 2.550000
v 1.558846 0.000000 2.600000
v 1.472243 0.000000 2.650000
v 1.385641 0.000000 2.700000
v 1.299038 0.000000 2.750000
v 1.212436 0.000000 2.800000
v 1.125833 0.000000 2.850000
v 1.039230 0.000000 2.900000
v 0.952628 0.000000 2.950000
v 0.866025 0.000000 3.000000
v 0.779423 0.000000 3.050000
v 0.692820 0.000000 3.100000
v 0.606218 0.000000 3.150000
v 0.519615 0.000000 3.200000
v 0.433013 0.000000 3.250000
v 0.346410 0.000000 3.300000
v 0.259808 0.000000 3.350000
v 0.173205 0.000000 3.400000
v 0.086603 0.000000 3.450000
v 0.000000 0.000000 3.500000
v -0.086603 0.000000 3.450000
v -0.173205 0.000000 3.400000
v -0.259808 0.000000 3.350000
v -0.346410 0.000000 3.300000
v -0.433013 0.000000 3.250000
v -0.519615 0.000000 3.200000
v -0.606218 0.000000 3.150000
v -0.692820 0.000000 3.100000
v -0.779423 0.000000 3.050000
v -0.866025 0.000000 3.000000
v -0.952628 0.000000 2.950000
v -1.039230 0.000000 2.900000
v -1.125833 0.000000 2.850000
v -1.212436 0.000000 2.800000
v -1.299038 0.000000 2.750000
v -1.385641 0.000000 2.700000
v -1.472243 0.000000 2.650000
v -1.558846 0.000000 2.600000
v -1.645448 0.170000 2.550000
v -1.732051 0.170000 2.500000
v -1.818653 0.170000 2.450000
v -1.905256 0.170000 2.400000
v -1.991858 0.000000 2.350000
v -2.078461 0.000000 2.300000
v -2.165064 0.000000 2.250000
v -2.251666 0.000000 2.200000
v -2.338269 0.000000 2.150000
v -2.424871 0.000000 2.100000
v -2.511474 0.000000 2.050000
v -2.598076 0.000000 2.000000
v -2.684679 0.000000 1.950000
v -2.771281 0.000000 1.900000
v -2.857884 0.000000 1.850000
v -2.944486 0.000000 1.800000
v -3.031089 0.000000 1.750000
v -3.031089 0.000000 1.650000
v -3.031089 0.000000 1.550000
v -3.031089 0.000000 1.450000
v -3.031089 0.000000 1.350000
v -3.031089 0.000000 1.250000
v -3.031089 0.000000 1.150000
v -3.031089 0.000000 1.050000
v -3.031089 0.000000 0.950000
v -3.031089 0.000000 0.850000
v -3.031089 0.000000 0.750000
v -3.031089 0.000000 0.650000
v -3.031089 0.000000 0.550000
v -3.031089 0.000000 0.450000
v -3.031089 0.000000 0.350000
v -3.031089 0.000000 0.250000
v -3.031089 0.000000 0.150000
v -3.031089 0.000000 0.050000
v -3.031089 0.340000 -0.050000
v -3.031089 0.000000 -0.150000
v -3.031089 0.000000 -0.250000
v -3.031089 0.000000 -0.350000
v -3.031089 0.000000 -0.450000
v -3.031089 0.000000 -0.550000
v -3.031089 0.000000 -0.650000
v -3.031089 0.000000 -0.750000
v -3.031089 0.000000 -0.850000
v -3.031089 0.000000 -0.950000
v -3.031089 0.000000 -1.050000
v -3.031089 0.000000 -1.150000
v -3.031089 0.000000 -1.250000
v -3.031089 0.000000 -1.350000
v -3.031089 0.000000 -1.450000
v -3.031089 0.000000 -1.550000
v -3.031089 0.000000 -1.650000
v -3.031089 0.000000 -1.750000
v -2.944486 0.000000 -1.800000
v -2.857884 0.000000 -1.850000
v -2.771281 0.000000 -1.900000
v -2.684679 0.000000 -1.950000
v -2.598076 0.000000 -2.000000
v -2.511474 0.000000 -2.050000
v -2.424871 0.000000 -2.100000
v -2.338269 0.000000 -2.150000
v -2.251666 0.000000 -2.200000
v -2.165064 0.000000 -2.250000
v -2.078461 0.000000 -2.300000
v -1.991858 0.000000 -2.350000
v -1.905256 0.000000 -2.400000
v -1.818653 0.000000 -2.450000
v -1.732051 0.000000 -2.500000
v -1.645448 0.000000 -2.550000
v -1.558846 0.000000 -2.600000
v -1.472243 0.000000 -2.650000
v -1.385641 0.000000 -2.700000
v -1.299038 0.170000 -2.750000
v -1.212436 0.170000 -2.800000
v -1.125833 0.340000 -2.850000
v -1.039230 0.340000 -2.900000
v -0.952628 0.340000 -2.950000
v -0.866025 0.000000 -3.000000
v -0.779423 0.000000 -3.050000
v -0.692820 0.000000 -3.100000
v -0.606218 0.000000 -3.150000
v -0.519615 0.000000 -3.200000
v -0.433013 0.000000 -3.250000
v -0.346410 0.000000 -3.300000
v -0.259808 0.000000 -3.350000
v -0.173205 0.000000 -3.400000
v -0.086603 0.000000 -3.450000
v 0.000000 0.000000 -3.600000
v 0.086603 0.000000 -3.550000
v 0.173205 0.000000 -3.500000
v 0.259808 0.000000 -3.450000
v 0.346410 0.000000 -3.400000
v 0.433013 0.000000 -3.350000
v 0.519615 0.000000 -3.300000
v 0.606218 0.340000 -3.250000
v 0.692820 0.340000 -3.200000
v 0.779423 0.000000 -3.150000
v 0.866025 0.000000 -3.100000
v 0.952628 0.000000 -3.050000
v 1.039230 0.000000 -3.000000
v 1.125833 0.000000 -2.950000
v 1.212436 0.000000 -2.900000
v 1.299038 0.000000 -2.850000
v 1.385641 0.000000 -2.800000
v 1.472243 0.000000 -2.750000
v 1.558846 0.000000 -2.700000
v 1.645448 0.000000 -2.650000
v 1.732051 0.000000 -2.600000
v 1.818653 0.000000 -2.550000
v 1.905256 0.000000 -2.500000
v 1.991858 0.000000 -2.450000
v 2.078461 0.000000 -2.400000
v 2.165064 0.000000 -2.350000
v 2.251666 0.000000 -2.300000
v 2.338269 0.000000 -2.250000
v 2.424871 0.000000 -2.200000
v 2.511474 0.000000 -2.150000
v 2.598076 0.000000 -2.100000
v 2.684679 0.000000 -2.050000
v 2.771281 0.000000 -2.000000
v 2.857884 0.000000 -1.950000
v 2.944486 0.000000 -1.900000
v 3.031089 0.000000 -1.850000
v 3.117692 0.000000 -1.800000
v 3.117692 0.000000 -1.700000
v 3.117692 0.000000 -1.600000
v 3.117692 0.000000 -1.500000
v 3.117692 0.000000 -1.400000
v 3.117692 0.000000 -1.300000
v 3.117692 0.000000 -1.200000
v 3.117692 0.000000 -1.100000
v 3.117692 0.000000 -1.000000
v 3.117692 0.000000 -0.900000
v 3.117692 0.000000 -0.800000
v 3.117692 0.000000 -0.700000
v 3.117692 0.000000 -0.600000
v 3.117692 0.000000 -0.500000
v 3.117692 0.000000 -0.400000
v 3.117692 0.000000 -0.300000
v 3.117692 0.000000 -0.200000
v 3.117692 0.170000 -0.100000
v 3.117692 0.170000 -0.000000
v 3.117692 0.170000 0.100000
v 3.117692 0.170000 0.200000
v 3.117692 0.000000 0.300000
v 3.117692 0.000000 0.400000
v 3.117692 0.000000 0.500000
v 3.117692 0.000000 0.600000
v 3.117692 0.000000 0.700000
v 3.117692 0.000000 0.800000
v 3.117692 0.000000 0.900000
v 3.117692 0.000000 1.000000
v 3.117692 0.000000 1.100000
v 3.117692 0.000000 1.200000
v 3.117692 0.000000 1.300000
v 3.117692 0.000000 1.400000
v 3.117692 0.000000 1.500000
v 3.117692 0.000000 1.600000
v 3.117692 0.000000 1.700000
v 3.117692 0.000000 1.800000
v 3.031089 0.000000 1.850000
v 2.944486 0.000000 1.900000
v 2.857884 0.000000 1.950000
v 2.771281 0.000000 2.000000
v 2.684679 0.000000 2.050000
v 2.598076 0.000000 2.100000
v 2.511474 0.000000 2.150000
v 2.424871 0.000000 2.200000
v 2.338269 0.000000 2.250000
v 2.251666 0.000000 2.300000
v 2.165064 0.000000 2.350000
v 2.078461 0.000000 2.400000
v 1.991858 0.000000 2.450000
v 1.905256 0.000000 2.500000
v 1.818653 0.000000 2.550000
v 1.732051 0.000000 2.600000
v 1.645448 0.000000 2.650000
v 1.558846 0.000000 2.700000
v 1.472243 0.000000 2.750000
v 1.385641 0.000000 2.800000
v 1.299038 0.000000 2.850000
v 1.212436 0.000000 2.900000
v 1.125833 0.000000 2.950000
v 1.039230 0.000000 3.000000
v 0.952628 0.000000 3.050000
v 0.866025 0.000000 3.100000
v 0.779423 0.000000 3.150000
v 0.692820 0.000000 3.200000
v 0.606218 0.000000 3.250000
v 0.519615 0.000000 3.300000
v 0.433013 0.000000 3.350000
v 0.346410 0.000000 3.400000
v 0.259808 0.000000 3.450000
v 0.173205 0.000000 3.500000
v 0.086603 0.000000 3.550000
v 0.000000 0.000000 3.600000
v -0.086603 0.000000 3.550000
v -0.173205 0.000000 3.500000
v -0.259808 0.000000 3.450000
v -0.346410 0.000000 3.400000
v -0.433013 0.000000 3.350000
v -0.519615 0.000000 3.300000
v -0.606218 0.000000 3.250000
v -0.692820 0.000000 3.200000
v -0.779423 0.000000 3.150000
v -0.866025 0.000000 3.100000
v -0.952628 0.000000 3.050000
v -1.039230 0.000000 3.000000
v -1.125833 0.000000 2.950000
v -1.212436 0.000000 2.900000
v -1.299038 0.000000 2.850000
v -1.385641 0.000000 2.800000
v -1.472243 0.000000 2.750000
v -1.558846 0.000000 2.700000
v -1.645448 0.000000 2.650000
v -1.732051 0.170000 2.600000
v -1.818653 0.170000 2.550000
v -1.905256 0.000000 2.500000
v -1.991858 0.000000 2.450000
v -2.078461 0.000000 2.400000
v -2.165064 0.000000 2.350000
v -2.251666 0.000000 2.300000
v -2.338269 0.000000 2.250000
v -2.424871 0.000000 2.200000
v -2.511474 0.000000 2.150000
v -2.598076 0.000000 2.100000
v -2.684679 0.000000 2.050000
v -2.771281 0.000000 2.000000
v -2.857884 0.000000 1.950000
v -2.944486 0.000000 1.900000
v -3.031089 0.000000 1.850000
v -3.117692 0.000000 1.800000
v -3.117692 0.000000 1.700000
v -3.117692 0.000000 1.600000
v -3.117692 0.000000 1.500000
v -3.117692 0.000000 1.400000
v -3.117692 0.000000 1.300000
v -3.117692 0.000000 1.200000
v -3.117692 0.000000 1.100000
v -3.117692 0.000000 1.000000
v -3.117692 0.000000 0.900000
v -3.117692 0.000000 0.800000
v -3.117692 0.000000 0.700000
v -3.117692 0.000000 0.600000
v -3.117692 0.000000 0.500000
v -3.117692 0.000000 0.400000
v -3.117692 0.000000 0.300000
v -3.117692 0.000000 0.200000
v -3.117692 0.000000 0.100000
v -3.117692 0.000000 0.000000
v -3.117692 0.000000 -0.100000
v -3.117692 0.000000 -0.200000
v -3.117692 0.000000 -0.300000
v -3.117692 0.000000 -0.400000
v -3.117692 0.000000 -0.500000
v -3.117692 0.000000 -0.600000
v -3.117692 0.000000 -0.700000
v -3.117692 0.000000 -0.800000
v -3.117692 0.000000 -0.900000
v -3.117692 0.000000 -1.000000
v -3.117692 0.000000 -1.100000
v -3.117692 0.000000 -1.200000
v -3.117692 0.000000 -1.300000
v -3.117692 0.000000 -1.400000
v -3.117692 0.000000 -1.500000
v -3.117692 0.000000 -1.600000
v -3.117692 0.000000 -1.700000
v -3.117692 0.000000 -1.800000
v -3.031089 0.000000 -1.850000
v -2.944486 0.000000 -1.900000
v -2.857884 0.000000 -1.950000
v -2.771281 0.000000 -2.000000
v -2.684679 0.000000 -2.050000
v -2.598076 0.000000 -2.100000
v -2.511474 0.000000 -2.150000
v -2.424871 0.000000 -2.200000
v -2.338269 0.000000 -2.250000
v -2.251666 0.000000 -2.300000
v -2.165064 0.000000 -2.350000
v -2.078461 0.000000 -2.400000
v -1.991858 0.000000 -2.450000
v -1.905256 0.000000 -2.500000
v -1.818653 0.000000 -2.550000
v -1.732051 0.000000 -2.600000
v -1.645448 0.000000 -2.650000
v -1.558846 0.000000 -2.700000
v -1.472243 0.000000 -2.750000
v -1.385641 0.000000 -2.800000
v -1.299038 0.170000 -2.850000
v -1.212436 0.170000 -2.900000
v -1.125833 0.340000 -2.950000
v -1.039230 0.000000 -3.000000
v -0.952628 0.000000 -3.050000
v -0.866025 0.000000 -3.100000
v -0.779423 0.000000 -3.150000
v -0.692820 0.000000 -3.200000
v -0.606218 0.000000 -3.250000
v -0.519615 0.000000 -3.300000
v -0.433013 0.000000 -3.350000
v -0.346410 0.000000 -3.400000
v -0.259808 0.000000 -3.450000
v -0.173205 0.000000 -3.500000
v -0.086603 0.000000 -3.550000
v 0.000000 0.000000 -3.700000
v 0.086603 0.000000 -3.650000
v 0.173205 0.000000 -3.600000
v 0.259808 0.000000 -3.550000
v 0.346410 0.000000 -3.500000
v 0.433013 0.000000 -3.450000
v 0.519615 0.000000 -3.400000
v 0.606218 0.000000 -3.350000
v 0.692820 0.000000 -3.300000
v 0.779423 0.000000 -3.250000
v 0.866025 0.000000 -3.200000
v 0.952628 0.000000 -3.150000
v 1.039230 0.000000 -3.100000
v 1.125833 0.000000 -3.050000
v 1.212436 0.000000 -3.000000
v 1.299038 0.000000 -2.950000
v 1.385641 0.000000 -2.900000
v 1.472243 0.000000 -2.850000
v 1.558846 0.000000 -2.800000
v 1.645448 0.000000 -2.750000
v 1.732051 0.000000 -2.700000
v 1.818653 0.000000 -2.650000
v 1.905256 0.000000 -2.600000
v 1.991858 0.000000 -2.550000
v 2.078461 0.000000 -2.500000
v 2.165064 0.000000 -2.450000
v 2.251666 0.000000 -2.400000
v 2.338269 0.000000 -2.350000
v 2.424871 0.000000 -2.300000
v 2.511474 0.000000 -2.250000
v 2.598076 0.000000 -2.200000
v 2.684679 0.000000 -2.150000
v 2.771281 0.000000 -2.100000
v 2.857884 0.000000 -2.050000
v 2.944486 0.000000 -2.000000
v 3.031089 0.000000 -1.950000
v 3.117692 0.000000 -1.900000
v 3.204294 0.000000 -1.850000
v 3.204294 0.000000 -1.750000
v 3.204294 0.000000 -1.650000
v 3.204294 0.000000 -1.550000
v 3.204294 0.000000 -1.450000
v 3.204294 0.000000 -1.350000
v 3.204294 0.000000 -1.250000
v 3.204294 0.000000 -1.150000
v 3.204294 0.000000 -1.050000
v 3.204294 0.000000 -0.950000
v 3.204294 0.000000 -0.850000
v 3.204294 0.000000 -0.750000
v 3.204294 0.000000 -0.650000
v 3.204294 0.000000 -0.550000
v 3.204294 0.000000 -0.450000
v 3.204294 0.000000 -0.350000
v 3.204294 0.000000 -0.250000
v 3.204294 0.000000 -0.150000
v 3.204294 0.000000 -0.050000
v 3.204294 0.000000 0.050000
v 3.204294 0.000000 0.150000
v 3.204294 0.000000 0.250000
v 3.204294 0.000000 0.350000
v 3.204294 0.000000 0.450000
v 3.204294 0.000000 0.550000
v 3.204294 0.000000 0.650000
v 3.204294 0.000000 0.750000
v 3.204294 0.000000 0.850000
v 3.204294 0.000000 0.950000
v 3.204294 0.000000 1.050000
v 3.204294 0.000000 1.150000
v 3.204294 0.000000 1.250000
v 3.204294 0.000000 1.350000
v 3.204294 0.000000 1.450000
v 3.204294 0.000000 1.550000
v 3.204294 0.000000 1.650000
v 3.204294 0.000000 1.750000
v 3.204294 0.000000 1.850000
v 3.117692 0.000000 1.900000
v 3.031089 0.000000 1.950000
v 2.944486 0.000000 2.000000
v 2.857884 0.000000 2.050000
v 2.771281 0.000000 2.100000
v 2.684679 0.000000 2.150000
v 2.598076 0.000000 2.200000
v 2.511474 0.000000 2.250000
v 2.424871 0.000000 2.300000
v 2.338269 0.000000 2.350000
v 2.251666 0.000000 2.400000
v 2.165064 0.000000 2.450000
v 2.078461 0.000000 2.500000
v 1.991858 0.000000 2.550000
v 1.905256 0.000000 2.600000
v 1.818653 0.000000 2.650000
v 1.732051 0.000000 2.700000
v 1.645448 0.000000 2.750000
v 1.558846 0.000000 2.800000
v 1.472243 0.000000 2.850000
v 1.385641 0.000000 2.900000
v 1.299038 0.000000 2.950000
v 1.212436 0.000000 3.000000
v 1.125833 0.000000 3.050000
v 1.039230 0.000000 3.100000
v 0.952628 0.000000 3.150000
v 0.866025 0.000000 3.200000
v 0.779423 0.000000 3.250000
v 0.692820 0.000000 3.300000
v 0.606218 0.000000 3.350000
v 0.519615 0.000000 3.400000
v 0.433013 0.000000 3.450000
v 0.346410 0.000000 3.500000
v 0.259808 0.000000 3.550000
v 0.173205 0.000000 3.600000
v 0.086603 0.000000 3.650000
v 0.000000 0.000000 3.700000
v -0.086603 0.000000 3.650000
v -0.173205 0.000000 3.600000
v -0.259808 0.000000 3.550000
v -0.346410 0.000000 3.500000
v -0.433013 0.000000 3.450000
v -0.519615 0.000000 3.400000
v -0.606218 0.000000 3.350000
v -0.692820 0.000000 3.300000
v -0.779423 0.000000 3.250000
v -0.866025 0.000000 3.200000
v -0.952628 0.000000 3.150000
v -1.039230 0.000000 3.100000
v -1.125833 0.000000 3.050000
v -1.212436 0.000000 3.000000
v -1.299038 0.000000 2.950000
v -1.385641 0.000000 2.900000
v -1.472243 0.000000 2.850000
v -1.558846 0.000000 2.800000
v -1.645448 0.000000 2.750000
v -1.732051 0.000000 2.700000
v -1.818653 0.170000 2.650000
v -1.905256 0.000000 2.600000
v -1.991858 0.000000 2.550000
v -2.078461 0.000000 2.500000
v -2.165064 0.000000 2.450000
v -2.251666 0.000000 2.400000
v -2.338269 0.000000 2.350000
v -2.424871 0.000000 2.300000
v -2.511474 0.000000 2.250000
v -2.598076 0.000000 2.200000
v -2.684679 0.000000 2.150000
v -2.771281 0.000000 2.100000
v -2.857884 0.000000 2.050000
v -2.944486 0.000000 2.000000
v -3.031089 0.000000 1.950000
v -3.117692 0.000000 1.900000
v -3.204294 0.000000 1.850000
v -3.204294 0.000000 1.750000
v -3.204294 0.000000 1.650000
v -3.204294 0.000000 1.550000
v -3.204294 0.000000 1.450000
v -3.204294 0.000000 1.350000
v -3.204294 0.000000 1.250000
v -3.204294 0.000000 1.150000
v -3.204294 0.000000 1.050000
v -3.204294 0.000000 0.950000
v -3.204294 0.000000 0.850000
v -3.204294 0.000000 0.750000
v -3.204294 0.000000 0.650000
v -3.204294 0.000000 0.550000
v -3.204294 0.000000 0.450000
v -3.204294 0.000000 0.350000
v -3.204294 0.000000 0.250000
v -3.204294 0.000000 0.150000
v -3.204294 0.000000 0.050000
v -3.204294 0.000000 -0.050000
v -3.204294 0.000000 -0.150000
v -3.204294 0.000000 -0.250000
v -3.204294 0.000000 -0.350000
v -3.204294 0.000000 -0.450000
v -3.204294 0.000000 -0.550000
v -3.204294 0.000000 -0.650000
v -3.204294 0.000000 -0.750000
v -3.204294 0.000000 -0.850000
v -3.204294 0.000000 -0.950000
v -3.204294 0.000000 -1.050000
v -3.204294 0.000000 -1.150000
v -3.204294 0.000000 -1.250000
v -3.204294 0.000000 -1.350000
v -3.204294 0.000000 -1.450000
v -3.204294 0.000000 -1.550000
v -3.204294 0.000000 -1.650000
v -3.204294 0.000000 -1.750000
v -3.204294 0.000000 -1.850000
v -3.117692 0.000000 -1.900000
v -3.031089 0.000000 -1.950000
v -2.944486 0.000000 -2.000000
v -2.857884 0.000000 -2.050000
v -2.771281 0.000000 -2.100000
v -2.684679 0.000000 -2.150000
v -2.598076 0.000000 -2.200000
v -2.511474 0.000000 -2.250000
v -2.424871 0.000000 -2.300000
v -2.338269 0.000000 -2.350000
v -2.251666 0.000000 -2.400000
v -2.165064 0.000000 -2.450000
v -2.078461 0.000000 -2.500000
v -1.991858 0.000000 -2.550000
v -1.905256 0.000000 -2.600000
v -1.818653 0.000000 -2.650000
v -1.732051 0.000000 -2.700000
v -1.645448 0.000000 -2.750000
v -1.558846 0.000000 -2.800000
v -1.472243 0.000000 -2.850000
v -1.385641 0.000000 -2.900000
v -1.299038 0.000000 -2.950000
v -1.212436 0.000000 -3.000000
v -1.125833 0.000000 -3.050000
v -1.039230 0.000000 -3.100000
v -0.952628 0.000000 -3.150000
v -0.866025 0.000000 -3.200000
v -0.779423 0.000000 -3.250000
v -0.692820 0.000000 -3.300000
v -0.606218 0.000000 -3.350000
v -0.519615 0.000000 -3.400000
v -0.433013 0.000000 -3.450000
v -0.346410 0.000000 -3.500000
v -0.259808 0.000000 -3.550000
v -0.173205 0.000000 -3.600000
v -0.086603 0.000000 -3.650000
v 0.000000 0.000000 -3.800000
v 0.086603 0.000000 -3.750000
v 0.173205 0.000000 -3.700000
v 0.259808 0.000000 -3.650000
v 0.346410 0.000000 -3.600000
v 0.433013 0.000000 -3.550000
v 0.519615 0.000000 -3.500000
v 0.606218 0.000000 -3.450000
v 0.692820 0.000000 -3.400000
v 0.779423 0.000000 -3.350000
v 0.866025 0.000000 -3.300000
v 0.952628 0.000000 -3.250000
v 1.039230 0.000000 -3.200000
v 1.125833 0.000000 -3.150000
v 1.212436 0.000000 -3.100000
v 1.299038 0.000000 -3.050000
v 1.385641 0.000000 -3.000000
v 1.472243 0.000000 -2.950000
v 1.558846 0.000000 -2.900000
v 1.645448 0.000000 -2.850000
v 1.732051 0.000000 -2.800000
v 1.818653 0.000000 -2.750000
v 1.905256 0.000000 -2.700000
v 1.991858 0.000000 -2.650000
v 2.078461 0.000000 -2.600000
v 2.165064 0.000000 -2.550000
v 2.251666 0.000000 -2.500000
v 2.338269 0.000000 -2.450000
v 2.424871 0.000000 -2.400000
v 2.511474 0.000000 -2.350000
v 2.598076 0.000000 -2.300000
v 2.684679 0.000000 -2.250000
v 2.771281 0.000000 -2.200000
v 2.857884 0.000000 -2.150000
v 2.944486 0.000000 -2.100000
v 3.031089 0.000000 -2.050000
v 3.117692 0.000000 -2.000000
v 3.204294 0.000000 -1.950000
v 3.290896 0.000000 -1.900000
v 3.290896 0.000000 -1.800000
v 3.290896 0.000000 -1.700000
v 3.290896 0.000000 -1.600000
v 3.290896 0.000000 -1.500000
v 3.290896 0.000000 -1.400000
v 3.290896 0.000000 -1.300000
v 3.290896 0.000000 -1.200000
v 3.290896 0.000000 -1.100000
v 3.290896 0.000000 -1.000000
v 3.290896 0.000000 -0.900000
v 3.290896 0.000000 -0.800000
v 3.290896 0.000000 -0.700000
v 3.290896 0.000000 -0.600000
v 3.290896 0.000000 -0.500000
v 3.290896 0.000000 -0.400000
v 3.290896 0.000000 -0.300000
v 3.290896 0.000000 -0.200000
v 3.290896 0.000000 -0.100000
v 3.290896 0.000000 -0.000000
v 3.290896 0.000000 0.100000
v 3.290896 0.000000 0.200000
v 3.290896 0.000000 0.300000
v 3.290896 0.000000 0.400000
v 3.290896 0.000000 0.500000
v 3.290896 0.000000 0.600000
v 3.290896 0.000000 0.700000
v 3.290896 0.000000 0.800000
v 3.290896 0.000000 0.900000
v 3.290896 0.000000 1.000000
v 3.290896 0.000000 1.100000
v 3.290896 0.000000 1.200000
v 3.290896 0.000000 1.300000
v 3.290896 0.000000 1.400000
v 3.290896 0.000000 1.500000
v 3.290896 0.000000 1.600000
v 3.290896 0.000000 1.700000
v 3.290896 0.000000 1.800000
v 3.290896 0.000000 1.900000
v 3.204294 0.000000 1.950000
v 3.117692 0.000000 2.000000
v 3.031089 0.000000 2.050000
v 2.944486 0.000000 2.100000
v 2.857884 0.000000 2.150000
v 2.771281 0.000000 2.200000
v 2.684679 0.000000 2.250000
v 2.598076 0.000000 2.300000
v 2.511474 0.000000 2.350000
v 2.424871 0.000000 2.400000
v 2.338269 0.000000 2.450000
v 2.251666 0.000000 2.500000
v 2.165064 0.000000 2.550000
v 2.078461 0.000000 2.600000
v 1.991858 0.000000 2.650000
v 1.905256 0.000000 2.700000
v 1.818653 0.000000 2.750000
v 1.732051 0.000000 2.800000
v 1.645448 0.000000 2.850000
v 1.558846 0.000000 2.900000
v 1.472243 0.000000 2.950000
v 1.385641 0.000000 3.000000
v 1.299038 0.000000 3.050000
v 1.212436 0.000000 3.100000
v 1.125833 0.000000 3.150000
v 1.039230 0.000000 3.200000
v 0.952628 0.000000 3.250000
v 0.866025 0.000000 3.300000
v 0.779423 0.000000 3.350000
v 0.692820 0.000000 3.400000
v 0.606218 0.000000 3.450000
v 0.519615 0.000000 3.500000
v 0.433013 0.000000 3.550000
v 0.346410 0.000000 3.600000
v 0.259808 0.000000 3.650000
v 0.173205 0.000000 3.700000
v 0.086603 0.000000 3.750000
v 0.000000 0.000000 3.800000
v -0.086603 0.000000 3.750000
v -0.173205 0.000000 3.700000
v -0.259808 0.000000 3.650000
v -0.346410 0.000000 3.600000
v -0.433013 0.000000 3.550000
v -0.519615 0.000000 3.500000
v -0.606218 0.000000 3.450000
v -0.692820 0.000000 3.400000
v -0.779423 0.000000 3.350000
v -0.866025 0.000000 3.300000
v -0.952628 0.000000 3.250000
v -1.039230 0.000000 3.200000
v -1.125833 0.000000 3.150000
v -1.212436 0.000000 3.100000
v -1.299038 0.000000 3.050000
v -1.385641 0.000000 3.000000
v -1.472243 0.000000 2.950000
v -1.558846 0.000000 2.900000
v -1.645448 0.000000 2.850000
v -1.732051 0.000000 2.800000
v -1.818653 0.000000 2.750000
v -1.905256 0.000000 2.700000
v -1.991858 0.000000 2.650000
v -2.078461 0.000000 2.600000
v -2.165064 0.000000 2.550000
v -2.251666 0.000000 2.500000
v -2.338269 0.000000 2.450000
v -2.424871 0.000000 2.400000
v -2.511474 0.000000 2.350000
v -2.598076 0.000000 2.300000
v -2.684679 0.000000 2.250000
v -2.771281 0.000000 2.200000
v -2.857884 0.000000 2.150000
v -2.944486 0.000000 2.100000
v -3.031089 0.000000 2.050000
v -3.117692 0.000000 2.000000
v -3.204294 0.000000 1.950000
v -3.290896 0.000000 1.900000
v -3.290896 0.000000 1.800000
v -3.290896 0.000000 1.700000
v -3.290896 0.000000 1.600000
v -3.290896 0.000000 1.500000
v -3.290896 0.000000 1.400000
v -3.290896 0.000000 1.300000
v -3.290896 0.000000 1.200000
v -3.290896 0.000000 1.100000
v -3.290896 0.000000 1.000000
v -3.290896 0.000000 0.900000
v -3.290896 0.000000 0.800000
v -3.290896 0.000000 0.700000
v -3.290896 0.000000 0.600000
v -3.290896 0.000000 0.500000
v -3.290896 0.000000 0.400000
v -3.290896 0.000000 0.300000
v -3.290896 0.000000 0.200000
v -3.290896 0.000000 0.100000
v -3.290896 0.000000 0.000000
v -3.290896 0.000000 -0.100000
v -3.290896 0.000000 -0.200000
v -3.290896 0.000000 -0.300000
v -3.290896 0.000000 -0.400000
v -3.290896 0.000000 -0.500000
v -3.290896 0.000000 -0.600000
v -3.290896 0.000000 -0.700000
v -3.290896 0.000000 -0.800000
v -3.290896 0.000000 -0.900000
v -3.290896 0.000000 -1.000000
v -3.290896 0.000000 -1.100000
v -3.290896 0.000000 -1.200000
v -3.290896 0.000000 -1.300000
v -3.290896 0.000000 -1.400000
v -3.290896 0.000000 -1.500000
v -3.290896 0.000000 -1.600000
v -3.290896 0.000000 -1.700000
v -3.290896 0.000000 -1.800000
v -3.290896 0.000000 -1.900000
v -3.204294 0.000000 -1.950000
v -3.117692 0.000000 -2.000000
v -3.031089 0.000000 -2.050000
v -2.944486 0.000000 -2.100000
v -2.857884 0.000000 -2.150000
v -2.771281 0.000000 -2.200000
v -2.684679 0.000000 -2.250000
v -2.598076 0.000000 -2.300000
v -2.511474 0.000000 -2.350000
v -2.424871 0.000000 -2.400000
v -2.338269 0.000000 -2.450000
v -2.251666 0.000000 -2.500000
v -2.165064 0.000000 -2.550000
v -2.078461 0.000000 -2.600000
v -1.991858 0.000000 -2.650000
v -1.905256 0.000000 -2.700000
v -1.818653 0.000000 -2.750000
v -1.732051 0.000000 -2.800000
v -1.645448 0.000000 -2.850000
v -1.558846 0.000000 -2.900000
v -1.472243 0.000000 -2.950000
v -1.385641 0.000000 -3.000000
v -1.299038 0.000000 -3.050000
v -1.212436 0.000000 -3.100000
v -1.125833 0.000000 -3.150000
v -1.039230 0.000000 -3.200000
v -0.952628 0.000000 -3.250000
v -0.866025 0.000000 -3.300000
v -0.779423 0.000000 -3.350000
v -0.692820 0.000000 -3.400000
v -0.606218 0.000000 -3.450000
v -0.519615 0.000000 -3.500000
v -0.433013 0.000000 -3.550000
v -0.346410 0.000000 -3.600000
v -0.259808 0.000000 -3.650000
v -0.173205 0.000000 -3.700000
v -0.086603 0.000000 -3.750000
v 0.000000 0.000000 -3.900000
v 0.086603 0.000000 -3.850000
v 0.173205 0.000000 -3.800000
v 0.259808 0.000000 -3.750000
v 0.346410 0.000000 -3.700000
v 0.433013 0.000000 -3.650000
v 0.519615 0.000000 -3.600000
v 0.606218 0.000000 -3.550000
v 0.692820 0.000000 -3.500000
v 0.779423 0.000000 -3.450000
v 0.866025 0.000000 -3.400000
v 0.952628 0.000000 -3.350000
v 1.039230 0.000000 -3.300000
v 1.125833 0.000000 -3.250000
v 1.212436 0.000000 -3.200000
v 1.299038 0.000000 -3.150000
v 1.385641 0.000000 -3.100000
v 1.472243 0.000000 -3.050000
v 1.558846 0.000000 -3.000000
v 1.645448 0.000000 -2.950000
v 1.732051 0.000000 -2.900000
v 1.818653 0.000000 -2.850000
v 1.905256 0.000000 -2.800000
v 1.991858 0.000000 -2.750000
v 2.078461 0.000000 -2.700000
v 2.165064 0.000000 -2.650000
v 2.251666 0.000000 -2.600000
v 2.338269 0.000000 -2.550000
v 2.424871 0.000000 -2.500000
v 2.511474 0.000000 -2.450000
v 2.598076 0.000000 -2.400000
v 2.684679 0.000000 -2.350000
v 2.771281 0.000000 -2.300000
v 2.857884 0.000000 -2.250000
v 2.944486 0.000000 -2.200000
v 3.031089 0.000000 -2.150000
v 3.117692 0.000000 -2.100000
v 3.204294 0.000000 -2.050000
v 3.290896 0.000000 -2.000000
v 3.377499 0.000000 -1.950000
v 3.377499 0.000000 -1.850000
v 3.377499 0.000000 -1.750000
v 3.377499 0.000000 -1.650000
v 3.377499 0.000000 -1.550000
v 3.377499 0.000000 -1.450000
v 3.377499 0.000000 -1.350000
v 3.377499 0.000000 -1.250000
v 3.377499 0.000000 -1.150000
v 3.377499 0.000000 -1.050000
v 3.377499 0.000000 -0.950000
v 3.377499 0.000000 -0.850000
v 3.377499 0.000000 -0.750000
v 3.377499 0.000000 -0.650000
v 3.377499 0.000000 -0.550000
v 3.377499 0.000000 -0.450000
v 3.377499 0.000000 -0.350000
v 3.377499 0.000000 -0.250000
v 3.377499 0.000000 -0.150000
v 3.377499 0.000000 -0.050000
v 3.377499 0.000000 0.050000
v 3.377499 0.000000 0.150000
v 3.377499 0.000000 0.250000
v 3.377499 0.000000 0.350000
v 3.377499 0.000000 0.450000
v 3.377499 0.000000 0.550000
v 3.377499 0.000000 0.650000
v 3.377499 0.000000 0.750000
v 3.377499 0.000000 0.850000
v 3.377499 0.000000 0.950000
v 3.377499 0.000000 1.050000
v 3.377499 0.000000 1.150000
v 3.377499 0.000000 1.250000
v 3.377499 0.000000 1.350000
v 3.377499 0.000000 1.450000
v 3.377499 0.000000 1.550000
v 3.377499 0.000000 1.650000
v 3.377499 0.000000 1.750000
v 3.377499 0.000000 1.850000
v 3.377499 0.000000 1.950000
v 3.290896 0.000000 2.000000
v 3.204294 0.000000 2.050000
v 3.117692 0.000000 2.100000
v 3.031089 0.000000 2.150000
v 2.944486 0.000000 2.200000
v 2.857884 0.000000 2.250000
v 2.771281 0.000000 2.300000
v 2.684679 0.000000 2.350000
v 2.598076 0.000000 2.400000
v 2.511474 0.000000 2.450000
v 2.424871 0.000000 2.500000
v 2.338269 0.000000 2.550000
v 2.251666 0.000000 2.600000
v 2.165064 0.000000 2.650000
v 2.078461 0.000000 2.700000
v 1.991858 0.000000 2.750000
v 1.905256 0.000000 2.800000
v 1.818653 0.000000 2.850000
v 1.732051 0.000000 2.900000
v 1.645448 0.000000 2.950000
v 1.558846 0.000000 3.000000
v 1.472243 0.000000 3.050000
v 1.385641 0.000000 3.100000
v 1.299038 0.000000 3.150000
v 1.212436 0.000000 3.200000
v 1.125833 0.000000 3.250000
v 1.039230 0.000000 3.300000
v 0.952628 0.000000 3.350000
v 0.866025 0.000000 3.400000
v 0.779423 0.000000 3.450000
v 0.692820 0.000000 3.500000
v 0.606218 0.000000 3.550000
v 0.519615 0.000000 3.600000
v 0.433013 0.000000 3.650000
v 0.346410 0.000000 3.700000
v 0.259808 0.000000 3.750000
v 0.173205 0.000000 3.800000
v 0.086603 0.000000 3.850000
v 0.000000 0.000000 3.900000
v -0.086603 0.000000 3.850000
v -0.173205 0.000000 3.800000
v -0.259808 0.000000 3.750000
v -0.346410 0.000000 3.700000
v -0.433013 0.000000 3.650000
v -0.519615 0.000000 3.600000
v -0.606218 0.000000 3.550000
v -0.692820 0.000000 3.500000
v -0.779423 0.000000 3.450000
v -0.866025 0.000000 3.400000
v -0.952628 0.000000 3.350000
v -1.039230 0.000000 3.300000
v -1.125833 0.000000 3.250000
v -1.212436 0.000000 3.200000
v -1.299038 0.000000 3.150000
v -1.385641 0.000000 3.100000
v -1.472243 0.000000 3.050000
v -1.558846 0.000000 3.000000
v -1.645448 0.000000 2.950000
v -1.732051 0.000000 2.900000
v -1.818653 0.000000 2.850000
v -1.905256 0.000000 2.800000
v -1.991858 0.000000 2.750000
v -2.078461 0.000000 2.700000
v -2.165064 0.000000 2.650000
v -2.251666 0.000000 2.600000
v -2.338269 0.000000 2.550000
v -2.424871 0.000000 2.500000
v -2.511474 0.000000 2.450000
v -2.598076 0.000000 2.400000
v -2.684679 0.000000 2.350000
v -2.771281 0.000000 2.300000
v -2.857884 0.000000 2.250000
v -2.944486 0.000000 2.200000
v -3.031089 0.000000 2.150000
v -3.117692 0.000000 2.100000
v -3.204294 0.000000 2.050000
v -3.290896 0.000000 2.000000
v -3.377499 0.000000 1.950000
v -3.377499 0.000000 1.850000
v -3.377499 0.000000 1.750000
v -3.377499 0.000000 1.650000
v -3.377499 0.000000 1.550000
v -3.377499 0.000000 1.450000
v -3.377499 0.000000 1.350000
v -3.377499 0.000000 1.250000
v -3.377499 0.000000 1.150000
v -3.377499 0.000000 1.050000
v -3.377499 0.000000 0.950000
v -3.377499 0.000000 0.850000
v -3.377499 0.000000 0.750000
v -3.377499 0.000000 0.650000
v -3.377499 0.000000 0.550000
v -3.377499 0.000000 0.450000
v -3.377499 0.000000 0.350000
v -3.377499 0.000000 0.250000
v -3.377499 0.000000 0.150000
v -3.377499 0.000000 0.050000
v -3.377499 0.000000 -0.050000
v -3.377499 0.000000 -0.150000
v -3.377499 0.000000 -0.250000
v -3.377499 0.000000 -0.350000
v -3.377499 0.000000 -0.450000
v -3.377499 0.000000 -0.550000
v -3.377499 0.000000 -0.650000
v -3.377499 0.000000 -0.750000
v -3.377499 0.000000 -0.850000
v -3.377499 0.000000 -0.950000
v -3.377499 0.000000 -1.050000
v -3.377499 0.000000 -1.150000
v -3.377499 0.000000 -1.250000
v -3.377499 0.000000 -1.350000
v -3.377499 0.000000 -1.450000
v -3.377499 0.000000 -1.550000
v -3.377499 0.000000 -1.650000
v -3.377499 0.000000 -1.750000
v -3.377499 0.000000 -1.850000
v -3.377499 0.000000 -1.950000
v -3.290896 0.000000 -2.000000
v -3.204294 0.000000 -2.050000
v -3.117692 0.000000 -2.100000
v -3.031089 0.000000 -2.150000
v -2.944486 0.000000 -2.200000
v -2.857884 0.000000 -2.250000
v -2.771281 0.000000 -2.300000
v -2.684679 0.000000 -2.350000
v -2.598076 0.000000 -2.400000
v -2.511474 0.000000 -2.450000
v -2.424871 0.000000 -2.500000
v -2.338269 0.000000 -2.550000
v -2.251666 0.000000 -2.600000
v -2.165064 0.000000 -2.650000
v -2.078461 0.000000 -2.700000
v -1.991858 0.000000 -2.750000
v -1.905256 0.000000 -2.800000
v -1.818653 0.000000 -2.850000
v -1.732051 0.000000 -2.900000
v -1.645448 0.000000 -2.950000
v -1.558846 0.000000 -3.000000
v -1.472243 0.000000 -3.050000
v -1.385641 0.000000 -3.100000
v -1.299038 0.000000 -3.150000
v -1.212436 0.000000 -3.200000
v -1.125833 0.000000 -3.250000
v -1.039230 0.000000 -3.300000
v -0.952628 0.000000 -3.350000
v -0.866025 0.000000 -3.400000
v -0.779423 0.000000 -3.450000
v -0.692820 0.000000 -3.500000
v -0.606218 0.000000 -3.550000
v -0.519615 0.000000 -3.600000
v -0.433013 0.000000 -3.650000
v -0.346410 0.000000 -3.700000
v -0.259808 0.000000 -3.750000
v -0.173205 0.000000 -3.800000
v -0.086603 0.000000 -3.850000
v 0.000000 0.000000 -4.000000
v 0.086603 0.000000 -3.950000
v 0.173205 0.000000 -3.900000
v 0.259808 0.000000 -3.850000
v 0.346410 0.000000 -3.800000
v 0.433013 0.000000 -3.750000
v 0.519615 0.000000 -3.700000
v 0.606218 0.000000 -3.650000
v 0.692820 0.000000 -3.600000
v 0.779423 0.000000 -3.550000
v 0.866025 0.000000 -3.500000
v 0.952628 0.000000 -3.450000
v 1.039230 0.000000 -3.400000
v 1.125833 0.000000 -3.350000
v 1.212436 0.000000 -3.300000
v 1.299038 0.000000 -3.250000
v 1.385641 0.000000 -3.200000
v 1.472243 0.000000 -3.150000
v 1.558846 0.000000 -3.100000
v 1.645448 0.000000 -3.050000
v 1.732051 0.000000 -3.000000
v 1.818653 0.000000 -2.950000
v 1.905256 0.000000 -2.900000
v 1.991858 0.000000 -2.850000
v 2.078461 0.000000 -2.800000
v 2.165064 0.000000 -2.750000
v 2.251666 0.000000 -2.700000
v 2.338269 0.000000 -2.650000
v 2.424871 0.000000 -2.600000
v 2.511474 0.000000 -2.550000
v 2.598076 0.000000 -2.500000
v 2.684679 0.000000 -2.450000
v 2.771281 0.000000 -2.400000
v 2.857884 0.000000 -2.350000
v 2.944486 0.000000 -2.300000
v 3.031089 0.000000 -2.250000
v 3.117692 0.000000 -2.200000
v 3.204294 0.000000 -2.150000
v 3.290896 0.000000 -2.100000
v 3.377499 0.000000 -2.050000
v 3.464102 0.000000 -2.000000
v 3.464102 0.000000 -1.900000
v 3.464102 0.000000 -1.800000
v 3.464102 0.000000 -1.700000
v 3.464102 0.000000 -1.600000
v 3.464102 0.000000 -1.500000
v 3.464102 0.000000 -1.400000
v 3.464102 0.000000 -1.300000
v 3.464102 0.000000 -1.200000
v 3.464102 0.000000 -1.100000
v 3.464102 0.000000 -1.000000
v 3.464102 0.000000 -0.900000
v 3.464102 0.000000 -0.800000
v 3.464102 0.000000 -0.700000
v 3.464102 0.000000 -0.600000
v 3.464102 0.000000 -0.500000
v 3.464102 0.000000 -0.400000
v 3.464102 0.000000 -0.300000
v 3.464102 0.000000 -0.200000
v 3.464102 0.000000 -0.100000
v 3.464102 0.000000 -0.000000
v 3.464102 0.000000 0.100000
v 3.464102 0.000000 0.200000
v 3.464102 0.000000 0.300000
v 3.464102 0.000000 0.400000
v 3.464102 0.000000 0.500000
v 3.464102 0.000000 0.600000
v 3.464102 0.000000 0.700000
v 3.464102 0.000000 0.800000
v 3.464102 0.000000 0.900000
v 3.464102 0.000000 1.000000
v 3.464102 0.000000 1.100000
v 3.464102 0.000000 1.200000
v 3.464102 0.000000 1.300000
v 3.464102 0.000000 1.400000
v 3.464102 0.000000 1.500000
v 3.464102 0.000000 1.600000
v 3.464102 0.000000 1.700000
v 3.464102 0.000000 1.800000
v 3.464102 0.000000 1.900000
v 3.464102 0.000000 2.000000
v 3.377499 0.000000 2.050000
v 3.290896 0.000000 2.100000
v 3.204294 0.000000 2.150000
v 3.117692 0.000000 2.200000
v 3.031089 0.000000 2.250000
v 2.944486 0.000000 2.300000
v 2.857884 0.000000 2.350000
v 2.771281 0.000000 2.400000
v 2.684679 0.000000 2.450000
v 2.598076 0.000000 2.500000
v 2.511474 0.000000 2.550000
v 2.424871 0.000000 2.600000
v 2.338269 0.000000 2.650000
v 2.251666 0.000000 2.700000
v 2.165064 0.000000 2.750000
v 2.078461 0.000000 2.800000
v 1.991858 0.000000 2.850000
v 1.905256 0.000000 2.900000
v 1.818653 0.000000 2.950000
v 1.732051 0.000000 3.000000
v 1.645448 0.000000 3.050000
v 1.558846 0.000000 3.100000
v 1.472243 0.000000 3.150000
v 1.385641 0.000000 3.200000
v 1.299038 0.000000 3.250000
v 1.212436 0.000000 3.300000
v 1.125833 0.000000 3.350000
v 1.039230 0.000000 3.400000
v 0.952628 0.000000 3.450000
v 0.866025 0.000000 3.500000
v 0.779423 0.000000 3.550000
v 0.692820 0.000000 3.600000
v 0.606218 0.000000 3.650000
v 0.519615 0.000000 3.700000
v 0.433013 0.000000 3.750000
v 0.346410 0.000000 3.800000
v 0.259808 0.000000 3.850000
v 0.173205 0.000000 3.900000
v 0.086603 0.000000 3.950000
v 0.000000 0.000000 4.000000
v -0.086603 0.000000 3.950000
v -0.173205 0.000000 3.900000
v -0.259808 0.000000 3.850000
v -0.346410 0.000000 3.800000
v -0.433013 0.000000 3.750000
v -0.519615 0.000000 3.700000
v -0.606218 0.000000 3.650000
v -0.692820 0.000000 3.600000
v -0.779423 0.000000 3.550000
v -0.866025 0.000000 3.500000
v -0.952628 0.000000 3.450000
v -1.039230 0.000000 3.400000
v -1.125833 0.000000 3.350000
v -1.212436 0.000000 3.300000
v -1.299038 0.000000 3.250000
v -1.385641 0.000000 3.200000
v -1.472243 0.000000 3.150000
v -1.558846 0.000000 3.100000
v -1.645448 0.000000 3.050000
v -1.732051 0.000000 3.000000
v -1.818653 0.000000 2.950000
v -1.905256 0.000000 2.900000
v -1.991858 0.000000 2.850000
v -2.078461 0.000000 2.800000
v -2.165064 0.000000 2.750000
v -2.251666 0.000000 2.700000
v -2.338269 0.000000 2.650000
v -2.424871 0.000000 2.600000
v -2.511474 0.000000 2.550000
v -2.598076 0.000000 2.500000
v -2.684679 0.000000 2.450000
v -2.771281 0.000000 2.400000
v -2.857884 0.000000 2.350000
v -2.944486 0.000000 2.300000
v -3.031089 0.000000 2.250000
v -3.117692 0.000000 2.200000
v -3.204294 0.000000 2.150000
v -3.290896 0.000000 2.100000
v -3.377499 0.000000 2.050000
v -3.464102 0.000000 2.000000
v -3.464102 0.000000 1.900000
v -3.464102 0.000000 1.800000
v -3.464102 0.000000 1.700000
v -3.464102 0.000000 1.600000
v -3.464102 0.000000 1.500000
v -3.464102 0.000000 1.400000
v -3.464102 0.000000 1.300000
v -3.464102 0.000000 1.200000
v -3.464102 0.000000 1.100000
v -3.464102 0.000000 1.000000
v -3.464102 0.000000 0.900000
v -3.464102 0.000000 0.800000
v -3.464102 0.000000 0.700000
v -3.464102 0.000000 0.600000
v -3.464102 0.000000 0.500000
v -3.464102 0.000000 0.400000
v -3.464102 0.000000 0.300000
v -3.464102 0.000000 0.200000
v -3.464102 0.000000 0.100000
v -3.464102 0.000000 0.000000
v -3.464102 0.000000 -0.100000
v -3.464102 0.000000 -0.200000
v -3.464102 0.000000 -0.300000
v -3.464102 0.000000 -0.400000
v -3.464102 0.000000 -0.500000
v -3.464102 0.000000 -0.600000
v -3.464102 0.000000 -0.700000
v -3.464102 0.000000 -0.800000
v -3.464102 0.000000 -0.900000
v -3.464102 0.000000 -1.000000
v -3.464102 0.000000 -1.100000
v -3.464102 0.000000 -1.200000
v -3.464102 0.000000 -1.300000
v -3.464102 0.000000 -1.400000
v -3.464102 0.000000 -1.500000
v -3.464102 0.000000 -1.600000
v -3.464102 0.000000 -1.700000
v -3.464102 0.000000 -1.800000
v -3.464102 0.000000 -1.900000
v -3.464102 0.000000 -2.000000
v -3.377499 0.000000 -2.050000
v -3.290896 0.000000 -2.100000
v -3.204294 0.000000 -2.150000
v -3.117692 0.000000 -2.200000
v -3.031089 0.000000 -2.250000
v -2.944486 0.000000 -2.300000
v -2.857884 0.000000 -2.350000
v -2.771281 0.000000 -2.400000
v -2.684679 0.000000 -2.450000
v -2.598076 0.000000 -2.500000
v -2.511474 0.000000 -2.550000
v -2.424871 0.000000 -2.600000
v -2.338269 0.000000 -2.650000
v -2.251666 0.000000 -2.700000
v -2.165064 0.000000 -2.750000
v -2.078461 0.000000 -2.800000
v -1.991858 0.000000 -2.850000
v -1.905256 0.000000 -2.900000
v -1.818653 0.000000 -2.950000
v -1.732051 0.000000 -3.000000
v -1.645448 0.000000 -3.050000
v -1.558846 0.000000 -3.100000
v -1.472243 0.000000 -3.150000
v -1.385641 0.000000 -3.200000
v -1.299038 0.000000 -3.250000
v -1.212436 0.000000 -3.300000
v -1.125833 0.000000 -3.350000
v -1.039230 0.000000 -3.400000
v -0.952628 0.000000 -3.450000
v -0.866025 0.000000 -3.500000
v -0.779423 0.000000 -3.550000
v -0.692820 0.000000 -3.600000
v -0.606218 0.000000 -3.650000
v -0.519615 0.000000 -3.700000
v -0.433013 0.000000 -3.750000
v -0.346410 0.000000 -3.800000
v -0.259808 0.000000 -3.850000
v -0.173205 0.000000 -3.900000
v -0.086603 0.000000 -3.950000
vn -0.0000 1.0000 -0.0000
vn -0.8910 0.4539 -0.0000
vn -0.4455 0.4539 0.7717
vn -0.4601 0.3912 0.7970
vn -0.5522 0.1737 -0.8154
vn -0.4929 0.1674 -0.8538
vn -0.4929 0.1674 0.8538
vn -0.9859 0.1674 -0.0000
vn -0.4455 0.4539 -0.7717
vn -0.9691 0.2468 -0.0000
vn -0.4845 0.2468 0.8392
vn -0.4704 0.3388 0.8148
vn -0.7190 0.1961 -0.6667
vn -0.5114 0.2061 -0.8343
vn 0.4455 0.4539 0.7717
vn 0.2301 0.4144 0.8805
vn 0.8910 0.4539 -0.0000
vn -0.4845 0.2468 -0.8392
vn -0.9469 0.2925 0.1334
vn -0.9696 0.2399 0.0484
vn 0.4845 0.2468 -0.8392
vn 0.9576 0.2158 -0.1910
vn 0.9279 0.1891 -0.3214
vn 0.9696 0.2399 -0.0484
vn 0.4929 0.1674 -0.8538
vn 0.0783 0.3682 0.9264
vn 0.4079 0.3440 0.8457
vn -0.9203 0.3912 -0.0000
vn 0.9691 0.2468 -0.0000
vn 0.4845 0.2468 0.8392
vn -0.8873 0.3718 -0.2728
vn -0.9364 0.3440 -0.0696
vn 0.4455 0.4539 -0.7717
vn -0.9602 0.2597 -0.1028
vn 0.9859 0.1674 -0.0000
vn 0.8431 0.1403 0.5192
vn 0.4982 0.0846 0.8629
vn 0.9919 0.1244 0.0259
vn 0.9723 0.1086 0.2069
vn 0.9920 0.1263 -0.0000
vn 0.4960 0.1263 -0.8591
vn 0.4960 0.1263 0.8591
vn 0.9558 0.1424 0.2572
vn 0.5189 0.1248 0.8457
vn 0.9865 0.1172 0.1143
vn 0.9920 0.1252 0.0154
vn -0.4974 0.1014 0.8616
vn 0.4974 0.1014 0.8616
vn -0.9920 0.1263 -0.0000
vn -0.9612 0.2759 -0.0000
vn 0.1359 0.1844 0.9734
vn -0.4574 0.1841 0.8700
vn -0.0099 0.1945 0.9808
vn -0.5285 0.3440 -0.7762
vn -0.7745 0.3207 -0.5452
vn 0.4929 0.1674 0.8538
vn 0.4774 0.2971 0.8269
vn 0.9549 0.2971 -0.0000
vn 0.9306 0.3660 -0.0000
vn -0.4595 0.1038 0.8821
vn -0.4841 0.1022 0.8690
vn -0.3253 0.1105 0.9391
vn -0.9504 0.3109 -0.0000
vn 0.4300 0.1737 0.8859
vn -0.7745 0.3207 0.5452
vn -0.6450 0.4142 0.6422
vn -0.5691 0.2597 -0.7802
vn 0.9893 0.1460 -0.0000
vn 0.9671 0.2543 -0.0000
vn 0.9521 0.3059 -0.0000
vn 0.4760 0.3059 0.8245
vn 0.9469 0.2925 0.1334
vn 0.9203 0.3912 -0.0000
vn -0.9823 0.1737 -0.0705
vn -0.9840 0.1717 -0.0471
vn -0.7632 0.3682 0.5310
vn -0.7747 0.4471 -0.4472
vn -0.9092 0.3609 -0.2074
vn -0.7864 0.4189 0.4540
vn -0.8415 0.3682 0.3954
vn 0.9948 0.1014 -0.0000
vn -0.4974 0.1014 -0.8616
vn 0.9857 0.1634 -0.0408
vn 0.7437 0.1425 -0.6531
vn 0.4947 0.1458 -0.8568
vn 0.9911 0.1331 0.0081
vn 0.9824 0.1090 0.1516
vn 0.4974 0.1014 -0.8616
vn 0.7190 0.1961 0.6667
vn 0.8498 0.1924 0.4907
vn 0.8345 0.2675 0.4818
vn -0.5285 0.3440 0.7762
vn -0.9208 0.3900 -0.0000
vn -0.9364 0.3440 0.0696
vn -0.8544 0.1945 -0.4818
vn -0.9821 0.1841 -0.0389
vn -0.8955 0.1535 -0.4178
vn -0.9935 0.1137 -0.0080
vn -0.9937 0.1038 -0.0431
vn -0.9948 0.1014 -0.0000
vn -0.6506 0.1105 -0.7513
vn -0.5093 0.1252 -0.8514
vn -0.6428 0.1115 -0.7579
vn 0.9210 0.1201 -0.3705
vn -0.2502 0.0822 -0.9647
vn -0.4448 0.1007 -0.8899
vn 0.4925 0.1725 -0.8530
vn 0.4919 0.1791 -0.8520
vn 0.8808 0.1539 -0.4478
vn 0.8260 0.2042 -0.5254
vn 0.9931 0.1043 -0.0527
vn 0.9908 0.1336 -0.0212
vn 0.9584 0.1383 -0.2497
vn 0.5267 0.2399 -0.8155
vn 0.7423 0.1891 -0.6428
vn 0.7190 0.1961 -0.6667
vn 0.9369 0.1961 0.2893
vn 0.8306 0.1571 -0.5342
vn 0.8680 0.2042 -0.4526
vn 0.8680 0.2042 0.4526
vn 0.8401 0.1600 0.5183
vn 0.7814 0.1201 0.6124
vn 0.7975 0.1161 0.5920
vn 0.5282 0.1634 0.8333
vn -0.6506 0.1105 0.7513
vn -0.6428 0.1115 0.7579
vn -0.5093 0.1252 0.8514
vn -0.4781 0.2927 -0.8281
vn -0.0000 0.0837 -0.9965
vn 0.2394 0.0813 -0.9675
vn 0.9888 0.1312 -0.0711
vn 0.9613 0.1665 0.2196
vn 0.9279 0.1891 0.3214
vn 0.6506 0.1105 0.7513
vn 0.5093 0.1252 0.8514
vn 0.6428 0.1115 0.7579
vn 0.9529 0.3033 -0.0000
vn 0.4575 0.1634 0.8740
vn 0.1139 0.1161 0.9867
vn 0.1397 0.1201 0.9829
vn -0.4891 0.2078 0.8471
vn -0.4892 0.2067 0.8473
vn 0.3575 0.2346 0.9040
vn -0.2507 0.2142 0.9441
vn -0.4981 0.2265 0.8370
vn -0.4891 0.2073 0.8472
vn -0.6140 0.2019 0.7630
vn -0.5114 0.2061 0.8343
vn -0.6593 0.1834 0.7291
vn 0.4884 0.1008 -0.8668
vn 0.3640 0.0916 -0.9269
vn -0.4694 0.3445 -0.8130
vn 0.7219 0.1679 -0.6713
vn 0.7975 0.1161 -0.5920
vn 0.9195 0.1830 -0.3480
vn 0.9536 0.2587 0.1542
vn 0.8445 0.1945 0.4990
vn 0.5314 0.1036 0.8407
vn 0.5422 0.1043 0.8337
vn -0.9312 0.1600 0.3274
vn -0.5560 0.1312 0.8208
vn -0.8047 0.1724 0.5680
vn -0.4960 0.1263 0.8591
vn -0.4687 0.3482 0.8118
vn -0.4679 0.3525 0.8104
vn -0.5890 0.2925 0.7534
vn -0.5522 0.1737 0.8154
vn -0.5328 0.1717 0.8286
vn -0.4135 0.0954 -0.9055
vn -0.4932 0.0929 -0.8649
vn -0.4666 0.0863 -0.8802
vn -0.4982 0.0846 -0.8629
vn -0.2301 0.4144 -0.8805
vn 0.0783 0.3682 -0.9264
vn 0.6192 0.2311 -0.7505
vn 0.8371 0.2564 -0.4833
vn 0.9823 0.1737 0.0705
vn -0.9823 0.1737 0.0705
vn -0.0783 0.3682 -0.9264
vn 0.4199 0.3772 -0.8255
vn 0.4673 0.3559 -0.8093
vn -0.2179 0.1961 -0.9561
vn -0.4429 0.2399 -0.8639
vn 0.5816 0.2614 -0.7703
vn 0.7864 0.4189 -0.4540
vn 0.5285 0.3440 -0.7762
vn 0.7632 0.3682 -0.5310
vn 0.3763 0.2614 -0.8888
vn -0.0849 0.3207 -0.9434
vn 0.5156 0.3141 -0.7972
vn 0.8594 0.3207 0.3981
vn 0.9364 0.3440 0.0696
vn 0.9602 0.2597 0.1028
vn -0.4836 0.2543 0.8375
vn -0.4653 0.3660 0.8059
vn -0.5267 0.2399 -0.8155
vn -0.9369 0.1961 -0.2893
vn -0.9782 0.2061 -0.0257
vn -0.4079 0.3440 -0.8457
vn 0.4300 0.1737 -0.8859
vn 0.4512 0.1717 -0.8757
vn 0.1856 0.1891 -0.9643
vn 0.8267 0.2972 -0.4778
vn 0.5074 0.2431 -0.8267
vn 0.5267 0.2399 0.8155
vn 0.6442 0.2158 0.7338
vn -0.6475 0.4144 0.6395
vn -0.6442 0.2158 0.7338
vn 0.5114 0.2061 -0.8343
vn 0.6766 0.1848 -0.7128
vn -0.3134 0.2158 -0.9248
vn 0.9576 0.2158 0.1910
vn 0.9782 0.2061 0.0257
vn 0.0219 0.3503 0.9364
vn 0.1404 0.2614 0.9550
vn 0.4668 0.2061 0.8600
vn -0.8984 0.4205 0.1265
vn -0.8873 0.3718 0.2728
vn -0.7423 0.1891 -0.6428
vn -0.8345 0.2675 -0.4818
vn 0.5890 0.2925 -0.7534
vn 0.4512 0.1717 0.8757
vn -0.0783 0.3682 0.9264
vn -0.2790 0.1848 0.9424
vn -0.4512 0.1717 0.8757
vn -0.1856 0.1891 0.9643
vn 0.4712 0.1650 0.8665
vn 0.2746 0.1399 0.9513
vn 0.2908 0.1421 0.9462
vn -0.4736 0.3209 0.8202
vn -0.4760 0.3059 0.8245
vn -0.8498 0.1924 -0.4907
vn -0.9696 0.2399 -0.0484
vn 0.4429 0.2399 -0.8639
vn 0.3134 0.2158 -0.9248
vn -0.9576 0.2158 -0.1910
vn 0.4668 0.2061 -0.8600
vn 0.3580 0.2925 -0.8867
vn 0.6475 0.4144 -0.6395
vn -0.4673 0.3559 0.8093
vn -0.9369 0.1961 0.2893
vn -0.9279 0.1891 0.3214
vn -0.9696 0.2435 0.0239
vn -0.7814 0.1201 0.6124
vn -0.5282 0.1634 0.8333
vn -0.7975 0.1161 0.5920
vn -0.9576 0.2158 0.1910
vn -0.4720 0.3297 0.8176
vn -0.9441 0.3297 -0.0000
vn -0.9671 0.2543 -0.0000
vn 0.4595 0.1038 -0.8821
vn 0.4898 0.1137 -0.8644
vn 0.3349 0.1115 -0.9356
vn -0.4765 0.3033 -0.8252
vn -0.4960 0.1263 -0.8591
vn -0.0000 0.4189 -0.9081
vn -0.2337 0.4142 -0.8797
vn 0.5340 0.3094 -0.7868
vn 0.5816 0.2614 0.7703
vn 0.7632 0.3682 0.5310
vn 0.9696 0.2399 0.0484
vn -0.9840 0.1717 0.0471
vn -0.4752 0.3109 -0.8231
vn 0.4752 0.3109 -0.8231
vn 0.4806 0.2759 -0.8324
vn -0.4806 0.2759 -0.8324
vn 0.4079 0.3440 -0.8457
vn 0.5522 0.1737 -0.8154
vn 0.8451 0.2186 -0.4879
vn 0.9629 0.2318 -0.1382
vn 0.4754 0.3095 -0.8235
vn -0.9739 0.2265 0.0129
vn -0.6740 0.1421 0.7250
vn -0.5060 0.1466 0.8500
vn -0.9777 0.1115 -0.1778
vn -0.9920 0.1252 -0.0154
vn -0.9760 0.1105 -0.1878
vn -0.9824 0.1090 0.1516
vn -0.9946 0.1022 0.0153
vn -0.2629 0.1383 -0.9549
vn -0.4575 0.1634 -0.8740
vn -0.1139 0.1161 -0.9867
vn 0.4871 0.2257 -0.8437
vn -0.4712 0.1650 -0.8665
vn -0.2746 0.1399 -0.9513
vn -0.3647 0.1520 -0.9187
vn 0.9915 0.1281 -0.0248
vn 0.9901 0.1300 -0.0535
vn 0.8345 0.2675 -0.4818
vn 0.5522 0.1737 0.8154
vn -0.5808 0.2535 0.7736
vn -0.0849 0.3207 0.9434
vn 0.2749 0.3725 0.8864
vn -0.9782 0.2078 -0.0000
vn -0.9670 0.2304 0.1084
vn -0.8415 0.3682 -0.3954
vn -0.8113 0.3499 -0.4684
vn -0.6496 0.1158 0.7514
vn -0.5037 0.1137 0.8564
vn -0.5588 0.4205 0.7148
vn -0.4795 0.2836 -0.8305
vn -0.9860 0.1650 -0.0252
vn -0.9612 0.1399 -0.2378
vn -0.9648 0.1421 -0.2212
vn -0.4736 0.3209 -0.8202
vn -0.4653 0.3660 -0.8059
vn -0.4836 0.2543 -0.8375
vn 0.5248 0.1841 -0.8311
vn 0.8538 0.1672 -0.4930
vn 0.8362 0.2600 -0.4828
vn 0.8498 0.1924 -0.4907
vn 0.9469 0.2925 -0.1334
vn 0.9509 0.3095 -0.0000
vn 0.4955 0.2813 0.8218
vn 0.7423 0.1891 0.6428
vn 0.9345 0.3559 -0.0000
vn 0.3763 0.2614 0.8888
vn -0.2337 0.4142 0.8797
vn -0.4755 0.3095 0.8235
vn -0.7109 0.2628 0.6524
vn -0.5248 0.1841 0.8311
vn -0.8260 0.2042 0.5254
vn -0.3943 0.1172 0.9115
vn -0.4827 0.1252 0.8668
vn 0.4827 0.1252 0.8668
vn 0.3059 0.1470 0.9406
vn -0.9694 0.1593 0.1868
vn -0.8601 0.1168 0.4966
vn -0.8498 0.1581 0.5028
vn 0.0849 0.3207 0.9434
vn -0.5341 0.1038 0.8390
vn -0.9469 0.2925 -0.1334
vn -0.9358 0.3525 -0.0000
vn -0.9397 0.3361 0.0639
vn -0.8306 0.1571 -0.5342
vn -0.9888 0.1312 -0.0711
vn -0.8680 0.2042 -0.4526
vn -0.0420 0.2042 -0.9780
vn -0.0000 0.2186 -0.9758
vn -0.3945 0.2477 -0.8849
vn -0.4831 0.1466 -0.8632
vn 0.6922 0.2142 -0.6892
vn 0.8415 0.3682 0.3954
vn 0.7745 0.3207 0.5452
vn 0.5148 0.1650 0.8413
vn 0.6740 0.1421 0.7250
vn 0.9349 0.3541 0.0233
vn 0.9309 0.3652 -0.0000
vn 0.4655 0.3652 0.8062
vn 0.9374 0.3482 -0.0000
vn -0.1461 0.1296 0.9807
vn -0.1139 0.1161 0.9867
vn -0.4575 0.1634 0.8740
vn -0.4509 0.1043 0.8865
vn -0.4771 0.1336 0.8686
vn -0.2629 0.1383 0.9549
vn -0.4300 0.1737 0.8859
vn -0.7568 0.2614 0.5990
vn -0.8000 0.3503 0.4872
vn -0.2041 0.0976 0.9741
vn -0.0000 0.1413 0.9900
vn -0.0000 0.0976 0.9952
vn 0.2041 0.0976 0.9741
vn -0.9832 0.1827 -0.0000
vn -0.9901 0.1300 0.0535
vn -0.3763 0.2614 0.8888
vn -0.9760 0.1105 0.1878
vn -0.9920 0.1252 0.0154
vn -0.9777 0.1115 0.1778
vn -0.9779 0.1520 -0.1435
vn -0.4574 0.1841 -0.8700
vn -0.4487 0.1300 -0.8842
vn 0.8306 0.1571 0.5342
vn 0.9888 0.1312 0.0711
vn -0.0474 0.1571 -0.9864
vn 0.0420 0.2042 -0.9780
vn -0.3575 0.2346 -0.9040
vn 0.4328 0.1312 -0.8919
vn -0.1967 0.1915 -0.9616
vn 0.9679 0.2324 -0.0959
vn 0.9471 0.3209 -0.0000
vn 0.6866 0.1399 0.7135
vn 0.9735 0.1374 -0.1829
vn 0.9891 0.1466 -0.0132
vn 0.9636 0.2477 -0.1008
vn 0.9636 0.2477 0.1008
vn 0.9891 0.1466 0.0132
vn 0.9901 0.1300 0.0535
vn 0.5328 0.1717 0.8286
vn 0.6955 0.1383 0.7051
vn -0.8498 0.1924 0.4907
vn -0.8345 0.2675 0.4818
vn 0.2179 0.1961 0.9561
vn 0.4429 0.2399 0.8639
vn -0.4742 0.1281 -0.8710
vn -0.9054 0.2383 -0.3514
vn -0.5248 0.1841 -0.8311
vn -0.6922 0.2142 -0.6892
vn -0.2507 0.2142 -0.9441
vn 0.9864 0.1643 -0.0000
vn 0.6475 0.4144 0.6395
vn 0.4601 0.3912 0.7970
vn 0.1821 0.2954 0.9379
vn -0.2005 0.2307 0.9521
vn 0.3580 0.2925 0.8867
vn 0.4687 0.3482 0.8118
vn -0.4687 0.3482 -0.8118
vn -0.5890 0.2925 -0.7534
vn -0.4601 0.3912 -0.7970
vn -0.4754 0.3095 -0.8235
vn 0.4890 0.2083 -0.8470
vn 0.4932 0.1643 -0.8543
vn 0.9781 0.2083 -0.0000
vn 0.8415 0.3682 -0.3954
vn 0.9364 0.3440 -0.0696
vn 0.4836 0.2543 0.8375
vn -0.2406 0.1924 0.9514
vn -0.0000 0.1880 0.9822
vn 0.3896 0.2304 0.8917
vn -0.6799 0.3718 0.6320
vn -0.1381 0.3543 -0.9249
vn 0.5691 0.2477 0.7841
vn 0.0279 0.2241 0.9742
vn -0.0474 0.1571 0.9864
vn 0.4876 0.2216 0.8445
vn 0.4895 0.2042 0.8478
vn -0.4895 0.2042 0.8478
vn -0.9579 0.2614 0.1185
vn -0.7864 0.4189 -0.4540
vn -0.8787 0.4142 -0.2374
vn 0.9860 0.1650 0.0252
vn 0.9612 0.1399 0.2378
vn 0.5137 0.1336 0.8475
vn 0.5330 0.1545 0.8319
vn 0.1057 0.2844 0.9529
vn -0.4655 0.3652 -0.8062
vn -0.9309 0.3652 -0.0000
vn -0.9345 0.3559 -0.0000
vn -0.9782 0.2061 0.0257
vn -0.5267 0.2399 0.8155
vn -0.7423 0.1891 0.6428
vn -0.7190 0.1961 0.6667
vn -0.4704 0.3388 -0.8148
vn 0.9406 0.0958 0.3258
vn 0.9760 0.1105 0.1878
vn -0.9279 0.1891 -0.3214
vn 0.1139 0.1161 -0.9867
vn 0.9115 0.1161 -0.3947
vn 0.3577 0.0911 -0.9294
vn -0.1856 0.1891 -0.9643
vn 0.1856 0.1891 0.9643
vn -0.8308 0.2822 0.4797
vn 0.6866 0.1399 -0.7135
vn 0.9612 0.1399 -0.2378
vn -0.0000 0.2822 0.9594
s 1
f 2//1 1//1 3//1
f 3//1 1//1 4//1
f 4//1 1//1 5//1
f 5//1 1//1 6//1
f 6//1 1//1 7//1
f 7//1 1//1 2//1
f 8//1 2//1 9//1
f 9//1 3//1 10//1
f 10//1 3//1 11//1
f 11//1 4//1 12//1
f 12//1 4//1 13//1
f 13//1 5//1 14//1
f 14//1 5//1 15//1
f 15//1 6//1 16//1
f 16//1 6//1 17//1
f 17//1 7//1 18//1
f 18//1 7//1 19//1
f 19//1 2//1 8//1
f 20//1 8//1 21//1
f 21//1 9//1 22//1
f 22//1 10//1 23//1
f 23//1 10//1 24//1
f 24//1 11//1 25//1
f 25//1 12//1 26//1
f 26//1 12//1 27//1
f 27//1 13//1 28//1
f 28//1 14//1 29//1
f 29//1 14//1 30//1
f 30//1 15//1 31//1
f 31//1 16//1 32//1
f 32//1 16//1 33//1
f 33//1 17//1 34//1
f 34//1 18//1 35//1
f 35//1 18//1 36//1
f 36//1 19//1 37//1
f 37//1 8//1 20//1
f 38//1 20//1 39//1
f 39//1 21//1 40//1
f 40//1 22//1 41//1
f 41//2 23//2 42//2
f 42//3 23//3 43//3
f 43//1 24//1 44//1
f 44//1 25//1 45//1
f 45//1 26//1 46//1
f 46//1 26//1 47//1
f 47//1 27//1 48//1
f 48//1 28//1 49//1
f 49//3 29//3 50//3
f 50//3 29//3 51//3
f 51//3 30//3 52//3
f 52//3 31//3 53//3
f 53//3 32//3 54//4
f 54//4 32//3 55//3
f 55//5 33//6 56//6
f 56//7 34//7 57//7
f 57//6 35//6 58//6
f 58//8 35//8 59//8
f 59//1 36//1 60//1
f 60//1 37//1 61//1
f 61//1 20//1 38//1
f 62//1 38//1 63//1
f 63//1 39//1 64//1
f 64//1 40//1 65//1
f 65//1 41//1 66//1
f 66//9 42//9 67//9
f 67//1 42//1 68//1
f 68//2 43//2 69//2
f 69//2 44//2 70//2
f 70//2 45//2 71//2
f 71//3 46//3 72//3
f 72//1 46//1 73//1
f 73//1 47//1 74//1
f 74//1 48//1 75//1
f 75//3 49//3 76//3
f 76//1 50//1 77//1
f 77//1 50//1 78//1
f 78//1 51//1 79//1
f 79//1 52//1 80//1
f 80//1 53//1 81//1
f 81//10 54//10 82//10
f 82//11 54//4 83//12
f 83//13 55//5 84//14
f 84//1 56//1 85//1
f 85//8 57//8 86//8
f 86//1 58//1 87//1
f 87//7 58//7 88//7
f 88//1 59//1 89//1
f 89//1 60//1 90//1
f 90//1 61//1 91//1
f 91//1 38//1 62//1
f 92//1 62//1 93//1
f 93//1 63//1 94//1
f 94//1 64//1 95//1
f 95//1 65//1 96//1
f 96//1 66//1 97//1
f 97//9 67//9 98//9
f 98//1 67//1 99//1
f 99//1 68//1 100//1
f 100//1 69//1 101//1
f 101//1 70//1 102//1
f 102//15 71//15 103//16
f 103//16 72//15 104//15
f 104//17 72//17 105//17
f 105//3 73//3 106//3
f 106//15 74//15 107//15
f 107//15 75//15 108//15
f 108//1 76//1 109//1
f 109//1 77//1 110//1
f 110//1 77//1 111//1
f 111//1 78//1 112//1
f 112//1 79//1 113//1
f 113//1 80//1 114//1
f 114//1 81//1 115//1
f 115//18 82//18 116//18
f 116//1 82//1 117//1
f 117//10 83//10 118//10
f 118//1 84//1 119//1
f 119//1 85//1 120//1
f 120//1 86//1 121//1
f 121//1 87//1 122//1
f 122//3 87//3 123//3
f 123//19 88//20 124//10
f 124//21 89//21 125//21
f 125//18 90//18 126//18
f 126//10 91//10 127//10
f 127//1 62//1 92//1
f 128//21 92//21 129//21
f 129//18 93//18 130//18
f 130//1 94//1 131//1
f 131//1 95//1 132//1
f 132//1 96//1 133//1
f 133//1 97//1 134//1
f 134//22 98//23 135//24
f 135//25 98//25 136//25
f 136//1 99//1 137//1
f 137//1 100//1 138//1
f 138//1 101//1 139//1
f 139//1 102//1 140//1
f 140//26 103//16 141//27
f 141//1 104//1 142//1
f 142//1 104//1 143//1
f 143//15 105//15 144//15
f 144//1 106//1 145//1
f 145//1 107//1 146//1
f 146//1 108//1 147//1
f 147//1 109//1 148//1
f 148//1 110//1 149//1
f 149//1 110//1 150//1
f 150//1 111//1 151//1
f 151//1 112//1 152//1
f 152//1 113//1 153//1
f 153//1 114//1 154//1
f 154//10 115//10 155//10
f 155//1 116//1 156//1
f 156//1 116//1 157//1
f 157//1 117//1 158//1
f 158//1 118//1 159//1
f 159//1 119//1 160//1
f 160//1 120//1 161//1
f 161//1 121//1 162//1
f 162//1 122//1 163//1
f 163//1 122//1 164//1
f 164//2 123//19 165//28
f 165//18 124//18 166//18
f 166//1 125//1 167//1
f 167//1 126//1 168//1
f 168//18 127//18 169//18
f 169//18 92//18 128//18
f 170//1 128//1 171//1
f 171//1 129//1 172//1
f 172//21 130//21 173//21
f 173//21 131//21 174//21
f 174//21 132//21 175//21
f 175//18 133//18 176//18
f 176//29 134//22 177//29
f 177//1 135//1 178//1
f 178//6 135//6 179//6
f 179//1 136//1 180//1
f 180//1 137//1 181//1
f 181//1 138//1 182//1
f 182//1 139//1 183//1
f 183//30 140//26 184//30
f 184//1 141//1 185//1
f 185//1 142//1 186//1
f 186//1 142//1 187//1
f 187//1 143//1 188//1
f 188//1 144//1 189//1
f 189//1 145//1 190//1
f 190//1 146//1 191//1
f 191//1 147//1 192//1
f 192//1 148//1 193//1
f 193//1 149//1 194//1
f 194//1 149//1 195//1
f 195//1 150//1 196//1
f 196//1 151//1 197//1
f 197//1 152//1 198//1
f 198//1 153//1 199//1
f 199//10 154//10 200//10
f 200//1 155//1 201//1
f 201//1 156//1 202//1
f 202//1 156//1 203//1
f 203//1 157//1 204//1
f 204//1 158//1 205//1
f 205//1 159//1 206//1
f 206//1 160//1 207//1
f 207//1 161//1 208//1
f 208//1 162//1 209//1
f 209//1 163//1 210//1
f 210//1 163//1 211//1
f 211//1 164//1 212//1
f 212//31 165//28 213//32
f 213//1 166//1 214//1
f 214//1 167//1 215//1
f 215//1 168//1 216//1
f 216//1 169//1 217//1
f 217//1 128//1 170//1
f 218//1 170//1 219//1
f 219//1 171//1 220//1
f 220//1 172//1 221//1
f 221//1 173//1 222//1
f 222//1 174//1 223//1
f 223//1 175//1 224//1
f 224//21 176//21 225//21
f 225//1 177//1 226//1
f 226//1 178//1 227//1
f 227//6 178//6 228//6
f 228//1 179//1 229//1
f 229//1 180//1 230//1
f 230//1 181//1 231//1
f 231//1 182//1 232//1
f 232//1 183//1 233//1
f 233//11 184//11 234//11
f 234//1 185//1 235//1
f 235//1 186//1 236//1
f 236//1 186//1 237//1
f 237//1 187//1 238//1
f 238//1 188//1 239//1
f 239//1 189//1 240//1
f 240//1 190//1 241//1
f 241//1 191//1 242//1
f 242//1 192//1 243//1
f 243//1 193//1 244//1
f 244//1 194//1 245//1
f 245//1 194//1 246//1
f 246//1 195//1 247//1
f 247//1 196//1 248//1
f 248//1 197//1 249//1
f 249//1 198//1 250//1
f 250//10 199//10 251//10
f 251//1 200//1 252//1
f 252//1 201//1 253//1
f 253//1 202//1 254//1
f 254//1 202//1 255//1
f 255//1 203//1 256//1
f 256//1 204//1 257//1
f 257//1 205//1 258//1
f 258//1 206//1 259//1
f 259//1 207//1 260//1
f 260//1 208//1 261//1
f 261//1 209//1 262//1
f 262//1 210//1 263//1
f 263//1 210//1 264//1
f 264//1 211//1 265//1
f 265//33 212//33 266//33
f 266//34 213//32 267//10
f 267//1 214//1 268//1
f 268//1 215//1 269//1
f 269//1 216//1 270//1
f 270//1 217//1 271//1
f 271//1 170//1 218//1
f 272//1 218//1 273//1
f 273//1 219//1 274//1
f 274//1 220//1 275//1
f 275//1 221//1 276//1
f 276//1 222//1 277//1
f 277//1 223//1 278//1
f 278//1 224//1 279//1
f 279//1 225//1 280//1
f 280//1 226//1 281//1
f 281//1 227//1 282//1
f 282//1 227//1 283//1
f 283//35 228//35 284//35
f 284//25 229//25 285//25
f 285//1 230//1 286//1
f 286//1 231//1 287//1
f 287//1 232//1 288//1
f 288//36 233//37 289//37
f 289//38 234//39 290//40
f 290//41 235//41 291//41
f 291//42 236//42 292//42
f 292//42 236//42 293//42
f 293//40 237//40 294//40
f 294//1 238//1 295//1
f 295//1 239//1 296//1
f 296//1 240//1 297//1
f 297//1 241//1 298//1
f 298//1 242//1 299//1
f 299//1 243//1 300//1
f 300//1 244//1 301//1
f 301//1 245//1 302//1
f 302//1 245//1 303//1
f 303//1 246//1 304//1
f 304//1 247//1 305//1
f 305//1 248//1 306//1
f 306//1 249//1 307//1
f 307//10 250//10 308//10
f 308//1 251//1 309//1
f 309//1 252//1 310//1
f 310//1 253//1 311//1
f 311//1 254//1 312//1
f 312//1 254//1 313//1
f 313//1 255//1 314//1
f 314//1 256//1 315//1
f 315//1 257//1 316//1
f 316//1 258//1 317//1
f 317//1 259//1 318//1
f 318//1 260//1 319//1
f 319//1 261//1 320//1
f 320//9 262//9 321//9
f 321//2 263//2 322//2
f 322//9 263//9 323//9
f 323//9 264//9 324//9
f 324//9 265//9 325//9
f 325//1 266//1 326//1
f 326//18 267//18 327//18
f 327//18 268//18 328//18
f 328//18 269//18 329//18
f 329//10 270//10 330//10
f 330//1 271//1 331//1
f 331//1 218//1 272//1
f 332//21 272//21 333//21
f 333//18 273//18 334//18
f 334//1 274//1 335//1
f 335//1 275//1 336//1
f 336//1 276//1 337//1
f 337//1 277//1 338//1
f 338//1 278//1 339//1
f 339//1 279//1 340//1
f 340//1 280//1 341//1
f 341//1 281//1 342//1
f 342//1 282//1 343//1
f 343//1 282//1 344//1
f 344//1 283//1 345//1
f 345//1 284//1 346//1
f 346//35 285//35 347//35
f 347//35 286//35 348//35
f 348//35 287//35 349//43
f 349//43 288//36 350//44
f 350//1 289//1 351//1
f 351//1 290//1 352//1
f 352//40 291//40 353//40
f 353//1 292//1 354//1
f 354//1 292//1 355//1
f 355//1 293//1 356//1
f 356//45 294//40 357//46
f 357//1 295//1 358//1
f 358//1 296//1 359//1
f 359//1 297//1 360//1
f 360//1 298//1 361//1
f 361//1 299//1 362//1
f 362//47 300//47 363//47
f 363//48 301//48 364//48
f 364//48 302//48 365//48
f 365//48 302//48 366//48
f 366//1 303//1 367//1
f 367//49 304//49 368//50
f 368//51 305//52 369//53
f 369//53 306//11 370//11
f 370//11 307//11 371//11
f 371//1 308//1 372//1
f 372//1 309//1 373//1
f 373//1 310//1 374//1
f 374//1 311//1 375//1
f 375//1 312//1 376//1
f 376//1 312//1 377//1
f 377//1 313//1 378//1
f 378//1 314//1 379//1
f 379//1 315//1 380//1
f 380//1 316//1 381//1
f 381//1 317//1 382//1
f 382//1 318//1 383//1
f 383//54 319//9 384//55
f 384//2 320//2 385//2
f 385//1 321//1 386//1
f 386//1 322//1 387//1
f 387//1 322//1 388//1
f 388//1 323//1 389//1
f 389//1 324//1 390//1
f 390//1 325//1 391//1
f 391//1 326//1 392//1
f 392//1 327//1 393//1
f 393//1 328//1 394//1
f 394//1 329//1 395//1
f 395//18 330//18 396//18
f 396//18 331//18 397//18
f 397//18 272//18 332//18
f 398//1 332//1 399//1
f 399//1 333//1 400//1
f 400//21 334//21 401//21
f 401//18 335//18 402//18
f 402//1 336//1 403//1
f 403//1 337//1 404//1
f 404//1 338//1 405//1
f 405//1 339//1 406//1
f 406//1 340//1 407//1
f 407//1 341//1 408//1
f 408//1 342//1 409//1
f 409//1 343//1 410//1
f 410//1 343//1 411//1
f 411//1 344//1 412//1
f 412//1 345//1 413//1
f 413//1 346//1 414//1
f 414//1 347//1 415//1
f 415//56 348//56 416//57
f 416//58 349//43 417//59
f 417//1 350//1 418//1
f 418//1 351//1 419//1
f 419//1 352//1 420//1
f 420//1 353//1 421//1
f 421//15 354//15 422//15
f 422//17 354//17 423//17
f 423//1 355//1 424//1
f 424//3 356//3 425//3
f 425//48 357//48 426//48
f 426//48 358//48 427//48
f 427//48 359//48 428//48
f 428//48 360//48 429//48
f 429//48 361//48 430//48
f 430//48 362//48 431//48
f 431//1 363//1 432//1
f 432//1 364//1 433//1
f 433//1 365//1 434//1
f 434//1 365//1 435//1
f 435//47 366//47 436//60
f 436//60 367//61 437//62
f 437//63 368//50 438//2
f 438//64 369//53 439//56
f 439//1 370//1 440//1
f 440//8 371//8 441//8
f 441//7 372//7 442//7
f 442//7 373//7 443//7
f 443//56 374//56 444//56
f 444//1 375//1 445//1
f 445//1 376//1 446//1
f 446//1 376//1 447//1
f 447//1 377//1 448//1
f 448//1 378//1 449//1
f 449//9 379//9 450//9
f 450//2 380//2 451//2
f 451//2 381//2 452//2
f 452//65 382//3 453//66
f 453//18 383//54 454//67
f 454//3 384//3 455//3
f 455//1 385//1 456//1
f 456//1 386//1 457//1
f 457//1 387//1 458//1
f 458//1 387//1 459//1
f 459//1 388//1 460//1
f 460//1 389//1 461//1
f 461//1 390//1 462//1
f 462//1 391//1 463//1
f 463//1 392//1 464//1
f 464//1 393//1 465//1
f 465//1 394//1 466//1
f 466//1 395//1 467//1
f 467//1 396//1 468//1
f 468//1 397//1 469//1
f 469//1 332//1 398//1
f 470//1 398//1 471//1
f 471//1 399//1 472//1
f 472//1 400//1 473//1
f 473//1 401//1 474//1
f 474//18 402//18 475//18
f 475//1 403//1 476//1
f 476//1 404//1 477//1
f 477//1 405//1 478//1
f 478//1 406//1 479//1
f 479//1 407//1 480//1
f 480//1 408//1 481//1
f 481//1 409//1 482//1
f 482//35 410//35 483//68
f 483//68 410//35 484//35
f 484//35 411//35 485//35
f 485//35 412//35 486//35
f 486//35 413//35 487//35
f 487//35 414//35 488//69
f 488//69 415//35 489//70
f 489//71 416//57 490//15
f 490//72 417//59 491//73
f 491//73 418//17 492//17
f 492//17 419//17 493//17
f 493//17 420//17 494//17
f 494//17 421//17 495//17
f 495//1 422//1 496//1
f 496//1 422//1 497//1
f 497//15 423//15 498//15
f 498//15 424//15 499//15
f 499//1 425//1 500//1
f 500//1 426//1 501//1
f 501//1 427//1 502//1
f 502//1 428//1 503//1
f 503//1 429//1 504//1
f 504//1 430//1 505//1
f 505//1 431//1 506//1
f 506//1 432//1 507//1
f 507//1 433//1 508//1
f 508//1 434//1 509//1
f 509//1 434//1 510//1
f 510//1 435//1 511//1
f 511//1 436//1 512//1
f 512//3 437//3 513//3
f 513//1 438//1 514//1
f 514//7 439//7 515//7
f 515//7 440//7 516//7
f 516//1 441//1 517//1
f 517//1 442//1 518//1
f 518//1 443//1 519//1
f 519//7 444//7 520//7
f 520//7 445//7 521//7
f 521//7 446//7 522//7
f 522//8 446//8 523//8
f 523//8 447//8 524//8
f 524//8 448//8 525//8
f 525//8 449//74 526//75
f 526//11 450//11 527//76
f 527//1 451//1 528//1
f 528//77 452//9 529//78
f 529//78 453//66 530//28
f 530//1 454//1 531//1
f 531//79 455//3 532//80
f 532//1 456//1 533//1
f 533//1 457//1 534//1
f 534//1 458//1 535//1
f 535//1 458//1 536//1
f 536//1 459//1 537//1
f 537//1 460//1 538//1
f 538//1 461//1 539//1
f 539//1 462//1 540//1
f 540//1 463//1 541//1
f 541//1 464//1 542//1
f 542//1 465//1 543//1
f 543//1 466//1 544//1
f 544//1 467//1 545//1
f 545//1 468//1 546//1
f 546//1 469//1 547//1
f 547//1 398//1 470//1
f 548//1 470//1 549//1
f 549//17 471//17 550//17
f 550//33 472//33 551//33
f 551//9 473//9 552//9
f 552//1 474//1 553//1
f 553//21 475//21 554//21
f 554//21 476//21 555//21
f 555//18 477//18 556//18
f 556//1 478//1 557//1
f 557//81 479//81 558//81
f 558//82 480//82 559//82
f 559//83 481//35 560//84
f 560//84 482//25 561//85
f 561//86 483//68 562//87
f 562//88 483//88 563//88
f 563//1 484//1 564//1
f 564//1 485//1 565//1
f 565//1 486//1 566//1
f 566//1 487//1 567//1
f 567//15 488//15 568//15
f 568//89 489//90 569//91
f 569//91 490//72 570//29
f 570//21 491//21 571//21
f 571//1 492//1 572//1
f 572//1 493//1 573//1
f 573//1 494//1 574//1
f 574//1 495//1 575//1
f 575//1 496//1 576//1
f 576//1 496//1 577//1
f 577//1 497//1 578//1
f 578//1 498//1 579//1
f 579//1 499//1 580//1
f 580//1 500//1 581//1
f 581//1 501//1 582//1
f 582//1 502//1 583//1
f 583//1 503//1 584//1
f 584//1 504//1 585//1
f 585//1 505//1 586//1
f 586//1 506//1 587//1
f 587//1 507//1 588//1
f 588//1 508//1 589//1
f 589//1 509//1 590//1
f 590//1 509//1 591//1
f 591//1 510//1 592//1
f 592//1 511//1 593//1
f 593//1 512//1 594//1
f 594//1 513//1 595//1
f 595//1 514//1 596//1
f 596//1 515//1 597//1
f 597//1 516//1 598//1
f 598//1 517//1 599//1
f 599//1 518//1 600//1
f 600//1 519//1 601//1
f 601//1 520//1 602//1
f 602//1 521//1 603//1
f 603//1 522//1 604//1
f 604//1 522//1 605//1
f 605//1 523//1 606//1
f 606//1 524//1 607//1
f 607//1 525//1 608//1
f 608//1 526//1 609//1
f 609//92 527//76 610//93
f 610//93 528//77 611//77
f 611//77 529//78 612//2
f 612//2 530//28 613//2
f 613//2 531//79 614//94
f 614//94 532//80 615//95
f 615//95 533//96 616//97
f 616//97 534//98 617//99
f 617//99 535//100 618//100
f 618//101 535//102 619//103
f 619//49 536//49 620//49
f 620//1 537//1 621//1
f 621//1 538//1 622//1
f 622//1 539//1 623//1
f 623//1 540//1 624//1
f 624//1 541//1 625//1
f 625//1 542//1 626//1
f 626//1 543//1 627//1
f 627//1 544//1 628//1
f 628//1 545//1 629//1
f 629//1 546//1 630//1
f 630//1 547//1 631//1
f 631//1 470//1 548//1
f 632//1 548//1 633//1
f 633//35 549//35 634//35
f 634//18 550//18 635//18
f 635//29 551//29 636//29
f 636//6 552//6 637//6
f 637//1 553//1 638//1
f 638//1 554//1 639//1
f 639//83 555//35 640//104
f 640//105 556//82 641//106
f 641//81 557//81 642//81
f 642//1 558//1 643//1
f 643//107 559//88 644//108
f 644//109 560//84 645//110
f 645//110 561//85 646//41
f 646//15 562//15 647//15
f 647//1 562//1 648//1
f 648//81 563//81 649//111
f 649//111 564//112 650//113
f 650//113 565//35 651//35
f 651//114 566//115 652//116
f 652//89 567//90 653//91
f 653//91 568//117 654//29
f 654//1 569//1 655//1
f 655//1 570//1 656//1
f 656//29 571//29 657//29
f 657//29 572//29 658//29
f 658//118 573//21 659//119
f 659//1 574//1 660//1
f 660//120 575//30 661//121
f 661//122 576//123 662//124
f 662//81 576//81 663//81
f 663//1 577//1 664//1
f 664//1 578//1 665//1
f 665//1 579//1 666//1
f 666//1 580//1 667//1
f 667//1 581//1 668//1
f 668//1 582//1 669//1
f 669//1 583//1 670//1
f 670//1 584//1 671//1
f 671//1 585//1 672//1
f 672//1 586//1 673//1
f 673//1 587//1 674//1
f 674//1 588//1 675//1
f 675//1 589//1 676//1
f 676//1 590//1 677//1
f 677//1 590//1 678//1
f 678//10 591//10 679//10
f 679//30 592//30 680//30
f 680//1 593//1 681//1
f 681//1 594//1 682//1
f 682//1 595//1 683//1
f 683//1 596//1 684//1
f 684//1 597//1 685//1
f 685//1 598//1 686//1
f 686//1 599//1 687//1
f 687//1 600//1 688//1
f 688//1 601//1 689//1
f 689//1 602//1 690//1
f 690//1 603//1 691//1
f 691//8 604//8 692//8
f 692//8 604//8 693//8
f 693//8 605//8 694//8
f 694//8 606//8 695//8
f 695//7 607//7 696//7
f 696//1 608//1 697//1
f 697//1 609//1 698//1
f 698//2 610//2 699//2
f 699//1 611//1 700//1
f 700//1 612//1 701//1
f 701//1 613//1 702//1
f 702//1 614//1 703//1
f 703//6 615//95 704//5
f 704//2 616//2 705//2
f 705//1 617//1 706//1
f 706//1 618//1 707//1
f 707//1 618//1 708//1
f 708//125 619//126 709//127
f 709//1 620//1 710//1
f 710//1 621//1 711//1
f 711//1 622//1 712//1
f 712//1 623//1 713//1
f 713//1 624//1 714//1
f 714//1 625//1 715//1
f 715//88 626//88 716//88
f 716//100 627//100 717//100
f 717//1 628//1 718//1
f 718//1 629//1 719//1
f 719//1 630//1 720//1
f 720//1 631//1 721//1
f 721//1 548//1 632//1
f 722//128 632//82 723//82
f 723//83 633//35 724//113
f 724//1 634//1 725//1
f 725//21 635//21 726//21
f 726//1 636//1 727//1
f 727//6 637//6 728//6
f 728//81 638//81 729//81
f 729//88 639//88 730//88
f 730//21 640//21 731//21
f 731//129 641//106 732//130
f 732//1 642//1 733//1
f 733//29 643//29 734//29
f 734//21 644//108 735//21
f 735//1 645//1 736//1
f 736//17 646//17 737//17
f 737//1 647//1 738//1
f 738//1 647//1 739//1
f 739//1 648//1 740//1
f 740//1 649//1 741//1
f 741//21 650//21 742//21
f 742//1 651//1 743//1
f 743//29 652//29 744//29
f 744//1 653//1 745//1
f 745//1 654//1 746//1
f 746//1 655//1 747//1
f 747//1 656//1 748//1
f 748//1 657//1 749//1
f 749//30 658//30 750//30
f 750//131 659//119 751//40
f 751//40 660//120 752//132
f 752//132 661//121 753//133
f 753//1 662//1 754//1
f 754//1 662//1 755//1
f 755//134 663//135 756//136
f 756//137 664//40 757//120
f 757//1 665//1 758//1
f 758//11 666//11 759//11
f 759//30 667//30 760//30
f 760//30 668//30 761//30
f 761//30 669//30 762//30
f 762//30 670//30 763//30
f 763//30 671//30 764//30
f 764//29 672//29 765//29
f 765//1 673//1 766//1
f 766//1 674//1 767//1
f 767//1 675//1 768//1
f 768//1 676//1 769//1
f 769//47 677//47 770//47
f 770//138 677//139 771//140
f 771//141 678//11 772//142
f 772//1 679//1 773//1
f 773//11 680//11 774//11
f 774//30 681//30 775//30
f 775//1 682//1 776//1
f 776//49 683//49 777//49
f 777//143 684//52 778//144
f 778//144 685//11 779//11
f 779//11 686//11 780//145
f 780//145 687//11 781//146
f 781//146 688//11 782//147
f 782//147 689//148 783//149
f 783//149 690//7 784//7
f 784//7 691//7 785//7
f 785//1 692//1 786//1
f 786//1 692//1 787//1
f 787//1 693//1 788//1
f 788//1 694//1 789//1
f 789//1 695//1 790//1
f 790//7 696//7 791//7
f 791//1 697//1 792//1
f 792//1 698//1 793//1
f 793//6 699//6 794//6
f 794//8 700//8 795//8
f 795//8 701//8 796//8
f 796//8 702//8 797//8
f 797//8 703//8 798//8
f 798//1 704//1 799//1
f 799//1 705//1 800//1
f 800//1 706//1 801//1
f 801//1 707//1 802//1
f 802//1 707//1 803//1
f 803//1 708//1 804//1
f 804//100 709//100 805//100
f 805//1 710//1 806//1
f 806//1 711//1 807//1
f 807//88 712//88 808//88
f 808//100 713//100 809//100
f 809//1 714//1 810//1
f 810//88 715//88 811//88
f 811//1 716//1 812//1
f 812//82 717//82 813//82
f 813//100 718//100 814//100
f 814//1 719//1 815//1
f 815//1 720//1 816//1
f 816//1 721//1 817//1
f 817//150 632//88 722//151
f 818//9 722//128 819//152
f 819//88 723//88 820//88
f 820//18 724//18 821//18
f 821//1 725//1 822//1
f 822//1 726//1 823//1
f 823//1 727//1 824//1
f 824//153 728//154 825//155
f 825//1 729//1 826//1
f 826//1 730//1 827//1
f 827//1 731//1 828//1
f 828//21 732//21 829//21
f 829//21 733//21 830//21
f 830//1 734//1 831//1
f 831//1 735//1 832//1
f 832//17 736//17 833//17
f 833//1 737//1 834//1
f 834//17 738//17 835//17
f 835//17 738//17 836//17
f 836//33 739//33 837//33
f 837//1 740//1 838//1
f 838//18 741//18 839//18
f 839//1 742//1 840//1
f 840//1 743//1 841//1
f 841//1 744//1 842//1
f 842//1 745//1 843//1
f 843//1 746//1 844//1
f 844//1 747//1 845//1
f 845//1 748//1 846//1
f 846//30 749//30 847//30
f 847//1 750//1 848//1
f 848//1 751//1 849//1
f 849//15 752//15 850//15
f 850//1 753//1 851//1
f 851//1 754//1 852//1
f 852//1 754//1 853//1
f 853//1 755//1 854//1
f 854//17 756//137 855//156
f 855//156 757//120 856//157
f 856//157 758//30 857//30
f 857//1 759//1 858//1
f 858//1 760//1 859//1
f 859//1 761//1 860//1
f 860//1 762//1 861//1
f 861//1 763//1 862//1
f 862//7 764//7 863//7
f 863//158 765//159 864//48
f 864//81 766//81 865//81
f 865//1 767//1 866//1
f 866//1 768//1 867//1
f 867//47 769//47 868//47
f 868//1 770//1 869//1
f 869//1 770//1 870//1
f 870//7 771//141 871//7
f 871//56 772//56 872//56
f 872//1 773//1 873//1
f 873//1 774//1 874//1
f 874//160 775//161 875//162
f 875//162 776//163 876//163
f 876//1 777//1 877//1
f 877//164 778//144 878//165
f 878//165 779//11 879//166
f 879//166 780//145 880//167
f 880//167 781//146 881//7
f 881//7 782//147 882//168
f 882//30 783//30 883//30
f 883//1 784//1 884//1
f 884//1 785//1 885//1
f 885//10 786//10 886//10
f 886//10 786//10 887//10
f 887//11 787//11 888//11
f 888//1 788//1 889//1
f 889//1 789//1 890//1
f 890//1 790//1 891//1
f 891//8 791//8 892//8
f 892//8 792//8 893//8
f 893//8 793//8 894//8
f 894//1 794//1 895//1
f 895//1 795//1 896//1
f 896//1 796//1 897//1
f 897//1 797//1 898//1
f 898//1 798//1 899//1
f 899//1 799//1 900//1
f 900//1 800//1 901//1
f 901//1 801//1 902//1
f 902//1 802//1 903//1
f 903//1 802//1 904//1
f 904//1 803//1 905//1
f 905//1 804//1 906//1
f 906//82 805//82 907//82
f 907//82 806//82 908//82
f 908//82 807//82 909//82
f 909//1 808//1 910//1
f 910//100 809//100 911//100
f 911//88 810//88 912//88
f 912//1 811//1 913//1
f 913//1 812//1 914//1
f 914//1 813//1 915//1
f 915//82 814//82 916//169
f 916//169 815//170 917//171
f 917//171 816//172 918//172
f 918//172 817//172 919//172
f 919//9 722//128 818//9
f 920//173 818//9 921//173
f 921//173 819//152 922//174
f 922//1 820//1 923//1
f 923//21 821//21 924//21
f 924//21 822//21 925//21
f 925//21 823//21 926//175
f 926//175 824//153 927//176
f 927//33 825//33 928//33
f 928//9 826//9 929//9
f 929//1 827//1 930//1
f 930//1 828//1 931//1
f 931//1 829//1 932//1
f 932//1 830//1 933//1
f 933//1 831//1 934//1
f 934//17 832//17 935//17
f 935//1 833//1 936//1
f 936//1 834//1 937//1
f 937//15 835//15 938//15
f 938//1 835//1 939//1
f 939//1 836//1 940//1
f 940//33 837//33 941//33
f 941//1 838//1 942//1
f 942//21 839//21 943//21
f 943//1 840//1 944//1
f 944//1 841//1 945//1
f 945//1 842//1 946//1
f 946//1 843//1 947//1
f 947//1 844//1 948//1
f 948//1 845//1 949//1
f 949//30 846//30 950//30
f 950//1 847//1 951//1
f 951//1 848//1 952//1
f 952//15 849//15 953//15
f 953//1 850//1 954//1
f 954//1 851//1 955//1
f 955//1 852//1 956//1
f 956//1 852//1 957//1
f 957//1 853//1 958//1
f 958//1 854//1 959//1
f 959//15 855//15 960//15
f 960//177 856//157 961//35
f 961//1 857//1 962//1
f 962//1 858//1 963//1
f 963//1 859//1 964//1
f 964//1 860//1 965//1
f 965//1 861//1 966//1
f 966//7 862//7 967//7
f 967//1 863//1 968//1
f 968//1 864//1 969//1
f 969//48 865//48 970//48
f 970//81 866//81 971//81
f 971//47 867//47 972//47
f 972//1 868//1 973//1
f 973//1 869//1 974//1
f 974//1 869//1 975//1
f 975//1 870//1 976//1
f 976//1 871//1 977//1
f 977//56 872//56 978//56
f 978//1 873//1 979//1
f 979//8 874//160 980//178
f 980//15 875//15 981//15
f 981//1 876//1 982//1
f 982//2 877//2 983//2
f 983//3 878//165 984//3
f 984//3 879//166 985//3
f 985//1 880//1 986//1
f 986//1 881//1 987//1
f 987//1 882//1 988//1
f 988//11 883//11 989//11
f 989//11 884//11 990//11
f 990//11 885//11 991//11
f 991//1 886//1 992//1
f 992//1 886//1 993//1
f 993//1 887//1 994//1
f 994//11 888//11 995//11
f 995//1 889//1 996//1
f 996//1 890//1 997//1
f 997//1 891//1 998//1
f 998//1 892//1 999//1
f 999//1 893//1 1000//1
f 1000//1 894//1 1001//1
f 1001//1 895//1 1002//1
f 1002//1 896//1 1003//1
f 1003//1 897//1 1004//1
f 1004//1 898//1 1005//1
f 1005//1 899//1 1006//1
f 1006//1 900//1 1007//1
f 1007//1 901//1 1008//1
f 1008//1 902//1 1009//1
f 1009//1 903//1 1010//1
f 1010//1 903//1 1011//1
f 1011//1 904//1 1012//1
f 1012//1 905//1 1013//1
f 1013//1 906//1 1014//1
f 1014//1 907//1 1015//1
f 1015//1 908//1 1016//1
f 1016//1 909//1 1017//1
f 1017//1 910//1 1018//1
f 1018//82 911//82 1019//82
f 1019//1 912//1 1020//1
f 1020//1 913//1 1021//1
f 1021//1 914//1 1022//1
f 1022//1 915//1 1023//1
f 1023//33 916//33 1024//33
f 1024//1 917//1 1025//1
f 1025//1 918//1 1026//1
f 1026//1 919//1 1027//1
f 1027//179 818//33 920//173
f 1028//9 920//173 1029//9
f 1029//33 921//173 1030//180
f 1030//180 922//174 1031//181
f 1031//182 923//18 1032//183
f 1032//1 924//1 1033//1
f 1033//29 925//29 1034//29
f 1034//21 926//175 1035//184
f 1035//9 927//9 1036//9
f 1036//1 928//1 1037//1
f 1037//33 929//33 1038//33
f 1038//33 930//33 1039//185
f 1039//185 931//186 1040//187
f 1040//187 932//21 1041//21
f 1041//21 933//21 1042//174
f 1042//174 934//188 1043//189
f 1043//1 935//1 1044//1
f 1044//1 936//1 1045//1
f 1045//17 937//17 1046//17
f 1046//1 938//1 1047//1
f 1047//1 938//1 1048//1
f 1048//1 939//1 1049//1
f 1049//1 940//1 1050//1
f 1050//185 941//33 1051//190
f 1051//18 942//18 1052//18
f 1052//1 943//1 1053//1
f 1053//124 944//56 1054//122
f 1054//35 945//35 1055//35
f 1055//25 946//25 1056//25
f 1056//1 947//1 1057//1
f 1057//1 948//1 1058//1
f 1058//30 949//30 1059//30
f 1059//1 950//1 1060//1
f 1060//1 951//1 1061//1
f 1061//15 952//15 1062//15
f 1062//1 953//1 1063//1
f 1063//1 954//1 1064//1
f 1064//15 955//15 1065//15
f 1065//191 956//192 1066//193
f 1066//193 956//192 1067//29
f 1067//1 957//1 1068//1
f 1068//1 958//1 1069//1
f 1069//1 959//1 1070//1
f 1070//1 960//1 1071//1
f 1071//35 961//35 1072//35
f 1072//1 962//1 1073//1
f 1073//1 963//1 1074//1
f 1074//1 964//1 1075//1
f 1075//1 965//1 1076//1
f 1076//7 966//7 1077//7
f 1077//1 967//1 1078//1
f 1078//1 968//1 1079//1
f 1079//1 969//1 1080//1
f 1080//1 970//1 1081//1
f 1081//48 971//48 1082//48
f 1082//1 972//1 1083//1
f 1083//1 973//1 1084//1
f 1084//1 974//1 1085//1
f 1085//1 974//1 1086//1
f 1086//1 975//1 1087//1
f 1087//1 976//1 1088//1
f 1088//1 977//1 1089//1
f 1089//7 978//7 1090//194
f 1090//194 979//7 1091//195
f 1091//1 980//1 1092//1
f 1092//3 981//3 1093//3
f 1093//3 982//3 1094//3
f 1094//1 983//1 1095//1
f 1095//1 984//1 1096//1
f 1096//1 985//1 1097//1
f 1097//1 986//1 1098//1
f 1098//1 987//1 1099//1
f 1099//1 988//1 1100//1
f 1100//1 989//1 1101//1
f 1101//1 990//1 1102//1
f 1102//1 991//1 1103//1
f 1103//1 992//1 1104//1
f 1104//1 992//1 1105//1
f 1105//1 993//1 1106//1
f 1106//1 994//1 1107//1
f 1107//10 995//10 1108//10
f 1108//11 996//11 1109//11
f 1109//1 997//1 1110//1
f 1110//18 998//18 1111//18
f 1111//10 999//10 1112//10
f 1112//10 1000//10 1113//10
f 1113//11 1001//11 1114//11
f 1114//1 1002//1 1115//1
f 1115//1 1003//1 1116//1
f 1116//1 1004//1 1117//1
f 1117//1 1005//1 1118//1
f 1118//1 1006//1 1119//1
f 1119//1 1007//1 1120//1
f 1120//1 1008//1 1121//1
f 1121//1 1009//1 1122//1
f 1122//196 1010//18 1123//13
f 1123//197 1010//10 1124//198
f 1124//1 1011//1 1125//1
f 1125//1 1012//1 1126//1
f 1126//1 1013//1 1127//1
f 1127//1 1014//1 1128//1
f 1128//1 1015//1 1129//1
f 1129//1 1016//1 1130//1
f 1130//21 1017//21 1131//21
f 1131//10 1018//10 1132//10
f 1132//1 1019//1 1133//1
f 1133//1 1020//1 1134//1
f 1134//1 1021//1 1135//1
f 1135//1 1022//1 1136//1
f 1136//33 1023//33 1137//33
f 1137//1 1024//1 1138//1
f 1138//1 1025//1 1139//1
f 1139//21 1026//21 1140//21
f 1140//18 1027//179 1141//199
f 1141//199 920//173 1028//9
f 1142//1 1028//1 1143//1
f 1143//9 1029//9 1144//9
f 1144//17 1030//17 1145//17
f 1145//33 1031//181 1146//33
f 1146//25 1032//25 1147//200
f 1147//200 1033//201 1148//202
f 1148//1 1034//1 1149//1
f 1149//1 1035//1 1150//1
f 1150//33 1036//33 1151//33
f 1151//9 1037//9 1152//9
f 1152//1 1038//1 1153//1
f 1153//17 1039//185 1154//17
f 1154//1 1040//1 1155//1
f 1155//1 1041//1 1156//1
f 1156//1 1042//1 1157//1
f 1157//33 1043//33 1158//33
f 1158//33 1044//33 1159//33
f 1159//33 1045//33 1160//33
f 1160//1 1046//1 1161//1
f 1161//1 1047//1 1162//1
f 1162//1 1047//1 1163//1
f 1163//1 1048//1 1164//1
f 1164//15 1049//15 1165//15
f 1165//17 1050//185 1166//203
f 1166//203 1051//190 1167//204
f 1167//122 1052//123 1168//124
f 1168//81 1053//81 1169//81
f 1169//21 1054//21 1170//21
f 1170//1 1055//1 1171//1
f 1171//35 1056//35 1172//35
f 1172//25 1057//25 1173//25
f 1173//205 1058//30 1174//206
f 1174//1 1059//1 1175//1
f 1175//1 1060//1 1176//1
f 1176//15 1061//15 1177//15
f 1177//1 1062//1 1178//1
f 1178//1 1063//1 1179//1
f 1179//15 1064//15 1180//15
f 1180//1 1065//1 1181//1
f 1181//3 1066//3 1182//3
f 1182//1 1066//1 1183//1
f 1183//30 1067//30 1184//30
f 1184//29 1068//29 1185//29
f 1185//1 1069//1 1186//1
f 1186//1 1070//1 1187//1
f 1187//1 1071//1 1188//1
f 1188//56 1072//56 1189//56
f 1189//35 1073//35 1190//35
f 1190//1 1074//1 1191//1
f 1191//7 1075//7 1192//7
f 1192//56 1076//56 1193//56
f 1193//1 1077//1 1194//1
f 1194//1 1078//1 1195//1
f 1195//1 1079//1 1196//1
f 1196//1 1080//1 1197//1
f 1197//1 1081//1 1198//1
f 1198//1 1082//1 1199//1
f 1199//1 1083//1 1200//1
f 1200//1 1084//1 1201//1
f 1201//1 1085//1 1202//1
f 1202//1 1085//1 1203//1
f 1203//1 1086//1 1204//1
f 1204//1 1087//1 1205//1
f 1205//1 1088//1 1206//1
f 1206//1 1089//1 1207//1
f 1207//2 1090//2 1208//2
f 1208//3 1091//195 1209//3
f 1209//3 1092//3 1210//3
f 1210//3 1093//3 1211//3
f 1211//15 1094//15 1212//15
f 1212//1 1095//1 1213//1
f 1213//1 1096//1 1214//1
f 1214//1 1097//1 1215//1
f 1215//1 1098//1 1216//1
f 1216//1 1099//1 1217//1
f 1217//2 1100//2 1218//2
f 1218//3 1101//3 1219//3
f 1219//3 1102//3 1220//3
f 1220//3 1103//3 1221//207
f 1221//207 1104//92 1222//76
f 1222//76 1104//92 1223//76
f 1223//1 1105//1 1224//1
f 1224//1 1106//1 1225//1
f 1225//1 1107//1 1226//1
f 1226//1 1108//1 1227//1
f 1227//10 1109//10 1228//10
f 1228//10 1110//10 1229//10
f 1229//1 1111//1 1230//1
f 1230//1 1112//1 1231//1
f 1231//1 1113//1 1232//1
f 1232//208 1114//11 1233//148
f 1233//1 1115//1 1234//1
f 1234//1 1116//1 1235//1
f 1235//1 1117//1 1236//1
f 1236//1 1118//1 1237//1
f 1237//1 1119//1 1238//1
f 1238//1 1120//1 1239//1
f 1239//6 1121//6 1240//6
f 1240//8 1122//8 1241//8
f 1241//2 1123//2 1242//2
f 1242//9 1123//9 1243//9
f 1243//74 1124//198 1244//8
f 1244//1 1125//1 1245//1
f 1245//1 1126//1 1246//1
f 1246//1 1127//1 1247//1
f 1247//1 1128//1 1248//1
f 1248//21 1129//21 1249//21
f 1249//18 1130//18 1250//18
f 1250//1 1131//1 1251//1
f 1251//10 1132//10 1252//10
f 1252//1 1133//1 1253//1
f 1253//1 1134//1 1254//1
f 1254//1 1135//1 1255//1
f 1255//209 1136//25 1256//210
f 1256//183 1137//211 1257//18
f 1257//18 1138//18 1258//18
f 1258//18 1139//18 1259//18
f 1259//1 1140//1 1260//1
f 1260//1 1141//1 1261//1
f 1261//1 1028//1 1142//1
f 1262//1 1142//1 1263//1
f 1263//1 1143//1 1264//1
f 1264//33 1144//33 1265//33
f 1265//1 1145//1 1266//1
f 1266//1 1146//1 1267//1
f 1267//1 1147//1 1268//1
f 1268//33 1148//33 1269//33
f 1269//9 1149//9 1270//9
f 1270//1 1150//1 1271//1
f 1271//1 1151//1 1272//1
f 1272//33 1152//33 1273//33
f 1273//33 1153//33 1274//33
f 1274//1 1154//1 1275//1
f 1275//1 1155//1 1276//1
f 1276//1 1156//1 1277//1
f 1277//1 1157//1 1278//1
f 1278//1 1158//1 1279//1
f 1279//1 1159//1 1280//1
f 1280//1 1160//1 1281//1
f 1281//1 1161//1 1282//1
f 1282//1 1162//1 1283//1
f 1283//1 1162//1 1284//1
f 1284//15 1163//15 1285//15
f 1285//17 1164//17 1286//17
f 1286//1 1165//1 1287//1
f 1287//15 1166//15 1288//15
f 1288//35 1167//35 1289//35
f 1289//1 1168//1 1290//1
f 1290//1 1169//1 1291//1
f 1291//29 1170//29 1292//29
f 1292//21 1171//21 1293//21
f 1293//1 1172//1 1294//1
f 1294//35 1173//35 1295//35
f 1295//17 1174//17 1296//17
f 1296//17 1175//17 1297//17
f 1297//17 1176//17 1298//17
f 1298//1 1177//1 1299//1
f 1299//1 1178//1 1300//1
f 1300//15 1179//15 1301//15
f 1301//1 1180//1 1302//1
f 1302//15 1181//15 1303//15
f 1303//1 1182//1 1304//1
f 1304//1 1182//1 1305//1
f 1305//1 1183//1 1306//1
f 1306//1 1184//1 1307//1
f 1307//212 1185//29 1308//213
f 1308//1 1186//1 1309//1
f 1309//1 1187//1 1310//1
f 1310//1 1188//1 1311//1
f 1311//1 1189//1 1312//1
f 1312//56 1190//56 1313//56
f 1313//56 1191//56 1314//56
f 1314//1 1192//1 1315//1
f 1315//1 1193//1 1316//1
f 1316//1 1194//1 1317//1
f 1317//1 1195//1 1318//1
f 1318//1 1196//1 1319//1
f 1319//1 1197//1 1320//1
f 1320//1 1198//1 1321//1
f 1321//3 1199//3 1322//3
f 1322//15 1200//15 1323//214
f 1323//214 1201//27 1324//215
f 1324//215 1202//216 1325//64
f 1325//64 1202//216 1326//56
f 1326//1 1203//1 1327//1
f 1327//1 1204//1 1328//1
f 1328//1 1205//1 1329//1
f 1329//1 1206//1 1330//1
f 1330//217 1207//2 1331//218
f 1331//1 1208//1 1332//1
f 1332//1 1209//1 1333//1
f 1333//1 1210//1 1334//1
f 1334//1 1211//1 1335//1
f 1335//3 1212//3 1336//3
f 1336//15 1213//15 1337//15
f 1337//1 1214//1 1338//1
f 1338//1 1215//1 1339//1
f 1339//1 1216//1 1340//1
f 1340//2 1217//2 1341//2
f 1341//1 1218//1 1342//1
f 1342//2 1219//2 1343//2
f 1343//3 1220//3 1344//3
f 1344//3 1221//207 1345//3
f 1345//1 1222//1 1346//1
f 1346//1 1222//1 1347//1
f 1347//92 1223//76 1348//207
f 1348//207 1224//3 1349//3
f 1349//1 1225//1 1350//1
f 1350//1 1226//1 1351//1
f 1351//1 1227//1 1352//1
f 1352//1 1228//1 1353//1
f 1353//1 1229//1 1354//1
f 1354//1 1230//1 1355//1
f 1355//1 1231//1 1356//1
f 1356//9 1232//9 1357//9
f 1357//167 1233//148 1358//7
f 1358//1 1234//1 1359//1
f 1359//1 1235//1 1360//1
f 1360//1 1236//1 1361//1
f 1361//1 1237//1 1362//1
f 1362//1 1238//1 1363//1
f 1363//6 1239//6 1364//6
f 1364//1 1240//1 1365//1
f 1365//1 1241//1 1366//1
f 1366//1 1242//1 1367//1
f 1367//1 1242//1 1368//1
f 1368//1 1243//1 1369//1
f 1369//219 1244//196 1370//13
f 1370//197 1245//10 1371//220
f 1371//1 1246//1 1372//1
f 1372//1 1247//1 1373//1
f 1373//21 1248//21 1374//21
f 1374//1 1249//1 1375//1
f 1375//1 1250//1 1376//1
f 1376//1 1251//1 1377//1
f 1377//10 1252//10 1378//10
f 1378//1 1253//1 1379//1
f 1379//1 1254//1 1380//1
f 1380//21 1255//209 1381//221
f 1381//17 1256//17 1382//17
f 1382//1 1257//1 1383//1
f 1383//1 1258//1 1384//1
f 1384//1 1259//1 1385//1
f 1385//1 1260//1 1386//1
f 1386//1 1261//1 1387//1
f 1387//1 1142//1 1262//1
f 1388//1 1262//1 1389//1
f 1389//1 1263//1 1390//1
f 1390//1 1264//1 1391//1
f 1391//1 1265//1 1392//1
f 1392//1 1266//1 1393//1
f 1393//1 1267//1 1394//1
f 1394//1 1268//1 1395//1
f 1395//1 1269//1 1396//1
f 1396//9 1270//9 1397//9
f 1397//1 1271//1 1398//1
f 1398//1 1272//1 1399//1
f 1399//1 1273//1 1400//1
f 1400//1 1274//1 1401//1
f 1401//1 1275//1 1402//1
f 1402//1 1276//1 1403//1
f 1403//17 1277//17 1404//17
f 1404//33 1278//33 1405//33
f 1405//33 1279//33 1406//33
f 1406//33 1280//33 1407//33
f 1407//33 1281//33 1408//33
f 1408//33 1282//33 1409//33
f 1409//33 1283//33 1410//33
f 1410//17 1283//17 1411//17
f 1411//17 1284//17 1412//17
f 1412//1 1285//1 1413//1
f 1413//1 1286//1 1414//1
f 1414//15 1287//15 1415//15
f 1415//1 1288//1 1416//1
f 1416//1 1289//1 1417//1
f 1417//1 1290//1 1418//1
f 1418//1 1291//1 1419//1
f 1419//1 1292//1 1420//1
f 1420//21 1293//21 1421//21
f 1421//1 1294//1 1422//1
f 1422//1 1295//1 1423//1
f 1423//1 1296//1 1424//1
f 1424//1 1297//1 1425//1
f 1425//1 1298//1 1426//1
f 1426//1 1299//1 1427//1
f 1427//15 1300//15 1428//15
f 1428//1 1301//1 1429//1
f 1429//15 1302//15 1430//15
f 1430//1 1303//1 1431//1
f 1431//1 1304//1 1432//1
f 1432//1 1304//1 1433//1
f 1433//1 1305//1 1434//1
f 1434//1 1306//1 1435//1
f 1435//3 1307//3 1436//3
f 1436//177 1308//213 1437//35
f 1437//1 1309//1 1438//1
f 1438//1 1310//1 1439//1
f 1439//1 1311//1 1440//1
f 1440//1 1312//1 1441//1
f 1441//1 1313//1 1442//1
f 1442//1 1314//1 1443//1
f 1443//1 1315//1 1444//1
f 1444//1 1316//1 1445//1
f 1445//1 1317//1 1446//1
f 1446//1 1318//1 1447//1
f 1447//1 1319//1 1448//1
f 1448//7 1320//7 1449//7
f 1449//56 1321//64 1450//222
f 1450//29 1322//29 1451//29
f 1451//11 1323//214 1452//223
f 1452//223 1324//215 1453//15
f 1453//1 1325//1 1454//1
f 1454//1 1325//1 1455//1
f 1455//56 1326//56 1456//56
f 1456//1 1327//1 1457//1
f 1457//1 1328//1 1458//1
f 1458//8 1329//8 1459//8
f 1459//224 1330//225 1460//226
f 1460//15 1331//15 1461//15
f 1461//1 1332//1 1462//1
f 1462//1 1333//1 1463//1
f 1463//1 1334//1 1464//1
f 1464//1 1335//1 1465//1
f 1465//1 1336//1 1466//1
f 1466//15 1337//15 1467//15
f 1467//1 1338//1 1468//1
f 1468//1 1339//1 1469//1
f 1469//100 1340//100 1470//100
f 1470//227 1341//228 1471//229
f 1471//230 1342//3 1472//231
f 1472//1 1343//1 1473//1
f 1473//1 1344//1 1474//1
f 1474//1 1345//1 1475//1
f 1475//1 1346//1 1476//1
f 1476//1 1346//1 1477//1
f 1477//1 1347//1 1478//1
f 1478//3 1348//207 1479//3
f 1479//2 1349//2 1480//2
f 1480//3 1350//3 1481//3
f 1481//1 1351//1 1482//1
f 1482//1 1352//1 1483//1
f 1483//1 1353//1 1484//1
f 1484//1 1354//1 1485//1
f 1485//1 1355//1 1486//1
f 1486//9 1356//9 1487//9
f 1487//1 1357//1 1488//1
f 1488//194 1358//7 1489//7
f 1489//1 1359//1 1490//1
f 1490//1 1360//1 1491//1
f 1491//1 1361//1 1492//1
f 1492//6 1362//6 1493//6
f 1493//8 1363//8 1494//8
f 1494//1 1364//1 1495//1
f 1495//1 1365//1 1496//1
f 1496//1 1366//1 1497//1
f 1497//1 1367//1 1498//1
f 1498//1 1367//1 1499//1
f 1499//1 1368//1 1500//1
f 1500//1 1369//1 1501//1
f 1501//9 1370//9 1502//9
f 1502//232 1371//220 1503//13
f 1503//197 1372//10 1504//233
f 1504//234 1373//21 1505//235
f 1505//1 1374//1 1506//1
f 1506//1 1375//1 1507//1
f 1507//1 1376//1 1508//1
f 1508//1 1377//1 1509//1
f 1509//236 1378//10 1510//198
f 1510//1 1379//1 1511//1
f 1511//237 1380//21 1512//238
f 1512//238 1381//221 1513//33
f 1513//1 1382//1 1514//1
f 1514//1 1383//1 1515//1
f 1515//1 1384//1 1516//1
f 1516//1 1385//1 1517//1
f 1517//1 1386//1 1518//1
f 1518//1 1387//1 1519//1
f 1519//1 1262//1 1388//1
f 1520//82 1388//82 1521//82
f 1521//1 1389//1 1522//1
f 1522//1 1390//1 1523//1
f 1523//1 1391//1 1524//1
f 1524//1 1392//1 1525//1
f 1525//1 1393//1 1526//1
f 1526//1 1394//1 1527//1
f 1527//1 1395//1 1528//1
f 1528//1 1396//1 1529//1
f 1529//9 1397//9 1530//9
f 1530//1 1398//1 1531//1
f 1531//1 1399//1 1532//1
f 1532//187 1400//17 1533//239
f 1533//239 1401//33 1534//33
f 1534//33 1402//33 1535//33
f 1535//33 1403//33 1536//33
f 1536//1 1404//1 1537//1
f 1537//1 1405//1 1538//1
f 1538//1 1406//1 1539//1
f 1539//1 1407//1 1540//1
f 1540//1 1408//1 1541//1
f 1541//1 1409//1 1542//1
f 1542//17 1410//17 1543//17
f 1543//33 1410//33 1544//33
f 1544//1 1411//1 1545//1
f 1545//1 1412//1 1546//1
f 1546//15 1413//15 1547//15
f 1547//17 1414//17 1548//17
f 1548//1 1415//1 1549//1
f 1549//1 1416//1 1550//1
f 1550//1 1417//1 1551//1
f 1551//1 1418//1 1552//1
f 1552//1 1419//1 1553//1
f 1553//1 1420//1 1554//1
f 1554//21 1421//21 1555//21
f 1555//1 1422//1 1556//1
f 1556//1 1423//1 1557//1
f 1557//1 1424//1 1558//1
f 1558//1 1425//1 1559//1
f 1559//1 1426//1 1560//1
f 1560//1 1427//1 1561//1
f 1561//3 1428//3 1562//3
f 1562//15 1429//15 1563//15
f 1563//1 1430//1 1564//1
f 1564//1 1431//1 1565//1
f 1565//1 1432//1 1566//1
f 1566//1 1432//1 1567//1
f 1567//1 1433//1 1568//1
f 1568//3 1434//3 1569//3
f 1569//15 1435//15 1570//15
f 1570//1 1436//1 1571//1
f 1571//35 1437//35 1572//35
f 1572//1 1438//1 1573//1
f 1573//1 1439//1 1574//1
f 1574//1 1440//1 1575//1
f 1575//1 1441//1 1576//1
f 1576//1 1442//1 1577//1
f 1577//1 1443//1 1578//1
f 1578//1 1444//1 1579//1
f 1579//1 1445//1 1580//1
f 1580//1 1446//1 1581//1
f 1581//1 1447//1 1582//1
f 1582//7 1448//7 1583//7
f 1583//1 1449//1 1584//1
f 1584//1 1450//1 1585//1
f 1585//30 1451//30 1586//30
f 1586//1 1452//1 1587//1
f 1587//1 1453//1 1588//1
f 1588//1 1454//1 1589//1
f 1589//1 1454//1 1590//1
f 1590//1 1455//1 1591//1
f 1591//56 1456//56 1592//56
f 1592//1 1457//1 1593//1
f 1593//8 1458//8 1594//8
f 1594//1 1459//1 1595//1
f 1595//15 1460//15 1596//15
f 1596//15 1461//15 1597//15
f 1597//1 1462//1 1598//1
f 1598//1 1463//1 1599//1
f 1599//1 1464//1 1600//1
f 1600//1 1465//1 1601//1
f 1601//1 1466//1 1602//1
f 1602//164 1467//3 1603//240
f 1603//241 1468//242 1604//243
f 1604//244 1469//245 1605//246
f 1605//1 1470//1 1606//1
f 1606//7 1471//230 1607//7
f 1607//56 1472//56 1608//56
f 1608//1 1473//1 1609//1
f 1609//1 1474//1 1610//1
f 1610//1 1475//1 1611//1
f 1611//1 1476//1 1612//1
f 1612//18 1476//18 1613//18
f 1613//10 1477//10 1614//10
f 1614//10 1478//247 1615//20
f 1615//7 1479//7 1616//7
f 1616//1 1480//1 1617//1
f 1617//2 1481//2 1618//2
f 1618//2 1482//2 1619//2
f 1619//2 1483//2 1620//2
f 1620//3 1484//3 1621//3
f 1621//9 1485//9 1622//9
f 1622//2 1486//2 1623//2
f 1623//9 1487//9 1624//9
f 1624//3 1488//194 1625//248
f 1625//249 1489//8 1626//250
f 1626//250 1490//8 1627//8
f 1627//8 1491//8 1628//8
f 1628//8 1492//8 1629//8
f 1629//1 1493//1 1630//1
f 1630//1 1494//1 1631//1
f 1631//1 1495//1 1632//1
f 1632//1 1496//1 1633//1
f 1633//1 1497//1 1634//1
f 1634//1 1498//1 1635//1
f 1635//1 1498//1 1636//1
f 1636//1 1499//1 1637//1
f 1637//1 1500//1 1638//1
f 1638//1 1501//1 1639//1
f 1639//1 1502//1 1640//1
f 1640//9 1503//9 1641//9
f 1641//6 1504//6 1642//6
f 1642//9 1505//9 1643//9
f 1643//9 1506//9 1644//9
f 1644//9 1507//9 1645//9
f 1645//9 1508//9 1646//9
f 1646//9 1509//9 1647//9
f 1647//74 1510//198 1648//8
f 1648//25 1511//237 1649//200
f 1649//9 1512//9 1650//9
f 1650//1 1513//1 1651//1
f 1651//1 1514//1 1652//1
f 1652//1 1515//1 1653//1
f 1653//1 1516//1 1654//1
f 1654//1 1517//1 1655//1
f 1655//1 1518//1 1656//1
f 1656//1 1519//1 1657//1
f 1657//88 1388//88 1520//88
f 1658//1 1520//1 1659//1
f 1659//88 1521//88 1660//251
f 1660//251 1522//252 1661//253
f 1661//254 1523//255 1662//255
f 1662//1 1524//1 1663//1
f 1663//1 1525//1 1664//1
f 1664//1 1526//1 1665//1
f 1665//1 1527//1 1666//1
f 1666//1 1528//1 1667//1
f 1667//1 1529//1 1668//1
f 1668//256 1530//9 1669//257
f 1669//29 1531//29 1670//29
f 1670//21 1532//187 1671//186
f 1671//186 1533//239 1672//33
f 1672//33 1534//33 1673//33
f 1673//33 1535//33 1674//33
f 1674//22 1536//23 1675//24
f 1675//25 1537//25 1676//25
f 1676//25 1538//25 1677//25
f 1677//6 1539//6 1678//6
f 1678//1 1540//1 1679//1
f 1679//17 1541//17 1680//17
f 1680//221 1542//33 1681//258
f 1681//17 1543//17 1682//17
f 1682//33 1543//33 1683//33
f 1683//17 1544//17 1684//17
f 1684//17 1545//17 1685//17
f 1685//17 1546//17 1686//17
f 1686//1 1547//1 1687//1
f 1687//1 1548//1 1688//1
f 1688//1 1549//1 1689//1
f 1689//1 1550//1 1690//1
f 1690//1 1551//1 1691//1
f 1691//1 1552//1 1692//1
f 1692//1 1553//1 1693//1
f 1693//1 1554//1 1694//1
f 1694//21 1555//21 1695//21
f 1695//1 1556//1 1696//1
f 1696//1 1557//1 1697//1
f 1697//1 1558//1 1698//1
f 1698//1 1559//1 1699//1
f 1699//1 1560//1 1700//1
f 1700//30 1561//259 1701//260
f 1701//260 1562//191 1702//17
f 1702//1 1563//1 1703//1
f 1703//1 1564//1 1704//1
f 1704//1 1565//1 1705//1
f 1705//1 1566//1 1706//1
f 1706//1 1566//1 1707//1
f 1707//7 1567//7 1708//7
f 1708//261 1568//133 1709//212
f 1709//1 1569//1 1710//1
f 1710//1 1570//1 1711//1
f 1711//1 1571//1 1712//1
f 1712//35 1572//35 1713//35
f 1713//1 1573//1 1714//1
f 1714//1 1574//1 1715//1
f 1715//1 1575//1 1716//1
f 1716//1 1576//1 1717//1
f 1717//1 1577//1 1718//1
f 1718//1 1578//1 1719//1
f 1719//1 1579//1 1720//1
f 1720//1 1580//1 1721//1
f 1721//1 1581//1 1722//1
f 1722//7 1582//7 1723//7
f 1723//1 1583//1 1724//1
f 1724//1 1584//1 1725//1
f 1725//1 1585//1 1726//1
f 1726//1 1586//1 1727//1
f 1727//1 1587//1 1728//1
f 1728//1 1588//1 1729//1
f 1729//1 1589//1 1730//1
f 1730//1 1589//1 1731//1
f 1731//1 1590//1 1732//1
f 1732//35 1591//35 1733//35
f 1733//1 1592//1 1734//1
f 1734//8 1593//8 1735//8
f 1735//1 1594//1 1736//1
f 1736//1 1595//1 1737//1
f 1737//15 1596//15 1738//15
f 1738//15 1597//15 1739//15
f 1739//1 1598//1 1740//1
f 1740//1 1599//1 1741//1
f 1741//1 1600//1 1742//1
f 1742//1 1601//1 1743//1
f 1743//10 1602//10 1744//10
f 1744//11 1603//240 1745//11
f 1745//10 1604//243 1746//10
f 1746//1 1605//1 1747//1
f 1747//1 1606//1 1748//1
f 1748//1 1607//1 1749//1
f 1749//7 1608//7 1750//7
f 1750//56 1609//56 1751//56
f 1751//1 1610//1 1752//1
f 1752//1 1611//1 1753//1
f 1753//8 1612//262 1754//178
f 1754//178 1612//262 1755//242
f 1755//1 1613//1 1756//1
f 1756//1 1614//1 1757//1
f 1757//56 1615//56 1758//56
f 1758//1 1616//1 1759//1
f 1759//1 1617//1 1760//1
f 1760//1 1618//1 1761//1
f 1761//1 1619//1 1762//1
f 1762//1 1620//1 1763//1
f 1763//2 1621//2 1764//2
f 1764//9 1622//9 1765//9
f 1765//2 1623//2 1766//2
f 1766//1 1624//1 1767//1
f 1767//2 1625//249 1768//2
f 1768//3 1626//3 1769//3
f 1769//1 1627//1 1770//1
f 1770//1 1628//1 1771//1
f 1771//1 1629//1 1772//1
f 1772//1 1630//1 1773//1
f 1773//1 1631//1 1774//1
f 1774//1 1632//1 1775//1
f 1775//1 1633//1 1776//1
f 1776//82 1634//82 1777//82
f 1777//100 1635//100 1778//100
f 1778//100 1635//100 1779//100
f 1779//1 1636//1 1780//1
f 1780//1 1637//1 1781//1
f 1781//1 1638//1 1782//1
f 1782//1 1639//1 1783//1
f 1783//1 1640//1 1784//1
f 1784//1 1641//1 1785//1
f 1785//1 1642//1 1786//1
f 1786//1 1643//1 1787//1
f 1787//1 1644//1 1788//1
f 1788//1 1645//1 1789//1
f 1789//1 1646//1 1790//1
f 1790//1 1647//1 1791//1
f 1791//6 1648//6 1792//6
f 1792//1 1649//1 1793//1
f 1793//1 1650//1 1794//1
f 1794//1 1651//1 1795//1
f 1795//1 1652//1 1796//1
f 1796//1 1653//1 1797//1
f 1797//1 1654//1 1798//1
f 1798//1 1655//1 1799//1
f 1799//88 1656//88 1800//88
f 1800//82 1657//82 1801//82
f 1801//1 1520//1 1658//1
f 1802//1 1658//1 1803//1
f 1803//1 1659//1 1804//1
f 1804//1 1660//1 1805//1
f 1805//9 1661//254 1806//263
f 1806//264 1662//41 1807//265
f 1807//266 1663//255 1808//255
f 1808//1 1664//1 1809//1
f 1809//1 1665//1 1810//1
f 1810//1 1666//1 1811//1
f 1811//17 1667//17 1812//17
f 1812//33 1668//256 1813//267
f 1813//267 1669//257 1814//21
f 1814//1 1670//1 1815//1
f 1815//1 1671//1 1816//1
f 1816//1 1672//1 1817//1
f 1817//1 1673//1 1818//1
f 1818//29 1674//22 1819//29
f 1819//1 1675//1 1820//1
f 1820//1 1676//1 1821//1
f 1821//1 1677//1 1822//1
f 1822//25 1678//25 1823//25
f 1823//25 1679//268 1824//209
f 1824//209 1680//221 1825//269
f 1825//269 1681//258 1826//270
f 1826//6 1682//6 1827//6
f 1827//1 1682//1 1828//1
f 1828//33 1683//33 1829//33
f 1829//1 1684//1 1830//1
f 1830//1 1685//1 1831//1
f 1831//1 1686//1 1832//1
f 1832//1 1687//1 1833//1
f 1833//1 1688//1 1834//1
f 1834//1 1689//1 1835//1
f 1835//1 1690//1 1836//1
f 1836//1 1691//1 1837//1
f 1837//1 1692//1 1838//1
f 1838//1 1693//1 1839//1
f 1839//1 1694//1 1840//1
f 1840//271 1695//21 1841//21
f 1841//1 1696//1 1842//1
f 1842//1 1697//1 1843//1
f 1843//1 1698//1 1844//1
f 1844//1 1699//1 1845//1
f 1845//30 1700//30 1846//30
f 1846//1 1701//1 1847//1
f 1847//1 1702//1 1848//1
f 1848//1 1703//1 1849//1
f 1849//1 1704//1 1850//1
f 1850//1 1705//1 1851//1
f 1851//56 1706//56 1852//56
f 1852//56 1706//56 1853//56
f 1853//56 1707//56 1854//56
f 1854//1 1708//1 1855//1
f 1855//29 1709//212 1856//29
f 1856//1 1710//1 1857//1
f 1857//1 1711//1 1858//1
f 1858//1 1712//1 1859//1
f 1859//35 1713//35 1860//35
f 1860//1 1714//1 1861//1
f 1861//1 1715//1 1862//1
f 1862//1 1716//1 1863//1
f 1863//1 1717//1 1864//1
f 1864//1 1718//1 1865//1
f 1865//1 1719//1 1866//1
f 1866//1 1720//1 1867//1
f 1867//1 1721//1 1868//1
f 1868//7 1722//7 1869//194
f 1869//1 1723//1 1870//1
f 1870//1 1724//1 1871//1
f 1871//1 1725//1 1872//1
f 1872//1 1726//1 1873//1
f 1873//1 1727//1 1874//1
f 1874//1 1728//1 1875//1
f 1875//1 1729//1 1876//1
f 1876//1 1730//1 1877//1
f 1877//1 1730//1 1878//1
f 1878//1 1731//1 1879//1
f 1879//1 1732//1 1880//1
f 1880//7 1733//7 1881//7
f 1881//7 1734//7 1882//7
f 1882//1 1735//1 1883//1
f 1883//1 1736//1 1884//1
f 1884//1 1737//1 1885//1
f 1885//15 1738//15 1886//15
f 1886//15 1739//15 1887//15
f 1887//1 1740//1 1888//1
f 1888//1 1741//1 1889//1
f 1889//1 1742//1 1890//1
f 1890//10 1743//10 1891//272
f 1891//272 1744//10 1892//241
f 1892//11 1745//11 1893//11
f 1893//1 1746//1 1894//1
f 1894//1 1747//1 1895//1
f 1895//1 1748//1 1896//1
f 1896//1 1749//1 1897//1
f 1897//1 1750//1 1898//1
f 1898//7 1751//7 1899//7
f 1899//56 1752//56 1900//56
f 1900//8 1753//8 1901//8
f 1901//1 1754//1 1902//1
f 1902//1 1754//1 1903//1
f 1903//3 1755//3 1904//3
f 1904//1 1756//1 1905//1
f 1905//1 1757//1 1906//1
f 1906//8 1758//8 1907//8
f 1907//273 1759//7 1908//274
f 1908//1 1760//1 1909//1
f 1909//1 1761//1 1910//1
f 1910//1 1762//1 1911//1
f 1911//1 1763//1 1912//1
f 1912//9 1764//9 1913//9
f 1913//1 1765//1 1914//1
f 1914//1 1766//1 1915//1
f 1915//1 1767//1 1916//1
f 1916//1 1768//1 1917//1
f 1917//3 1769//3 1918//3
f 1918//1 1770//1 1919//1
f 1919//1 1771//1 1920//1
f 1920//1 1772//1 1921//1
f 1921//1 1773//1 1922//1
f 1922//1 1774//1 1923//1
f 1923//255 1775//255 1924//254
f 1924//275 1776//276 1925//277
f 1925//1 1777//1 1926//1
f 1926//1 1778//1 1927//1
f 1927//1 1778//1 1928//1
f 1928//82 1779//82 1929//82
f 1929//82 1780//82 1930//82
f 1930//278 1781//100 1931//279
f 1931//1 1782//1 1932//1
f 1932//1 1783//1 1933//1
f 1933//1 1784//1 1934//1
f 1934//1 1785//1 1935//1
f 1935//1 1786//1 1936//1
f 1936//33 1787//33 1937//33
f 1937//2 1788//2 1938//2
f 1938//1 1789//1 1939//1
f 1939//1 1790//1 1940//1
f 1940//1 1791//1 1941//1
f 1941//1 1792//1 1942//1
f 1942//1 1793//1 1943//1
f 1943//1 1794//1 1944//1
f 1944//1 1795//1 1945//1
f 1945//33 1796//33 1946//238
f 1946//238 1797//202 1947//234
f 1947//6 1798//6 1948//280
f 1948//280 1799//281 1949//282
f 1949//1 1800//1 1950//1
f 1950//1 1801//1 1951//1
f 1951//1 1658//1 1802//1
f 1952//1 1802//1 1953//1
f 1953//1 1803//1 1954//1
f 1954//1 1804//1 1955//1
f 1955//1 1805//1 1956//1
f 1956//33 1806//264 1957//33
f 1957//9 1807//266 1958//263
f 1958//264 1808//41 1959//283
f 1959//283 1809//41 1960//41
f 1960//284 1810//285 1961//286
f 1961//33 1811//33 1962//33
f 1962//1 1812//1 1963//1
f 1963//1 1813//1 1964//1
f 1964//1 1814//1 1965//1
f 1965//1 1815//1 1966//1
f 1966//1 1816//1 1967//1
f 1967//1 1817//1 1968//1
f 1968//29 1818//29 1969//29
f 1969//1 1819//1 1970//1
f 1970//1 1820//1 1971//1
f 1971//1 1821//1 1972//1
f 1972//1 1822//1 1973//1
f 1973//1 1823//1 1974//1
f 1974//1 1824//1 1975//1
f 1975//29 1825//269 1976//29
f 1976//1 1826//1 1977//1
f 1977//25 1827//25 1978//25
f 1978//25 1827//25 1979//25
f 1979//56 1828//56 1980//56
f 1980//287 1829//288 1981//40
f 1981//41 1830//41 1982//110
f 1982//1 1831//1 1983//1
f 1983//1 1832//1 1984//1
f 1984//1 1833//1 1985//1
f 1985//1 1834//1 1986//1
f 1986//1 1835//1 1987//1
f 1987//1 1836//1 1988//1
f 1988//1 1837//1 1989//1
f 1989//15 1838//15 1990//15
f 1990//17 1839//17 1991//17
f 1991//33 1840//271 1992//221
f 1992//221 1841//21 1993//289
f 1993//1 1842//1 1994//1
f 1994//1 1843//1 1995//1
f 1995//1 1844//1 1996//1
f 1996//1 1845//1 1997//1
f 1997//11 1846//11 1998//11
f 1998//1 1847//1 1999//1
f 1999//1 1848//1 2000//1
f 2000//1 1849//1 2001//1
f 2001//1 1850//1 2002//1
f 2002//290 1851//56 2003//56
f 2003//1 1852//1 2004//1
f 2004//1 1852//1 2005//1
f 2005//1 1853//1 2006//1
f 2006//1 1854//1 2007//1
f 2007//21 1855//21 2008//21
f 2008//1 1856//1 2009//1
f 2009//1 1857//1 2010//1
f 2010//1 1858//1 2011//1
f 2011//1 1859//1 2012//1
f 2012//56 1860//56 2013//56
f 2013//35 1861//35 2014//35
f 2014//1 1862//1 2015//1
f 2015//1 1863//1 2016//1
f 2016//1 1864//1 2017//1
f 2017//1 1865//1 2018//1
f 2018//1 1866//1 2019//1
f 2019//1 1867//1 2020//1
f 2020//168 1868//7 2021//291
f 2021//291 1869//194 2022//292
f 2022//15 1870//15 2023//15
f 2023//15 1871//15 2024//15
f 2024//17 1872//17 2025//17
f 2025//1 1873//1 2026//1
f 2026//1 1874//1 2027//1
f 2027//1 1875//1 2028//1
f 2028//1 1876//1 2029//1
f 2029//1 1877//1 2030//1
f 2030//1 1877//1 2031//1
f 2031//1 1878//1 2032//1
f 2032//1 1879//1 2033//1
f 2033//1 1880//1 2034//1
f 2034//1 1881//1 2035//1
f 2035//1 1882//1 2036//1
f 2036//1 1883//1 2037//1
f 2037//1 1884//1 2038//1
f 2038//1 1885//1 2039//1
f 2039//15 1886//15 2040//293
f 2040//293 1887//15 2041//27
f 2041//1 1888//1 2042//1
f 2042//1 1889//1 2043//1
f 2043//10 1890//10 2044//294
f 2044//294 1891//272 2045//178
f 2045//15 1892//15 2046//15
f 2046//1 1893//1 2047//1
f 2047//1 1894//1 2048//1
f 2048//1 1895//1 2049//1
f 2049//1 1896//1 2050//1
f 2050//1 1897//1 2051//1
f 2051//1 1898//1 2052//1
f 2052//1 1899//1 2053//1
f 2053//56 1900//56 2054//56
f 2054//6 1901//6 2055//6
f 2055//1 1902//1 2056//1
f 2056//18 1902//18 2057//18
f 2057//10 1903//247 2058//295
f 2058//295 1904//295 2059//241
f 2059//240 1905//11 2060//11
f 2060//1 1906//1 2061//1
f 2061//296 1907//9 2062//297
f 2062//298 1908//274 2063//299
f 2063//1 1909//1 2064//1
f 2064//1 1910//1 2065//1
f 2065//1 1911//1 2066//1
f 2066//9 1912//9 2067//9
f 2067//1 1913//1 2068//1
f 2068//1 1914//1 2069//1
f 2069//1 1915//1 2070//1
f 2070//1 1916//1 2071//1
f 2071//1 1917//1 2072//1
f 2072//79 1918//3 2073//300
f 2073//1 1919//1 2074//1
f 2074//1 1920//1 2075//1
f 2075//255 1921//255 2076//255
f 2076//49 1922//49 2077//49
f 2077//49 1923//49 2078//49
f 2078//301 1924//254 2079//9
f 2079//1 1925//1 2080//1
f 2080//1 1926//1 2081//1
f 2081//1 1927//1 2082//1
f 2082//1 1927//1 2083//1
f 2083//1 1928//1 2084//1
f 2084//1 1929//1 2085//1
f 2085//3 1930//3 2086//3
f 2086//255 1931//255 2087//255
f 2087//255 1932//255 2088//255
f 2088//255 1933//255 2089//255
f 2089//302 1934//303 2090//304
f 2090//305 1935//9 2091//306
f 2091//306 1936//9 2092//9
f 2092//1 1937//1 2093//1
f 2093//9 1938//9 2094//9
f 2094//9 1939//9 2095//9
f 2095//2 1940//2 2096//2
f 2096//1 1941//1 2097//1
f 2097//1 1942//1 2098//1
f 2098//33 1943//33 2099//33
f 2099//9 1944//9 2100//9
f 2100//9 1945//9 2101//9
f 2101//271 1946//238 2102//21
f 2102//1 1947//1 2103//1
f 2103//1 1948//1 2104//1
f 2104//29 1949//29 2105//29
f 2105//1 1950//1 2106//1
f 2106//1 1951//1 2107//1
f 2107//1 1802//1 1952//1
f 2108//1 1952//1 2109//1
f 2109//1 1953//1 2110//1
f 2110//1 1954//1 2111//1
f 2111//1 1955//1 2112//1
f 2112//1 1956//1 2113//1
f 2113//1 1957//1 2114//1
f 2114//33 1958//264 2115//33
f 2115//9 1959//9 2116//9
f 2116//1 1960//1 2117//1
f 2117//307 1961//286 2118//6
f 2118//1 1962//1 2119//1
f 2119//1 1963//1 2120//1
f 2120//1 1964//1 2121//1
f 2121//1 1965//1 2122//1
f 2122//1 1966//1 2123//1
f 2123//1 1967//1 2124//1
f 2124//29 1968//29 2125//29
f 2125//1 1969//1 2126//1
f 2126//1 1970//1 2127//1
f 2127//1 1971//1 2128//1
f 2128//1 1972//1 2129//1
f 2129//1 1973//1 2130//1
f 2130//29 1974//29 2131//29
f 2131//21 1975//21 2132//21
f 2132//1 1976//1 2133//1
f 2133//1 1977//1 2134//1
f 2134//1 1978//1 2135//1
f 2135//1 1978//1 2136//1
f 2136//35 1979//35 2137//35
f 2137//1 1980//1 2138//1
f 2138//1 1981//1 2139//1
f 2139//308 1982//110 2140//309
f 2140//309 1983//21 2141//310
f 2141//1 1984//1 2142//1
f 2142//1 1985//1 2143//1
f 2143//1 1986//1 2144//1
f 2144//1 1987//1 2145//1
f 2145//15 1988//15 2146//15
f 2146//17 1989//17 2147//17
f 2147//1 1990//1 2148//1
f 2148//1 1991//1 2149//1
f 2149//17 1992//17 2150//17
f 2150//311 1993//289 2151//312
f 2151//312 1994//29 2152//313
f 2152//313 1995//29 2153//29
f 2153//29 1996//29 2154//29
f 2154//29 1997//29 2155//29
f 2155//1 1998//1 2156//1
f 2156//1 1999//1 2157//1
f 2157//1 2000//1 2158//1
f 2158//15 2001//15 2159//15
f 2159//89 2002//290 2160//314
f 2160//1 2003//1 2161//1
f 2161//15 2004//15 2162//15
f 2162//17 2004//17 2163//17
f 2163//1 2005//1 2164//1
f 2164//1 2006//1 2165//1
f 2165//1 2007//1 2166//1
f 2166//29 2008//29 2167//29
f 2167//1 2009//1 2168//1
f 2168//1 2010//1 2169//1
f 2169//1 2011//1 2170//1
f 2170//1 2012//1 2171//1
f 2171//1 2013//1 2172//1
f 2172//315 2014//205 2173//89
f 2173//316 2015//29 2174//29
f 2174//1 2016//1 2175//1
f 2175//1 2017//1 2176//1
f 2176//1 2018//1 2177//1
f 2177//11 2019//11 2178//11
f 2178//30 2020//30 2179//30
f 2179//149 2021//291 2180//168
f 2180//17 2022//17 2181//17
f 2181//1 2023//1 2182//1
f 2182//1 2024//1 2183//1
f 2183//292 2025//317 2184//318
f 2184//29 2026//29 2185//29
f 2185//1 2027//1 2186//1
f 2186//1 2028//1 2187//1
f 2187//1 2029//1 2188//1
f 2188//1 2030//1 2189//1
f 2189//1 2030//1 2190//1
f 2190//1 2031//1 2191//1
f 2191//1 2032//1 2192//1
f 2192//1 2033//1 2193//1
f 2193//1 2034//1 2194//1
f 2194//10 2035//10 2195//10
f 2195//11 2036//11 2196//319
f 2196//319 2037//11 2197//320
f 2197//320 2038//321 2198//322
f 2198//322 2039//323 2199//324
f 2199//325 2040//293 2200//326
f 2200//326 2041//27 2201//30
f 2201//10 2042//10 2202//327
f 2202//327 2043//328 2203//329
f 2203//329 2044//244 2204//7
f 2204//1 2045//1 2205//1
f 2205//3 2046//3 2206//3
f 2206//3 2047//3 2207//3
f 2207//330 2048//15 2208//223
f 2208//1 2049//1 2209//1
f 2209//1 2050//1 2210//1
f 2210//1 2051//1 2211//1
f 2211//1 2052//1 2212//1
f 2212//1 2053//1 2213//1
f 2213//7 2054//7 2214//7
f 2214//1 2055//1 2215//1
f 2215//8 2056//262 2216//178
f 2216//178 2056//262 2217//242
f 2217//1 2057//1 2218//1
f 2218//1 2058//1 2219//1
f 2219//3 2059//240 2220//4
f 2220//10 2060//10 2221//10
f 2221//10 2061//296 2222//32
f 2222//32 2062//297 2223//2
f 2223//331 2063//299 2224//47
f 2224//1 2064//1 2225//1
f 2225//1 2065//1 2226//1
f 2226//9 2066//9 2227//9
f 2227//1 2067//1 2228//1
f 2228//1 2068//1 2229//1
f 2229//1 2069//1 2230//1
f 2230//9 2070//9 2231//9
f 2231//332 2071//2 2232//333
f 2232//333 2072//79 2233//334
f 2233//335 2073//336 2234//337
f 2234//337 2074//49 2235//49
f 2235//49 2075//49 2236//49
f 2236//1 2076//1 2237//1
f 2237//1 2077//1 2238//1
f 2238//1 2078//1 2239//1
f 2239//33 2079//33 2240//33
f 2240//1 2080//1 2241//1
f 2241//1 2081//1 2242//1
f 2242//1 2082//1 2243//1
f 2243//1 2082//1 2244//1
f 2244//1 2083//1 2245//1
f 2245//1 2084//1 2246//1
f 2246//1 2085//1 2247//1
f 2247//2 2086//2 2248//2
f 2248//1 2087//1 2249//1
f 2249//1 2088//1 2250//1
f 2250//1 2089//1 2251//1
f 2251//6 2090//305 2252//6
f 2252//8 2091//8 2253//8
f 2253//1 2092//1 2254//1
f 2254//1 2093//1 2255//1
f 2255//1 2094//1 2256//1
f 2256//1 2095//1 2257//1
f 2257//9 2096//9 2258//9
f 2258//9 2097//9 2259//9
f 2259//9 2098//9 2260//9
f 2260//1 2099//1 2261//1
f 2261//1 2100//1 2262//1
f 2262//338 2101//271 2263//339
f 2263//1 2102//1 2264//1
f 2264//1 2103//1 2265//1
f 2265//21 2104//21 2266//21
f 2266//1 2105//1 2267//1
f 2267//1 2106//1 2268//1
f 2268//1 2107//1 2269//1
f 2269//1 1952//1 2108//1
f 2270//1 2108//1 2271//1
f 2271//1 2109//1 2272//1
f 2272//1 2110//1 2273//1
f 2273//1 2111//1 2274//1
f 2274//1 2112//1 2275//1
f 2275//1 2113//1 2276//1
f 2276//1 2114//1 2277//1
f 2277//1 2115//1 2278//1
f 2278//33 2116//33 2279//33
f 2279//9 2117//307 2280//340
f 2280//340 2118//6 2281//341
f 2281//1 2119//1 2282//1
f 2282//1 2120//1 2283//1
f 2283//1 2121//1 2284//1
f 2284//1 2122//1 2285//1
f 2285//1 2123//1 2286//1
f 2286//29 2124//29 2287//29
f 2287//1 2125//1 2288//1
f 2288//1 2126//1 2289//1
f 2289//1 2127//1 2290//1
f 2290//1 2128//1 2291//1
f 2291//1 2129//1 2292//1
f 2292//29 2130//29 2293//29
f 2293//1 2131//1 2294//1
f 2294//1 2132//1 2295//1
f 2295//1 2133//1 2296//1
f 2296//1 2134//1 2297//1
f 2297//1 2135//1 2298//1
f 2298//1 2135//1 2299//1
f 2299//1 2136//1 2300//1
f 2300//1 2137//1 2301//1
f 2301//1 2138//1 2302//1
f 2302//1 2139//1 2303//1
f 2303//29 2140//309 2304//310
f 2304//310 2141//310 2305//342
f 2305//342 2142//21 2306//21
f 2306//1 2143//1 2307//1
f 2307//343 2144//15 2308//344
f 2308//17 2145//17 2309//17
f 2309//1 2146//1 2310//1
f 2310//1 2147//1 2311//1
f 2311//1 2148//1 2312//1
f 2312//1 2149//1 2313//1
f 2313//1 2150//1 2314//1
f 2314//17 2151//312 2315//17
f 2315//33 2152//33 2316//33
f 2316//1 2153//1 2317//1
f 2317//1 2154//1 2318//1
f 2318//1 2155//1 2319//1
f 2319//1 2156//1 2320//1
f 2320//1 2157//1 2321//1
f 2321//345 2158//56 2322//346
f 2322//347 2159//117 2323//348
f 2323//349 2160//314 2324//15
f 2324//17 2161//17 2325//17
f 2325//1 2162//1 2326//1
f 2326//1 2162//1 2327//1
f 2327//17 2163//17 2328//17
f 2328//1 2164//1 2329//1
f 2329//1 2165//1 2330//1
f 2330//1 2166//1 2331//1
f 2331//29 2167//29 2332//29
f 2332//1 2168//1 2333//1
f 2333//1 2169//1 2334//1
f 2334//1 2170//1 2335//1
f 2335//1 2171//1 2336//1
f 2336//1 2172//1 2337//1
f 2337//17 2173//316 2338//350
f 2338//30 2174//30 2339//30
f 2339//30 2175//30 2340//30
f 2340//30 2176//30 2341//30
f 2341//30 2177//30 2342//30
f 2342//1 2178//1 2343//1
f 2343//7 2179//149 2344//7
f 2344//1 2180//1 2345//1
f 2345//15 2181//15 2346//15
f 2346//15 2182//15 2347//15
f 2347//15 2183//15 2348//15
f 2348//1 2184//1 2349//1
f 2349//351 2185//352 2350//353
f 2350//81 2186//81 2351//81
f 2351//1 2187//1 2352//1
f 2352//1 2188//1 2353//1
f 2353//47 2189//47 2354//47
f 2354//47 2189//47 2355//47
f 2355//47 2190//47 2356//47
f 2356//47 2191//47 2357//354
f 2357//354 2192//355 2358//356
f 2358//356 2193//7 2359//357
f 2359//357 2194//225 2360//226
f 2360//1 2195//1 2361//1
f 2361//2 2196//2 2362//2
f 2362//358 2197//320 2363//359
f 2363//1 2198//1 2364//1
f 2364//1 2199//1 2365//1
f 2365//163 2200//360 2366//361
f 2366//361 2201//362 2367//363
f 2367//364 2202//327 2368//365
f 2368//15 2203//15 2369//15
f 2369//1 2204//1 2370//1
f 2370//1 2205//1 2371//1
f 2371//1 2206//1 2372//1
f 2372//2 2207//2 2373//2
f 2373//366 2208//223 2374//11
f 2374//30 2209//30 2375//30
f 2375//1 2210//1 2376//1
f 2376//1 2211//1 2377//1
f 2377//1 2212//1 2378//1
f 2378//1 2213//1 2379//1
f 2379//1 2214//1 2380//1
f 2380//8 2215//8 2381//8
f 2381//1 2216//1 2382//1
f 2382//15 2216//15 2383//15
f 2383//1 2217//1 2384//1
f 2384//1 2218//1 2385//1
f 2385//1 2219//1 2386//1
f 2386//3 2220//4 2387//3
f 2387//1 2221//1 2388//1
f 2388//1 2222//1 2389//1
f 2389//1 2223//1 2390//1
f 2390//367 2224//368 2391//369
f 2391//126 2225//163 2392//127
f 2392//255 2226//255 2393//255
f 2393//302 2227//370 2394//8
f 2394//8 2228//8 2395//8
f 2395//8 2229//8 2396//8
f 2396//8 2230//74 2397//198
f 2397//198 2231//332 2398//10
f 2398//10 2232//333 2399//10
f 2399//10 2233//334 2400//10
f 2400//1 2234//1 2401//1
f 2401//1 2235//1 2402//1
f 2402//1 2236//1 2403//1
f 2403//1 2237//1 2404//1
f 2404//1 2238//1 2405//1
f 2405//9 2239//9 2406//9
f 2406//1 2240//1 2407//1
f 2407//1 2241//1 2408//1
f 2408//1 2242//1 2409//1
f 2409//1 2243//1 2410//1
f 2410//1 2243//1 2411//1
f 2411//1 2244//1 2412//1
f 2412//1 2245//1 2413//1
f 2413//1 2246//1 2414//1
f 2414//1 2247//1 2415//1
f 2415//2 2248//2 2416//2
f 2416//1 2249//1 2417//1
f 2417//1 2250//1 2418//1
f 2418//1 2251//1 2419//1
f 2419//1 2252//1 2420//1
f 2420//6 2253//6 2421//6
f 2421//8 2254//8 2422//8
f 2422//1 2255//1 2423//1
f 2423//1 2256//1 2424//1
f 2424//1 2257//1 2425//1
f 2425//1 2258//1 2426//1
f 2426//1 2259//1 2427//1
f 2427//1 2260//1 2428//1
f 2428//41 2261//41 2429//41
f 2429//255 2262//338 2430//371
f 2430//371 2263//339 2431//18
f 2431//18 2264//18 2432//18
f 2432//18 2265//18 2433//18
f 2433//1 2266//1 2434//1
f 2434//1 2267//1 2435//1
f 2435//1 2268//1 2436//1
f 2436//1 2269//1 2437//1
f 2437//1 2108//1 2270//1
f 2438//1 2270//1 2439//1
f 2439//1 2271//1 2440//1
f 2440//1 2272//1 2441//1
f 2441//1 2273//1 2442//1
f 2442//1 2274//1 2443//1
f 2443//1 2275//1 2444//1
f 2444//1 2276//1 2445//1
f 2445//1 2277//1 2446//1
f 2446//1 2278//1 2447//1
f 2447//1 2279//1 2448//1
f 2448//33 2280//33 2449//33
f 2449//372 2281//341 2450//255
f 2450//1 2282//1 2451//1
f 2451//1 2283//1 2452//1
f 2452//1 2284//1 2453//1
f 2453//1 2285//1 2454//1
f 2454//1 2286//1 2455//1
f 2455//120 2287//373 2456//374
f 2456//21 2288//21 2457//21
f 2457//375 2289//18 2458//376
f 2458//1 2290//1 2459//1
f 2459//40 2291//40 2460//40
f 2460//377 2292//378 2461//379
f 2461//1 2293//1 2462//1
f 2462//1 2294//1 2463//1
f 2463//1 2295//1 2464//1
f 2464//1 2296//1 2465//1
f 2465//1 2297//1 2466//1
f 2466//1 2298//1 2467//1
f 2467//1 2298//1 2468//1
f 2468//1 2299//1 2469//1
f 2469//1 2300//1 2470//1
f 2470//1 2301//1 2471//1
f 2471//1 2302//1 2472//1
f 2472//1 2303//1 2473//1
f 2473//1 2304//1 2474//1
f 2474//21 2305//342 2475//21
f 2475//29 2306//29 2476//29
f 2476//29 2307//343 2477//380
f 2477//33 2308//33 2478//33
f 2478//1 2309//1 2479//1
f 2479//1 2310//1 2480//1
f 2480//1 2311//1 2481//1
f 2481//1 2312//1 2482//1
f 2482//1 2313//1 2483//1
f 2483//1 2314//1 2484//1
f 2484//1 2315//1 2485//1
f 2485//70 2316//17 2486//381
f 2486//346 2317//382 2487//345
f 2487//383 2318//384 2488//385
f 2488//385 2319//35 2489//386
f 2489//386 2320//387 2490//388
f 2490//388 2321//40 2491//40
f 2491//17 2322//347 2492//17
f 2492//17 2323//348 2493//17
f 2493//1 2324//1 2494//1
f 2494//1 2325//1 2495//1
f 2495//30 2326//30 2496//30
f 2496//29 2326//29 2497//29
f 2497//11 2327//11 2498//11
f 2498//389 2328//290 2499//56
f 2499//56 2329//56 2500//56
f 2500//56 2330//56 2501//56
f 2501//56 2331//390 2502//124
f 2502//81 2332//81 2503//81
f 2503//1 2333//1 2504//1
f 2504//1 2334//1 2505//1
f 2505//1 2335//1 2506//1
f 2506//1 2336//1 2507//1
f 2507//33 2337//33 2508//33
f 2508//1 2338//1 2509//1
f 2509//1 2339//1 2510//1
f 2510//1 2340//1 2511//1
f 2511//1 2341//1 2512//1
f 2512//1 2342//1 2513//1
f 2513//357 2343//7 2514//194
f 2514//1 2344//1 2515//1
f 2515//3 2345//3 2516//3
f 2516//15 2346//15 2517//15
f 2517//15 2347//15 2518//15
f 2518//15 2348//15 2519//15
f 2519//226 2349//351 2520//225
f 2520//1 2350//1 2521//1
f 2521//48 2351//48 2522//48
f 2522//81 2352//81 2523//81
f 2523//47 2353//47 2524//47
f 2524//1 2354//1 2525//1
f 2525//1 2354//1 2526//1
f 2526//1 2355//1 2527//1
f 2527//1 2356//1 2528//1
f 2528//29 2357//29 2529//29
f 2529//1 2358//1 2530//1
f 2530//1 2359//1 2531//1
f 2531//3 2360//3 2532//3
f 2532//247 2361//391 2533//392
f 2533//392 2362//358 2534//92
f 2534//92 2363//359 2535//3
f 2535//3 2364//3 2536//3
f 2536//15 2365//15 2537//15
f 2537//1 2366//1 2538//1
f 2538//163 2367//163 2539//163
f 2539//1 2368//1 2540//1
f 2540//15 2369//15 2541//15
f 2541//2 2370//2 2542//2
f 2542//3 2371//3 2543//3
f 2543//3 2372//3 2544//3
f 2544//1 2373//1 2545//1
f 2545//1 2374//1 2546//1
f 2546//11 2375//11 2547//11
f 2547//11 2376//11 2548//11
f 2548//393 2377//30 2549//394
f 2549//1 2378//1 2550//1
f 2550//1 2379//1 2551//1
f 2551//1 2380//1 2552//1
f 2552//6 2381//6 2553//6
f 2553//1 2382//1 2554//1
f 2554//1 2382//1 2555//1
f 2555//3 2383//3 2556//3
f 2556//1 2384//1 2557//1
f 2557//1 2385//1 2558//1
f 2558//1 2386//1 2559//1
f 2559//3 2387//3 2560//3
f 2560//1 2388//1 2561//1
f 2561//1 2389//1 2562//1
f 2562//1 2390//1 2563//1
f 2563//2 2391//2 2564//2
f 2564//367 2392//367 2565//367
f 2565//1 2393//1 2566//1
f 2566//1 2394//1 2567//1
f 2567//1 2395//1 2568//1
f 2568//1 2396//1 2569//1
f 2569//1 2397//1 2570//1
f 2570//1 2398//1 2571//1
f 2571//1 2399//1 2572//1
f 2572//1 2400//1 2573//1
f 2573//1 2401//1 2574//1
f 2574//1 2402//1 2575//1
f 2575//1 2403//1 2576//1
f 2576//1 2404//1 2577//1
f 2577//1 2405//1 2578//1
f 2578//33 2406//33 2579//33
f 2579//1 2407//1 2580//1
f 2580//1 2408//1 2581//1
f 2581//1 2409//1 2582//1
f 2582//1 2410//1 2583//1
f 2583//1 2410//1 2584//1
f 2584//1 2411//1 2585//1
f 2585//1 2412//1 2586//1
f 2586//1 2413//1 2587//1
f 2587//1 2414//1 2588//1
f 2588//1 2415//1 2589//1
f 2589//2 2416//2 2590//2
f 2590//1 2417//1 2591//1
f 2591//1 2418//1 2592//1
f 2592//1 2419//1 2593//1
f 2593//1 2420//1 2594//1
f 2594//1 2421//1 2595//1
f 2595//285 2422//395 2596//396
f 2596//396 2423//397 2597//398
f 2597//398 2424//18 2598//399
f 2598//399 2425//371 2599//338
f 2599//338 2426//255 2600//255
f 2600//255 2427//255 2601//255
f 2601//255 2428//255 2602//255
f 2602//1 2429//1 2603//1
f 2603//1 2430//1 2604//1
f 2604//1 2431//1 2605//1
f 2605//1 2432//1 2606//1
f 2606//1 2433//1 2607//1
f 2607//1 2434//1 2608//1
f 2608//1 2435//1 2609//1
f 2609//1 2436//1 2610//1
f 2610//1 2437//1 2611//1
f 2611//1 2270//1 2438//1
f 2612//18 2438//18 2613//18
f 2613//1 2439//1 2614//1
f 2614//1 2440//1 2615//1
f 2615//1 2441//1 2616//1
f 2616//1 2442//1 2617//1
f 2617//1 2443//1 2618//1
f 2618//1 2444//1 2619//1
f 2619//1 2445//1 2620//1
f 2620//1 2446//1 2621//1
f 2621//1 2447//1 2622//1
f 2622//1 2448//1 2623//1
f 2623//1 2449//1 2624//1
f 2624//41 2450//41 2625//41
f 2625//255 2451//255 2626//255
f 2626//1 2452//1 2627//1
f 2627//1 2453//1 2628//1
f 2628//1 2454//1 2629//1
f 2629//40 2455//120 2630//400
f 2630//1 2456//1 2631//1
f 2631//29 2457//29 2632//29
f 2632//378 2458//376 2633//41
f 2633//41 2459//41 2634//41
f 2634//1 2460//1 2635//1
f 2635//18 2461//379 2636//18
f 2636//1 2462//1 2637//1
f 2637//1 2463//1 2638//1
f 2638//1 2464//1 2639//1
f 2639//1 2465//1 2640//1
f 2640//1 2466//1 2641//1
f 2641//1 2467//1 2642//1
f 2642//1 2467//1 2643//1
f 2643//1 2468//1 2644//1
f 2644//1 2469//1 2645//1
f 2645//1 2470//1 2646//1
f 2646//1 2471//1 2647//1
f 2647//1 2472//1 2648//1
f 2648//1 2473//1 2649//1
f 2649//1 2474//1 2650//1
f 2650//29 2475//29 2651//29
f 2651//29 2476//29 2652//29
f 2652//29 2477//380 2653//24
f 2653//25 2478//25 2654//25
f 2654//1 2479//1 2655//1
f 2655//1 2480//1 2656//1
f 2656//1 2481//1 2657//1
f 2657//1 2482//1 2658//1
f 2658//1 2483//1 2659//1
f 2659//1 2484//1 2660//1
f 2660//56 2485//56 2661//56
f 2661//35 2486//381 2662//35
f 2662//1 2487//1 2663//1
f 2663//17 2488//385 2664//17
f 2664//17 2489//386 2665//17
f 2665//1 2490//1 2666//1
f 2666//1 2491//1 2667//1
f 2667//1 2492//1 2668//1
f 2668//15 2493//15 2669//401
f 2669//401 2494//192 2670//343
f 2670//343 2495//29 2671//29
f 2671//1 2496//1 2672//1
f 2672//1 2496//1 2673//1
f 2673//30 2497//30 2674//30
f 2674//1 2498//1 2675//1
f 2675//1 2499//1 2676//1
f 2676//1 2500//1 2677//1
f 2677//1 2501//1 2678//1
f 2678//1 2502//1 2679//1
f 2679//81 2503//81 2680//81
f 2680//1 2504//1 2681//1
f 2681//1 2505//1 2682//1
f 2682//1 2506//1 2683//1
f 2683//1 2507//1 2684//1
f 2684//15 2508//15 2685//15
f 2685//15 2509//15 2686//15
f 2686//15 2510//15 2687//15
f 2687//15 2511//15 2688//402
f 2688//402 2512//15 2689//403
f 2689//403 2513//357 2690//404
f 2690//404 2514//194 2691//3
f 2691//405 2515//15 2692//406
f 2692//1 2516//1 2693//1
f 2693//1 2517//1 2694//1
f 2694//1 2518//1 2695//1
f 2695//1 2519//1 2696//1
f 2696//10 2520//10 2697//10
f 2697//1 2521//1 2698//1
f 2698//1 2522//1 2699//1
f 2699//48 2523//48 2700//48
f 2700//1 2524//1 2701//1
f 2701//1 2525//1 2702//1
f 2702//1 2525//1 2703//1
f 2703//1 2526//1 2704//1
f 2704//1 2527//1 2705//1
f 2705//1 2528//1 2706//1
f 2706//30 2529//30 2707//30
f 2707//1 2530//1 2708//1
f 2708//1 2531//1 2709//1
f 2709//10 2532//247 2710//10
f 2710//1 2533//1 2711//1
f 2711//1 2534//1 2712//1
f 2712//1 2535//1 2713//1
f 2713//1 2536//1 2714//1
f 2714//15 2537//15 2715//15
f 2715//1 2538//1 2716//1
f 2716//1 2539//1 2717//1
f 2717//1 2540//1 2718//1
f 2718//3 2541//3 2719//3
f 2719//1 2542//1 2720//1
f 2720//1 2543//1 2721//1
f 2721//1 2544//1 2722//1
f 2722//1 2545//1 2723//1
f 2723//1 2546//1 2724//1
f 2724//1 2547//1 2725//1
f 2725//2 2548//2 2726//2
f 2726//7 2549//7 2727//7
f 2727//7 2550//7 2728//7
f 2728//56 2551//56 2729//56
f 2729//8 2552//8 2730//8
f 2730//1 2553//1 2731//1
f 2731//1 2554//1 2732//1
f 2732//1 2554//1 2733//1
f 2733//1 2555//1 2734//1
f 2734//3 2556//3 2735//3
f 2735//1 2557//1 2736//1
f 2736//1 2558//1 2737//1
f 2737//1 2559//1 2738//1
f 2738//3 2560//3 2739//3
f 2739//1 2561//1 2740//1
f 2740//1 2562//1 2741//1
f 2741//1 2563//1 2742//1
f 2742//1 2564//1 2743//1
f 2743//3 2565//3 2744//3
f 2744//1 2566//1 2745//1
f 2745//1 2567//1 2746//1
f 2746//1 2568//1 2747//1
f 2747//1 2569//1 2748//1
f 2748//1 2570//1 2749//1
f 2749//1 2571//1 2750//1
f 2750//1 2572//1 2751//1
f 2751//1 2573//1 2752//1
f 2752//1 2574//1 2753//1
f 2753//1 2575//1 2754//1
f 2754//1 2576//1 2755//1
f 2755//18 2577//18 2756//18
f 2756//10 2578//34 2757//32
f 2757//32 2579//31 2758//2
f 2758//2 2580//2 2759//2
f 2759//2 2581//2 2760//2
f 2760//2 2582//2 2761//2
f 2761//2 2583//2 2762//2
f 2762//9 2583//9 2763//9
f 2763//2 2584//2 2764//2
f 2764//1 2585//1 2765//1
f 2765//1 2586//1 2766//1
f 2766//1 2587//1 2767//1
f 2767//1 2588//1 2768//1
f 2768//1 2589//1 2769//1
f 2769//407 2590//9 2770//408
f 2770//2 2591//2 2771//2
f 2771//1 2592//1 2772//1
f 2772//1 2593//1 2773//1
f 2773//1 2594//1 2774//1
f 2774//267 2595//33 2775//256
f 2775//1 2596//1 2776//1
f 2776//409 2597//398 2777//410
f 2777//410 2598//399 2778//18
f 2778//1 2599//1 2779//1
f 2779//1 2600//1 2780//1
f 2780//1 2601//1 2781//1
f 2781//1 2602//1 2782//1
f 2782//1 2603//1 2783//1
f 2783//1 2604//1 2784//1
f 2784//1 2605//1 2785//1
f 2785//1 2606//1 2786//1
f 2786//21 2607//21 2787//21
f 2787//18 2608//18 2788//18
f 2788//18 2609//18 2789//18
f 2789//18 2610//18 2790//18
f 2790//18 2611//18 2791//18
f 2791//18 2438//18 2612//18
f 2792//1 2612//1 2793//1
f 2793//18 2613//18 2794//18
f 2794//1 2614//1 2795//1
f 2795//1 2615//1 2796//1
f 2796//1 2616//1 2797//1
f 2797//1 2617//1 2798//1
f 2798//1 2618//1 2799//1
f 2799//1 2619//1 2800//1
f 2800//1 2620//1 2801//1
f 2801//1 2621//1 2802//1
f 2802//1 2622//1 2803//1
f 2803//1 2623//1 2804//1
f 2804//1 2624//1 2805//1
f 2805//1 2625//1 2806//1
f 2806//411 2626//41 2807//412
f 2807//412 2627//41 2808//41
f 2808//41 2628//41 2809//41
f 2809//41 2629//41 2810//41
f 2810//413 2630//400 2811//29
f 2811//21 2631//21 2812//21
f 2812//1 2632//1 2813//1
f 2813//1 2633//1 2814//1
f 2814//1 2634//1 2815//1
f 2815//1 2635//1 2816//1
f 2816//21 2636//21 2817//21
f 2817//18 2637//18 2818//18
f 2818//1 2638//1 2819//1
f 2819//1 2639//1 2820//1
f 2820//1 2640//1 2821//1
f 2821//1 2641//1 2822//1
f 2822//29 2642//29 2823//29
f 2823//29 2642//29 2824//29
f 2824//29 2643//29 2825//414
f 2825//414 2644//415 2826//185
f 2826//185 2645//17 2827//17
f 2827//17 2646//17 2828//17
f 2828//17 2647//17 2829//17
f 2829//33 2648//33 2830//33
f 2830//1 2649//1 2831//1
f 2831//1 2650//1 2832//1
f 2832//1 2651//1 2833//1
f 2833//1 2652//1 2834//1
f 2834//1 2653//1 2835//1
f 2835//35 2654//35 2836//35
f 2836//25 2655//25 2837//25
f 2837//1 2656//1 2838//1
f 2838//1 2657//1 2839//1
f 2839//1 2658//1 2840//1
f 2840//1 2659//1 2841//1
f 2841//56 2660//56 2842//416
f 2842//1 2661//1 2843//1
f 2843//1 2662//1 2844//1
f 2844//1 2663//1 2845//1
f 2845//1 2664//1 2846//1
f 2846//1 2665//1 2847//1
f 2847//15 2666//15 2848//15
f 2848//17 2667//17 2849//17
f 2849//17 2668//17 2850//17
f 2850//15 2669//401 2851//15
f 2851//1 2670//1 2852//1
f 2852//1 2671//1 2853//1
f 2853//1 2672//1 2854//1
f 2854//1 2672//1 2855//1
f 2855//1 2673//1 2856//1
f 2856//1 2674//1 2857//1
f 2857//1 2675//1 2858//1
f 2858//1 2676//1 2859//1
f 2859//1 2677//1 2860//1
f 2860//1 2678//1 2861//1
f 2861//1 2679//1 2862//1
f 2862//81 2680//81 2863//81
f 2863//1 2681//1 2864//1
f 2864//1 2682//1 2865//1
f 2865//1 2683//1 2866//1
f 2866//1 2684//1 2867//1
f 2867//1 2685//1 2868//1
f 2868//1 2686//1 2869//1
f 2869//1 2687//1 2870//1
f 2870//11 2688//11 2871//417
f 2871//417 2689//403 2872//418
f 2872//418 2690//404 2873//419
f 2873//419 2691//405 2874//30
f 2874//29 2692//29 2875//29
f 2875//1 2693//1 2876//1
f 2876//1 2694//1 2877//1
f 2877//1 2695//1 2878//1
f 2878//11 2696//11 2879//11
f 2879//1 2697//1 2880//1
f 2880//1 2698//1 2881//1
f 2881//1 2699//1 2882//1
f 2882//1 2700//1 2883//1
f 2883//1 2701//1 2884//1
f 2884//1 2702//1 2885//1
f 2885//1 2702//1 2886//1
f 2886//1 2703//1 2887//1
f 2887//1 2704//1 2888//1
f 2888//1 2705//1 2889//1
f 2889//1 2706//1 2890//1
f 2890//30 2707//30 2891//30
f 2891//1 2708//1 2892//1
f 2892//10 2709//10 2893//10
f 2893//1 2710//1 2894//1
f 2894//1 2711//1 2895//1
f 2895//1 2712//1 2896//1
f 2896//1 2713//1 2897//1
f 2897//1 2714//1 2898//1
f 2898//15 2715//15 2899//15
f 2899//1 2716//1 2900//1
f 2900//1 2717//1 2901//1
f 2901//1 2718//1 2902//1
f 2902//1 2719//1 2903//1
f 2903//1 2720//1 2904//1
f 2904//1 2721//1 2905//1
f 2905//1 2722//1 2906//1
f 2906//1 2723//1 2907//1
f 2907//1 2724//1 2908//1
f 2908//2 2725//2 2909//2
f 2909//1 2726//1 2910//1
f 2910//1 2727//1 2911//1
f 2911//1 2728//1 2912//1
f 2912//7 2729//7 2913//7
f 2913//1 2730//1 2914//1
f 2914//1 2731//1 2915//1
f 2915//1 2732//1 2916//1
f 2916//1 2732//1 2917//1
f 2917//1 2733//1 2918//1
f 2918//15 2734//15 2919//15
f 2919//1 2735//1 2920//1
f 2920//1 2736//1 2921//1
f 2921//1 2737//1 2922//1
f 2922//1 2738//1 2923//1
f 2923//420 2739//3 2924//80
f 2924//1 2740//1 2925//1
f 2925//1 2741//1 2926//1
f 2926//1 2742//1 2927//1
f 2927//1 2743//1 2928//1
f 2928//3 2744//3 2929//3
f 2929//1 2745//1 2930//1
f 2930//1 2746//1 2931//1
f 2931//1 2747//1 2932//1
f 2932//1 2748//1 2933//1
f 2933//1 2749//1 2934//1
f 2934//1 2750//1 2935//1
f 2935//1 2751//1 2936//1
f 2936//1 2752//1 2937//1
f 2937//1 2753//1 2938//1
f 2938//196 2754//18 2939//13
f 2939//10 2755//10 2940//10
f 2940//1 2756//1 2941//1
f 2941//1 2757//1 2942//1
f 2942//1 2758//1 2943//1
f 2943//1 2759//1 2944//1
f 2944//1 2760//1 2945//1
f 2945//1 2761//1 2946//1
f 2946//1 2762//1 2947//1
f 2947//1 2762//1 2948//1
f 2948//1 2763//1 2949//1
f 2949//2 2764//2 2950//2
f 2950//1 2765//1 2951//1
f 2951//1 2766//1 2952//1
f 2952//1 2767//1 2953//1
f 2953//1 2768//1 2954//1
f 2954//21 2769//21 2955//21
f 2955//18 2770//408 2956//14
f 2956//14 2771//5 2957//6
f 2957//6 2772//6 2958//6
f 2958//8 2773//8 2959//8
f 2959//234 2774//267 2960//421
f 2960//421 2775//256 2961//9
f 2961//9 2776//409 2962//9
f 2962//2 2777//2 2963//2
f 2963//1 2778//1 2964//1
f 2964//1 2779//1 2965//1
f 2965//1 2780//1 2966//1
f 2966//1 2781//1 2967//1
f 2967//1 2782//1 2968//1
f 2968//1 2783//1 2969//1
f 2969//1 2784//1 2970//1
f 2970//1 2785//1 2971//1
f 2971//21 2786//21 2972//21
f 2972//1 2787//1 2973//1
f 2973//1 2788//1 2974//1
f 2974//1 2789//1 2975//1
f 2975//1 2790//1 2976//1
f 2976//1 2791//1 2977//1
f 2977//1 2612//1 2792//1
f 2978//1 2792//1 2979//1
f 2979//1 2793//1 2980//1
f 2980//18 2794//18 2981//18
f 2981//1 2795//1 2982//1
f 2982//1 2796//1 2983//1
f 2983//1 2797//1 2984//1
f 2984//1 2798//1 2985//1
f 2985//1 2799//1 2986//1
f 2986//1 2800//1 2987//1
f 2987//1 2801//1 2988//1
f 2988//1 2802//1 2989//1
f 2989//29 2803//29 2990//29
f 2990//21 2804//21 2991//21
f 2991//21 2805//21 2992//21
f 2992//21 2806//411 2993//21
f 2993//18 2807//18 2994//18
f 2994//1 2808//1 2995//1
f 2995//1 2809//1 2996//1
f 2996//29 2810//413 2997//29
f 2997//1 2811//1 2998//1
f 2998//1 2812//1 2999//1
f 2999//1 2813//1 3000//1
f 3000//1 2814//1 3001//1
f 3001//1 2815//1 3002//1
f 3002//1 2816//1 3003//1
f 3003//1 2817//1 3004//1
f 3004//21 2818//21 3005//21
f 3005//18 2819//18 3006//18
f 3006//1 2820//1 3007//1
f 3007//1 2821//1 3008//1
f 3008//1 2822//1 3009//1
f 3009//30 2823//30 3010//30
f 3010//1 2823//1 3011//1
f 3011//1 2824//1 3012//1
f 3012//1 2825//1 3013//1
f 3013//33 2826//185 3014//33
f 3014//1 2827//1 3015//1
f 3015//1 2828//1 3016//1
f 3016//1 2829//1 3017//1
f 3017//17 2830//17 3018//17
f 3018//17 2831//17 3019//17
f 3019//17 2832//17 3020//17
f 3020//33 2833//33 3021//33
f 3021//1 2834//1 3022//1
f 3022//1 2835//1 3023//1
f 3023//1 2836//1 3024//1
f 3024//35 2837//35 3025//35
f 3025//35 2838//35 3026//35
f 3026//25 2839//25 3027//25
f 3027//1 2840//1 3028//1
f 3028//345 2841//56 3029//422
f 3029//422 2842//416 3030//15
f 3030//17 2843//17 3031//17
f 3031//17 2844//17 3032//17
f 3032//17 2845//17 3033//17
f 3033//17 2846//17 3034//17
f 3034//17 2847//17 3035//17
f 3035//1 2848//1 3036//1
f 3036//1 2849//1 3037//1
f 3037//1 2850//1 3038//1
f 3038//3 2851//3 3039//3
f 3039//1 2852//1 3040//1
f 3040//1 2853//1 3041//1
f 3041//1 2854//1 3042//1
f 3042//1 2854//1 3043//1
f 3043//1 2855//1 3044//1
f 3044//1 2856//1 3045//1
f 3045//1 2857//1 3046//1
f 3046//1 2858//1 3047//1
f 3047//1 2859//1 3048//1
f 3048//1 2860//1 3049//1
f 3049//1 2861//1 3050//1
f 3050//1 2862//1 3051//1
f 3051//48 2863//48 3052//48
f 3052//48 2864//48 3053//48
f 3053//81 2865//81 3054//81
f 3054//1 2866//1 3055//1
f 3055//1 2867//1 3056//1
f 3056//423 2868//11 3057//424
f 3057//30 2869//30 3058//425
f 3058//425 2870//30 3059//426
f 3059//427 2871//417 3060//357
f 3060//15 2872//15 3061//15
f 3061//1 2873//1 3062//1
f 3062//1 2874//1 3063//1
f 3063//30 2875//30 3064//30
f 3064//29 2876//29 3065//29
f 3065//1 2877//1 3066//1
f 3066//11 2878//11 3067//11
f 3067//1 2879//1 3068//1
f 3068//1 2880//1 3069//1
f 3069//1 2881//1 3070//1
f 3070//1 2882//1 3071//1
f 3071//1 2883//1 3072//1
f 3072//1 2884//1 3073//1
f 3073//1 2885//1 3074//1
f 3074//1 2885//1 3075//1
f 3075//1 2886//1 3076//1
f 3076//1 2887//1 3077//1
f 3077//1 2888//1 3078//1
f 3078//1 2889//1 3079//1
f 3079//29 2890//29 3080//29
f 3080//10 2891//10 3081//10
f 3081//11 2892//11 3082//11
f 3082//1 2893//1 3083//1
f 3083//1 2894//1 3084//1
f 3084//1 2895//1 3085//1
f 3085//1 2896//1 3086//1
f 3086//1 2897//1 3087//1
f 3087//1 2898//1 3088//1
f 3088//3 2899//3 3089//3
f 3089//15 2900//15 3090//15
f 3090//1 2901//1 3091//1
f 3091//1 2902//1 3092//1
f 3092//1 2903//1 3093//1
f 3093//1 2904//1 3094//1
f 3094//1 2905//1 3095//1
f 3095//1 2906//1 3096//1
f 3096//1 2907//1 3097//1
f 3097//2 2908//2 3098//2
f 3098//1 2909//1 3099//1
f 3099//1 2910//1 3100//1
f 3100//1 2911//1 3101//1
f 3101//1 2912//1 3102//1
f 3102//1 2913//1 3103//1
f 3103//1 2914//1 3104//1
f 3104//1 2915//1 3105//1
f 3105//1 2916//1 3106//1
f 3106//1 2916//1 3107//1
f 3107//1 2917//1 3108//1
f 3108//1 2918//1 3109//1
f 3109//3 2919//3 3110//3
f 3110//1 2920//1 3111//1
f 3111//1 2921//1 3112//1
f 3112//1 2922//1 3113//1
f 3113//9 2923//9 3114//9
f 3114//428 2924//80 3115//10
f 3115//11 2925//11 3116//11
f 3116//1 2926//1 3117//1
f 3117//1 2927//1 3118//1
f 3118//1 2928//1 3119//1
f 3119//3 2929//3 3120//3
f 3120//1 2930//1 3121//1
f 3121//1 2931//1 3122//1
f 3122//1 2932//1 3123//1
f 3123//1 2933//1 3124//1
f 3124//1 2934//1 3125//1
f 3125//1 2935//1 3126//1
f 3126//1 2936//1 3127//1
f 3127//6 2937//6 3128//6
f 3128//8 2938//8 3129//8
f 3129//3 2939//3 3130//3
f 3130//1 2940//1 3131//1
f 3131//1 2941//1 3132//1
f 3132//1 2942//1 3133//1
f 3133//1 2943//1 3134//1
f 3134//1 2944//1 3135//1
f 3135//1 2945//1 3136//1
f 3136//1 2946//1 3137//1
f 3137//9 2947//9 3138//9
f 3138//2 2947//2 3139//2
f 3139//1 2948//1 3140//1
f 3140//1 2949//1 3141//1
f 3141//429 2950//2 3142//430
f 3142//21 2951//21 3143//21
f 3143//18 2952//18 3144//18
f 3144//18 2953//18 3145//18
f 3145//18 2954//18 3146//18
f 3146//1 2955//1 3147//1
f 3147//1 2956//1 3148//1
f 3148//1 2957//1 3149//1
f 3149//1 2958//1 3150//1
f 3150//6 2959//6 3151//6
f 3151//9 2960//421 3152//9
f 3152//2 2961//2 3153//2
f 3153//1 2962//1 3154//1
f 3154//2 2963//2 3155//2
f 3155//1 2964//1 3156//1
f 3156//1 2965//1 3157//1
f 3157//1 2966//1 3158//1
f 3158//1 2967//1 3159//1
f 3159//1 2968//1 3160//1
f 3160//1 2969//1 3161//1
f 3161//1 2970//1 3162//1
f 3162//21 2971//21 3163//21
f 3163//1 2972//1 3164//1
f 3164//1 2973//1 3165//1
f 3165//1 2974//1 3166//1
f 3166//1 2975//1 3167//1
f 3167//1 2976//1 3168//1
f 3168//1 2977//1 3169//1
f 3169//1 2792//1 2978//1
f 3170//1 2978//1 3171//1
f 3171//1 2979//1 3172//1
f 3172//1 2980//1 3173//1
f 3173//18 2981//18 3174//18
f 3174//1 2982//1 3175//1
f 3175//1 2983//1 3176//1
f 3176//1 2984//1 3177//1
f 3177//1 2985//1 3178//1
f 3178//1 2986//1 3179//1
f 3179//1 2987//1 3180//1
f 3180//29 2988//29 3181//29
f 3181//21 2989//21 3182//21
f 3182//1 2990//1 3183//1
f 3183//1 2991//1 3184//1
f 3184//1 2992//1 3185//1
f 3185//1 2993//1 3186//1
f 3186//21 2994//21 3187//21
f 3187//21 2995//21 3188//21
f 3188//21 2996//21 3189//21
f 3189//1 2997//1 3190//1
f 3190//1 2998//1 3191//1
f 3191//1 2999//1 3192//1
f 3192//1 3000//1 3193//1
f 3193//1 3001//1 3194//1
f 3194//1 3002//1 3195//1
f 3195//1 3003//1 3196//1
f 3196//1 3004//1 3197//1
f 3197//1 3005//1 3198//1
f 3198//18 3006//18 3199//18
f 3199//1 3007//1 3200//1
f 3200//1 3008//1 3201//1
f 3201//29 3009//29 3202//29
f 3202//1 3010//1 3203//1
f 3203//1 3010//1 3204//1
f 3204//1 3011//1 3205//1
f 3205//1 3012//1 3206//1
f 3206//1 3013//1 3207//1
f 3207//33 3014//33 3208//33
f 3208//1 3015//1 3209//1
f 3209//1 3016//1 3210//1
f 3210//1 3017//1 3211//1
f 3211//1 3018//1 3212//1
f 3212//1 3019//1 3213//1
f 3213//1 3020//1 3214//1
f 3214//17 3021//17 3215//17
f 3215//33 3022//33 3216//33
f 3216//1 3023//1 3217//1
f 3217//1 3024//1 3218//1
f 3218//1 3025//1 3219//1
f 3219//1 3026//1 3220//1
f 3220//59 3027//35 3221//386
f 3221//386 3028//431 3222//432
f 3222//17 3029//17 3223//17
f 3223//1 3030//1 3224//1
f 3224//1 3031//1 3225//1
f 3225//1 3032//1 3226//1
f 3226//1 3033//1 3227//1
f 3227//1 3034//1 3228//1
f 3228//1 3035//1 3229//1
f 3229//1 3036//1 3230//1
f 3230//15 3037//15 3231//15
f 3231//17 3038//17 3232//17
f 3232//1 3039//1 3233//1
f 3233//1 3040//1 3234//1
f 3234//1 3041//1 3235//1
f 3235//1 3042//1 3236//1
f 3236//1 3042//1 3237//1
f 3237//1 3043//1 3238//1
f 3238//1 3044//1 3239//1
f 3239//1 3045//1 3240//1
f 3240//1 3046//1 3241//1
f 3241//1 3047//1 3242//1
f 3242//1 3048//1 3243//1
f 3243//1 3049//1 3244//1
f 3244//1 3050//1 3245//1
f 3245//1 3051//1 3246//1
f 3246//1 3052//1 3247//1
f 3247//1 3053//1 3248//1
f 3248//48 3054//48 3249//159
f 3249//159 3055//433 3250//434
f 3250//434 3056//423 3251//435
f 3251//117 3057//29 3252//261
f 3252//7 3058//7 3253//7
f 3253//56 3059//426 3254//56
f 3254//1 3060//1 3255//1
f 3255//1 3061//1 3256//1
f 3256//1 3062//1 3257//1
f 3257//1 3063//1 3258//1
f 3258//1 3064//1 3259//1
f 3259//30 3065//30 3260//30
f 3260//30 3066//30 3261//30
f 3261//1 3067//1 3262//1
f 3262//1 3068//1 3263//1
f 3263//1 3069//1 3264//1
f 3264//1 3070//1 3265//1
f 3265//1 3071//1 3266//1
f 3266//1 3072//1 3267//1
f 3267//1 3073//1 3268//1
f 3268//1 3074//1 3269//1
f 3269//1 3074//1 3270//1
f 3270//1 3075//1 3271//1
f 3271//1 3076//1 3272//1
f 3272//1 3077//1 3273//1
f 3273//1 3078//1 3274//1
f 3274//1 3079//1 3275//1
f 3275//11 3080//11 3276//11
f 3276//1 3081//1 3277//1
f 3277//1 3082//1 3278//1
f 3278//1 3083//1 3279//1
f 3279//1 3084//1 3280//1
f 3280//1 3085//1 3281//1
f 3281//1 3086//1 3282//1
f 3282//1 3087//1 3283//1
f 3283//1 3088//1 3284//1
f 3284//1 3089//1 3285//1
f 3285//15 3090//15 3286//15
f 3286//1 3091//1 3287//1
f 3287//1 3092//1 3288//1
f 3288//1 3093//1 3289//1
f 3289//1 3094//1 3290//1
f 3290//1 3095//1 3291//1
f 3291//1 3096//1 3292//1
f 3292//2 3097//2 3293//2
f 3293//1 3098//1 3294//1
f 3294//1 3099//1 3295//1
f 3295//1 3100//1 3296//1
f 3296//1 3101//1 3297//1
f 3297//1 3102//1 3298//1
f 3298//1 3103//1 3299//1
f 3299//1 3104//1 3300//1
f 3300//1 3105//1 3301//1
f 3301//1 3106//1 3302//1
f 3302//1 3106//1 3303//1
f 3303//1 3107//1 3304//1
f 3304//1 3108//1 3305//1
f 3305//15 3109//15 3306//15
f 3306//1 3110//1 3307//1
f 3307//1 3111//1 3308//1
f 3308//9 3112//9 3309//9
f 3309//2 3113//2 3310//2
f 3310//1 3114//1 3311//1
f 3311//1 3115//1 3312//1
f 3312//11 3116//11 3313//11
f 3313//1 3117//1 3314//1
f 3314//1 3118//1 3315//1
f 3315//1 3119//1 3316//1
f 3316//3 3120//3 3317//3
f 3317//1 3121//1 3318//1
f 3318//1 3122//1 3319//1
f 3319//1 3123//1 3320//1
f 3320//1 3124//1 3321//1
f 3321//5 3125//6 3322//6
f 3322//8 3126//8 3323//8
f 3323//8 3127//8 3324//8
f 3324//1 3128//1 3325//1
f 3325//1 3129//1 3326//1
f 3326//2 3130//2 3327//2
f 3327//2 3131//2 3328//2
f 3328//3 3132//3 3329//3
f 3329//1 3133//1 3330//1
f 3330//1 3134//1 3331//1
f 3331//9 3135//9 3332//9
f 3332//2 3136//2 3333//2
f 3333//2 3137//2 3334//2
f 3334//1 3138//1 3335//1
f 3335//1 3138//1 3336//1
f 3336//9 3139//9 3337//9
f 3337//9 3140//9 3338//9
f 3338//9 3141//429 3339//54
f 3339//54 3142//430 3340//18
f 3340//1 3143//1 3341//1
f 3341//1 3144//1 3342//1
f 3342//1 3145//1 3343//1
f 3343//1 3146//1 3344//1
f 3344//1 3147//1 3345//1
f 3345//1 3148//1 3346//1
f 3346//1 3149//1 3347//1
f 3347//1 3150//1 3348//1
f 3348//1 3151//1 3349//1
f 3349//1 3152//1 3350//1
f 3350//9 3153//9 3351//9
f 3351//2 3154//2 3352//2
f 3352//9 3155//9 3353//9
f 3353//2 3156//2 3354//2
f 3354//1 3157//1 3355//1
f 3355//1 3158//1 3356//1
f 3356//1 3159//1 3357//1
f 3357//1 3160//1 3358//1
f 3358//1 3161//1 3359//1
f 3359//21 3162//21 3360//21
f 3360//1 3163//1 3361//1
f 3361//1 3164//1 3362//1
f 3362//1 3165//1 3363//1
f 3363//1 3166//1 3364//1
f 3364//1 3167//1 3365//1
f 3365//1 3168//1 3366//1
f 3366//1 3169//1 3367//1
f 3367//1 2978//1 3170//1
f 3368//1 3170//1 3369//1
f 3369//1 3171//1 3370//1
f 3370//1 3172//1 3371//1
f 3371//1 3173//1 3372//1
f 3372//18 3174//18 3373//18
f 3373//1 3175//1 3374//1
f 3374//1 3176//1 3375//1
f 3375//1 3177//1 3376//1
f 3376//1 3178//1 3377//1
f 3377//1 3179//1 3378//1
f 3378//29 3180//29 3379//29
f 3379//1 3181//1 3380//1
f 3380//1 3182//1 3381//1
f 3381//1 3183//1 3382//1
f 3382//1 3184//1 3383//1
f 3383//1 3185//1 3384//1
f 3384//1 3186//1 3385//1
f 3385//1 3187//1 3386//1
f 3386//1 3188//1 3387//1
f 3387//1 3189//1 3388//1
f 3388//1 3190//1 3389//1
f 3389//1 3191//1 3390//1
f 3390//1 3192//1 3391//1
f 3391//1 3193//1 3392//1
f 3392//1 3194//1 3393//1
f 3393//1 3195//1 3394//1
f 3394//1 3196//1 3395//1
f 3395//1 3197//1 3396//1
f 3396//1 3198//1 3397//1
f 3397//21 3199//21 3398//21
f 3398//18 3200//18 3399//18
f 3399//29 3201//29 3400//29
f 3400//1 3202//1 3401//1
f 3401//1 3203//1 3402//1
f 3402//1 3203//1 3403//1
f 3403//1 3204//1 3404//1
f 3404//1 3205//1 3405//1
f 3405//1 3206//1 3406//1
f 3406//1 3207//1 3407//1
f 3407//17 3208//17 3408//17
f 3408//17 3209//17 3409//17
f 3409//17 3210//17 3410//17
f 3410//33 3211//33 3411//33
f 3411//1 3212//1 3412//1
f 3412//1 3213//1 3413//1
f 3413//1 3214//1 3414//1
f 3414//1 3215//1 3415//1
f 3415//17 3216//17 3416//17
f 3416//17 3217//17 3417//17
f 3417//33 3218//33 3418//33
f 3418//15 3219//15 3419//15
f 3419//17 3220//59 3420//17
f 3420//17 3221//386 3421//17
f 3421//1 3222//1 3422//1
f 3422//1 3223//1 3423//1
f 3423//1 3224//1 3424//1
f 3424//1 3225//1 3425//1
f 3425//1 3226//1 3426//1
f 3426//1 3227//1 3427//1
f 3427//15 3228//15 3428//15
f 3428//17 3229//17 3429//17
f 3429//17 3230//17 3430//17
f 3430//1 3231//1 3431//1
f 3431//1 3232//1 3432//1
f 3432//1 3233//1 3433//1
f 3433//1 3234//1 3434//1
f 3434//1 3235//1 3435//1
f 3435//1 3236//1 3436//1
f 3436//1 3236//1 3437//1
f 3437//1 3237//1 3438//1
f 3438//1 3238//1 3439//1
f 3439//1 3239//1 3440//1
f 3440//1 3240//1 3441//1
f 3441//1 3241//1 3442//1
f 3442//1 3242//1 3443//1
f 3443//1 3243//1 3444//1
f 3444//1 3244//1 3445//1
f 3445//1 3245//1 3446//1
f 3446//1 3246//1 3447//1
f 3447//1 3247//1 3448//1
f 3448//1 3248//1 3449//1
f 3449//1 3249//1 3450//1
f 3450//30 3250//434 3451//27
f 3451//27 3251//435 3452//15
f 3452//56 3252//56 3453//56
f 3453//1 3253//1 3454//1
f 3454//1 3254//1 3455//1
f 3455//1 3255//1 3456//1
f 3456//1 3256//1 3457//1
f 3457//1 3257//1 3458//1
f 3458//1 3258//1 3459//1
f 3459//1 3259//1 3460//1
f 3460//1 3260//1 3461//1
f 3461//1 3261//1 3462//1
f 3462//1 3262//1 3463//1
f 3463//1 3263//1 3464//1
f 3464//1 3264//1 3465//1
f 3465//1 3265//1 3466//1
f 3466//1 3266//1 3467//1
f 3467//1 3267//1 3468//1
f 3468//1 3268//1 3469//1
f 3469//1 3269//1 3470//1
f 3470//1 3269//1 3471//1
f 3471//1 3270//1 3472//1
f 3472//1 3271//1 3473//1
f 3473//1 3272//1 3474//1
f 3474//1 3273//1 3475//1
f 3475//1 3274//1 3476//1
f 3476//1 3275//1 3477//1
f 3477//1 3276//1 3478//1
f 3478//1 3277//1 3479//1
f 3479//1 3278//1 3480//1
f 3480//1 3279//1 3481//1
f 3481//1 3280//1 3482//1
f 3482//1 3281//1 3483//1
f 3483//1 3282//1 3484//1
f 3484//1 3283//1 3485//1
f 3485//1 3284//1 3486//1
f 3486//1 3285//1 3487//1
f 3487//15 3286//15 3488//15
f 3488//1 3287//1 3489//1
f 3489//1 3288//1 3490//1
f 3490//1 3289//1 3491//1
f 3491//1 3290//1 3492//1
f 3492//2 3291//2 3493//2
f 3493//3 3292//3 3494//3
f 3494//1 3293//1 3495//1
f 3495//1 3294//1 3496//1
f 3496//1 3295//1 3497//1
f 3497//1 3296//1 3498//1
f 3498//1 3297//1 3499//1
f 3499//1 3298//1 3500//1
f 3500//1 3299//1 3501//1
f 3501//1 3300//1 3502//1
f 3502//1 3301//1 3503//1
f 3503//1 3302//1 3504//1
f 3504//1 3302//1 3505//1
f 3505//1 3303//1 3506//1
f 3506//1 3304//1 3507//1
f 3507//1 3305//1 3508//1
f 3508//3 3306//3 3509//3
f 3509//9 3307//9 3510//9
f 3510//2 3308//2 3511//2
f 3511//1 3309//1 3512//1
f 3512//1 3310//1 3513//1
f 3513//1 3311//1 3514//1
f 3514//1 3312//1 3515//1
f 3515//11 3313//11 3516//11
f 3516//1 3314//1 3517//1
f 3517//1 3315//1 3518//1
f 3518//1 3316//1 3519//1
f 3519//3 3317//3 3520//3
f 3520//1 3318//1 3521//1
f 3521//9 3319//9 3522//436
f 3522//437 3320//2 3523//438
f 3523//13 3321//5 3524//14
f 3524//1 3322//1 3525//1
f 3525//1 3323//1 3526//1
f 3526//1 3324//1 3527//1
f 3527//1 3325//1 3528//1
f 3528//1 3326//1 3529//1
f 3529//1 3327//1 3530//1
f 3530//1 3328//1 3531//1
f 3531//2 3329//2 3532//2
f 3532//2 3330//2 3533//2
f 3533//2 3331//2 3534//2
f 3534//1 3332//1 3535//1
f 3535//1 3333//1 3536//1
f 3536//1 3334//1 3537//1
f 3537//1 3335//1 3538//1
f 3538//1 3335//1 3539//1
f 3539//1 3336//1 3540//1
f 3540//1 3337//1 3541//1
f 3541//1 3338//1 3542//1
f 3542//1 3339//1 3543//1
f 3543//1 3340//1 3544//1
f 3544//1 3341//1 3545//1
f 3545//1 3342//1 3546//1
f 3546//1 3343//1 3547//1
f 3547//1 3344//1 3548//1
f 3548//1 3345//1 3549//1
f 3549//1 3346//1 3550//1
f 3550//1 3347//1 3551//1
f 3551//1 3348//1 3552//1
f 3552//1 3349//1 3553//1
f 3553//1 3350//1 3554//1
f 3554//1 3351//1 3555//1
f 3555//2 3352//2 3556//2
f 3556//1 3353//1 3557//1
f 3557//2 3354//2 3558//2
f 3558//1 3355//1 3559//1
f 3559//1 3356//1 3560//1
f 3560//1 3357//1 3561//1
f 3561//1 3358//1 3562//1
f 3562//21 3359//21 3563//21
f 3563//1 3360//1 3564//1
f 3564//1 3361//1 3565//1
f 3565//1 3362//1 3566//1
f 3566//1 3363//1 3567//1
f 3567//1 3364//1 3568//1
f 3568//1 3365//1 3569//1
f 3569//1 3366//1 3570//1
f 3570//1 3367//1 3571//1
f 3571//1 3170//1 3368//1
f 3572//1 3368//1 3573//1
f 3573//1 3369//1 3574//1
f 3574//1 3370//1 3575//1
f 3575//1 3371//1 3576//1
f 3576//1 3372//1 3577//1
f 3577//18 3373//18 3578//18
f 3578//1 3374//1 3579//1
f 3579//1 3375//1 3580//1
f 3580//1 3376//1 3581//1
f 3581//29 3377//29 3582//29
f 3582//21 3378//21 3583//21
f 3583//1 3379//1 3584//1
f 3584//1 3380//1 3585//1
f 3585//1 3381//1 3586//1
f 3586//1 3382//1 3587//1
f 3587//1 3383//1 3588//1
f 3588//1 3384//1 3589//1
f 3589//1 3385//1 3590//1
f 3590//1 3386//1 3591//1
f 3591//1 3387//1 3592//1
f 3592//1 3388//1 3593//1
f 3593//1 3389//1 3594//1
f 3594//1 3390//1 3595//1
f 3595//1 3391//1 3596//1
f 3596//1 3392//1 3597//1
f 3597//1 3393//1 3598//1
f 3598//1 3394//1 3599//1
f 3599//1 3395//1 3600//1
f 3600//1 3396//1 3601//1
f 3601//1 3397//1 3602//1
f 3602//1 3398//1 3603//1
f 3603//21 3399//21 3604//21
f 3604//1 3400//1 3605//1
f 3605//1 3401//1 3606//1
f 3606//1 3402//1 3607//1
f 3607//1 3402//1 3608//1
f 3608//1 3403//1 3609//1
f 3609//1 3404//1 3610//1
f 3610//1 3405//1 3611//1
f 3611//1 3406//1 3612//1
f 3612//1 3407//1 3613//1
f 3613//1 3408//1 3614//1
f 3614//1 3409//1 3615//1
f 3615//1 3410//1 3616//1
f 3616//17 3411//17 3617//17
f 3617//17 3412//17 3618//17
f 3618//17 3413//17 3619//17
f 3619//17 3414//17 3620//17
f 3620//33 3415//33 3621//33
f 3621//1 3416//1 3622//1
f 3622//1 3417//1 3623//1
f 3623//17 3418//17 3624//17
f 3624//1 3419//1 3625//1
f 3625//1 3420//1 3626//1
f 3626//1 3421//1 3627//1
f 3627//1 3422//1 3628//1
f 3628//1 3423//1 3629//1
f 3629//1 3424//1 3630//1
f 3630//15 3425//15 3631//15
f 3631//17 3426//17 3632//17
f 3632//17 3427//17 3633//17
f 3633//1 3428//1 3634//1
f 3634//1 3429//1 3635//1
f 3635//1 3430//1 3636//1
f 3636//1 3431//1 3637//1
f 3637//1 3432//1 3638//1
f 3638//1 3433//1 3639//1
f 3639//1 3434//1 3640//1
f 3640//1 3435//1 3641//1
f 3641//1 3436//1 3642//1
f 3642//1 3436//1 3643//1
f 3643//1 3437//1 3644//1
f 3644//1 3438//1 3645//1
f 3645//1 3439//1 3646//1
f 3646//1 3440//1 3647//1
f 3647//1 3441//1 3648//1
f 3648//1 3442//1 3649//1
f 3649//1 3443//1 3650//1
f 3650//1 3444//1 3651//1
f 3651//1 3445//1 3652//1
f 3652//1 3446//1 3653//1
f 3653//1 3447//1 3654//1
f 3654//1 3448//1 3655//1
f 3655//1 3449//1 3656//1
f 3656//1 3450//1 3657//1
f 3657//1 3451//1 3658//1
f 3658//1 3452//1 3659//1
f 3659//1 3453//1 3660//1
f 3660//1 3454//1 3661//1
f 3661//1 3455//1 3662//1
f 3662//1 3456//1 3663//1
f 3663//1 3457//1 3664//1
f 3664//1 3458//1 3665//1
f 3665//1 3459//1 3666//1
f 3666//1 3460//1 3667//1
f 3667//1 3461//1 3668//1
f 3668//1 3462//1 3669//1
f 3669//1 3463//1 3670//1
f 3670//1 3464//1 3671//1
f 3671//1 3465//1 3672//1
f 3672//1 3466//1 3673//1
f 3673//1 3467//1 3674//1
f 3674//1 3468//1 3675//1
f 3675//1 3469//1 3676//1
f 3676//1 3470//1 3677//1
f 3677//1 3470//1 3678//1
f 3678//1 3471//1 3679//1
f 3679//1 3472//1 3680//1
f 3680//1 3473//1 3681//1
f 3681//1 3474//1 3682//1
f 3682//1 3475//1 3683//1
f 3683//1 3476//1 3684//1
f 3684//1 3477//1 3685//1
f 3685//1 3478//1 3686//1
f 3686//1 3479//1 3687//1
f 3687//1 3480//1 3688//1
f 3688//1 3481//1 3689//1
f 3689//1 3482//1 3690//1
f 3690//1 3483//1 3691//1
f 3691//1 3484//1 3692//1
f 3692//1 3485//1 3693//1
f 3693//1 3486//1 3694//1
f 3694//1 3487//1 3695//1
f 3695//15 3488//15 3696//15
f 3696//1 3489//1 3697//1
f 3697//1 3490//1 3698//1
f 3698//1 3491//1 3699//1
f 3699//2 3492//2 3700//2
f 3700//1 3493//1 3701//1
f 3701//1 3494//1 3702//1
f 3702//1 3495//1 3703//1
f 3703//1 3496//1 3704//1
f 3704//1 3497//1 3705//1
f 3705//1 3498//1 3706//1
f 3706//1 3499//1 3707//1
f 3707//1 3500//1 3708//1
f 3708//1 3501//1 3709//1
f 3709//1 3502//1 3710//1
f 3710//1 3503//1 3711//1
f 3711//1 3504//1 3712//1
f 3712//1 3504//1 3713//1
f 3713//1 3505//1 3714//1
f 3714//1 3506//1 3715//1
f 3715//1 3507//1 3716//1
f 3716//1 3508//1 3717//1
f 3717//2 3509//2 3718//2
f 3718//1 3510//1 3719//1
f 3719//1 3511//1 3720//1
f 3720//1 3512//1 3721//1
f 3721//1 3513//1 3722//1
f 3722//1 3514//1 3723//1
f 3723//1 3515//1 3724//1
f 3724//10 3516//10 3725//10
f 3725//10 3517//10 3726//10
f 3726//10 3518//10 3727//10
f 3727//10 3519//247 3728//439
f 3728//439 3520//178 3729//8
f 3729//440 3521//441 3730//442
f 3730//443 3522//436 3731//18
f 3731//10 3523//438 3732//10
f 3732//1 3524//1 3733//1
f 3733//1 3525//1 3734//1
f 3734//1 3526//1 3735//1
f 3735//1 3527//1 3736//1
f 3736//1 3528//1 3737//1
f 3737//1 3529//1 3738//1
f 3738//1 3530//1 3739//1
f 3739//1 3531//1 3740//1
f 3740//1 3532//1 3741//1
f 3741//1 3533//1 3742//1
f 3742//1 3534//1 3743//1
f 3743//1 3535//1 3744//1
f 3744//1 3536//1 3745//1
f 3745//1 3537//1 3746//1
f 3746//1 3538//1 3747//1
f 3747//1 3538//1 3748//1
f 3748//1 3539//1 3749//1
f 3749//1 3540//1 3750//1
f 3750//1 3541//1 3751//1
f 3751//1 3542//1 3752//1
f 3752//1 3543//1 3753//1
f 3753//1 3544//1 3754//1
f 3754//1 3545//1 3755//1
f 3755//1 3546//1 3756//1
f 3756//1 3547//1 3757//1
f 3757//1 3548//1 3758//1
f 3758//1 3549//1 3759//1
f 3759//1 3550//1 3760//1
f 3760//1 3551//1 3761//1
f 3761//1 3552//1 3762//1
f 3762//1 3553//1 3763//1
f 3763//1 3554//1 3764//1
f 3764//1 3555//1 3765//1
f 3765//9 3556//9 3766//9
f 3766//2 3557//2 3767//2
f 3767//9 3558//9 3768//9
f 3768//2 3559//2 3769//2
f 3769//1 3560//1 3770//1
f 3770//1 3561//1 3771//1
f 3771//21 3562//21 3772//21
f 3772//1 3563//1 3773//1
f 3773//1 3564//1 3774//1
f 3774//1 3565//1 3775//1
f 3775//1 3566//1 3776//1
f 3776//1 3567//1 3777//1
f 3777//1 3568//1 3778//1
f 3778//1 3569//1 3779//1
f 3779//1 3570//1 3780//1
f 3780//1 3571//1 3781//1
f 3781//1 3368//1 3572//1
f 3782//1 3572//1 3783//1
f 3783//1 3573//1 3784//1
f 3784//1 3574//1 3785//1
f 3785//1 3575//1 3786//1
f 3786//1 3576//1 3787//1
f 3787//1 3577//1 3788//1
f 3788//18 3578//18 3789//18
f 3789//1 3579//1 3790//1
f 3790//29 3580//29 3791//29
f 3791//21 3581//21 3792//21
f 3792//1 3582//1 3793//1
f 3793//1 3583//1 3794//1
f 3794//1 3584//1 3795//1
f 3795//1 3585//1 3796//1
f 3796//1 3586//1 3797//1
f 3797//1 3587//1 3798//1
f 3798//1 3588//1 3799//1
f 3799//1 3589//1 3800//1
f 3800//1 3590//1 3801//1
f 3801//1 3591//1 3802//1
f 3802//1 3592//1 3803//1
f 3803//1 3593//1 3804//1
f 3804//1 3594//1 3805//1
f 3805//1 3595//1 3806//1
f 3806//1 3596//1 3807//1
f 3807//1 3597//1 3808//1
f 3808//1 3598//1 3809//1
f 3809//1 3599//1 3810//1
f 3810//1 3600//1 3811//1
f 3811//1 3601//1 3812//1
f 3812//1 3602//1 3813//1
f 3813//1 3603//1 3814//1
f 3814//1 3604//1 3815//1
f 3815//1 3605//1 3816//1
f 3816//1 3606//1 3817//1
f 3817//1 3607//1 3818//1
f 3818//1 3607//1 3819//1
f 3819//1 3608//1 3820//1
f 3820//1 3609//1 3821//1
f 3821//1 3610//1 3822//1
f 3822//1 3611//1 3823//1
f 3823//1 3612//1 3824//1
f 3824//1 3613//1 3825//1
f 3825//1 3614//1 3826//1
f 3826//1 3615//1 3827//1
f 3827//1 3616//1 3828//1
f 3828//1 3617//1 3829//1
f 3829//1 3618//1 3830//1
f 3830//1 3619//1 3831//1
f 3831//1 3620//1 3832//1
f 3832//17 3621//17 3833//17
f 3833//17 3622//17 3834//17
f 3834//33 3623//33 3835//33
f 3835//1 3624//1 3836//1
f 3836//1 3625//1 3837//1
f 3837//1 3626//1 3838//1
f 3838//15 3627//15 3839//15
f 3839//17 3628//17 3840//17
f 3840//17 3629//17 3841//17
f 3841//17 3630//17 3842//17
f 3842//1 3631//1 3843//1
f 3843//1 3632//1 3844//1
f 3844//1 3633//1 3845//1
f 3845//1 3634//1 3846//1
f 3846//1 3635//1 3847//1
f 3847//1 3636//1 3848//1
f 3848//1 3637//1 3849//1
f 3849//1 3638//1 3850//1
f 3850//1 3639//1 3851//1
f 3851//1 3640//1 3852//1
f 3852//1 3641//1 3853//1
f 3853//1 3642//1 3854//1
f 3854//1 3642//1 3855//1
f 3855//1 3643//1 3856//1
f 3856//1 3644//1 3857//1
f 3857//1 3645//1 3858//1
f 3858//1 3646//1 3859//1
f 3859//1 3647//1 3860//1
f 3860//1 3648//1 3861//1
f 3861//1 3649//1 3862//1
f 3862//1 3650//1 3863//1
f 3863//1 3651//1 3864//1
f 3864//1 3652//1 3865//1
f 3865//1 3653//1 3866//1
f 3866//1 3654//1 3867//1
f 3867//1 3655//1 3868//1
f 3868//1 3656//1 3869//1
f 3869//1 3657//1 3870//1
f 3870//1 3658//1 3871//1
f 3871//1 3659//1 3872//1
f 3872//1 3660//1 3873//1
f 3873//1 3661//1 3874//1
f 3874//1 3662//1 3875//1
f 3875//1 3663//1 3876//1
f 3876//1 3664//1 3877//1
f 3877//1 3665//1 3878//1
f 3878//1 3666//1 3879//1
f 3879//1 3667//1 3880//1
f 3880//1 3668//1 3881//1
f 3881//1 3669//1 3882//1
f 3882//1 3670//1 3883//1
f 3883//1 3671//1 3884//1
f 3884//1 3672//1 3885//1
f 3885//1 3673//1 3886//1
f 3886//1 3674//1 3887//1
f 3887//1 3675//1 3888//1
f 3888//1 3676//1 3889//1
f 3889//1 3677//1 3890//1
f 3890//1 3677//1 3891//1
f 3891//1 3678//1 3892//1
f 3892//1 3679//1 3893//1
f 3893//1 3680//1 3894//1
f 3894//1 3681//1 3895//1
f 3895//1 3682//1 3896//1
f 3896//1 3683//1 3897//1
f 3897//1 3684//1 3898//1
f 3898//1 3685//1 3899//1
f 3899//1 3686//1 3900//1
f 3900//1 3687//1 3901//1
f 3901//1 3688//1 3902//1
f 3902//1 3689//1 3903//1
f 3903//1 3690//1 3904//1
f 3904//1 3691//1 3905//1
f 3905//1 3692//1 3906//1
f 3906//1 3693//1 3907//1
f 3907//1 3694//1 3908//1
f 3908//1 3695//1 3909//1
f 3909//15 3696//15 3910//15
f 3910//1 3697//1 3911//1
f 3911//2 3698//2 3912//2
f 3912//3 3699//3 3913//3
f 3913//1 3700//1 3914//1
f 3914//1 3701//1 3915//1
f 3915//1 3702//1 3916//1
f 3916//1 3703//1 3917//1
f 3917//1 3704//1 3918//1
f 3918//1 3705//1 3919//1
f 3919//1 3706//1 3920//1
f 3920//1 3707//1 3921//1
f 3921//1 3708//1 3922//1
f 3922//1 3709//1 3923//1
f 3923//1 3710//1 3924//1
f 3924//1 3711//1 3925//1
f 3925//1 3712//1 3926//1
f 3926//1 3712//1 3927//1
f 3927//1 3713//1 3928//1
f 3928//1 3714//1 3929//1
f 3929//1 3715//1 3930//1
f 3930//1 3716//1 3931//1
f 3931//1 3717//1 3932//1
f 3932//1 3718//1 3933//1
f 3933//1 3719//1 3934//1
f 3934//1 3720//1 3935//1
f 3935//1 3721//1 3936//1
f 3936//1 3722//1 3937//1
f 3937//1 3723//1 3938//1
f 3938//1 3724//1 3939//1
f 3939//1 3725//1 3940//1
f 3940//1 3726//1 3941//1
f 3941//1 3727//1 3942//1
f 3942//1 3728//1 3943//1
f 3943//1 3729//1 3944//1
f 3944//10 3730//10 3945//10
f 3945//1 3731//1 3946//1
f 3946//1 3732//1 3947//1
f 3947//1 3733//1 3948//1
f 3948//1 3734//1 3949//1
f 3949//1 3735//1 3950//1
f 3950//1 3736//1 3951//1
f 3951//1 3737//1 3952//1
f 3952//1 3738//1 3953//1
f 3953//1 3739//1 3954//1
f 3954//1 3740//1 3955//1
f 3955//1 3741//1 3956//1
f 3956//1 3742//1 3957//1
f 3957//1 3743//1 3958//1
f 3958//1 3744//1 3959//1
f 3959//1 3745//1 3960//1
f 3960//1 3746//1 3961//1
f 3961//1 3747//1 3962//1
f 3962//1 3747//1 3963//1
f 3963//1 3748//1 3964//1
f 3964//1 3749//1 3965//1
f 3965//1 3750//1 3966//1
f 3966//1 3751//1 3967//1
f 3967//1 3752//1 3968//1
f 3968//1 3753//1 3969//1
f 3969//1 3754//1 3970//1
f 3970//1 3755//1 3971//1
f 3971//1 3756//1 3972//1
f 3972//1 3757//1 3973//1
f 3973//1 3758//1 3974//1
f 3974//1 3759//1 3975//1
f 3975//1 3760//1 3976//1
f 3976//1 3761//1 3977//1
f 3977//1 3762//1 3978//1
f 3978//1 3763//1 3979//1
f 3979//1 3764//1 3980//1
f 3980//1 3765//1 3981//1
f 3981//1 3766//1 3982//1
f 3982//2 3767//2 3983//2
f 3983//1 3768//1 3984//1
f 3984//429 3769//2 3985//430
f 3985//21 3770//21 3986//21
f 3986//18 3771//18 3987//18
f 3987//1 3772//1 3988//1
f 3988//1 3773//1 3989//1
f 3989//1 3774//1 3990//1
f 3990//1 3775//1 3991//1
f 3991//1 3776//1 3992//1
f 3992//1 3777//1 3993//1
f 3993//1 3778//1 3994//1
f 3994//1 3779//1 3995//1
f 3995//1 3780//1 3996//1
f 3996//1 3781//1 3997//1
f 3997//1 3572//1 3782//1
f 3998//1 3782//1 3999//1
f 3999//1 3783//1 4000//1
f 4000//1 3784//1 4001//1
f 4001//1 3785//1 4002//1
f 4002//1 3786//1 4003//1
f 4003//1 3787//1 4004//1
f 4004//1 3788//1 4005//1
f 4005//21 3789//21 4006//21
f 4006//21 3790//21 4007//21
f 4007//1 3791//1 4008//1
f 4008//1 3792//1 4009//1
f 4009//1 3793//1 4010//1
f 4010//1 3794//1 4011//1
f 4011//1 3795//1 4012//1
f 4012//1 3796//1 4013//1
f 4013//1 3797//1 4014//1
f 4014//1 3798//1 4015//1
f 4015//1 3799//1 4016//1
f 4016//1 3800//1 4017//1
f 4017//1 3801//1 4018//1
f 4018//1 3802//1 4019//1
f 4019//1 3803//1 4020//1
f 4020//1 3804//1 4021//1
f 4021//1 3805//1 4022//1
f 4022//1 3806//1 4023//1
f 4023//1 3807//1 4024//1
f 4024//1 3808//1 4025//1
f 4025//1 3809//1 4026//1
f 4026//1 3810//1 4027//1
f 4027//1 3811//1 4028//1
f 4028//1 3812//1 4029//1
f 4029//1 3813//1 4030//1
f 4030//1 3814//1 4031//1
f 4031//1 3815//1 4032//1
f 4032//1 3816//1 4033//1
f 4033//1 3817//1 4034//1
f 4034//1 3818//1 4035//1
f 4035//1 3818//1 4036//1
f 4036//1 3819//1 4037//1
f 4037//1 3820//1 4038//1
f 4038//1 3821//1 4039//1
f 4039//1 3822//1 4040//1
f 4040//1 3823//1 4041//1
f 4041//1 3824//1 4042//1
f 4042//1 3825//1 4043//1
f 4043//1 3826//1 4044//1
f 4044//1 3827//1 4045//1
f 4045//1 3828//1 4046//1
f 4046//1 3829//1 4047//1
f 4047//1 3830//1 4048//1
f 4048//1 3831//1 4049//1
f 4049//1 3832//1 4050//1
f 4050//1 3833//1 4051//1
f 4051//1 3834//1 4052//1
f 4052//17 3835//17 4053//17
f 4053//17 3836//17 4054//17
f 4054//17 3837//17 4055//17
f 4055//17 3838//17 4056//17
f 4056//1 3839//1 4057//1
f 4057//1 3840//1 4058//1
f 4058//1 3841//1 4059//1
f 4059//1 3842//1 4060//1
f 4060//1 3843//1 4061//1
f 4061//1 3844//1 4062//1
f 4062//1 3845//1 4063//1
f 4063//1 3846//1 4064//1
f 4064//1 3847//1 4065//1
f 4065//1 3848//1 4066//1
f 4066//1 3849//1 4067//1
f 4067//1 3850//1 4068//1
f 4068//1 3851//1 4069//1
f 4069//1 3852//1 4070//1
f 4070//1 3853//1 4071//1
f 4071//1 3854//1 4072//1
f 4072//1 3854//1 4073//1
f 4073//1 3855//1 4074//1
f 4074//1 3856//1 4075//1
f 4075//1 3857//1 4076//1
f 4076//1 3858//1 4077//1
f 4077//1 3859//1 4078//1
f 4078//1 3860//1 4079//1
f 4079//1 3861//1 4080//1
f 4080//1 3862//1 4081//1
f 4081//1 3863//1 4082//1
f 4082//1 3864//1 4083//1
f 4083//1 3865//1 4084//1
f 4084//1 3866//1 4085//1
f 4085//1 3867//1 4086//1
f 4086//1 3868//1 4087//1
f 4087//1 3869//1 4088//1
f 4088//1 3870//1 4089//1
f 4089//1 3871//1 4090//1
f 4090//1 3872//1 4091//1
f 4091//1 3873//1 4092//1
f 4092//1 3874//1 4093//1
f 4093//1 3875//1 4094//1
f 4094//1 3876//1 4095//1
f 4095//1 3877//1 4096//1
f 4096//1 3878//1 4097//1
f 4097//1 3879//1 4098//1
f 4098//1 3880//1 4099//1
f 4099//1 3881//1 4100//1
f 4100//1 3882//1 4101//1
f 4101//1 3883//1 4102//1
f 4102//1 3884//1 4103//1
f 4103//1 3885//1 4104//1
f 4104//1 3886//1 4105//1
f 4105//1 3887//1 4106//1
f 4106//1 3888//1 4107//1
f 4107//1 3889//1 4108//1
f 4108//1 3890//1 4109//1
f 4109//1 3890//1 4110//1
f 4110//1 3891//1 4111//1
f 4111//1 3892//1 4112//1
f 4112//1 3893//1 4113//1
f 4113//1 3894//1 4114//1
f 4114//1 3895//1 4115//1
f 4115//1 3896//1 4116//1
f 4116//1 3897//1 4117//1
f 4117//1 3898//1 4118//1
f 4118//1 3899//1 4119//1
f 4119//1 3900//1 4120//1
f 4120//1 3901//1 4121//1
f 4121//1 3902//1 4122//1
f 4122//1 3903//1 4123//1
f 4123//1 3904//1 4124//1
f 4124//1 3905//1 4125//1
f 4125//1 3906//1 4126//1
f 4126//1 3907//1 4127//1
f 4127//1 3908//1 4128//1
f 4128//1 3909//1 4129//1
f 4129//15 3910//15 4130//15
f 4130//2 3911//2 4131//2
f 4131//1 3912//1 4132//1
f 4132//1 3913//1 4133//1
f 4133//1 3914//1 4134//1
f 4134//1 3915//1 4135//1
f 4135//1 3916//1 4136//1
f 4136//1 3917//1 4137//1
f 4137//1 3918//1 4138//1
f 4138//1 3919//1 4139//1
f 4139//1 3920//1 4140//1
f 4140//1 3921//1 4141//1
f 4141//1 3922//1 4142//1
f 4142//1 3923//1 4143//1
f 4143//1 3924//1 4144//1
f 4144//1 3925//1 4145//1
f 4145//1 3926//1 4146//1
f 4146//1 3926//1 4147//1
f 4147//1 3927//1 4148//1
f 4148//1 3928//1 4149//1
f 4149//1 3929//1 4150//1
f 4150//1 3930//1 4151//1
f 4151//1 3931//1 4152//1
f 4152//1 3932//1 4153//1
f 4153//1 3933//1 4154//1
f 4154//1 3934//1 4155//1
f 4155//1 3935//1 4156//1
f 4156//1 3936//1 4157//1
f 4157//1 3937//1 4158//1
f 4158//1 3938//1 4159//1
f 4159//1 3939//1 4160//1
f 4160//1 3940//1 4161//1
f 4161//1 3941//1 4162//1
f 4162//1 3942//1 4163//1
f 4163//1 3943//1 4164//1
f 4164//1 3944//1 4165//1
f 4165//1 3945//1 4166//1
f 4166//1 3946//1 4167//1
f 4167//1 3947//1 4168//1
f 4168//1 3948//1 4169//1
f 4169//1 3949//1 4170//1
f 4170//1 3950//1 4171//1
f 4171//1 3951//1 4172//1
f 4172//1 3952//1 4173//1
f 4173//1 3953//1 4174//1
f 4174//1 3954//1 4175//1
f 4175//1 3955//1 4176//1
f 4176//1 3956//1 4177//1
f 4177//1 3957//1 4178//1
f 4178//1 3958//1 4179//1
f 4179//1 3959//1 4180//1
f 4180//1 3960//1 4181//1
f 4181//1 3961//1 4182//1
f 4182//1 3962//1 4183//1
f 4183//1 3962//1 4184//1
f 4184//1 3963//1 4185//1
f 4185//1 3964//1 4186//1
f 4186//1 3965//1 4187//1
f 4187//1 3966//1 4188//1
f 4188//1 3967//1 4189//1
f 4189//1 3968//1 4190//1
f 4190//1 3969//1 4191//1
f 4191//1 3970//1 4192//1
f 4192//1 3971//1 4193//1
f 4193//1 3972//1 4194//1
f 4194//1 3973//1 4195//1
f 4195//1 3974//1 4196//1
f 4196//1 3975//1 4197//1
f 4197//1 3976//1 4198//1
f 4198//1 3977//1 4199//1
f 4199//1 3978//1 4200//1
f 4200//1 3979//1 4201//1
f 4201//1 3980//1 4202//1
f 4202//1 3981//1 4203//1
f 4203//1 3982//1 4204//1
f 4204//9 3983//9 4205//9
f 4205//9 3984//429 4206//54
f 4206//54 3985//430 4207//18
f 4207//1 3986//1 4208//1
f 4208//1 3987//1 4209//1
f 4209//1 3988//1 4210//1
f 4210//1 3989//1 4211//1
f 4211//1 3990//1 4212//1
f 4212//1 3991//1 4213//1
f 4213//1 3992//1 4214//1
f 4214//1 3993//1 4215//1
f 4215//1 3994//1 4216//1
f 4216//1 3995//1 4217//1
f 4217//1 3996//1 4218//1
f 4218//1 3997//1 4219//1
f 4219//1 3782//1 3998//1
f 4220//1 3998//1 4221//1
f 4221//1 3999//1 4222//1
f 4222//1 4000//1 4223//1
f 4223//1 4001//1 4224//1
f 4224//1 4002//1 4225//1
f 4225//1 4003//1 4226//1
f 4226//1 4004//1 4227//1
f 4227//1 4005//1 4228//1
f 4228//1 4006//1 4229//1
f 4229//1 4007//1 4230//1
f 4230//1 4008//1 4231//1
f 4231//1 4009//1 4232//1
f 4232//1 4010//1 4233//1
f 4233//1 4011//1 4234//1
f 4234//1 4012//1 4235//1
f 4235//1 4013//1 4236//1
f 4236//1 4014//1 4237//1
f 4237//1 4015//1 4238//1
f 4238//1 4016//1 4239//1
f 4239//1 4017//1 4240//1
f 4240//1 4018//1 4241//1
f 4241//1 4019//1 4242//1
f 4242//1 4020//1 4243//1
f 4243//1 4021//1 4244//1
f 4244//1 4022//1 4245//1
f 4245//1 4023//1 4246//1
f 4246//1 4024//1 4247//1
f 4247//1 4025//1 4248//1
f 4248//1 4026//1 4249//1
f 4249//1 4027//1 4250//1
f 4250//1 4028//1 4251//1
f 4251//1 4029//1 4252//1
f 4252//1 4030//1 4253//1
f 4253//1 4031//1 4254//1
f 4254//1 4032//1 4255//1
f 4255//1 4033//1 4256//1
f 4256//1 4034//1 4257//1
f 4257//1 4035//1 4258//1
f 4258//1 4035//1 4259//1
f 4259//1 4036//1 4260//1
f 4260//1 4037//1 4261//1
f 4261//1 4038//1 4262//1
f 4262//1 4039//1 4263//1
f 4263//1 4040//1 4264//1
f 4264//1 4041//1 4265//1
f 4265//1 4042//1 4266//1
f 4266//1 4043//1 4267//1
f 4267//1 4044//1 4268//1
f 4268//1 4045//1 4269//1
f 4269//1 4046//1 4270//1
f 4270//1 4047//1 4271//1
f 4271//1 4048//1 4272//1
f 4272//1 4049//1 4273//1
f 4273//1 4050//1 4274//1
f 4274//1 4051//1 4275//1
f 4275//1 4052//1 4276//1
f 4276//1 4053//1 4277//1
f 4277//1 4054//1 4278//1
f 4278//1 4055//1 4279//1
f 4279//1 4056//1 4280//1
f 4280//1 4057//1 4281//1
f 4281//1 4058//1 4282//1
f 4282//1 4059//1 4283//1
f 4283//1 4060//1 4284//1
f 4284//1 4061//1 4285//1
f 4285//1 4062//1 4286//1
f 4286//1 4063//1 4287//1
f 4287//1 4064//1 4288//1
f 4288//1 4065//1 4289//1
f 4289//1 4066//1 4290//1
f 4290//1 4067//1 4291//1
f 4291//1 4068//1 4292//1
f 4292//1 4069//1 4293//1
f 4293//1 4070//1 4294//1
f 4294//1 4071//1 4295//1
f 4295//1 4072//1 4296//1
f 4296//1 4072//1 4297//1
f 4297//1 4073//1 4298//1
f 4298//1 4074//1 4299//1
f 4299//1 4075//1 4300//1
f 4300//1 4076//1 4301//1
f 4301//1 4077//1 4302//1
f 4302//1 4078//1 4303//1
f 4303//1 4079//1 4304//1
f 4304//1 4080//1 4305//1
f 4305//1 4081//1 4306//1
f 4306//1 4082//1 4307//1
f 4307//1 4083//1 4308//1
f 4308//1 4084//1 4309//1
f 4309//1 4085//1 4310//1
f 4310//1 4086//1 4311//1
f 4311//1 4087//1 4312//1
f 4312//1 4088//1 4313//1
f 4313//1 4089//1 4314//1
f 4314//1 4090//1 4315//1
f 4315//1 4091//1 4316//1
f 4316//1 4092//1 4317//1
f 4317//1 4093//1 4318//1
f 4318//1 4094//1 4319//1
f 4319//1 4095//1 4320//1
f 4320//1 4096//1 4321//1
f 4321//1 4097//1 4322//1
f 4322//1 4098//1 4323//1
f 4323//1 4099//1 4324//1
f 4324//1 4100//1 4325//1
f 4325//1 4101//1 4326//1
f 4326//1 4102//1 4327//1
f 4327//1 4103//1 4328//1
f 4328//1 4104//1 4329//1
f 4329//1 4105//1 4330//1
f 4330//1 4106//1 4331//1
f 4331//1 4107//1 4332//1
f 4332//1 4108//1 4333//1
f 4333//1 4109//1 4334//1
f 4334//1 4109//1 4335//1
f 4335//1 4110//1 4336//1
f 4336//1 4111//1 4337//1
f 4337//1 4112//1 4338//1
f 4338//1 4113//1 4339//1
f 4339//1 4114//1 4340//1
f 4340//1 4115//1 4341//1
f 4341//1 4116//1 4342//1
f 4342//1 4117//1 4343//1
f 4343//1 4118//1 4344//1
f 4344//1 4119//1 4345//1
f 4345//1 4120//1 4346//1
f 4346//1 4121//1 4347//1
f 4347//1 4122//1 4348//1
f 4348//1 4123//1 4349//1
f 4349//1 4124//1 4350//1
f 4350//1 4125//1 4351//1
f 4351//1 4126//1 4352//1
f 4352//1 4127//1 4353//1
f 4353//1 4128//1 4354//1
f 4354//1 4129//1 4355//1
f 4355//3 4130//3 4356//3
f 4356//1 4131//1 4357//1
f 4357//1 4132//1 4358//1
f 4358//1 4133//1 4359//1
f 4359//1 4134//1 4360//1
f 4360//1 4135//1 4361//1
f 4361//1 4136//1 4362//1
f 4362//1 4137//1 4363//1
f 4363//1 4138//1 4364//1
f 4364//1 4139//1 4365//1
f 4365//1 4140//1 4366//1
f 4366//1 4141//1 4367//1
f 4367//1 4142//1 4368//1
f 4368//1 4143//1 4369//1
f 4369//1 4144//1 4370//1
f 4370//1 4145//1 4371//1
f 4371//1 4146//1 4372//1
f 4372//1 4146//1 4373//1
f 4373//1 4147//1 4374//1
f 4374//1 4148//1 4375//1
f 4375//1 4149//1 4376//1
f 4376//1 4150//1 4377//1
f 4377//1 4151//1 4378//1
f 4378//1 4152//1 4379//1
f 4379//1 4153//1 4380//1
f 4380//1 4154//1 4381//1
f 4381//1 4155//1 4382//1
f 4382//1 4156//1 4383//1
f 4383//1 4157//1 4384//1
f 4384//1 4158//1 4385//1
f 4385//1 4159//1 4386//1
f 4386//1 4160//1 4387//1
f 4387//1 4161//1 4388//1
f 4388//1 4162//1 4389//1
f 4389//1 4163//1 4390//1
f 4390//1 4164//1 4391//1
f 4391//1 4165//1 4392//1
f 4392//1 4166//1 4393//1
f 4393//1 4167//1 4394//1
f 4394//1 4168//1 4395//1
f 4395//1 4169//1 4396//1
f 4396//1 4170//1 4397//1
f 4397//1 4171//1 4398//1
f 4398//1 4172//1 4399//1
f 4399//1 4173//1 4400//1
f 4400//1 4174//1 4401//1
f 4401//1 4175//1 4402//1
f 4402//1 4176//1 4403//1
f 4403//1 4177//1 4404//1
f 4404//1 4178//1 4405//1
f 4405//1 4179//1 4406//1
f 4406//1 4180//1 4407//1
f 4407//1 4181//1 4408//1
f 4408//1 4182//1 4409//1
f 4409//1 4183//1 4410//1
f 4410//1 4183//1 4411//1
f 4411//1 4184//1 4412//1
f 4412//1 4185//1 4413//1
f 4413//1 4186//1 4414//1
f 4414//1 4187//1 4415//1
f 4415//1 4188//1 4416//1
f 4416//1 4189//1 4417//1
f 4417//1 4190//1 4418//1
f 4418//1 4191//1 4419//1
f 4419//1 4192//1 4420//1
f 4420//1 4193//1 4421//1
f 4421//1 4194//1 4422//1
f 4422//1 4195//1 4423//1
f 4423//1 4196//1 4424//1
f 4424//1 4197//1 4425//1
f 4425//1 4198//1 4426//1
f 4426//1 4199//1 4427//1
f 4427//1 4200//1 4428//1
f 4428//1 4201//1 4429//1
f 4429//1 4202//1 4430//1
f 4430//1 4203//1 4431//1
f 4431//1 4204//1 4432//1
f 4432//1 4205//1 4433//1
f 4433//1 4206//1 4434//1
f 4434//1 4207//1 4435//1
f 4435//1 4208//1 4436//1
f 4436//1 4209//1 4437//1
f 4437//1 4210//1 4438//1
f 4438//1 4211//1 4439//1
f 4439//1 4212//1 4440//1
f 4440//1 4213//1 4441//1
f 4441//1 4214//1 4442//1
f 4442//1 4215//1 4443//1
f 4443//1 4216//1 4444//1
f 4444//1 4217//1 4445//1
f 4445//1 4218//1 4446//1
f 4446//1 4219//1 4447//1
f 4447//1 3998//1 4220//1
f 4448//1 4220//1 4449//1
f 4449//1 4221//1 4450//1
f 4450//1 4222//1 4451//1
f 4451//1 4223//1 4452//1
f 4452//1 4224//1 4453//1
f 4453//1 4225//1 4454//1
f 4454//1 4226//1 4455//1
f 4455//1 4227//1 4456//1
f 4456//1 4228//1 4457//1
f 4457//1 4229//1 4458//1
f 4458//1 4230//1 4459//1
f 4459//1 4231//1 4460//1
f 4460//1 4232//1 4461//1
f 4461//1 4233//1 4462//1
f 4462//1 4234//1 4463//1
f 4463//1 4235//1 4464//1
f 4464//1 4236//1 4465//1
f 4465//1 4237//1 4466//1
f 4466//1 4238//1 4467//1
f 4467//1 4239//1 4468//1
f 4468//1 4240//1 4469//1
f 4469//1 4241//1 4470//1
f 4470//1 4242//1 4471//1
f 4471//1 4243//1 4472//1
f 4472//1 4244//1 4473//1
f 4473//1 4245//1 4474//1
f 4474//1 4246//1 4475//1
f 4475//1 4247//1 4476//1
f 4476//1 4248//1 4477//1
f 4477//1 4249//1 4478//1
f 4478//1 4250//1 4479//1
f 4479//1 4251//1 4480//1
f 4480//1 4252//1 4481//1
f 4481//1 4253//1 4482//1
f 4482//1 4254//1 4483//1
f 4483//1 4255//1 4484//1
f 4484//1 4256//1 4485//1
f 4485//1 4257//1 4486//1
f 4486//1 4258//1 4487//1
f 4487//1 4258//1 4488//1
f 4488//1 4259//1 4489//1
f 4489//1 4260//1 4490//1
f 4490//1 4261//1 4491//1
f 4491//1 4262//1 4492//1
f 4492//1 4263//1 4493//1
f 4493//1 4264//1 4494//1
f 4494//1 4265//1 4495//1
f 4495//1 4266//1 4496//1
f 4496//1 4267//1 4497//1
f 4497//1 4268//1 4498//1
f 4498//1 4269//1 4499//1
f 4499//1 4270//1 4500//1
f 4500//1 4271//1 4501//1
f 4501//1 4272//1 4502//1
f 4502//1 4273//1 4503//1
f 4503//1 4274//1 4504//1
f 4504//1 4275//1 4505//1
f 4505//1 4276//1 4506//1
f 4506//1 4277//1 4507//1
f 4507//1 4278//1 4508//1
f 4508//1 4279//1 4509//1
f 4509//1 4280//1 4510//1
f 4510//1 4281//1 4511//1
f 4511//1 4282//1 4512//1
f 4512//1 4283//1 4513//1
f 4513//1 4284//1 4514//1
f 4514//1 4285//1 4515//1
f 4515//1 4286//1 4516//1
f 4516//1 4287//1 4517//1
f 4517//1 4288//1 4518//1
f 4518//1 4289//1 4519//1
f 4519//1 4290//1 4520//1
f 4520//1 4291//1 4521//1
f 4521//1 4292//1 4522//1
f 4522//1 4293//1 4523//1
f 4523//1 4294//1 4524//1
f 4524//1 4295//1 4525//1
f 4525//1 4296//1 4526//1
f 4526//1 4296//1 4527//1
f 4527//1 4297//1 4528//1
f 4528//1 4298//1 4529//1
f 4529//1 4299//1 4530//1
f 4530//1 4300//1 4531//1
f 4531//1 4301//1 4532//1
f 4532//1 4302//1 4533//1
f 4533//1 4303//1 4534//1
f 4534//1 4304//1 4535//1
f 4535//1 4305//1 4536//1
f 4536//1 4306//1 4537//1
f 4537//1 4307//1 4538//1
f 4538//1 4308//1 4539//1
f 4539//1 4309//1 4540//1
f 4540//1 4310//1 4541//1
f 4541//1 4311//1 4542//1
f 4542//1 4312//1 4543//1
f 4543//1 4313//1 4544//1
f 4544//1 4314//1 4545//1
f 4545//1 4315//1 4546//1
f 4546//1 4316//1 4547//1
f 4547//1 4317//1 4548//1
f 4548//1 4318//1 4549//1
f 4549//1 4319//1 4550//1
f 4550//1 4320//1 4551//1
f 4551//1 4321//1 4552//1
f 4552//1 4322//1 4553//1
f 4553//1 4323//1 4554//1
f 4554//1 4324//1 4555//1
f 4555//1 4325//1 4556//1
f 4556//1 4326//1 4557//1
f 4557//1 4327//1 4558//1
f 4558//1 4328//1 4559//1
f 4559//1 4329//1 4560//1
f 4560//1 4330//1 4561//1
f 4561//1 4331//1 4562//1
f 4562//1 4332//1 4563//1
f 4563//1 4333//1 4564//1
f 4564//1 4334//1 4565//1
f 4565//1 4334//1 4566//1
f 4566//1 4335//1 4567//1
f 4567//1 4336//1 4568//1
f 4568//1 4337//1 4569//1
f 4569//1 4338//1 4570//1
f 4570//1 4339//1 4571//1
f 4571//1 4340//1 4572//1
f 4572//1 4341//1 4573//1
f 4573//1 4342//1 4574//1
f 4574//1 4343//1 4575//1
f 4575//1 4344//1 4576//1
f 4576//1 4345//1 4577//1
f 4577//1 4346//1 4578//1
f 4578//1 4347//1 4579//1
f 4579//1 4348//1 4580//1
f 4580//1 4349//1 4581//1
f 4581//1 4350//1 4582//1
f 4582//1 4351//1 4583//1
f 4583//1 4352//1 4584//1
f 4584//1 4353//1 4585//1
f 4585//1 4354//1 4586//1
f 4586//1 4355//1 4587//1
f 4587//1 4356//1 4588//1
f 4588//1 4357//1 4589//1
f 4589//1 4358//1 4590//1
f 4590//1 4359//1 4591//1
f 4591//1 4360//1 4592//1
f 4592//1 4361//1 4593//1
f 4593//1 4362//1 4594//1
f 4594//1 4363//1 4595//1
f 4595//1 4364//1 4596//1
f 4596//1 4365//1 4597//1
f 4597//1 4366//1 4598//1
f 4598//1 4367//1 4599//1
f 4599//1 4368//1 4600//1
f 4600//1 4369//1 4601//1
f 4601//1 4370//1 4602//1
f 4602//1 4371//1 4603//1
f 4603//1 4372//1 4604//1
f 4604//1 4372//1 4605//1
f 4605//1 4373//1 4606//1
f 4606//1 4374//1 4607//1
f 4607//1 4375//1 4608//1
f 4608//1 4376//1 4609//1
f 4609//1 4377//1 4610//1
f 4610//1 4378//1 4611//1
f 4611//1 4379//1 4612//1
f 4612//1 4380//1 4613//1
f 4613//1 4381//1 4614//1
f 4614//1 4382//1 4615//1
f 4615//1 4383//1 4616//1
f 4616//1 4384//1 4617//1
f 4617//1 4385//1 4618//1
f 4618//1 4386//1 4619//1
f 4619//1 4387//1 4620//1
f 4620//1 4388//1 4621//1
f 4621//1 4389//1 4622//1
f 4622//1 4390//1 4623//1
f 4623//1 4391//1 4624//1
f 4624//1 4392//1 4625//1
f 4625//1 4393//1 4626//1
f 4626//1 4394//1 4627//1
f 4627//1 4395//1 4628//1
f 4628//1 4396//1 4629//1
f 4629//1 4397//1 4630//1
f 4630//1 4398//1 4631//1
f 4631//1 4399//1 4632//1
f 4632//1 4400//1 4633//1
f 4633//1 4401//1 4634//1
f 4634//1 4402//1 4635//1
f 4635//1 4403//1 4636//1
f 4636//1 4404//1 4637//1
f 4637//1 4405//1 4638//1
f 4638//1 4406//1 4639//1
f 4639//1 4407//1 4640//1
f 4640//1 4408//1 4641//1
f 4641//1 4409//1 4642//1
f 4642//1 4410//1 4643//1
f 4643//1 4410//1 4644//1
f 4644//1 4411//1 4645//1
f 4645//1 4412//1 4646//1
f 4646//1 4413//1 4647//1
f 4647//1 4414//1 4648//1
f 4648//1 4415//1 4649//1
f 4649//1 4416//1 4650//1
f 4650//1 4417//1 4651//1
f 4651//1 4418//1 4652//1
f 4652//1 4419//1 4653//1
f 4653//1 4420//1 4654//1
f 4654//1 4421//1 4655//1
f 4655//1 4422//1 4656//1
f 4656//1 4423//1 4657//1
f 4657//1 4424//1 4658//1
f 4658//1 4425//1 4659//1
f 4659//1 4426//1 4660//1
f 4660//1 4427//1 4661//1
f 4661//1 4428//1 4662//1
f 4662//1 4429//1 4663//1
f 4663//1 4430//1 4664//1
f 4664//1 4431//1 4665//1
f 4665//1 4432//1 4666//1
f 4666//1 4433//1 4667//1
f 4667//1 4434//1 4668//1
f 4668//1 4435//1 4669//1
f 4669//1 4436//1 4670//1
f 4670//1 4437//1 4671//1
f 4671//1 4438//1 4672//1
f 4672//1 4439//1 4673//1
f 4673//1 4440//1 4674//1
f 4674//1 4441//1 4675//1
f 4675//1 4442//1 4676//1
f 4676//1 4443//1 4677//1
f 4677//1 4444//1 4678//1
f 4678//1 4445//1 4679//1
f 4679//1 4446//1 4680//1
f 4680//1 4447//1 4681//1
f 4681//1 4220//1 4448//1
f 4682//1 4448//1 4683//1
f 4683//1 4449//1 4684//1
f 4684//1 4450//1 4685//1
f 4685//1 4451//1 4686//1
f 4686//1 4452//1 4687//1
f 4687//1 4453//1 4688//1
f 4688//1 4454//1 4689//1
f 4689//1 4455//1 4690//1
f 4690//1 4456//1 4691//1
f 4691//1 4457//1 4692//1
f 4692//1 4458//1 4693//1
f 4693//1 4459//1 4694//1
f 4694//1 4460//1 4695//1
f 4695//1 4461//1 4696//1
f 4696//1 4462//1 4697//1
f 4697//1 4463//1 4698//1
f 4698//1 4464//1 4699//1
f 4699//1 4465//1 4700//1
f 4700//1 4466//1 4701//1
f 4701//1 4467//1 4702//1
f 4702//1 4468//1 4703//1
f 4703//1 4469//1 4704//1
f 4704//1 4470//1 4705//1
f 4705//1 4471//1 4706//1
f 4706//1 4472//1 4707//1
f 4707//1 4473//1 4708//1
f 4708//1 4474//1 4709//1
f 4709//1 4475//1 4710//1
f 4710//1 4476//1 4711//1
f 4711//1 4477//1 4712//1
f 4712//1 4478//1 4713//1
f 4713//1 4479//1 4714//1
f 4714//1 4480//1 4715//1
f 4715//1 4481//1 4716//1
f 4716//1 4482//1 4717//1
f 4717//1 4483//1 4718//1
f 4718//1 4484//1 4719//1
f 4719//1 4485//1 4720//1
f 4720//1 4486//1 4721//1
f 4721//1 4487//1 4722//1
f 4722//1 4487//1 4723//1
f 4723//1 4488//1 4724//1
f 4724//1 4489//1 4725//1
f 4725//1 4490//1 4726//1
f 4726//1 4491//1 4727//1
f 4727//1 4492//1 4728//1
f 4728//1 4493//1 4729//1
f 4729//1 4494//1 4730//1
f 4730//1 4495//1 4731//1
f 4731//1 4496//1 4732//1
f 4732//1 4497//1 4733//1
f 4733//1 4498//1 4734//1
f 4734//1 4499//1 4735//1
f 4735//1 4500//1 4736//1
f 4736//1 4501//1 4737//1
f 4737//1 4502//1 4738//1
f 4738//1 4503//1 4739//1
f 4739//1 4504//1 4740//1
f 4740//1 4505//1 4741//1
f 4741//1 4506//1 4742//1
f 4742//1 4507//1 4743//1
f 4743//1 4508//1 4744//1
f 4744//1 4509//1 4745//1
f 4745//1 4510//1 4746//1
f 4746//1 4511//1 4747//1
f 4747//1 4512//1 4748//1
f 4748//1 4513//1 4749//1
f 4749//1 4514//1 4750//1
f 4750//1 4515//1 4751//1
f 4751//1 4516//1 4752//1
f 4752//1 4517//1 4753//1
f 4753//1 4518//1 4754//1
f 4754//1 4519//1 4755//1
f 4755//1 4520//1 4756//1
f 4756//1 4521//1 4757//1
f 4757//1 4522//1 4758//1
f 4758//1 4523//1 4759//1
f 4759//1 4524//1 4760//1
f 4760//1 4525//1 4761//1
f 4761//1 4526//1 4762//1
f 4762//1 4526//1 4763//1
f 4763//1 4527//1 4764//1
f 4764//1 4528//1 4765//1
f 4765//1 4529//1 4766//1
f 4766//1 4530//1 4767//1
f 4767//1 4531//1 4768//1
f 4768//1 4532//1 4769//1
f 4769//1 4533//1 4770//1
f 4770//1 4534//1 4771//1
f 4771//1 4535//1 4772//1
f 4772//1 4536//1 4773//1
f 4773//1 4537//1 4774//1
f 4774//1 4538//1 4775//1
f 4775//1 4539//1 4776//1
f 4776//1 4540//1 4777//1
f 4777//1 4541//1 4778//1
f 4778//1 4542//1 4779//1
f 4779//1 4543//1 4780//1
f 4780//1 4544//1 4781//1
f 4781//1 4545//1 4782//1
f 4782//1 4546//1 4783//1
f 4783//1 4547//1 4784//1
f 4784//1 4548//1 4785//1
f 4785//1 4549//1 4786//1
f 4786//1 4550//1 4787//1
f 4787//1 4551//1 4788//1
f 4788//1 4552//1 4789//1
f 4789//1 4553//1 4790//1
f 4790//1 4554//1 4791//1
f 4791//1 4555//1 4792//1
f 4792//1 4556//1 4793//1
f 4793//1 4557//1 4794//1
f 4794//1 4558//1 4795//1
f 4795//1 4559//1 4796//1
f 4796//1 4560//1 4797//1
f 4797//1 4561//1 4798//1
f 4798//1 4562//1 4799//1
f 4799//1 4563//1 4800//1
f 4800//1 4564//1 4801//1
f 4801//1 4565//1 4802//1
f 4802//1 4565//1 4803//1
f 4803//1 4566//1 4804//1
f 4804//1 4567//1 4805//1
f 4805//1 4568//1 4806//1
f 4806//1 4569//1 4807//1
f 4807//1 4570//1 4808//1
f 4808//1 4571//1 4809//1
f 4809//1 4572//1 4810//1
f 4810//1 4573//1 4811//1
f 4811//1 4574//1 4812//1
f 4812//1 4575//1 4813//1
f 4813//1 4576//1 4814//1
f 4814//1 4577//1 4815//1
f 4815//1 4578//1 4816//1
f 4816//1 4579//1 4817//1
f 4817//1 4580//1 4818//1
f 4818//1 4581//1 4819//1
f 4819//1 4582//1 4820//1
f 4820//1 4583//1 4821//1
f 4821//1 4584//1 4822//1
f 4822//1 4585//1 4823//1
f 4823//1 4586//1 4824//1
f 4824//1 4587//1 4825//1
f 4825//1 4588//1 4826//1
f 4826//1 4589//1 4827//1
f 4827//1 4590//1 4828//1
f 4828//1 4591//1 4829//1
f 4829//1 4592//1 4830//1
f 4830//1 4593//1 4831//1
f 4831//1 4594//1 4832//1
f 4832//1 4595//1 4833//1
f 4833//1 4596//1 4834//1
f 4834//1 4597//1 4835//1
f 4835//1 4598//1 4836//1
f 4836//1 4599//1 4837//1
f 4837//1 4600//1 4838//1
f 4838//1 4601//1 4839//1
f 4839//1 4602//1 4840//1
f 4840//1 4603//1 4841//1
f 4841//1 4604//1 4842//1
f 4842//1 4604//1 4843//1
f 4843//1 4605//1 4844//1
f 4844//1 4606//1 4845//1
f 4845//1 4607//1 4846//1
f 4846//1 4608//1 4847//1
f 4847//1 4609//1 4848//1
f 4848//1 4610//1 4849//1
f 4849//1 4611//1 4850//1
f 4850//1 4612//1 4851//1
f 4851//1 4613//1 4852//1
f 4852//1 4614//1 4853//1
f 4853//1 4615//1 4854//1
f 4854//1 4616//1 4855//1
f 4855//1 4617//1 4856//1
f 4856//1 4618//1 4857//1
f 4857//1 4619//1 4858//1
f 4858//1 4620//1 4859//1
f 4859//1 4621//1 4860//1
f 4860//1 4622//1 4861//1
f 4861//1 4623//1 4862//1
f 4862//1 4624//1 4863//1
f 4863//1 4625//1 4864//1
f 4864//1 4626//1 4865//1
f 4865//1 4627//1 4866//1
f 4866//1 4628//1 4867//1
f 4867//1 4629//1 4868//1
f 4868//1 4630//1 4869//1
f 4869//1 4631//1 4870//1
f 4870//1 4632//1 4871//1
f 4871//1 4633//1 4872//1
f 4872//1 4634//1 4873//1
f 4873//1 4635//1 4874//1
f 4874//1 4636//1 4875//1
f 4875//1 4637//1 4876//1
f 4876//1 4638//1 4877//1
f 4877//1 4639//1 4878//1
f 4878//1 4640//1 4879//1
f 4879//1 4641//1 4880//1
f 4880//1 4642//1 4881//1
f 4881//1 4643//1 4882//1
f 4882//1 4643//1 4883//1
f 4883//1 4644//1 4884//1
f 4884//1 4645//1 4885//1
f 4885//1 4646//1 4886//1
f 4886//1 4647//1 4887//1
f 4887//1 4648//1 4888//1
f 4888//1 4649//1 4889//1
f 4889//1 4650//1 4890//1
f 4890//1 4651//1 4891//1
f 4891//1 4652//1 4892//1
f 4892//1 4653//1 4893//1
f 4893//1 4654//1 4894//1
f 4894//1 4655//1 4895//1
f 4895//1 4656//1 4896//1
f 4896//1 4657//1 4897//1
f 4897//1 4658//1 4898//1
f 4898//1 4659//1 4899//1
f 4899//1 4660//1 4900//1
f 4900//1 4661//1 4901//1
f 4901//1 4662//1 4902//1
f 4902//1 4663//1 4903//1
f 4903//1 4664//1 4904//1
f 4904//1 4665//1 4905//1
f 4905//1 4666//1 4906//1
f 4906//1 4667//1 4907//1
f 4907//1 4668//1 4908//1
f 4908//1 4669//1 4909//1
f 4909//1 4670//1 4910//1
f 4910//1 4671//1 4911//1
f 4911//1 4672//1 4912//1
f 4912//1 4673//1 4913//1
f 4913//1 4674//1 4914//1
f 4914//1 4675//1 4915//1
f 4915//1 4676//1 4916//1
f 4916//1 4677//1 4917//1
f 4917//1 4678//1 4918//1
f 4918//1 4679//1 4919//1
f 4919//1 4680//1 4920//1
f 4920//1 4681//1 4921//1
f 4921//1 4448//1 4682//1
f 3//1 9//1 2//1
f 4//1 11//1 3//1
f 5//1 13//1 4//1
f 6//1 15//1 5//1
f 7//1 17//1 6//1
f 2//1 19//1 7//1
f 9//1 21//1 8//1
f 10//1 22//1 9//1
f 11//1 24//1 10//1
f 12//1 25//1 11//1
f 13//1 27//1 12//1
f 14//1 28//1 13//1
f 15//1 30//1 14//1
f 16//1 31//1 15//1
f 17//1 33//1 16//1
f 18//1 34//1 17//1
f 19//1 36//1 18//1
f 8//1 37//1 19//1
f 21//1 39//1 20//1
f 22//1 40//1 21//1
f 23//1 41//1 22//1
f 24//1 43//1 23//1
f 25//1 44//1 24//1
f 26//1 45//1 25//1
f 27//1 47//1 26//1
f 28//1 48//1 27//1
f 29//1 49//1 28//1
f 30//3 51//3 29//3
f 31//3 52//3 30//3
f 32//3 53//3 31//3
f 33//1 55//1 32//1
f 34//8 56//8 33//8
f 35//1 57//1 34//1
f 36//1 59//1 35//1
f 37//1 60//1 36//1
f 20//1 61//1 37//1
f 39//1 63//1 38//1
f 40//1 64//1 39//1
f 41//1 65//1 40//1
f 42//9 66//9 41//9
f 43//3 68//3 42//3
f 44//2 69//2 43//2
f 45//2 70//2 44//2
f 46//2 71//2 45//2
f 47//1 73//1 46//1
f 48//1 74//1 47//1
f 49//1 75//1 48//1
f 50//3 76//3 49//3
f 51//1 78//1 50//1
f 52//1 79//1 51//1
f 53//1 80//1 52//1
f 54//1 81//1 53//1
f 55//3 83//12 54//4
f 56//6 84//14 55//5
f 57//7 85//7 56//7
f 58//6 86//6 57//6
f 59//7 88//7 58//7
f 60//1 89//1 59//1
f 61//1 90//1 60//1
f 38//1 91//1 61//1
f 63//1 93//1 62//1
f 64//1 94//1 63//1
f 65//1 95//1 64//1
f 66//1 96//1 65//1
f 67//9 97//9 66//9
f 68//1 99//1 67//1
f 69//1 100//1 68//1
f 70//1 101//1 69//1
f 71//1 102//1 70//1
f 72//15 103//16 71//15
f 73//1 105//1 72//1
f 74//15 106//15 73//15
f 75//15 107//15 74//15
f 76//3 108//3 75//3
f 77//1 109//1 76//1
f 78//1 111//1 77//1
f 79//1 112//1 78//1
f 80//1 113//1 79//1
f 81//1 114//1 80//1
f 82//18 115//18 81//18
f 83//12 117//11 82//11
f 84//14 118//18 83//13
f 85//1 119//1 84//1
f 86//1 120//1 85//1
f 87//1 121//1 86//1
f 88//20 123//19 87//242
f 89//1 124//1 88//1
f 90//18 125//18 89//18
f 91//18 126//18 90//18
f 62//1 127//1 91//1
f 93//21 129//21 92//21
f 94//1 130//1 93//1
f 95//1 131//1 94//1
f 96//1 132//1 95//1
f 97//1 133//1 96//1
f 98//9 134//9 97//9
f 99//1 136//1 98//1
f 100//1 137//1 99//1
f 101//1 138//1 100//1
f 102//1 139//1 101//1
f 103//16 140//26 102//3
f 104//15 141//27 103//16
f 105//17 143//17 104//17
f 106//3 144//3 105//3
f 107//1 145//1 106//1
f 108//1 146//1 107//1
f 109//1 147//1 108//1
f 110//1 148//1 109//1
f 111//1 150//1 110//1
f 112//1 151//1 111//1
f 113//1 152//1 112//1
f 114//1 153//1 113//1
f 115//1 154//1 114//1
f 116//10 155//10 115//10
f 117//1 157//1 116//1
f 118//1 158//1 117//1
f 119//1 159//1 118//1
f 120//1 160//1 119//1
f 121//1 161//1 120//1
f 122//1 162//1 121//1
f 123//19 164//2 122//2
f 124//10 165//28 123//19
f 125//21 166//21 124//21
f 126//1 167//1 125//1
f 127//10 168//10 126//10
f 92//18 169//18 127//18
f 129//1 171//1 128//1
f 130//18 172//18 129//18
f 131//21 173//21 130//21
f 132//21 174//21 131//21
f 133//21 175//21 132//21
f 134//1 176//1 133//1
f 135//24 177//29 134//22
f 136//6 179//6 135//6
f 137//1 180//1 136//1
f 138//1 181//1 137//1
f 139//1 182//1 138//1
f 140//1 183//1 139//1
f 141//27 184//30 140//26
f 142//1 185//1 141//1
f 143//1 187//1 142//1
f 144//1 188//1 143//1
f 145//1 189//1 144//1
f 146//1 190//1 145//1
f 147//1 191//1 146//1
f 148//1 192//1 147//1
f 149//1 193//1 148//1
f 150//1 195//1 149//1
f 151//1 196//1 150//1
f 152//1 197//1 151//1
f 153//1 198//1 152//1
f 154//1 199//1 153//1
f 155//10 200//10 154//10
f 156//1 201//1 155//1
f 157//1 203//1 156//1
f 158//1 204//1 157//1
f 159//1 205//1 158//1
f 160//1 206//1 159//1
f 161//1 207//1 160//1
f 162//1 208//1 161//1
f 163//1 209//1 162//1
f 164//1 211//1 163//1
f 165//28 212//31 164//2
f 166//1 213//1 165//1
f 167//1 214//1 166//1
f 168//1 215//1 167//1
f 169//1 216//1 168//1
f 128//1 217//1 169//1
f 171//1 219//1 170//1
f 172//1 220//1 171//1
f 173//1 221//1 172//1
f 174//1 222//1 173//1
f 175//1 223//1 174//1
f 176//18 224//18 175//18
f 177//29 225//29 176//29
f 178//1 226//1 177//1
f 179//6 228//6 178//6
f 180//1 229//1 179//1
f 181//1 230//1 180//1
f 182//1 231//1 181//1
f 183//1 232//1 182//1
f 184//11 233//11 183//11
f 185//1 234//1 184//1
f 186//1 235//1 185//1
f 187//1 237//1 186//1
f 188//1 238//1 187//1
f 189//1 239//1 188//1
f 190//1 240//1 189//1
f 191//1 241//1 190//1
f 192//1 242//1 191//1
f 193//1 243//1 192//1
f 194//1 244//1 193//1
f 195//1 246//1 194//1
f 196//1 247//1 195//1
f 197//1 248//1 196//1
f 198//1 249//1 197//1
f 199//1 250//1 198//1
f 200//10 251//10 199//10
f 201//1 252//1 200//1
f 202//1 253//1 201//1
f 203//1 255//1 202//1
f 204//1 256//1 203//1
f 205//1 257//1 204//1
f 206//1 258//1 205//1
f 207//1 259//1 206//1
f 208//1 260//1 207//1
f 209//1 261//1 208//1
f 210//1 262//1 209//1
f 211//1 264//1 210//1
f 212//1 265//1 211//1
f 213//32 266//34 212//31
f 214//1 267//1 213//1
f 215//1 268//1 214//1
f 216//1 269//1 215//1
f 217//1 270//1 216//1
f 170//1 271//1 217//1
f 219//1 273//1 218//1
f 220//1 274//1 219//1
f 221//1 275//1 220//1
f 222//1 276//1 221//1
f 223//1 277//1 222//1
f 224//1 278//1 223//1
f 225//1 279//1 224//1
f 226//1 280//1 225//1
f 227//1 281//1 226//1
f 228//25 283//25 227//25
f 229//35 284//35 228//35
f 230//1 285//1 229//1
f 231//1 286//1 230//1
f 232//1 287//1 231//1
f 233//1 288//1 232//1
f 234//39 289//38 233//444
f 235//40 290//40 234//39
f 236//1 291//1 235//1
f 237//42 293//42 236//42
f 238//1 294//1 237//1
f 239//1 295//1 238//1
f 240//1 296//1 239//1
f 241//1 297//1 240//1
f 242//1 298//1 241//1
f 243//1 299//1 242//1
f 244//1 300//1 243//1
f 245//1 301//1 244//1
f 246//1 303//1 245//1
f 247//1 304//1 246//1
f 248//1 305//1 247//1
f 249//1 306//1 248//1
f 250//1 307//1 249//1
f 251//10 308//10 250//10
f 252//1 309//1 251//1
f 253//1 310//1 252//1
f 254//1 311//1 253//1
f 255//1 313//1 254//1
f 256//1 314//1 255//1
f 257//1 315//1 256//1
f 258//1 316//1 257//1
f 259//1 317//1 258//1
f 260//1 318//1 259//1
f 261//1 319//1 260//1
f 262//1 320//1 261//1
f 263//2 321//2 262//2
f 264//9 323//9 263//9
f 265//9 324//9 264//9
f 266//33 325//33 265//33
f 267//10 326//10 266//34
f 268//18 327//18 267//18
f 269//18 328//18 268//18
f 270//18 329//18 269//18
f 271//1 330//1 270//1
f 218//1 331//1 271//1
f 273//21 333//21 272//21
f 274//1 334//1 273//1
f 275//1 335//1 274//1
f 276//1 336//1 275//1
f 277//1 337//1 276//1
f 278//1 338//1 277//1
f 279//1 339//1 278//1
f 280//1 340//1 279//1
f 281//1 341//1 280//1
f 282//1 342//1 281//1
f 283//1 344//1 282//1
f 284//1 345//1 283//1
f 285//25 346//25 284//25
f 286//35 347//35 285//35
f 287//35 348//35 286//35
f 288//36 349//43 287//35
f 289//37 350//44 288//36
f 290//1 351//1 289//1
f 291//41 352//41 290//41
f 292//42 353//42 291//42
f 293//1 355//1 292//1
f 294//40 356//45 293//40
f 295//1 357//1 294//1
f 296//1 358//1 295//1
f 297//1 359//1 296//1
f 298//1 360//1 297//1
f 299//1 361//1 298//1
f 300//1 362//1 299//1
f 301//48 363//48 300//48
f 302//48 364//48 301//48
f 303//1 366//1 302//1
f 304//1 367//1 303//1
f 305//52 368//51 304//163
f 306//11 369//53 305//52
f 307//11 370//11 306//11
f 308//10 371//10 307//10
f 309//1 372//1 308//1
f 310//1 373//1 309//1
f 311//1 374//1 310//1
f 312//1 375//1 311//1
f 313//1 377//1 312//1
f 314//1 378//1 313//1
f 315//1 379//1 314//1
f 316//1 380//1 315//1
f 317//1 381//1 316//1
f 318//1 382//1 317//1
f 319//1 383//1 318//1
f 320//2 384//2 319//2
f 321//9 385//9 320//9
f 322//1 386//1 321//1
f 323//1 388//1 322//1
f 324//1 389//1 323//1
f 325//1 390//1 324//1
f 326//1 391//1 325//1
f 327//1 392//1 326//1
f 328//1 393//1 327//1
f 329//1 394//1 328//1
f 330//10 395//10 329//10
f 331//18 396//18 330//18
f 272//18 397//18 331//18
f 333//1 399//1 332//1
f 334//18 400//18 333//18
f 335//21 401//21 334//21
f 336//1 402//1 335//1
f 337//1 403//1 336//1
f 338//1 404//1 337//1
f 339//1 405//1 338//1
f 340//1 406//1 339//1
f 341//1 407//1 340//1
f 342//1 408//1 341//1
f 343//1 409//1 342//1
f 344//1 411//1 343//1
f 345//1 412//1 344//1
f 346//1 413//1 345//1
f 347//1 414//1 346//1
f 348//1 415//1 347//1
f 349//43 416//58 348//35
f 350//44 417//56 349//43
f 351//1 418//1 350//1
f 352//1 419//1 351//1
f 353//1 420//1 352//1
f 354//1 421//1 353//1
f 355//1 423//1 354//1
f 356//1 424//1 355//1
f 357//46 425//445 356//45
f 358//48 426//48 357//48
f 359//48 427//48 358//48
f 360//48 428//48 359//48
f 361//48 429//48 360//48
f 362//48 430//48 361//48
f 363//47 431//47 362//47
f 364//1 432//1 363//1
f 365//1 433//1 364//1
f 366//48 435//48 365//48
f 367//61 436//60 366//47
f 368//50 437//63 367//49
f 369//53 438//64 368//51
f 370//1 439//1 369//1
f 371//1 440//1 370//1
f 372//7 441//7 371//7
f 373//7 442//7 372//7
f 374//7 443//7 373//7
f 375//1 444//1 374//1
f 376//1 445//1 375//1
f 377//1 447//1 376//1
f 378//1 448//1 377//1
f 379//1 449//1 378//1
f 380//2 450//2 379//2
f 381//2 451//2 380//2
f 382//2 452//2 381//2
f 383//1 453//1 382//1
f 384//55 454//67 383//54
f 385//1 455//1 384//1
f 386//1 456//1 385//1
f 387//1 457//1 386//1
f 388//1 459//1 387//1
f 389//1 460//1 388//1
f 390//1 461//1 389//1
f 391//1 462//1 390//1
f 392//1 463//1 391//1
f 393//1 464//1 392//1
f 394//1 465//1 393//1
f 395//1 466//1 394//1
f 396//1 467//1 395//1
f 397//1 468//1 396//1
f 332//1 469//1 397//1
f 399//1 471//1 398//1
f 400//1 472//1 399//1
f 401//1 473//1 400//1
f 402//18 474//18 401//18
f 403//1 475//1 402//1
f 404//1 476//1 403//1
f 405//1 477//1 404//1
f 406//1 478//1 405//1
f 407//1 479//1 406//1
f 408//1 480//1 407//1
f 409//1 481//1 408//1
f 410//1 482//1 409//1
f 411//35 484//35 410//35
f 412//35 485//35 411//35
f 413//35 486//35 412//35
f 414//35 487//35 413//35
f 415//35 488//69 414//35
f 416//57 489//71 415//56
f 417//59 490//72 416//58
f 418//17 491//73 417//59
f 419//17 492//17 418//17
f 420//17 493//17 419//17
f 421//17 494//17 420//17
f 422//15 495//15 421//15
f 423//17 497//17 422//17
f 424//15 498//15 423//15
f 425//3 499//3 424//3
f 426//1 500//1 425//1
f 427//1 501//1 426//1
f 428//1 502//1 427//1
f 429//1 503//1 428//1
f 430//1 504//1 429//1
f 431//1 505//1 430//1
f 432//1 506//1 431//1
f 433//1 507//1 432//1
f 434//1 508//1 433//1
f 435//1 510//1 434//1
f 436//1 511//1 435//1
f 437//15 512//15 436//15
f 438//2 513//2 437//63
f 439//56 514//56 438//64
f 440//7 515//7 439//7
f 441//8 516//8 440//8
f 442//1 517//1 441//1
f 443//1 518//1 442//1
f 444//56 519//56 443//56
f 445//7 520//7 444//7
f 446//7 521//7 445//7
f 447//8 523//8 446//8
f 448//8 524//8 447//8
f 449//74 525//8 448//8
f 450//446 526//75 449//74
f 451//1 527//1 450//1
f 452//1 528//1 451//1
f 453//66 529//78 452//65
f 454//67 530//18 453//18
f 455//3 531//79 454//3
f 456//1 532//1 455//1
f 457//1 533//1 456//1
f 458//1 534//1 457//1
f 459//1 536//1 458//1
f 460//1 537//1 459//1
f 461//1 538//1 460//1
f 462//1 539//1 461//1
f 463//1 540//1 462//1
f 464//1 541//1 463//1
f 465//1 542//1 464//1
f 466//1 543//1 465//1
f 467//1 544//1 466//1
f 468//1 545//1 467//1
f 469//1 546//1 468//1
f 398//1 547//1 469//1
f 471//1 549//1 470//1
f 472//33 550//33 471//33
f 473//33 551//33 472//33
f 474//1 552//1 473//1
f 475//18 553//18 474//18
f 476//21 554//21 475//21
f 477//21 555//21 476//21
f 478//1 556//1 477//1
f 479//1 557//1 478//1
f 480//88 558//88 479//88
f 481//1 559//1 480//1
f 482//25 560//84 481//25
f 483//68 561//86 482//35
f 484//1 563//1 483//1
f 485//1 564//1 484//1
f 486//1 565//1 485//1
f 487//1 566//1 486//1
f 488//1 567//1 487//1
f 489//70 568//17 488//69
f 490//72 569//91 489//90
f 491//73 570//29 490//72
f 492//1 571//1 491//1
f 493//1 572//1 492//1
f 494//1 573//1 493//1
f 495//1 574//1 494//1
f 496//1 575//1 495//1
f 497//1 577//1 496//1
f 498//1 578//1 497//1
f 499//1 579//1 498//1
f 500//1 580//1 499//1
f 501//1 581//1 500//1
f 502//1 582//1 501//1
f 503//1 583//1 502//1
f 504//1 584//1 503//1
f 505//1 585//1 504//1
f 506//1 586//1 505//1
f 507//1 587//1 506//1
f 508//1 588//1 507//1
f 509//1 589//1 508//1
f 510//1 591//1 509//1
f 511//1 592//1 510//1
f 512//1 593//1 511//1
f 513//1 594//1 512//1
f 514//1 595//1 513//1
f 515//1 596//1 514//1
f 516//1 597//1 515//1
f 517//1 598//1 516//1
f 518//1 599//1 517//1
f 519//1 600//1 518//1
f 520//1 601//1 519//1
f 521//1 602//1 520//1
f 522//1 603//1 521//1
f 523//1 605//1 522//1
f 524//1 606//1 523//1
f 525//1 607//1 524//1
f 526//1 608//1 525//1
f 527//76 609//92 526//11
f 528//77 610//93 527//76
f 529//78 611//77 528//77
f 530//28 612//2 529//78
f 531//79 613//2 530//28
f 532//80 614//94 531//79
f 533//96 615//95 532//80
f 534//98 616//97 533//96
f 535//100 617//99 534//98
f 536//255 619//103 535//102
f 537//1 620//1 536//1
f 538//1 621//1 537//1
f 539//1 622//1 538//1
f 540//1 623//1 539//1
f 541//1 624//1 540//1
f 542//1 625//1 541//1
f 543//1 626//1 542//1
f 544//1 627//1 543//1
f 545//1 628//1 544//1
f 546//1 629//1 545//1
f 547//1 630//1 546//1
f 470//1 631//1 547//1
f 549//1 633//1 548//1
f 550//115 634//115 549//115
f 551//1 635//1 550//1
f 552//202 636//202 551//202
f 553//1 637//1 552//1
f 554//1 638//1 553//1
f 555//1 639//1 554//1
f 556//447 640//447 555//447
f 557//1 641//1 556//1
f 558//81 642//81 557//81
f 559//82 643//82 558//82
f 560//84 644//109 559//83
f 561//85 645//110 560//84
f 562//87 646//445 561//86
f 563//88 648//88 562//88
f 564//112 649//111 563//81
f 565//35 650//113 564//112
f 566//35 651//35 565//35
f 567//17 652//17 566//17
f 568//117 653//91 567//90
f 569//91 654//30 568//89
f 570//1 655//1 569//1
f 571//21 656//21 570//21
f 572//29 657//29 571//29
f 573//29 658//29 572//29
f 574//1 659//1 573//1
f 575//1 660//1 574//1
f 576//29 661//29 575//29
f 577//1 663//1 576//1
f 578//1 664//1 577//1
f 579//1 665//1 578//1
f 580//1 666//1 579//1
f 581//1 667//1 580//1
f 582//1 668//1 581//1
f 583//1 669//1 582//1
f 584//1 670//1 583//1
f 585//1 671//1 584//1
f 586//1 672//1 585//1
f 587//1 673//1 586//1
f 588//1 674//1 587//1
f 589//1 675//1 588//1
f 590//1 676//1 589//1
f 591//1 678//1 590//1
f 592//11 679//11 591//11
f 593//1 680//1 592//1
f 594//1 681//1 593//1
f 595//1 682//1 594//1
f 596//1 683//1 595//1
f 597//1 684//1 596//1
f 598//1 685//1 597//1
f 599//1 686//1 598//1
f 600//1 687//1 599//1
f 601//1 688//1 600//1
f 602//1 689//1 601//1
f 603//1 690//1 602//1
f 604//1 691//1 603//1
f 605//8 693//8 604//8
f 606//8 694//8 605//8
f 607//8 695//8 606//8
f 608//1 696//1 607//1
f 609//1 697//1 608//1
f 610//93 698//3 609//92
f 611//77 699//9 610//93
f 612//1 700//1 611//1
f 613//1 701//1 612//1
f 614//1 702//1 613//1
f 615//1 703//1 614//1
f 616//97 704//5 615//95
f 617//9 705//9 616//9
f 618//1 706//1 617//1
f 619//2 708//2 618//2
f 620//163 709//127 619//126
f 621//1 710//1 620//1
f 622//1 711//1 621//1
f 623//1 712//1 622//1
f 624//1 713//1 623//1
f 625//1 714//1 624//1
f 626//1 715//1 625//1
f 627//82 716//82 626//82
f 628//1 717//1 627//1
f 629//1 718//1 628//1
f 630//1 719//1 629//1
f 631//1 720//1 630//1
f 548//1 721//1 631//1
f 633//1 723//1 632//1
f 634//35 724//113 633//35
f 635//18 725//18 634//18
f 636//29 726//29 635//29
f 637//6 727//6 636//6
f 638//1 728//1 637//1
f 639//88 729//88 638//88
f 640//104 730//448 639//83
f 641//106 731//129 640//105
f 642//81 732//81 641//81
f 643//1 733//1 642//1
f 644//108 734//21 643//107
f 645//110 735//29 644//109
f 646//1 736//1 645//1
f 647//17 737//17 646//17
f 648//1 739//1 647//1
f 649//1 740//1 648//1
f 650//21 741//21 649//21
f 651//1 742//1 650//1
f 652//116 743//21 651//114
f 653//91 744//30 652//89
f 654//1 745//1 653//1
f 655//1 746//1 654//1
f 656//1 747//1 655//1
f 657//1 748//1 656//1
f 658//1 749//1 657//1
f 659//119 750//131 658//118
f 660//120 751//40 659//119
f 661//121 752//132 660//120
f 662//124 753//56 661//122
f 663//81 755//81 662//81
f 664//42 756//136 663//135
f 665//1 757//1 664//1
f 666//1 758//1 665//1
f 667//30 759//30 666//30
f 668//30 760//30 667//30
f 669//30 761//30 668//30
f 670//30 762//30 669//30
f 671//30 763//30 670//30
f 672//30 764//30 671//30
f 673//1 765//1 672//1
f 674//1 766//1 673//1
f 675//1 767//1 674//1
f 676//1 768//1 675//1
f 677//1 769//1 676//1
f 678//11 771//141 677//11
f 679//10 772//10 678//10
f 680//30 773//30 679//30
f 681//11 774//11 680//11
f 682//1 775//1 681//1
f 683//1 776//1 682//1
f 684//52 777//143 683//163
f 685//11 778//144 684//52
f 686//11 779//11 685//11
f 687//11 780//145 686//11
f 688//11 781//146 687//11
f 689//148 782//147 688//11
f 690//7 783//149 689//148
f 691//7 784//7 690//7
f 692//8 785//8 691//8
f 693//1 787//1 692//1
f 694//1 788//1 693//1
f 695//1 789//1 694//1
f 696//7 790//7 695//7
f 697//1 791//1 696//1
f 698//1 792//1 697//1
f 699//1 793//1 698//1
f 700//8 794//8 699//8
f 701//8 795//8 700//8
f 702//8 796//8 701//8
f 703//8 797//8 702//8
f 704//5 798//6 703//6
f 705//1 799//1 704//1
f 706//1 800//1 705//1
f 707//1 801//1 706//1
f 708//1 803//1 707//1
f 709//100 804//100 708//100
f 710//1 805//1 709//1
f 711//1 806//1 710//1
f 712//1 807//1 711//1
f 713//82 808//82 712//82
f 714//1 809//1 713//1
f 715//1 810//1 714//1
f 716//88 811//88 715//88
f 717//100 812//100 716//100
f 718//82 813//82 717//82
f 719//1 814//1 718//1
f 720//1 815//1 719//1
f 721//1 816//1 720//1
f 632//1 817//1 721//1
f 723//82 819//152 722//128
f 724//113 820//448 723//83
f 725//1 821//1 724//1
f 726//1 822//1 725//1
f 727//1 823//1 726//1
f 728//6 824//6 727//6
f 729//81 825//81 728//81
f 730//1 826//1 729//1
f 731//1 827//1 730//1
f 732//18 828//18 731//18
f 733//21 829//21 732//21
f 734//29 830//29 733//29
f 735//1 831//1 734//1
f 736//1 832//1 735//1
f 737//17 833//17 736//17
f 738//1 834//1 737//1
f 739//17 836//17 738//17
f 740//1 837//1 739//1
f 741//1 838//1 740//1
f 742//18 839//18 741//18
f 743//1 840//1 742//1
f 744//1 841//1 743//1
f 745//1 842//1 744//1
f 746//1 843//1 745//1
f 747//1 844//1 746//1
f 748//1 845//1 747//1
f 749//1 846//1 748//1
f 750//30 847//30 749//30
f 751//1 848//1 750//1
f 752//1 849//1 751//1
f 753//15 850//15 752//15
f 754//1 851//1 753//1
f 755//1 853//1 754//1
f 756//137 854//17 755//17
f 757//120 855//156 756//137
f 758//30 856//157 757//120
f 759//11 857//11 758//11
f 760//1 858//1 759//1
f 761//1 859//1 760//1
f 762//1 860//1 761//1
f 763//1 861//1 762//1
f 764//1 862//1 763//1
f 765//159 863//158 764//123
f 766//48 864//48 765//159
f 767//1 865//1 766//1
f 768//1 866//1 767//1
f 769//1 867//1 768//1
f 770//47 868//47 769//47
f 771//140 870//56 770//138
f 772//142 871//7 771//141
f 773//1 872//1 772//1
f 774//1 873//1 773//1
f 775//30 874//30 774//30
f 776//163 875//162 775//161
f 777//49 876//49 776//49
f 778//144 877//30 777//143
f 779//11 878//165 778//144
f 780//145 879//166 779//11
f 781//146 880//167 780//145
f 782//147 881//7 781//146
f 783//149 882//168 782//147
f 784//1 883//1 783//1
f 785//1 884//1 784//1
f 786//1 885//1 785//1
f 787//10 887//10 786//10
f 788//1 888//1 787//1
f 789//1 889//1 788//1
f 790//1 890//1 789//1
f 791//7 891//7 790//7
f 792//8 892//8 791//8
f 793//8 893//8 792//8
f 794//6 894//6 793//6
f 795//1 895//1 794//1
f 796//1 896//1 795//1
f 797//1 897//1 796//1
f 798//1 898//1 797//1
f 799//1 899//1 798//1
f 800//1 900//1 799//1
f 801//1 901//1 800//1
f 802//1 902//1 801//1
f 803//1 904//1 802//1
f 804//1 905//1 803//1
f 805//100 906//100 804//100
f 806//82 907//82 805//82
f 807//82 908//82 806//82
f 808//88 909//88 807//88
f 809//100 910//100 808//100
f 810//1 911//1 809//1
f 811//88 912//88 810//88
f 812//1 913//1 811//1
f 813//1 914//1 812//1
f 814//100 915//100 813//100
f 815//170 916//169 814//82
f 816//172 917//171 815//170
f 817//172 918//172 816//172
f 722//151 919//449 817//150
f 819//152 921//173 818//9
f 820//1 922//1 819//1
f 821//18 923//18 820//18
f 822//21 924//21 821//21
f 823//21 925//21 822//21
f 824//153 926//175 823//21
f 825//155 927//176 824//153
f 826//33 928//33 825//33
f 827//1 929//1 826//1
f 828//1 930//1 827//1
f 829//1 931//1 828//1
f 830//1 932//1 829//1
f 831//1 933//1 830//1
f 832//1 934//1 831//1
f 833//17 935//17 832//17
f 834//1 936//1 833//1
f 835//15 937//15 834//15
f 836//1 939//1 835//1
f 837//33 940//33 836//33
f 838//1 941//1 837//1
f 839//21 942//21 838//21
f 840//1 943//1 839//1
f 841//1 944//1 840//1
f 842//1 945//1 841//1
f 843//1 946//1 842//1
f 844//1 947//1 843//1
f 845//1 948//1 844//1
f 846//1 949//1 845//1
f 847//30 950//30 846//30
f 848//1 951//1 847//1
f 849//1 952//1 848//1
f 850//15 953//15 849//15
f 851//1 954//1 850//1
f 852//1 955//1 851//1
f 853//1 957//1 852//1
f 854//1 958//1 853//1
f 855//156 959//17 854//17
f 856//157 960//177 855//156
f 857//1 961//1 856//1
f 858//1 962//1 857//1
f 859//1 963//1 858//1
f 860//1 964//1 859//1
f 861//1 965//1 860//1
f 862//1 966//1 861//1
f 863//7 967//7 862//7
f 864//1 968//1 863//1
f 865//81 969//81 864//81
f 866//48 970//48 865//48
f 867//1 971//1 866//1
f 868//47 972//47 867//47
f 869//1 973//1 868//1
f 870//1 975//1 869//1
f 871//1 976//1 870//1
f 872//56 977//56 871//56
f 873//1 978//1 872//1
f 874//1 979//1 873//1
f 875//162 980//178 874//160
f 876//1 981//1 875//1
f 877//1 982//1 876//1
f 878//165 983//3 877//164
f 879//166 984//3 878//165
f 880//2 985//2 879//2
f 881//1 986//1 880//1
f 882//1 987//1 881//1
f 883//30 988//30 882//30
f 884//11 989//11 883//11
f 885//11 990//11 884//11
f 886//10 991//10 885//10
f 887//1 993//1 886//1
f 888//11 994//11 887//11
f 889//1 995//1 888//1
f 890//1 996//1 889//1
f 891//1 997//1 890//1
f 892//1 998//1 891//1
f 893//1 999//1 892//1
f 894//1 1000//1 893//1
f 895//1 1001//1 894//1
f 896//1 1002//1 895//1
f 897//1 1003//1 896//1
f 898//1 1004//1 897//1
f 899//1 1005//1 898//1
f 900//1 1006//1 899//1
f 901//1 1007//1 900//1
f 902//1 1008//1 901//1
f 903//1 1009//1 902//1
f 904//1 1011//1 903//1
f 905//1 1012//1 904//1
f 906//1 1013//1 905//1
f 907//1 1014//1 906//1
f 908//1 1015//1 907//1
f 909//1 1016//1 908//1
f 910//1 1017//1 909//1
f 911//100 1018//100 910//100
f 912//88 1019//88 911//88
f 913//1 1020//1 912//1
f 914//1 1021//1 913//1
f 915//1 1022//1 914//1
f 916//1 1023//1 915//1
f 917//33 1024//33 916//33
f 918//1 1025//1 917//1
f 919//1 1026//1 918//1
f 818//1 1027//1 919//1
f 921//173 1029//9 920//173
f 922//174 1030//180 921//173
f 923//21 1031//181 922//174
f 924//1 1032//1 923//1
f 925//1 1033//1 924//1
f 926//175 1034//21 925//21
f 927//176 1035//184 926//175
f 928//1 1036//1 927//1
f 929//9 1037//9 928//9
f 930//33 1038//33 929//33
f 931//186 1039//185 930//33
f 932//21 1040//187 931//186
f 933//21 1041//21 932//21
f 934//188 1042//174 933//21
f 935//17 1043//17 934//17
f 936//1 1044//1 935//1
f 937//1 1045//1 936//1
f 938//17 1046//17 937//17
f 939//1 1048//1 938//1
f 940//1 1049//1 939//1
f 941//33 1050//185 940//33
f 942//1 1051//1 941//1
f 943//18 1052//18 942//18
f 944//1 1053//1 943//1
f 945//35 1054//35 944//35
f 946//35 1055//35 945//35
f 947//1 1056//1 946//1
f 948//1 1057//1 947//1
f 949//1 1058//1 948//1
f 950//30 1059//30 949//30
f 951//1 1060//1 950//1
f 952//1 1061//1 951//1
f 953//15 1062//15 952//15
f 954//1 1063//1 953//1
f 955//1 1064//1 954//1
f 956//192 1065//191 955//17
f 957//1 1067//1 956//1
f 958//1 1068//1 957//1
f 959//1 1069//1 958//1
f 960//1 1070//1 959//1
f 961//35 1071//35 960//177
f 962//1 1072//1 961//1
f 963//1 1073//1 962//1
f 964//1 1074//1 963//1
f 965//1 1075//1 964//1
f 966//1 1076//1 965//1
f 967//7 1077//7 966//7
f 968//1 1078//1 967//1
f 969//1 1079//1 968//1
f 970//1 1080//1 969//1
f 971//81 1081//81 970//81
f 972//47 1082//47 971//47
f 973//1 1083//1 972//1
f 974//1 1084//1 973//1
f 975//1 1086//1 974//1
f 976//1 1087//1 975//1
f 977//1 1088//1 976//1
f 978//56 1089//56 977//56
f 979//7 1090//194 978//7
f 980//178 1091//8 979//8
f 981//15 1092//15 980//15
f 982//3 1093//3 981//3
f 983//2 1094//2 982//2
f 984//1 1095//1 983//1
f 985//1 1096//1 984//1
f 986//1 1097//1 985//1
f 987//1 1098//1 986//1
f 988//1 1099//1 987//1
f 989//1 1100//1 988//1
f 990//1 1101//1 989//1
f 991//1 1102//1 990//1
f 992//1 1103//1 991//1
f 993//1 1105//1 992//1
f 994//1 1106//1 993//1
f 995//11 1107//11 994//11
f 996//10 1108//10 995//10
f 997//1 1109//1 996//1
f 998//1 1110//1 997//1
f 999//10 1111//10 998//10
f 1000//10 1112//10 999//10
f 1001//10 1113//10 1000//10
f 1002//1 1114//1 1001//1
f 1003//1 1115//1 1002//1
f 1004//1 1116//1 1003//1
f 1005//1 1117//1 1004//1
f 1006//1 1118//1 1005//1
f 1007//1 1119//1 1006//1
f 1008//1 1120//1 1007//1
f 1009//1 1121//1 1008//1
f 1010//1 1122//1 1009//1
f 1011//1 1124//1 1010//1
f 1012//1 1125//1 1011//1
f 1013//1 1126//1 1012//1
f 1014//1 1127//1 1013//1
f 1015//1 1128//1 1014//1
f 1016//1 1129//1 1015//1
f 1017//1 1130//1 1016//1
f 1018//18 1131//18 1017//18
f 1019//1 1132//1 1018//1
f 1020//1 1133//1 1019//1
f 1021//1 1134//1 1020//1
f 1022//1 1135//1 1021//1
f 1023//1 1136//1 1022//1
f 1024//33 1137//33 1023//33
f 1025//1 1138//1 1024//1
f 1026//1 1139//1 1025//1
f 1027//179 1140//18 1026//18
f 920//173 1141//199 1027//179
f 1029//9 1143//9 1028//9
f 1030//1 1144//1 1029//1
f 1031//181 1145//33 1030//180
f 1032//183 1146//450 1031//182
f 1033//201 1147//200 1032//25
f 1034//29 1148//29 1033//29
f 1035//1 1149//1 1034//1
f 1036//9 1150//9 1035//9
f 1037//33 1151//33 1036//33
f 1038//1 1152//1 1037//1
f 1039//1 1153//1 1038//1
f 1040//187 1154//17 1039//185
f 1041//1 1155//1 1040//1
f 1042//1 1156//1 1041//1
f 1043//189 1157//9 1042//174
f 1044//33 1158//33 1043//33
f 1045//33 1159//33 1044//33
f 1046//17 1160//17 1045//17
f 1047//1 1161//1 1046//1
f 1048//1 1163//1 1047//1
f 1049//1 1164//1 1048//1
f 1050//185 1165//17 1049//17
f 1051//190 1166//203 1050//185
f 1052//21 1167//204 1051//190
f 1053//81 1168//81 1052//81
f 1054//122 1169//123 1053//124
f 1055//1 1170//1 1054//1
f 1056//25 1171//25 1055//25
f 1057//35 1172//35 1056//35
f 1058//1 1173//1 1057//1
f 1059//30 1174//206 1058//30
f 1060//1 1175//1 1059//1
f 1061//1 1176//1 1060//1
f 1062//15 1177//15 1061//15
f 1063//1 1178//1 1062//1
f 1064//1 1179//1 1063//1
f 1065//15 1180//15 1064//15
f 1066//3 1181//3 1065//3
f 1067//29 1183//29 1066//193
f 1068//30 1184//30 1067//30
f 1069//1 1185//1 1068//1
f 1070//1 1186//1 1069//1
f 1071//1 1187//1 1070//1
f 1072//35 1188//35 1071//35
f 1073//56 1189//56 1072//56
f 1074//1 1190//1 1073//1
f 1075//1 1191//1 1074//1
f 1076//56 1192//56 1075//56
f 1077//7 1193//7 1076//7
f 1078//1 1194//1 1077//1
f 1079//1 1195//1 1078//1
f 1080//1 1196//1 1079//1
f 1081//1 1197//1 1080//1
f 1082//1 1198//1 1081//1
f 1083//1 1199//1 1082//1
f 1084//1 1200//1 1083//1
f 1085//1 1201//1 1084//1
f 1086//1 1203//1 1085//1
f 1087//1 1204//1 1086//1
f 1088//1 1205//1 1087//1
f 1089//1 1206//1 1088//1
f 1090//1 1207//1 1089//1
f 1091//195 1208//3 1090//194
f 1092//3 1209//3 1091//195
f 1093//3 1210//3 1092//3
f 1094//3 1211//3 1093//3
f 1095//1 1212//1 1094//1
f 1096//1 1213//1 1095//1
f 1097//1 1214//1 1096//1
f 1098//1 1215//1 1097//1
f 1099//1 1216//1 1098//1
f 1100//1 1217//1 1099//1
f 1101//3 1218//3 1100//3
f 1102//3 1219//3 1101//3
f 1103//3 1220//3 1102//3
f 1104//92 1221//207 1103//3
f 1105//1 1223//1 1104//1
f 1106//1 1224//1 1105//1
f 1107//1 1225//1 1106//1
f 1108//1 1226//1 1107//1
f 1109//11 1227//11 1108//11
f 1110//10 1228//10 1109//10
f 1111//18 1229//18 1110//18
f 1112//1 1230//1 1111//1
f 1113//1 1231//1 1112//1
f 1114//11 1232//208 1113//11
f 1115//1 1233//1 1114//1
f 1116//1 1234//1 1115//1
f 1117//1 1235//1 1116//1
f 1118//1 1236//1 1117//1
f 1119//1 1237//1 1118//1
f 1120//1 1238//1 1119//1
f 1121//1 1239//1 1120//1
f 1122//8 1240//8 1121//8
f 1123//13 1241//219 1122//196
f 1124//198 1243//74 1123//197
f 1125//1 1244//1 1124//1
f 1126//1 1245//1 1125//1
f 1127//1 1246//1 1126//1
f 1128//1 1247//1 1127//1
f 1129//1 1248//1 1128//1
f 1130//18 1249//18 1129//18
f 1131//21 1250//21 1130//21
f 1132//10 1251//10 1131//10
f 1133//1 1252//1 1132//1
f 1134//1 1253//1 1133//1
f 1135//1 1254//1 1134//1
f 1136//1 1255//1 1135//1
f 1137//211 1256//183 1136//450
f 1138//18 1257//18 1137//211
f 1139//18 1258//18 1138//18
f 1140//21 1259//21 1139//21
f 1141//1 1260//1 1140//1
f 1028//1 1261//1 1141//1
f 1143//1 1263//1 1142//1
f 1144//9 1264//9 1143//9
f 1145//17 1265//17 1144//17
f 1146//1 1266//1 1145//1
f 1147//1 1267//1 1146//1
f 1148//9 1268//9 1147//9
f 1149//33 1269//33 1148//33
f 1150//1 1270//1 1149//1
f 1151//1 1271//1 1150//1
f 1152//9 1272//9 1151//9
f 1153//33 1273//33 1152//33
f 1154//17 1274//17 1153//17
f 1155//1 1275//1 1154//1
f 1156//1 1276//1 1155//1
f 1157//1 1277//1 1156//1
f 1158//1 1278//1 1157//1
f 1159//1 1279//1 1158//1
f 1160//1 1280//1 1159//1
f 1161//1 1281//1 1160//1
f 1162//1 1282//1 1161//1
f 1163//1 1284//1 1162//1
f 1164//17 1285//17 1163//17
f 1165//15 1286//15 1164//15
f 1166//1 1287//1 1165//1
f 1167//204 1288//115 1166//203
f 1168//124 1289//56 1167//122
f 1169//1 1290//1 1168//1
f 1170//21 1291//21 1169//21
f 1171//29 1292//29 1170//29
f 1172//1 1293//1 1171//1
f 1173//25 1294//25 1172//25
f 1174//206 1295//315 1173//205
f 1175//17 1296//17 1174//17
f 1176//17 1297//17 1175//17
f 1177//15 1298//15 1176//15
f 1178//1 1299//1 1177//1
f 1179//1 1300//1 1178//1
f 1180//15 1301//15 1179//15
f 1181//1 1302//1 1180//1
f 1182//15 1303//15 1181//15
f 1183//1 1305//1 1182//1
f 1184//1 1306//1 1183//1
f 1185//29 1307//212 1184//29
f 1186//1 1308//1 1185//1
f 1187//1 1309//1 1186//1
f 1188//1 1310//1 1187//1
f 1189//1 1311//1 1188//1
f 1190//35 1312//35 1189//35
f 1191//56 1313//56 1190//56
f 1192//7 1314//7 1191//7
f 1193//1 1315//1 1192//1
f 1194//1 1316//1 1193//1
f 1195//1 1317//1 1194//1
f 1196//1 1318//1 1195//1
f 1197//1 1319//1 1196//1
f 1198//1 1320//1 1197//1
f 1199//1 1321//1 1198//1
f 1200//15 1322//15 1199//15
f 1201//27 1323//214 1200//15
f 1202//216 1324//215 1201//27
f 1203//1 1326//1 1202//1
f 1204//1 1327//1 1203//1
f 1205//1 1328//1 1204//1
f 1206//1 1329//1 1205//1
f 1207//1 1330//1 1206//1
f 1208//2 1331//218 1207//2
f 1209//1 1332//1 1208//1
f 1210//1 1333//1 1209//1
f 1211//1 1334//1 1210//1
f 1212//15 1335//15 1211//15
f 1213//3 1336//3 1212//3
f 1214//1 1337//1 1213//1
f 1215//1 1338//1 1214//1
f 1216//1 1339//1 1215//1
f 1217//1 1340//1 1216//1
f 1218//2 1341//2 1217//2
f 1219//1 1342//1 1218//1
f 1220//3 1343//3 1219//3
f 1221//207 1344//3 1220//3
f 1222//76 1345//2 1221//207
f 1223//76 1347//92 1222//76
f 1224//2 1348//207 1223//76
f 1225//1 1349//1 1224//1
f 1226//1 1350//1 1225//1
f 1227//1 1351//1 1226//1
f 1228//1 1352//1 1227//1
f 1229//1 1353//1 1228//1
f 1230//1 1354//1 1229//1
f 1231//1 1355//1 1230//1
f 1232//1 1356//1 1231//1
f 1233//148 1357//167 1232//208
f 1234//1 1358//1 1233//1
f 1235//1 1359//1 1234//1
f 1236//1 1360//1 1235//1
f 1237//1 1361//1 1236//1
f 1238//1 1362//1 1237//1
f 1239//1 1363//1 1238//1
f 1240//6 1364//6 1239//6
f 1241//1 1365//1 1240//1
f 1242//1 1366//1 1241//1
f 1243//1 1368//1 1242//1
f 1244//8 1369//8 1243//74
f 1245//18 1370//13 1244//196
f 1246//1 1371//1 1245//1
f 1247//1 1372//1 1246//1
f 1248//1 1373//1 1247//1
f 1249//21 1374//21 1248//21
f 1250//1 1375//1 1249//1
f 1251//1 1376//1 1250//1
f 1252//10 1377//10 1251//10
f 1253//1 1378//1 1252//1
f 1254//1 1379//1 1253//1
f 1255//1 1380//1 1254//1
f 1256//210 1381//221 1255//209
f 1257//1 1382//1 1256//1
f 1258//1 1383//1 1257//1
f 1259//1 1384//1 1258//1
f 1260//1 1385//1 1259//1
f 1261//1 1386//1 1260//1
f 1142//1 1387//1 1261//1
f 1263//1 1389//1 1262//1
f 1264//1 1390//1 1263//1
f 1265//1 1391//1 1264//1
f 1266//1 1392//1 1265//1
f 1267//1 1393//1 1266//1
f 1268//1 1394//1 1267//1
f 1269//1 1395//1 1268//1
f 1270//9 1396//9 1269//9
f 1271//1 1397//1 1270//1
f 1272//1 1398//1 1271//1
f 1273//1 1399//1 1272//1
f 1274//1 1400//1 1273//1
f 1275//1 1401//1 1274//1
f 1276//1 1402//1 1275//1
f 1277//1 1403//1 1276//1
f 1278//33 1404//33 1277//33
f 1279//33 1405//33 1278//33
f 1280//33 1406//33 1279//33
f 1281//33 1407//33 1280//33
f 1282//33 1408//33 1281//33
f 1283//33 1409//33 1282//33
f 1284//17 1411//17 1283//17
f 1285//15 1412//15 1284//15
f 1286//1 1413//1 1285//1
f 1287//1 1414//1 1286//1
f 1288//15 1415//15 1287//15
f 1289//1 1416//1 1288//1
f 1290//1 1417//1 1289//1
f 1291//1 1418//1 1290//1
f 1292//1 1419//1 1291//1
f 1293//21 1420//21 1292//21
f 1294//1 1421//1 1293//1
f 1295//1 1422//1 1294//1
f 1296//1 1423//1 1295//1
f 1297//1 1424//1 1296//1
f 1298//1 1425//1 1297//1
f 1299//1 1426//1 1298//1
f 1300//1 1427//1 1299//1
f 1301//15 1428//15 1300//15
f 1302//1 1429//1 1301//1
f 1303//15 1430//15 1302//15
f 1304//1 1431//1 1303//1
f 1305//1 1433//1 1304//1
f 1306//1 1434//1 1305//1
f 1307//1 1435//1 1306//1
f 1308//213 1436//177 1307//212
f 1309//1 1437//1 1308//1
f 1310//1 1438//1 1309//1
f 1311//1 1439//1 1310//1
f 1312//1 1440//1 1311//1
f 1313//1 1441//1 1312//1
f 1314//1 1442//1 1313//1
f 1315//1 1443//1 1314//1
f 1316//1 1444//1 1315//1
f 1317//1 1445//1 1316//1
f 1318//1 1446//1 1317//1
f 1319//1 1447//1 1318//1
f 1320//1 1448//1 1319//1
f 1321//64 1449//56 1320//56
f 1322//451 1450//222 1321//64
f 1323//1 1451//1 1322//1
f 1324//215 1452//223 1323//214
f 1325//3 1453//3 1324//3
f 1326//56 1455//56 1325//64
f 1327//1 1456//1 1326//1
f 1328//1 1457//1 1327//1
f 1329//1 1458//1 1328//1
f 1330//225 1459//224 1329//7
f 1331//218 1460//452 1330//217
f 1332//1 1461//1 1331//1
f 1333//1 1462//1 1332//1
f 1334//1 1463//1 1333//1
f 1335//1 1464//1 1334//1
f 1336//1 1465//1 1335//1
f 1337//15 1466//15 1336//15
f 1338//1 1467//1 1337//1
f 1339//1 1468//1 1338//1
f 1340//1 1469//1 1339//1
f 1341//125 1470//125 1340//125
f 1342//3 1471//230 1341//3
f 1343//2 1472//2 1342//2
f 1344//1 1473//1 1343//1
f 1345//1 1474//1 1344//1
f 1346//1 1475//1 1345//1
f 1347//1 1477//1 1346//1
f 1348//207 1478//3 1347//92
f 1349//3 1479//3 1348//207
f 1350//2 1480//2 1349//2
f 1351//1 1481//1 1350//1
f 1352//1 1482//1 1351//1
f 1353//1 1483//1 1352//1
f 1354//1 1484//1 1353//1
f 1355//1 1485//1 1354//1
f 1356//1 1486//1 1355//1
f 1357//9 1487//9 1356//9
f 1358//7 1488//194 1357//167
f 1359//1 1489//1 1358//1
f 1360//1 1490//1 1359//1
f 1361//1 1491//1 1360//1
f 1362//1 1492//1 1361//1
f 1363//8 1493//8 1362//8
f 1364//6 1494//6 1363//6
f 1365//1 1495//1 1364//1
f 1366//1 1496//1 1365//1
f 1367//1 1497//1 1366//1
f 1368//1 1499//1 1367//1
f 1369//1 1500//1 1368//1
f 1370//2 1501//2 1369//2
f 1371//220 1502//232 1370//197
f 1372//18 1503//13 1371//220
f 1373//1 1504//1 1372//1
f 1374//21 1505//235 1373//21
f 1375//1 1506//1 1374//1
f 1376//1 1507//1 1375//1
f 1377//1 1508//1 1376//1
f 1378//10 1509//236 1377//10
f 1379//1 1510//1 1378//1
f 1380//1 1511//1 1379//1
f 1381//221 1512//238 1380//21
f 1382//33 1513//33 1381//221
f 1383//1 1514//1 1382//1
f 1384//1 1515//1 1383//1
f 1385//1 1516//1 1384//1
f 1386//1 1517//1 1385//1
f 1387//1 1518//1 1386//1
f 1262//1 1519//1 1387//1
f 1389//1 1521//1 1388//1
f 1390//1 1522//1 1389//1
f 1391//1 1523//1 1390//1
f 1392//1 1524//1 1391//1
f 1393//1 1525//1 1392//1
f 1394//1 1526//1 1393//1
f 1395//1 1527//1 1394//1
f 1396//1 1528//1 1395//1
f 1397//9 1529//9 1396//9
f 1398//1 1530//1 1397//1
f 1399//1 1531//1 1398//1
f 1400//1 1532//1 1399//1
f 1401//33 1533//239 1400//33
f 1402//33 1534//33 1401//33
f 1403//33 1535//33 1402//33
f 1404//17 1536//17 1403//17
f 1405//1 1537//1 1404//1
f 1406//1 1538//1 1405//1
f 1407//1 1539//1 1406//1
f 1408//1 1540//1 1407//1
f 1409//1 1541//1 1408//1
f 1410//1 1542//1 1409//1
f 1411//1 1544//1 1410//1
f 1412//1 1545//1 1411//1
f 1413//1 1546//1 1412//1
f 1414//17 1547//17 1413//17
f 1415//15 1548//15 1414//15
f 1416//1 1549//1 1415//1
f 1417//1 1550//1 1416//1
f 1418//1 1551//1 1417//1
f 1419//1 1552//1 1418//1
f 1420//1 1553//1 1419//1
f 1421//21 1554//21 1420//21
f 1422//1 1555//1 1421//1
f 1423//1 1556//1 1422//1
f 1424//1 1557//1 1423//1
f 1425//1 1558//1 1424//1
f 1426//1 1559//1 1425//1
f 1427//1 1560//1 1426//1
f 1428//3 1561//3 1427//3
f 1429//1 1562//1 1428//1
f 1430//15 1563//15 1429//15
f 1431//1 1564//1 1430//1
f 1432//1 1565//1 1431//1
f 1433//1 1567//1 1432//1
f 1434//1 1568//1 1433//1
f 1435//15 1569//15 1434//15
f 1436//3 1570//3 1435//3
f 1437//35 1571//35 1436//177
f 1438//1 1572//1 1437//1
f 1439//1 1573//1 1438//1
f 1440//1 1574//1 1439//1
f 1441//1 1575//1 1440//1
f 1442//1 1576//1 1441//1
f 1443//1 1577//1 1442//1
f 1444//1 1578//1 1443//1
f 1445//1 1579//1 1444//1
f 1446//1 1580//1 1445//1
f 1447//1 1581//1 1446//1
f 1448//1 1582//1 1447//1
f 1449//7 1583//7 1448//7
f 1450//1 1584//1 1449//1
f 1451//29 1585//29 1450//29
f 1452//223 1586//11 1451//11
f 1453//1 1587//1 1452//1
f 1454//1 1588//1 1453//1
f 1455//1 1590//1 1454//1
f 1456//56 1591//56 1455//56
f 1457//1 1592//1 1456//1
f 1458//1 1593//1 1457//1
f 1459//8 1594//8 1458//8
f 1460//15 1595//15 1459//15
f 1461//15 1596//15 1460//15
f 1462//1 1597//1 1461//1
f 1463//1 1598//1 1462//1
f 1464//1 1599//1 1463//1
f 1465//1 1600//1 1464//1
f 1466//1 1601//1 1465//1
f 1467//15 1602//15 1466//15
f 1468//3 1603//240 1467//3
f 1469//245 1604//244 1468//7
f 1470//100 1605//100 1469//100
f 1471//229 1606//56 1470//227
f 1472//231 1607//7 1471//230
f 1473//1 1608//1 1472//1
f 1474//1 1609//1 1473//1
f 1475//1 1610//1 1474//1
f 1476//1 1611//1 1475//1
f 1477//10 1613//10 1476//10
f 1478//247 1614//10 1477//10
f 1479//242 1615//20 1478//247
f 1480//1 1616//1 1479//1
f 1481//3 1617//3 1480//3
f 1482//2 1618//2 1481//2
f 1483//2 1619//2 1482//2
f 1484//2 1620//2 1483//2
f 1485//1 1621//1 1484//1
f 1486//2 1622//2 1485//2
f 1487//9 1623//9 1486//9
f 1488//2 1624//2 1487//2
f 1489//7 1625//248 1488//194
f 1490//8 1626//250 1489//8
f 1491//8 1627//8 1490//8
f 1492//8 1628//8 1491//8
f 1493//6 1629//6 1492//6
f 1494//1 1630//1 1493//1
f 1495//1 1631//1 1494//1
f 1496//1 1632//1 1495//1
f 1497//1 1633//1 1496//1
f 1498//1 1634//1 1497//1
f 1499//1 1636//1 1498//1
f 1500//1 1637//1 1499//1
f 1501//1 1638//1 1500//1
f 1502//1 1639//1 1501//1
f 1503//2 1640//2 1502//2
f 1504//233 1641//446 1503//197
f 1505//235 1642//202 1504//234
f 1506//9 1643//9 1505//9
f 1507//9 1644//9 1506//9
f 1508//9 1645//9 1507//9
f 1509//9 1646//9 1508//9
f 1510//198 1647//74 1509//236
f 1511//1 1648//1 1510//1
f 1512//238 1649//200 1511//237
f 1513//33 1650//33 1512//238
f 1514//1 1651//1 1513//1
f 1515//1 1652//1 1514//1
f 1516//1 1653//1 1515//1
f 1517//1 1654//1 1516//1
f 1518//1 1655//1 1517//1
f 1519//1 1656//1 1518//1
f 1388//1 1657//1 1519//1
f 1521//82 1659//82 1520//82
f 1522//252 1660//251 1521//88
f 1523//41 1661//253 1522//252
f 1524//1 1662//1 1523//1
f 1525//1 1663//1 1524//1
f 1526//1 1664//1 1525//1
f 1527//1 1665//1 1526//1
f 1528//1 1666//1 1527//1
f 1529//1 1667//1 1528//1
f 1530//9 1668//256 1529//9
f 1531//1 1669//1 1530//1
f 1532//187 1670//21 1531//21
f 1533//239 1671//186 1532//187
f 1534//33 1672//33 1533//239
f 1535//33 1673//33 1534//33
f 1536//33 1674//33 1535//33
f 1537//25 1675//25 1536//25
f 1538//25 1676//25 1537//25
f 1539//25 1677//25 1538//25
f 1540//1 1678//1 1539//1
f 1541//1 1679//1 1540//1
f 1542//33 1680//221 1541//33
f 1543//17 1681//17 1542//17
f 1544//33 1683//33 1543//33
f 1545//17 1684//17 1544//17
f 1546//17 1685//17 1545//17
f 1547//15 1686//15 1546//15
f 1548//1 1687//1 1547//1
f 1549//1 1688//1 1548//1
f 1550//1 1689//1 1549//1
f 1551//1 1690//1 1550//1
f 1552//1 1691//1 1551//1
f 1553//1 1692//1 1552//1
f 1554//1 1693//1 1553//1
f 1555//21 1694//21 1554//21
f 1556//1 1695//1 1555//1
f 1557//1 1696//1 1556//1
f 1558//1 1697//1 1557//1
f 1559//1 1698//1 1558//1
f 1560//1 1699//1 1559//1
f 1561//1 1700//1 1560//1
f 1562//191 1701//260 1561//259
f 1563//15 1702//15 1562//15
f 1564//1 1703//1 1563//1
f 1565//1 1704//1 1564//1
f 1566//1 1705//1 1565//1
f 1567//1 1707//1 1566//1
f 1568//56 1708//56 1567//56
f 1569//3 1709//3 1568//3
f 1570//1 1710//1 1569//1
f 1571//1 1711//1 1570//1
f 1572//35 1712//35 1571//35
f 1573//1 1713//1 1572//1
f 1574//1 1714//1 1573//1
f 1575//1 1715//1 1574//1
f 1576//1 1716//1 1575//1
f 1577//1 1717//1 1576//1
f 1578//1 1718//1 1577//1
f 1579//1 1719//1 1578//1
f 1580//1 1720//1 1579//1
f 1581//1 1721//1 1580//1
f 1582//1 1722//1 1581//1
f 1583//7 1723//7 1582//7
f 1584//1 1724//1 1583//1
f 1585//1 1725//1 1584//1
f 1586//1 1726//1 1585//1
f 1587//1 1727//1 1586//1
f 1588//1 1728//1 1587//1
f 1589//1 1729//1 1588//1
f 1590//1 1731//1 1589//1
f 1591//1 1732//1 1590//1
f 1592//35 1733//35 1591//35
f 1593//1 1734//1 1592//1
f 1594//8 1735//8 1593//8
f 1595//1 1736//1 1594//1
f 1596//15 1737//15 1595//15
f 1597//15 1738//15 1596//15
f 1598//1 1739//1 1597//1
f 1599//1 1740//1 1598//1
f 1600//1 1741//1 1599//1
f 1601//1 1742//1 1600//1
f 1602//1 1743//1 1601//1
f 1603//240 1744//11 1602//164
f 1604//243 1745//10 1603//241
f 1605//10 1746//10 1604//243
f 1606//1 1747//1 1605//1
f 1607//1 1748//1 1606//1
f 1608//56 1749//56 1607//56
f 1609//7 1750//7 1608//7
f 1610//1 1751//1 1609//1
f 1611//1 1752//1 1610//1
f 1612//1 1753//1 1611//1
f 1613//18 1755//18 1612//18
f 1614//1 1756//1 1613//1
f 1615//1 1757//1 1614//1
f 1616//56 1758//56 1615//56
f 1617//1 1759//1 1616//1
f 1618//1 1760//1 1617//1
f 1619//1 1761//1 1618//1
f 1620//1 1762//1 1619//1
f 1621//3 1763//3 1620//3
f 1622//9 1764//9 1621//9
f 1623//2 1765//2 1622//2
f 1624//9 1766//9 1623//9
f 1625//248 1767//3 1624//3
f 1626//250 1768//2 1625//249
f 1627//1 1769//1 1626//1
f 1628//1 1770//1 1627//1
f 1629//1 1771//1 1628//1
f 1630//1 1772//1 1629//1
f 1631//1 1773//1 1630//1
f 1632//1 1774//1 1631//1
f 1633//1 1775//1 1632//1
f 1634//1 1776//1 1633//1
f 1635//100 1777//100 1634//100
f 1636//1 1779//1 1635//1
f 1637//1 1780//1 1636//1
f 1638//1 1781//1 1637//1
f 1639//1 1782//1 1638//1
f 1640//1 1783//1 1639//1
f 1641//1 1784//1 1640//1
f 1642//1 1785//1 1641//1
f 1643//1 1786//1 1642//1
f 1644//1 1787//1 1643//1
f 1645//1 1788//1 1644//1
f 1646//1 1789//1 1645//1
f 1647//1 1790//1 1646//1
f 1648//8 1791//8 1647//74
f 1649//200 1792//25 1648//25
f 1650//1 1793//1 1649//1
f 1651//1 1794//1 1650//1
f 1652//1 1795//1 1651//1
f 1653//1 1796//1 1652//1
f 1654//1 1797//1 1653//1
f 1655//1 1798//1 1654//1
f 1656//1 1799//1 1655//1
f 1657//82 1800//82 1656//82
f 1520//88 1801//88 1657//88
f 1659//1 1803//1 1658//1
f 1660//1 1804//1 1659//1
f 1661//254 1805//9 1660//9
f 1662//255 1806//263 1661//254
f 1663//41 1807//265 1662//41
f 1664//1 1808//1 1663//1
f 1665//1 1809//1 1664//1
f 1666//1 1810//1 1665//1
f 1667//1 1811//1 1666//1
f 1668//256 1812//33 1667//33
f 1669//257 1813//267 1668//256
f 1670//29 1814//29 1669//29
f 1671//1 1815//1 1670//1
f 1672//1 1816//1 1671//1
f 1673//1 1817//1 1672//1
f 1674//1 1818//1 1673//1
f 1675//24 1819//29 1674//22
f 1676//1 1820//1 1675//1
f 1677//1 1821//1 1676//1
f 1678//6 1822//6 1677//6
f 1679//268 1823//25 1678//25
f 1680//221 1824//209 1679//268
f 1681//258 1825//269 1680//221
f 1682//453 1826//270 1681//258
f 1683//33 1828//33 1682//33
f 1684//1 1829//1 1683//1
f 1685//1 1830//1 1684//1
f 1686//1 1831//1 1685//1
f 1687//1 1832//1 1686//1
f 1688//1 1833//1 1687//1
f 1689//1 1834//1 1688//1
f 1690//1 1835//1 1689//1
f 1691//1 1836//1 1690//1
f 1692//1 1837//1 1691//1
f 1693//1 1838//1 1692//1
f 1694//1 1839//1 1693//1
f 1695//21 1840//271 1694//21
f 1696//1 1841//1 1695//1
f 1697//1 1842//1 1696//1
f 1698//1 1843//1 1697//1
f 1699//1 1844//1 1698//1
f 1700//1 1845//1 1699//1
f 1701//260 1846//30 1700//30
f 1702//1 1847//1 1701//1
f 1703//1 1848//1 1702//1
f 1704//1 1849//1 1703//1
f 1705//1 1850//1 1704//1
f 1706//1 1851//1 1705//1
f 1707//56 1853//56 1706//56
f 1708//7 1854//7 1707//7
f 1709//212 1855//29 1708//261
f 1710//1 1856//1 1709//1
f 1711//1 1857//1 1710//1
f 1712//1 1858//1 1711//1
f 1713//35 1859//35 1712//35
f 1714//1 1860//1 1713//1
f 1715//1 1861//1 1714//1
f 1716//1 1862//1 1715//1
f 1717//1 1863//1 1716//1
f 1718//1 1864//1 1717//1
f 1719//1 1865//1 1718//1
f 1720//1 1866//1 1719//1
f 1721//1 1867//1 1720//1
f 1722//1 1868//1 1721//1
f 1723//7 1869//194 1722//7
f 1724//1 1870//1 1723//1
f 1725//1 1871//1 1724//1
f 1726//1 1872//1 1725//1
f 1727//1 1873//1 1726//1
f 1728//1 1874//1 1727//1
f 1729//1 1875//1 1728//1
f 1730//1 1876//1 1729//1
f 1731//1 1878//1 1730//1
f 1732//1 1879//1 1731//1
f 1733//56 1880//56 1732//56
f 1734//7 1881//7 1733//7
f 1735//8 1882//8 1734//8
f 1736//1 1883//1 1735//1
f 1737//1 1884//1 1736//1
f 1738//15 1885//15 1737//15
f 1739//15 1886//15 1738//15
f 1740//1 1887//1 1739//1
f 1741//1 1888//1 1740//1
f 1742//1 1889//1 1741//1
f 1743//1 1890//1 1742//1
f 1744//10 1891//272 1743//10
f 1745//11 1892//11 1744//11
f 1746//10 1893//10 1745//10
f 1747//1 1894//1 1746//1
f 1748//1 1895//1 1747//1
f 1749//1 1896//1 1748//1
f 1750//1 1897//1 1749//1
f 1751//56 1898//56 1750//56
f 1752//7 1899//7 1751//7
f 1753//1 1900//1 1752//1
f 1754//178 1901//8 1753//8
f 1755//3 1903//3 1754//3
f 1756//1 1904//1 1755//1
f 1757//1 1905//1 1756//1
f 1758//7 1906//7 1757//7
f 1759//8 1907//8 1758//8
f 1760//1 1908//1 1759//1
f 1761//1 1909//1 1760//1
f 1762//1 1910//1 1761//1
f 1763//1 1911//1 1762//1
f 1764//1 1912//1 1763//1
f 1765//9 1913//9 1764//9
f 1766//1 1914//1 1765//1
f 1767//1 1915//1 1766//1
f 1768//1 1916//1 1767//1
f 1769//3 1917//3 1768//3
f 1770//1 1918//1 1769//1
f 1771//1 1919//1 1770//1
f 1772//1 1920//1 1771//1
f 1773//1 1921//1 1772//1
f 1774//1 1922//1 1773//1
f 1775//1 1923//1 1774//1
f 1776//276 1924//275 1775//49
f 1777//82 1925//82 1776//82
f 1778//1 1926//1 1777//1
f 1779//100 1928//100 1778//100
f 1780//82 1929//82 1779//82
f 1781//82 1930//82 1780//82
f 1782//1 1931//1 1781//1
f 1783//1 1932//1 1782//1
f 1784//1 1933//1 1783//1
f 1785//1 1934//1 1784//1
f 1786//1 1935//1 1785//1
f 1787//1 1936//1 1786//1
f 1788//9 1937//9 1787//9
f 1789//1 1938//1 1788//1
f 1790//1 1939//1 1789//1
f 1791//1 1940//1 1790//1
f 1792//1 1941//1 1791//1
f 1793//1 1942//1 1792//1
f 1794//1 1943//1 1793//1
f 1795//1 1944//1 1794//1
f 1796//1 1945//1 1795//1
f 1797//9 1946//9 1796//9
f 1798//6 1947//6 1797//6
f 1799//281 1948//280 1798//6
f 1800//88 1949//88 1799//88
f 1801//1 1950//1 1800//1
f 1658//1 1951//1 1801//1
f 1803//1 1953//1 1802//1
f 1804//1 1954//1 1803//1
f 1805//1 1955//1 1804//1
f 1806//263 1956//9 1805//9
f 1807//265 1957//33 1806//264
f 1808//255 1958//263 1807//266
f 1809//41 1959//283 1808//41
f 1810//41 1960//41 1809//41
f 1811//33 1961//33 1810//33
f 1812//17 1962//17 1811//17
f 1813//1 1963//1 1812//1
f 1814//1 1964//1 1813//1
f 1815//1 1965//1 1814//1
f 1816//1 1966//1 1815//1
f 1817//1 1967//1 1816//1
f 1818//1 1968//1 1817//1
f 1819//29 1969//29 1818//29
f 1820//1 1970//1 1819//1
f 1821//1 1971//1 1820//1
f 1822//1 1972//1 1821//1
f 1823//1 1973//1 1822//1
f 1824//1 1974//1 1823//1
f 1825//1 1975//1 1824//1
f 1826//270 1976//29 1825//269
f 1827//6 1977//6 1826//6
f 1828//1 1979//1 1827//1
f 1829//288 1980//287 1828//454
f 1830//40 1981//40 1829//288
f 1831//1 1982//1 1830//1
f 1832//1 1983//1 1831//1
f 1833//1 1984//1 1832//1
f 1834//1 1985//1 1833//1
f 1835//1 1986//1 1834//1
f 1836//1 1987//1 1835//1
f 1837//1 1988//1 1836//1
f 1838//1 1989//1 1837//1
f 1839//17 1990//17 1838//17
f 1840//17 1991//17 1839//17
f 1841//21 1992//221 1840//271
f 1842//1 1993//1 1841//1
f 1843//1 1994//1 1842//1
f 1844//1 1995//1 1843//1
f 1845//1 1996//1 1844//1
f 1846//11 1997//11 1845//11
f 1847//1 1998//1 1846//1
f 1848//1 1999//1 1847//1
f 1849//1 2000//1 1848//1
f 1850//1 2001//1 1849//1
f 1851//1 2002//1 1850//1
f 1852//56 2003//56 1851//56
f 1853//1 2005//1 1852//1
f 1854//1 2006//1 1853//1
f 1855//1 2007//1 1854//1
f 1856//21 2008//21 1855//21
f 1857//1 2009//1 1856//1
f 1858//1 2010//1 1857//1
f 1859//1 2011//1 1858//1
f 1860//35 2012//35 1859//35
f 1861//56 2013//56 1860//56
f 1862//1 2014//1 1861//1
f 1863//1 2015//1 1862//1
f 1864//1 2016//1 1863//1
f 1865//1 2017//1 1864//1
f 1866//1 2018//1 1865//1
f 1867//1 2019//1 1866//1
f 1868//1 2020//1 1867//1
f 1869//194 2021//291 1868//7
f 1870//15 2022//15 1869//15
f 1871//15 2023//15 1870//15
f 1872//15 2024//15 1871//15
f 1873//1 2025//1 1872//1
f 1874//1 2026//1 1873//1
f 1875//1 2027//1 1874//1
f 1876//1 2028//1 1875//1
f 1877//1 2029//1 1876//1
f 1878//1 2031//1 1877//1
f 1879//1 2032//1 1878//1
f 1880//1 2033//1 1879//1
f 1881//1 2034//1 1880//1
f 1882//1 2035//1 1881//1
f 1883//1 2036//1 1882//1
f 1884//1 2037//1 1883//1
f 1885//1 2038//1 1884//1
f 1886//15 2039//15 1885//15
f 1887//15 2040//293 1886//15
f 1888//1 2041//1 1887//1
f 1889//1 2042//1 1888//1
f 1890//1 2043//1 1889//1
f 1891//272 2044//294 1890//10
f 1892//241 2045//178 1891//272
f 1893//1 2046//1 1892//1
f 1894//1 2047//1 1893//1
f 1895//1 2048//1 1894//1
f 1896//1 2049//1 1895//1
f 1897//1 2050//1 1896//1
f 1898//1 2051//1 1897//1
f 1899//1 2052//1 1898//1
f 1900//56 2053//56 1899//56
f 1901//6 2054//6 1900//6
f 1902//1 2055//1 1901//1
f 1903//247 2057//10 1902//10
f 1904//295 2058//295 1903//247
f 1905//10 2059//241 1904//295
f 1906//1 2060//1 1905//1
f 1907//1 2061//1 1906//1
f 1908//274 2062//298 1907//273
f 1909//1 2063//1 1908//1
f 1910//1 2064//1 1909//1
f 1911//1 2065//1 1910//1
f 1912//1 2066//1 1911//1
f 1913//9 2067//9 1912//9
f 1914//1 2068//1 1913//1
f 1915//1 2069//1 1914//1
f 1916//1 2070//1 1915//1
f 1917//1 2071//1 1916//1
f 1918//3 2072//79 1917//3
f 1919//1 2073//1 1918//1
f 1920//1 2074//1 1919//1
f 1921//1 2075//1 1920//1
f 1922//49 2076//49 1921//49
f 1923//49 2077//49 1922//49
f 1924//254 2078//301 1923//255
f 1925//9 2079//9 1924//254
f 1926//1 2080//1 1925//1
f 1927//1 2081//1 1926//1
f 1928//1 2083//1 1927//1
f 1929//1 2084//1 1928//1
f 1930//1 2085//1 1929//1
f 1931//279 2086//367 1930//278
f 1932//255 2087//255 1931//255
f 1933//255 2088//255 1932//255
f 1934//255 2089//255 1933//255
f 1935//9 2090//305 1934//9
f 1936//9 2091//306 1935//9
f 1937//33 2092//33 1936//33
f 1938//2 2093//2 1937//2
f 1939//9 2094//9 1938//9
f 1940//9 2095//9 1939//9
f 1941//1 2096//1 1940//1
f 1942//1 2097//1 1941//1
f 1943//1 2098//1 1942//1
f 1944//9 2099//9 1943//9
f 1945//9 2100//9 1944//9
f 1946//238 2101//271 1945//33
f 1947//234 2102//21 1946//238
f 1948//1 2103//1 1947//1
f 1949//29 2104//29 1948//29
f 1950//1 2105//1 1949//1
f 1951//1 2106//1 1950//1
f 1802//1 2107//1 1951//1
f 1953//1 2109//1 1952//1
f 1954//1 2110//1 1953//1
f 1955//1 2111//1 1954//1
f 1956//1 2112//1 1955//1
f 1957//1 2113//1 1956//1
f 1958//263 2114//9 1957//9
f 1959//283 2115//33 1958//264
f 1960//1 2116//1 1959//1
f 1961//286 2117//307 1960//284
f 1962//1 2118//1 1961//1
f 1963//1 2119//1 1962//1
f 1964//1 2120//1 1963//1
f 1965//1 2121//1 1964//1
f 1966//1 2122//1 1965//1
f 1967//1 2123//1 1966//1
f 1968//1 2124//1 1967//1
f 1969//29 2125//29 1968//29
f 1970//1 2126//1 1969//1
f 1971//1 2127//1 1970//1
f 1972//1 2128//1 1971//1
f 1973//1 2129//1 1972//1
f 1974//1 2130//1 1973//1
f 1975//21 2131//21 1974//21
f 1976//29 2132//29 1975//29
f 1977//1 2133//1 1976//1
f 1978//1 2134//1 1977//1
f 1979//25 2136//25 1978//25
f 1980//56 2137//56 1979//56
f 1981//1 2138//1 1980//1
f 1982//110 2139//308 1981//41
f 1983//29 2140//309 1982//110
f 1984//1 2141//1 1983//1
f 1985//1 2142//1 1984//1
f 1986//1 2143//1 1985//1
f 1987//1 2144//1 1986//1
f 1988//1 2145//1 1987//1
f 1989//17 2146//17 1988//17
f 1990//15 2147//15 1989//15
f 1991//1 2148//1 1990//1
f 1992//221 2149//33 1991//33
f 1993//289 2150//311 1992//221
f 1994//29 2151//312 1993//289
f 1995//29 2152//313 1994//29
f 1996//29 2153//29 1995//29
f 1997//29 2154//29 1996//29
f 1998//30 2155//30 1997//30
f 1999//1 2156//1 1998//1
f 2000//1 2157//1 1999//1
f 2001//1 2158//1 2000//1
f 2002//17 2159//17 2001//17
f 2003//56 2160//314 2002//290
f 2004//1 2161//1 2003//1
f 2005//1 2163//1 2004//1
f 2006//1 2164//1 2005//1
f 2007//1 2165//1 2006//1
f 2008//29 2166//29 2007//29
f 2009//1 2167//1 2008//1
f 2010//1 2168//1 2009//1
f 2011//1 2169//1 2010//1
f 2012//1 2170//1 2011//1
f 2013//1 2171//1 2012//1
f 2014//35 2172//35 2013//35
f 2015//30 2173//89 2014//205
f 2016//1 2174//1 2015//1
f 2017//1 2175//1 2016//1
f 2018//1 2176//1 2017//1
f 2019//1 2177//1 2018//1
f 2020//30 2178//30 2019//30
f 2021//291 2179//149 2020//168
f 2022//292 2180//455 2021//291
f 2023//1 2181//1 2022//1
f 2024//1 2182//1 2023//1
f 2025//17 2183//17 2024//17
f 2026//30 2184//318 2025//317
f 2027//1 2185//1 2026//1
f 2028//1 2186//1 2027//1
f 2029//1 2187//1 2028//1
f 2030//1 2188//1 2029//1
f 2031//1 2190//1 2030//1
f 2032//1 2191//1 2031//1
f 2033//1 2192//1 2032//1
f 2034//1 2193//1 2033//1
f 2035//1 2194//1 2034//1
f 2036//11 2195//11 2035//11
f 2037//11 2196//319 2036//11
f 2038//321 2197//320 2037//11
f 2039//323 2198//322 2038//321
f 2040//62 2199//324 2039//323
f 2041//27 2200//326 2040//293
f 2042//1 2201//1 2041//1
f 2043//11 2202//11 2042//11
f 2044//244 2203//329 2043//328
f 2045//178 2204//8 2044//294
f 2046//15 2205//15 2045//15
f 2047//3 2206//3 2046//3
f 2048//3 2207//3 2047//3
f 2049//1 2208//1 2048//1
f 2050//1 2209//1 2049//1
f 2051//1 2210//1 2050//1
f 2052//1 2211//1 2051//1
f 2053//1 2212//1 2052//1
f 2054//56 2213//56 2053//56
f 2055//8 2214//8 2054//8
f 2056//1 2215//1 2055//1
f 2057//18 2217//18 2056//18
f 2058//1 2218//1 2057//1
f 2059//240 2219//3 2058//3
f 2060//11 2220//4 2059//240
f 2061//296 2221//10 2060//10
f 2062//297 2222//32 2061//296
f 2063//299 2223//331 2062//298
f 2064//1 2224//1 2063//1
f 2065//1 2225//1 2064//1
f 2066//1 2226//1 2065//1
f 2067//9 2227//9 2066//9
f 2068//1 2228//1 2067//1
f 2069//1 2229//1 2068//1
f 2070//1 2230//1 2069//1
f 2071//2 2231//332 2070//2
f 2072//79 2232//333 2071//2
f 2073//300 2233//334 2072//79
f 2074//49 2234//337 2073//336
f 2075//49 2235//49 2074//49
f 2076//255 2236//255 2075//255
f 2077//1 2237//1 2076//1
f 2078//1 2238//1 2077//1
f 2079//33 2239//33 2078//33
f 2080//1 2240//1 2079//1
f 2081//1 2241//1 2080//1
f 2082//1 2242//1 2081//1
f 2083//1 2244//1 2082//1
f 2084//1 2245//1 2083//1
f 2085//1 2246//1 2084//1
f 2086//2 2247//2 2085//2
f 2087//1 2248//1 2086//1
f 2088//1 2249//1 2087//1
f 2089//1 2250//1 2088//1
f 2090//304 2251//8 2089//302
f 2091//306 2252//6 2090//305
f 2092//1 2253//1 2091//1
f 2093//1 2254//1 2092//1
f 2094//1 2255//1 2093//1
f 2095//1 2256//1 2094//1
f 2096//2 2257//2 2095//2
f 2097//9 2258//9 2096//9
f 2098//9 2259//9 2097//9
f 2099//33 2260//33 2098//33
f 2100//1 2261//1 2099//1
f 2101//1 2262//1 2100//1
f 2102//21 2263//339 2101//271
f 2103//1 2264//1 2102//1
f 2104//1 2265//1 2103//1
f 2105//21 2266//21 2104//21
f 2106//1 2267//1 2105//1
f 2107//1 2268//1 2106//1
f 1952//1 2269//1 2107//1
f 2109//1 2271//1 2108//1
f 2110//1 2272//1 2109//1
f 2111//1 2273//1 2110//1
f 2112//1 2274//1 2111//1
f 2113//1 2275//1 2112//1
f 2114//1 2276//1 2113//1
f 2115//1 2277//1 2114//1
f 2116//9 2278//9 2115//9
f 2117//33 2279//33 2116//33
f 2118//6 2280//340 2117//307
f 2119//1 2281//1 2118//1
f 2120//1 2282//1 2119//1
f 2121//1 2283//1 2120//1
f 2122//1 2284//1 2121//1
f 2123//1 2285//1 2122//1
f 2124//1 2286//1 2123//1
f 2125//29 2287//29 2124//29
f 2126//1 2288//1 2125//1
f 2127//1 2289//1 2126//1
f 2128//1 2290//1 2127//1
f 2129//1 2291//1 2128//1
f 2130//1 2292//1 2129//1
f 2131//29 2293//29 2130//29
f 2132//1 2294//1 2131//1
f 2133//1 2295//1 2132//1
f 2134//1 2296//1 2133//1
f 2135//1 2297//1 2134//1
f 2136//1 2299//1 2135//1
f 2137//1 2300//1 2136//1
f 2138//1 2301//1 2137//1
f 2139//1 2302//1 2138//1
f 2140//309 2303//21 2139//308
f 2141//310 2304//310 2140//309
f 2142//29 2305//342 2141//310
f 2143//1 2306//1 2142//1
f 2144//1 2307//1 2143//1
f 2145//17 2308//17 2144//17
f 2146//15 2309//15 2145//15
f 2147//1 2310//1 2146//1
f 2148//1 2311//1 2147//1
f 2149//1 2312//1 2148//1
f 2150//1 2313//1 2149//1
f 2151//33 2314//33 2150//33
f 2152//313 2315//17 2151//312
f 2153//1 2316//1 2152//1
f 2154//1 2317//1 2153//1
f 2155//1 2318//1 2154//1
f 2156//1 2319//1 2155//1
f 2157//1 2320//1 2156//1
f 2158//1 2321//1 2157//1
f 2159//117 2322//347 2158//133
f 2160//314 2323//349 2159//89
f 2161//17 2324//17 2160//17
f 2162//15 2325//15 2161//15
f 2163//17 2327//17 2162//17
f 2164//1 2328//1 2163//1
f 2165//1 2329//1 2164//1
f 2166//1 2330//1 2165//1
f 2167//29 2331//29 2166//29
f 2168//1 2332//1 2167//1
f 2169//1 2333//1 2168//1
f 2170//1 2334//1 2169//1
f 2171//1 2335//1 2170//1
f 2172//1 2336//1 2171//1
f 2173//316 2337//17 2172//17
f 2174//29 2338//350 2173//316
f 2175//30 2339//30 2174//30
f 2176//30 2340//30 2175//30
f 2177//30 2341//30 2176//30
f 2178//11 2342//11 2177//11
f 2179//1 2343//1 2178//1
f 2180//168 2344//7 2179//149
f 2181//17 2345//17 2180//17
f 2182//15 2346//15 2181//15
f 2183//15 2347//15 2182//15
f 2184//318 2348//3 2183//292
f 2185//29 2349//29 2184//29
f 2186//48 2350//48 2185//48
f 2187//1 2351//1 2186//1
f 2188//1 2352//1 2187//1
f 2189//1 2353//1 2188//1
f 2190//47 2355//47 2189//47
f 2191//47 2356//47 2190//47
f 2192//355 2357//354 2191//47
f 2193//7 2358//356 2192//355
f 2194//225 2359//357 2193//7
f 2195//10 2360//10 2194//10
f 2196//1 2361//1 2195//1
f 2197//320 2362//358 2196//319
f 2198//322 2363//359 2197//320
f 2199//1 2364//1 2198//1
f 2200//326 2365//42 2199//325
f 2201//362 2366//361 2200//360
f 2202//327 2367//364 2201//10
f 2203//329 2368//365 2202//327
f 2204//1 2369//1 2203//1
f 2205//1 2370//1 2204//1
f 2206//1 2371//1 2205//1
f 2207//1 2372//1 2206//1
f 2208//223 2373//366 2207//330
f 2209//11 2374//11 2208//223
f 2210//1 2375//1 2209//1
f 2211//1 2376//1 2210//1
f 2212//1 2377//1 2211//1
f 2213//1 2378//1 2212//1
f 2214//1 2379//1 2213//1
f 2215//1 2380//1 2214//1
f 2216//178 2381//8 2215//8
f 2217//15 2383//15 2216//15
f 2218//1 2384//1 2217//1
f 2219//1 2385//1 2218//1
f 2220//4 2386//3 2219//3
f 2221//1 2387//1 2220//1
f 2222//1 2388//1 2221//1
f 2223//1 2389//1 2222//1
f 2224//47 2390//47 2223//331
f 2225//49 2391//369 2224//368
f 2226//1 2392//1 2225//1
f 2227//370 2393//302 2226//303
f 2228//8 2394//8 2227//370
f 2229//8 2395//8 2228//8
f 2230//74 2396//8 2229//8
f 2231//332 2397//198 2230//74
f 2232//333 2398//10 2231//332
f 2233//334 2399//10 2232//333
f 2234//337 2400//18 2233//335
f 2235//1 2401//1 2234//1
f 2236//1 2402//1 2235//1
f 2237//1 2403//1 2236//1
f 2238//1 2404//1 2237//1
f 2239//1 2405//1 2238//1
f 2240//9 2406//9 2239//9
f 2241//1 2407//1 2240//1
f 2242//1 2408//1 2241//1
f 2243//1 2409//1 2242//1
f 2244//1 2411//1 2243//1
f 2245//1 2412//1 2244//1
f 2246//1 2413//1 2245//1
f 2247//1 2414//1 2246//1
f 2248//2 2415//2 2247//2
f 2249//1 2416//1 2248//1
f 2250//1 2417//1 2249//1
f 2251//1 2418//1 2250//1
f 2252//1 2419//1 2251//1
f 2253//8 2420//8 2252//8
f 2254//6 2421//6 2253//6
f 2255//1 2422//1 2254//1
f 2256//1 2423//1 2255//1
f 2257//1 2424//1 2256//1
f 2258//1 2425//1 2257//1
f 2259//1 2426//1 2258//1
f 2260//1 2427//1 2259//1
f 2261//1 2428//1 2260//1
f 2262//338 2429//255 2261//255
f 2263//339 2430//371 2262//338
f 2264//18 2431//18 2263//339
f 2265//18 2432//18 2264//18
f 2266//21 2433//21 2265//21
f 2267//1 2434//1 2266//1
f 2268//1 2435//1 2267//1
f 2269//1 2436//1 2268//1
f 2108//1 2437//1 2269//1
f 2271//1 2439//1 2270//1
f 2272//1 2440//1 2271//1
f 2273//1 2441//1 2272//1
f 2274//1 2442//1 2273//1
f 2275//1 2443//1 2274//1
f 2276//1 2444//1 2275//1
f 2277//1 2445//1 2276//1
f 2278//1 2446//1 2277//1
f 2279//1 2447//1 2278//1
f 2280//340 2448//9 2279//9
f 2281//341 2449//372 2280//340
f 2282//1 2450//1 2281//1
f 2283//1 2451//1 2282//1
f 2284//1 2452//1 2283//1
f 2285//1 2453//1 2284//1
f 2286//1 2454//1 2285//1
f 2287//373 2455//120 2286//30
f 2288//21 2456//21 2287//21
f 2289//21 2457//21 2288//21
f 2290//1 2458//1 2289//1
f 2291//1 2459//1 2290//1
f 2292//378 2460//377 2291//41
f 2293//29 2461//29 2292//29
f 2294//1 2462//1 2293//1
f 2295//1 2463//1 2294//1
f 2296//1 2464//1 2295//1
f 2297//1 2465//1 2296//1
f 2298//1 2466//1 2297//1
f 2299//1 2468//1 2298//1
f 2300//1 2469//1 2299//1
f 2301//1 2470//1 2300//1
f 2302//1 2471//1 2301//1
f 2303//1 2472//1 2302//1
f 2304//1 2473//1 2303//1
f 2305//342 2474//21 2304//310
f 2306//21 2475//21 2305//342
f 2307//343 2476//29 2306//29
f 2308//344 2477//380 2307//343
f 2309//1 2478//1 2308//1
f 2310//1 2479//1 2309//1
f 2311//1 2480//1 2310//1
f 2312//1 2481//1 2311//1
f 2313//1 2482//1 2312//1
f 2314//1 2483//1 2313//1
f 2315//1 2484//1 2314//1
f 2316//33 2485//33 2315//33
f 2317//17 2486//381 2316//17
f 2318//384 2487//383 2317//40
f 2319//35 2488//385 2318//384
f 2320//387 2489//386 2319//35
f 2321//40 2490//388 2320//387
f 2322//346 2491//382 2321//345
f 2323//348 2492//17 2322//347
f 2324//15 2493//15 2323//349
f 2325//1 2494//1 2324//1
f 2326//1 2495//1 2325//1
f 2327//1 2497//1 2326//1
f 2328//290 2498//389 2327//315
f 2329//56 2499//56 2328//290
f 2330//56 2500//56 2329//56
f 2331//390 2501//56 2330//56
f 2332//123 2502//124 2331//390
f 2333//1 2503//1 2332//1
f 2334//1 2504//1 2333//1
f 2335//1 2505//1 2334//1
f 2336//1 2506//1 2335//1
f 2337//1 2507//1 2336//1
f 2338//33 2508//33 2337//33
f 2339//1 2509//1 2338//1
f 2340//1 2510//1 2339//1
f 2341//1 2511//1 2340//1
f 2342//1 2512//1 2341//1
f 2343//1 2513//1 2342//1
f 2344//7 2514//194 2343//7
f 2345//1 2515//1 2344//1
f 2346//15 2516//15 2345//15
f 2347//15 2517//15 2346//15
f 2348//15 2518//15 2347//15
f 2349//15 2519//15 2348//15
f 2350//353 2520//225 2349//351
f 2351//81 2521//81 2350//81
f 2352//48 2522//48 2351//48
f 2353//1 2523//1 2352//1
f 2354//47 2524//47 2353//47
f 2355//1 2526//1 2354//1
f 2356//1 2527//1 2355//1
f 2357//1 2528//1 2356//1
f 2358//29 2529//29 2357//29
f 2359//1 2530//1 2358//1
f 2360//15 2531//15 2359//15
f 2361//3 2532//3 2360//3
f 2362//358 2533//392 2361//391
f 2363//359 2534//92 2362//358
f 2364//3 2535//3 2363//359
f 2365//3 2536//3 2364//3
f 2366//1 2537//1 2365//1
f 2367//363 2538//42 2366//361
f 2368//365 2539//49 2367//364
f 2369//15 2540//15 2368//15
f 2370//1 2541//1 2369//1
f 2371//3 2542//3 2370//3
f 2372//3 2543//3 2371//3
f 2373//2 2544//2 2372//2
f 2374//1 2545//1 2373//1
f 2375//30 2546//30 2374//30
f 2376//11 2547//11 2375//11
f 2377//11 2548//11 2376//11
f 2378//1 2549//1 2377//1
f 2379//1 2550//1 2378//1
f 2380//1 2551//1 2379//1
f 2381//6 2552//6 2380//6
f 2382//1 2553//1 2381//1
f 2383//3 2555//3 2382//3
f 2384//1 2556//1 2383//1
f 2385//1 2557//1 2384//1
f 2386//1 2558//1 2385//1
f 2387//3 2559//3 2386//3
f 2388//1 2560//1 2387//1
f 2389//1 2561//1 2388//1
f 2390//1 2562//1 2389//1
f 2391//3 2563//3 2390//3
f 2392//127 2564//125 2391//126
f 2393//255 2565//255 2392//255
f 2394//1 2566//1 2393//1
f 2395//1 2567//1 2394//1
f 2396//1 2568//1 2395//1
f 2397//1 2569//1 2396//1
f 2398//1 2570//1 2397//1
f 2399//1 2571//1 2398//1
f 2400//1 2572//1 2399//1
f 2401//1 2573//1 2400//1
f 2402//1 2574//1 2401//1
f 2403//1 2575//1 2402//1
f 2404//1 2576//1 2403//1
f 2405//1 2577//1 2404//1
f 2406//33 2578//33 2405//33
f 2407//1 2579//1 2406//1
f 2408//1 2580//1 2407//1
f 2409//1 2581//1 2408//1
f 2410//1 2582//1 2409//1
f 2411//1 2584//1 2410//1
f 2412//1 2585//1 2411//1
f 2413//1 2586//1 2412//1
f 2414//1 2587//1 2413//1
f 2415//1 2588//1 2414//1
f 2416//2 2589//2 2415//2
f 2417//1 2590//1 2416//1
f 2418//1 2591//1 2417//1
f 2419//1 2592//1 2418//1
f 2420//1 2593//1 2419//1
f 2421//1 2594//1 2420//1
f 2422//8 2595//8 2421//8
f 2423//397 2596//396 2422//395
f 2424//18 2597//398 2423//397
f 2425//371 2598//399 2424//18
f 2426//255 2599//338 2425//371
f 2427//255 2600//255 2426//255
f 2428//255 2601//255 2427//255
f 2429//41 2602//41 2428//41
f 2430//1 2603//1 2429//1
f 2431//1 2604//1 2430//1
f 2432//1 2605//1 2431//1
f 2433//1 2606//1 2432//1
f 2434//1 2607//1 2433//1
f 2435//1 2608//1 2434//1
f 2436//1 2609//1 2435//1
f 2437//1 2610//1 2436//1
f 2270//1 2611//1 2437//1
f 2439//1 2613//1 2438//1
f 2440//1 2614//1 2439//1
f 2441//1 2615//1 2440//1
f 2442//1 2616//1 2441//1
f 2443//1 2617//1 2442//1
f 2444//1 2618//1 2443//1
f 2445//1 2619//1 2444//1
f 2446//1 2620//1 2445//1
f 2447//1 2621//1 2446//1
f 2448//1 2622//1 2447//1
f 2449//1 2623//1 2448//1
f 2450//255 2624//255 2449//372
f 2451//41 2625//41 2450//41
f 2452//1 2626//1 2451//1
f 2453//1 2627//1 2452//1
f 2454//1 2628//1 2453//1
f 2455//1 2629//1 2454//1
f 2456//374 2630//400 2455//120
f 2457//1 2631//1 2456//1
f 2458//376 2632//378 2457//375
f 2459//41 2633//41 2458//376
f 2460//40 2634//40 2459//40
f 2461//379 2635//18 2460//377
f 2462//1 2636//1 2461//1
f 2463//1 2637//1 2462//1
f 2464//1 2638//1 2463//1
f 2465//1 2639//1 2464//1
f 2466//1 2640//1 2465//1
f 2467//1 2641//1 2466//1
f 2468//1 2643//1 2467//1
f 2469//1 2644//1 2468//1
f 2470//1 2645//1 2469//1
f 2471//1 2646//1 2470//1
f 2472//1 2647//1 2471//1
f 2473//1 2648//1 2472//1
f 2474//1 2649//1 2473//1
f 2475//21 2650//21 2474//21
f 2476//29 2651//29 2475//29
f 2477//380 2652//29 2476//29
f 2478//23 2653//24 2477//380
f 2479//1 2654//1 2478//1
f 2480//1 2655//1 2479//1
f 2481//1 2656//1 2480//1
f 2482//1 2657//1 2481//1
f 2483//1 2658//1 2482//1
f 2484//1 2659//1 2483//1
f 2485//1 2660//1 2484//1
f 2486//381 2661//35 2485//70
f 2487//345 2662//56 2486//346
f 2488//33 2663//33 2487//33
f 2489//386 2664//17 2488//385
f 2490//15 2665//15 2489//15
f 2491//1 2666//1 2490//1
f 2492//1 2667//1 2491//1
f 2493//1 2668//1 2492//1
f 2494//192 2669//401 2493//17
f 2495//29 2670//343 2494//192
f 2496//30 2671//30 2495//30
f 2497//29 2673//29 2496//29
f 2498//11 2674//11 2497//11
f 2499//1 2675//1 2498//1
f 2500//1 2676//1 2499//1
f 2501//1 2677//1 2500//1
f 2502//1 2678//1 2501//1
f 2503//81 2679//81 2502//81
f 2504//1 2680//1 2503//1
f 2505//1 2681//1 2504//1
f 2506//1 2682//1 2505//1
f 2507//1 2683//1 2506//1
f 2508//17 2684//17 2507//17
f 2509//15 2685//15 2508//15
f 2510//15 2686//15 2509//15
f 2511//15 2687//15 2510//15
f 2512//15 2688//402 2511//15
f 2513//15 2689//403 2512//15
f 2514//194 2690//404 2513//357
f 2515//15 2691//405 2514//15
f 2516//3 2692//3 2515//3
f 2517//1 2693//1 2516//1
f 2518//1 2694//1 2517//1
f 2519//1 2695//1 2518//1
f 2520//10 2696//10 2519//10
f 2521//1 2697//1 2520//1
f 2522//1 2698//1 2521//1
f 2523//81 2699//81 2522//81
f 2524//47 2700//47 2523//47
f 2525//1 2701//1 2524//1
f 2526//1 2703//1 2525//1
f 2527//1 2704//1 2526//1
f 2528//1 2705//1 2527//1
f 2529//30 2706//30 2528//30
f 2530//1 2707//1 2529//1
f 2531//1 2708//1 2530//1
f 2532//1 2709//1 2531//1
f 2533//392 2710//10 2532//247
f 2534//1 2711//1 2533//1
f 2535//1 2712//1 2534//1
f 2536//1 2713//1 2535//1
f 2537//15 2714//15 2536//15
f 2538//1 2715//1 2537//1
f 2539//1 2716//1 2538//1
f 2540//1 2717//1 2539//1
f 2541//15 2718//15 2540//15
f 2542//2 2719//2 2541//2
f 2543//1 2720//1 2542//1
f 2544//1 2721//1 2543//1
f 2545//1 2722//1 2544//1
f 2546//1 2723//1 2545//1
f 2547//1 2724//1 2546//1
f 2548//1 2725//1 2547//1
f 2549//394 2726//451 2548//393
f 2550//7 2727//7 2549//7
f 2551//7 2728//7 2550//7
f 2552//1 2729//1 2551//1
f 2553//8 2730//8 2552//8
f 2554//1 2731//1 2553//1
f 2555//1 2733//1 2554//1
f 2556//3 2734//3 2555//3
f 2557//1 2735//1 2556//1
f 2558//1 2736//1 2557//1
f 2559//1 2737//1 2558//1
f 2560//3 2738//3 2559//3
f 2561//1 2739//1 2560//1
f 2562//1 2740//1 2561//1
f 2563//1 2741//1 2562//1
f 2564//1 2742//1 2563//1
f 2565//3 2743//3 2564//3
f 2566//1 2744//1 2565//1
f 2567//1 2745//1 2566//1
f 2568//1 2746//1 2567//1
f 2569//1 2747//1 2568//1
f 2570//1 2748//1 2569//1
f 2571//1 2749//1 2570//1
f 2572//1 2750//1 2571//1
f 2573//1 2751//1 2572//1
f 2574//1 2752//1 2573//1
f 2575//1 2753//1 2574//1
f 2576//1 2754//1 2575//1
f 2577//1 2755//1 2576//1
f 2578//34 2756//10 2577//10
f 2579//31 2757//32 2578//34
f 2580//2 2758//2 2579//31
f 2581//2 2759//2 2580//2
f 2582//2 2760//2 2581//2
f 2583//2 2761//2 2582//2
f 2584//9 2763//9 2583//9
f 2585//1 2764//1 2584//1
f 2586//1 2765//1 2585//1
f 2587//1 2766//1 2586//1
f 2588//1 2767//1 2587//1
f 2589//1 2768//1 2588//1
f 2590//2 2769//2 2589//2
f 2591//9 2770//408 2590//9
f 2592//1 2771//1 2591//1
f 2593//1 2772//1 2592//1
f 2594//1 2773//1 2593//1
f 2595//1 2774//1 2594//1
f 2596//33 2775//256 2595//33
f 2597//398 2776//10 2596//396
f 2598//399 2777//410 2597//398
f 2599//338 2778//21 2598//399
f 2600//1 2779//1 2599//1
f 2601//1 2780//1 2600//1
f 2602//1 2781//1 2601//1
f 2603//1 2782//1 2602//1
f 2604//1 2783//1 2603//1
f 2605//1 2784//1 2604//1
f 2606//1 2785//1 2605//1
f 2607//1 2786//1 2606//1
f 2608//18 2787//18 2607//18
f 2609//18 2788//18 2608//18
f 2610//18 2789//18 2609//18
f 2611//18 2790//18 2610//18
f 2438//18 2791//18 2611//18
f 2613//18 2793//18 2612//18
f 2614//1 2794//1 2613//1
f 2615//1 2795//1 2614//1
f 2616//1 2796//1 2615//1
f 2617//1 2797//1 2616//1
f 2618//1 2798//1 2617//1
f 2619//1 2799//1 2618//1
f 2620//1 2800//1 2619//1
f 2621//1 2801//1 2620//1
f 2622//1 2802//1 2621//1
f 2623//1 2803//1 2622//1
f 2624//1 2804//1 2623//1
f 2625//1 2805//1 2624//1
f 2626//255 2806//255 2625//255
f 2627//41 2807//412 2626//41
f 2628//41 2808//41 2627//41
f 2629//41 2809//41 2628//41
f 2630//400 2810//413 2629//40
f 2631//21 2811//21 2630//21
f 2632//29 2812//29 2631//29
f 2633//1 2813//1 2632//1
f 2634//1 2814//1 2633//1
f 2635//1 2815//1 2634//1
f 2636//18 2816//18 2635//18
f 2637//21 2817//21 2636//21
f 2638//1 2818//1 2637//1
f 2639//1 2819//1 2638//1
f 2640//1 2820//1 2639//1
f 2641//1 2821//1 2640//1
f 2642//1 2822//1 2641//1
f 2643//29 2824//29 2642//29
f 2644//415 2825//414 2643//29
f 2645//17 2826//185 2644//415
f 2646//17 2827//17 2645//17
f 2647//17 2828//17 2646//17
f 2648//17 2829//17 2647//17
f 2649//1 2830//1 2648//1
f 2650//1 2831//1 2649//1
f 2651//1 2832//1 2650//1
f 2652//1 2833//1 2651//1
f 2653//1 2834//1 2652//1
f 2654//25 2835//25 2653//25
f 2655//35 2836//35 2654//35
f 2656//1 2837//1 2655//1
f 2657//1 2838//1 2656//1
f 2658//1 2839//1 2657//1
f 2659//1 2840//1 2658//1
f 2660//1 2841//1 2659//1
f 2661//56 2842//416 2660//56
f 2662//1 2843//1 2661//1
f 2663//1 2844//1 2662//1
f 2664//1 2845//1 2663//1
f 2665//1 2846//1 2664//1
f 2666//1 2847//1 2665//1
f 2667//17 2848//17 2666//17
f 2668//17 2849//17 2667//17
f 2669//401 2850//15 2668//15
f 2670//343 2851//15 2669//401
f 2671//1 2852//1 2670//1
f 2672//1 2853//1 2671//1
f 2673//1 2855//1 2672//1
f 2674//1 2856//1 2673//1
f 2675//1 2857//1 2674//1
f 2676//1 2858//1 2675//1
f 2677//1 2859//1 2676//1
f 2678//1 2860//1 2677//1
f 2679//1 2861//1 2678//1
f 2680//81 2862//81 2679//81
f 2681//1 2863//1 2680//1
f 2682//1 2864//1 2681//1
f 2683//1 2865//1 2682//1
f 2684//1 2866//1 2683//1
f 2685//1 2867//1 2684//1
f 2686//1 2868//1 2685//1
f 2687//1 2869//1 2686//1
f 2688//1 2870//1 2687//1
f 2689//403 2871//417 2688//402
f 2690//404 2872//418 2689//403
f 2691//405 2873//419 2690//404
f 2692//406 2874//30 2691//405
f 2693//1 2875//1 2692//1
f 2694//1 2876//1 2693//1
f 2695//1 2877//1 2694//1
f 2696//1 2878//1 2695//1
f 2697//11 2879//11 2696//11
f 2698//1 2880//1 2697//1
f 2699//1 2881//1 2698//1
f 2700//1 2882//1 2699//1
f 2701//1 2883//1 2700//1
f 2702//1 2884//1 2701//1
f 2703//1 2886//1 2702//1
f 2704//1 2887//1 2703//1
f 2705//1 2888//1 2704//1
f 2706//1 2889//1 2705//1
f 2707//30 2890//30 2706//30
f 2708//1 2891//1 2707//1
f 2709//1 2892//1 2708//1
f 2710//10 2893//10 2709//10
f 2711//1 2894//1 2710//1
f 2712//1 2895//1 2711//1
f 2713//1 2896//1 2712//1
f 2714//1 2897//1 2713//1
f 2715//15 2898//15 2714//15
f 2716//1 2899//1 2715//1
f 2717//1 2900//1 2716//1
f 2718//1 2901//1 2717//1
f 2719//1 2902//1 2718//1
f 2720//1 2903//1 2719//1
f 2721//1 2904//1 2720//1
f 2722//1 2905//1 2721//1
f 2723//1 2906//1 2722//1
f 2724//1 2907//1 2723//1
f 2725//1 2908//1 2724//1
f 2726//2 2909//2 2725//2
f 2727//1 2910//1 2726//1
f 2728//1 2911//1 2727//1
f 2729//56 2912//56 2728//56
f 2730//8 2913//8 2729//8
f 2731//1 2914//1 2730//1
f 2732//1 2915//1 2731//1
f 2733//1 2917//1 2732//1
f 2734//1 2918//1 2733//1
f 2735//15 2919//15 2734//15
f 2736//1 2920//1 2735//1
f 2737//1 2921//1 2736//1
f 2738//1 2922//1 2737//1
f 2739//3 2923//420 2738//3
f 2740//1 2924//1 2739//1
f 2741//1 2925//1 2740//1
f 2742//1 2926//1 2741//1
f 2743//1 2927//1 2742//1
f 2744//3 2928//3 2743//3
f 2745//1 2929//1 2744//1
f 2746//1 2930//1 2745//1
f 2747//1 2931//1 2746//1
f 2748//1 2932//1 2747//1
f 2749//1 2933//1 2748//1
f 2750//1 2934//1 2749//1
f 2751//1 2935//1 2750//1
f 2752//1 2936//1 2751//1
f 2753//1 2937//1 2752//1
f 2754//1 2938//1 2753//1
f 2755//10 2939//10 2754//10
f 2756//18 2940//18 2755//18
f 2757//1 2941//1 2756//1
f 2758//1 2942//1 2757//1
f 2759//1 2943//1 2758//1
f 2760//1 2944//1 2759//1
f 2761//1 2945//1 2760//1
f 2762//1 2946//1 2761//1
f 2763//1 2948//1 2762//1
f 2764//2 2949//2 2763//2
f 2765//1 2950//1 2764//1
f 2766//1 2951//1 2765//1
f 2767//1 2952//1 2766//1
f 2768//1 2953//1 2767//1
f 2769//1 2954//1 2768//1
f 2770//408 2955//18 2769//407
f 2771//5 2956//14 2770//408
f 2772//6 2957//6 2771//5
f 2773//6 2958//6 2772//6
f 2774//1 2959//1 2773//1
f 2775//256 2960//421 2774//267
f 2776//409 2961//9 2775//256
f 2777//410 2962//9 2776//409
f 2778//1 2963//1 2777//1
f 2779//1 2964//1 2778//1
f 2780//1 2965//1 2779//1
f 2781//1 2966//1 2780//1
f 2782//1 2967//1 2781//1
f 2783//1 2968//1 2782//1
f 2784//1 2969//1 2783//1
f 2785//1 2970//1 2784//1
f 2786//1 2971//1 2785//1
f 2787//21 2972//21 2786//21
f 2788//1 2973//1 2787//1
f 2789//1 2974//1 2788//1
f 2790//1 2975//1 2789//1
f 2791//1 2976//1 2790//1
f 2612//1 2977//1 2791//1
f 2793//1 2979//1 2792//1
f 2794//18 2980//18 2793//18
f 2795//1 2981//1 2794//1
f 2796//1 2982//1 2795//1
f 2797//1 2983//1 2796//1
f 2798//1 2984//1 2797//1
f 2799//1 2985//1 2798//1
f 2800//1 2986//1 2799//1
f 2801//1 2987//1 2800//1
f 2802//1 2988//1 2801//1
f 2803//1 2989//1 2802//1
f 2804//21 2990//21 2803//21
f 2805//21 2991//21 2804//21
f 2806//411 2992//21 2805//21
f 2807//412 2993//21 2806//411
f 2808//1 2994//1 2807//1
f 2809//1 2995//1 2808//1
f 2810//1 2996//1 2809//1
f 2811//29 2997//29 2810//413
f 2812//1 2998//1 2811//1
f 2813//1 2999//1 2812//1
f 2814//1 3000//1 2813//1
f 2815//1 3001//1 2814//1
f 2816//1 3002//1 2815//1
f 2817//1 3003//1 2816//1
f 2818//18 3004//18 2817//18
f 2819//21 3005//21 2818//21
f 2820//1 3006//1 2819//1
f 2821//1 3007//1 2820//1
f 2822//1 3008//1 2821//1
f 2823//30 3009//30 2822//30
f 2824//1 3011//1 2823//1
f 2825//1 3012//1 2824//1
f 2826//185 3013//33 2825//414
f 2827//1 3014//1 2826//1
f 2828//1 3015//1 2827//1
f 2829//1 3016//1 2828//1
f 2830//33 3017//33 2829//33
f 2831//17 3018//17 2830//17
f 2832//17 3019//17 2831//17
f 2833//17 3020//17 2832//17
f 2834//1 3021//1 2833//1
f 2835//1 3022//1 2834//1
f 2836//1 3023//1 2835//1
f 2837//25 3024//25 2836//25
f 2838//35 3025//35 2837//35
f 2839//35 3026//35 2838//35
f 2840//1 3027//1 2839//1
f 2841//1 3028//1 2840//1
f 2842//416 3029//422 2841//56
f 2843//17 3030//17 2842//17
f 2844//17 3031//17 2843//17
f 2845//17 3032//17 2844//17
f 2846//17 3033//17 2845//17
f 2847//17 3034//17 2846//17
f 2848//15 3035//15 2847//15
f 2849//1 3036//1 2848//1
f 2850//1 3037//1 2849//1
f 2851//3 3038//3 2850//3
f 2852//1 3039//1 2851//1
f 2853//1 3040//1 2852//1
f 2854//1 3041//1 2853//1
f 2855//1 3043//1 2854//1
f 2856//1 3044//1 2855//1
f 2857//1 3045//1 2856//1
f 2858//1 3046//1 2857//1
f 2859//1 3047//1 2858//1
f 2860//1 3048//1 2859//1
f 2861//1 3049//1 2860//1
f 2862//1 3050//1 2861//1
f 2863//81 3051//81 2862//81
f 2864//48 3052//48 2863//48
f 2865//48 3053//48 2864//48
f 2866//1 3054//1 2865//1
f 2867//1 3055//1 2866//1
f 2868//1 3056//1 2867//1
f 2869//30 3057//30 2868//30
f 2870//30 3058//425 2869//30
f 2871//417 3059//427 2870//11
f 2872//418 3060//357 2871//417
f 2873//3 3061//3 2872//3
f 2874//1 3062//1 2873//1
f 2875//29 3063//29 2874//29
f 2876//30 3064//30 2875//30
f 2877//1 3065//1 2876//1
f 2878//1 3066//1 2877//1
f 2879//11 3067//11 2878//11
f 2880//1 3068//1 2879//1
f 2881//1 3069//1 2880//1
f 2882//1 3070//1 2881//1
f 2883//1 3071//1 2882//1
f 2884//1 3072//1 2883//1
f 2885//1 3073//1 2884//1
f 2886//1 3075//1 2885//1
f 2887//1 3076//1 2886//1
f 2888//1 3077//1 2887//1
f 2889//1 3078//1 2888//1
f 2890//1 3079//1 2889//1
f 2891//29 3080//29 2890//29
f 2892//11 3081//11 2891//11
f 2893//10 3082//10 2892//10
f 2894//1 3083//1 2893//1
f 2895//1 3084//1 2894//1
f 2896//1 3085//1 2895//1
f 2897//1 3086//1 2896//1
f 2898//1 3087//1 2897//1
f 2899//15 3088//15 2898//15
f 2900//3 3089//3 2899//3
f 2901//1 3090//1 2900//1
f 2902//1 3091//1 2901//1
f 2903//1 3092//1 2902//1
f 2904//1 3093//1 2903//1
f 2905//1 3094//1 2904//1
f 2906//1 3095//1 2905//1
f 2907//1 3096//1 2906//1
f 2908//1 3097//1 2907//1
f 2909//2 3098//2 2908//2
f 2910//1 3099//1 2909//1
f 2911//1 3100//1 2910//1
f 2912//1 3101//1 2911//1
f 2913//1 3102//1 2912//1
f 2914//1 3103//1 2913//1
f 2915//1 3104//1 2914//1
f 2916//1 3105//1 2915//1
f 2917//1 3107//1 2916//1
f 2918//1 3108//1 2917//1
f 2919//3 3109//3 2918//3
f 2920//1 3110//1 2919//1
f 2921//1 3111//1 2920//1
f 2922//1 3112//1 2921//1
f 2923//1 3113//1 2922//1
f 2924//80 3114//428 2923//420
f 2925//10 3115//10 2924//80
f 2926//1 3116//1 2925//1
f 2927//1 3117//1 2926//1
f 2928//1 3118//1 2927//1
f 2929//3 3119//3 2928//3
f 2930//1 3120//1 2929//1
f 2931//1 3121//1 2930//1
f 2932//1 3122//1 2931//1
f 2933//1 3123//1 2932//1
f 2934//1 3124//1 2933//1
f 2935//1 3125//1 2934//1
f 2936//1 3126//1 2935//1
f 2937//1 3127//1 2936//1
f 2938//8 3128//8 2937//8
f 2939//13 3129//219 2938//196
f 2940//1 3130//1 2939//1
f 2941//1 3131//1 2940//1
f 2942//1 3132//1 2941//1
f 2943//1 3133//1 2942//1
f 2944//1 3134//1 2943//1
f 2945//1 3135//1 2944//1
f 2946//1 3136//1 2945//1
f 2947//1 3137//1 2946//1
f 2948//1 3139//1 2947//1
f 2949//1 3140//1 2948//1
f 2950//2 3141//429 2949//2
f 2951//1 3142//1 2950//1
f 2952//18 3143//18 2951//18
f 2953//18 3144//18 2952//18
f 2954//18 3145//18 2953//18
f 2955//21 3146//21 2954//21
f 2956//1 3147//1 2955//1
f 2957//1 3148//1 2956//1
f 2958//1 3149//1 2957//1
f 2959//8 3150//8 2958//8
f 2960//421 3151//202 2959//234
f 2961//9 3152//9 2960//421
f 2962//1 3153//1 2961//1
f 2963//2 3154//2 2962//2
f 2964//1 3155//1 2963//1
f 2965//1 3156//1 2964//1
f 2966//1 3157//1 2965//1
f 2967//1 3158//1 2966//1
f 2968//1 3159//1 2967//1
f 2969//1 3160//1 2968//1
f 2970//1 3161//1 2969//1
f 2971//1 3162//1 2970//1
f 2972//21 3163//21 2971//21
f 2973//1 3164//1 2972//1
f 2974//1 3165//1 2973//1
f 2975//1 3166//1 2974//1
f 2976//1 3167//1 2975//1
f 2977//1 3168//1 2976//1
f 2792//1 3169//1 2977//1
f 2979//1 3171//1 2978//1
f 2980//1 3172//1 2979//1
f 2981//18 3173//18 2980//18
f 2982//1 3174//1 2981//1
f 2983//1 3175//1 2982//1
f 2984//1 3176//1 2983//1
f 2985//1 3177//1 2984//1
f 2986//1 3178//1 2985//1
f 2987//1 3179//1 2986//1
f 2988//1 3180//1 2987//1
f 2989//21 3181//21 2988//21
f 2990//29 3182//29 2989//29
f 2991//1 3183//1 2990//1
f 2992//1 3184//1 2991//1
f 2993//1 3185//1 2992//1
f 2994//18 3186//18 2993//18
f 2995//21 3187//21 2994//21
f 2996//21 3188//21 2995//21
f 2997//29 3189//29 2996//29
f 2998//1 3190//1 2997//1
f 2999//1 3191//1 2998//1
f 3000//1 3192//1 2999//1
f 3001//1 3193//1 3000//1
f 3002//1 3194//1 3001//1
f 3003//1 3195//1 3002//1
f 3004//1 3196//1 3003//1
f 3005//1 3197//1 3004//1
f 3006//18 3198//18 3005//18
f 3007//1 3199//1 3006//1
f 3008//1 3200//1 3007//1
f 3009//1 3201//1 3008//1
f 3010//29 3202//29 3009//29
f 3011//1 3204//1 3010//1
f 3012//1 3205//1 3011//1
f 3013//1 3206//1 3012//1
f 3014//33 3207//33 3013//33
f 3015//1 3208//1 3014//1
f 3016//1 3209//1 3015//1
f 3017//1 3210//1 3016//1
f 3018//1 3211//1 3017//1
f 3019//1 3212//1 3018//1
f 3020//1 3213//1 3019//1
f 3021//33 3214//33 3020//33
f 3022//17 3215//17 3021//17
f 3023//1 3216//1 3022//1
f 3024//1 3217//1 3023//1
f 3025//1 3218//1 3024//1
f 3026//1 3219//1 3025//1
f 3027//25 3220//25 3026//25
f 3028//431 3221//386 3027//35
f 3029//422 3222//382 3028//345
f 3030//15 3223//15 3029//422
f 3031//1 3224//1 3030//1
f 3032//1 3225//1 3031//1
f 3033//1 3226//1 3032//1
f 3034//1 3227//1 3033//1
f 3035//1 3228//1 3034//1
f 3036//1 3229//1 3035//1
f 3037//1 3230//1 3036//1
f 3038//17 3231//17 3037//17
f 3039//15 3232//15 3038//15
f 3040//1 3233//1 3039//1
f 3041//1 3234//1 3040//1
f 3042//1 3235//1 3041//1
f 3043//1 3237//1 3042//1
f 3044//1 3238//1 3043//1
f 3045//1 3239//1 3044//1
f 3046//1 3240//1 3045//1
f 3047//1 3241//1 3046//1
f 3048//1 3242//1 3047//1
f 3049//1 3243//1 3048//1
f 3050//1 3244//1 3049//1
f 3051//1 3245//1 3050//1
f 3052//1 3246//1 3051//1
f 3053//1 3247//1 3052//1
f 3054//81 3248//81 3053//81
f 3055//433 3249//159 3054//48
f 3056//423 3250//434 3055//433
f 3057//424 3251//435 3056//423
f 3058//1 3252//1 3057//1
f 3059//426 3253//56 3058//425
f 3060//357 3254//7 3059//427
f 3061//1 3255//1 3060//1
f 3062//1 3256//1 3061//1
f 3063//1 3257//1 3062//1
f 3064//1 3258//1 3063//1
f 3065//29 3259//29 3064//29
f 3066//30 3260//30 3065//30
f 3067//11 3261//11 3066//11
f 3068//1 3262//1 3067//1
f 3069//1 3263//1 3068//1
f 3070//1 3264//1 3069//1
f 3071//1 3265//1 3070//1
f 3072//1 3266//1 3071//1
f 3073//1 3267//1 3072//1
f 3074//1 3268//1 3073//1
f 3075//1 3270//1 3074//1
f 3076//1 3271//1 3075//1
f 3077//1 3272//1 3076//1
f 3078//1 3273//1 3077//1
f 3079//1 3274//1 3078//1
f 3080//30 3275//30 3079//30
f 3081//10 3276//10 3080//10
f 3082//1 3277//1 3081//1
f 3083//1 3278//1 3082//1
f 3084//1 3279//1 3083//1
f 3085//1 3280//1 3084//1
f 3086//1 3281//1 3085//1
f 3087//1 3282//1 3086//1
f 3088//1 3283//1 3087//1
f 3089//1 3284//1 3088//1
f 3090//15 3285//15 3089//15
f 3091//1 3286//1 3090//1
f 3092//1 3287//1 3091//1
f 3093//1 3288//1 3092//1
f 3094//1 3289//1 3093//1
f 3095//1 3290//1 3094//1
f 3096//1 3291//1 3095//1
f 3097//1 3292//1 3096//1
f 3098//2 3293//2 3097//2
f 3099//1 3294//1 3098//1
f 3100//1 3295//1 3099//1
f 3101//1 3296//1 3100//1
f 3102//1 3297//1 3101//1
f 3103//1 3298//1 3102//1
f 3104//1 3299//1 3103//1
f 3105//1 3300//1 3104//1
f 3106//1 3301//1 3105//1
f 3107//1 3303//1 3106//1
f 3108//1 3304//1 3107//1
f 3109//1 3305//1 3108//1
f 3110//15 3306//15 3109//15
f 3111//1 3307//1 3110//1
f 3112//1 3308//1 3111//1
f 3113//2 3309//2 3112//2
f 3114//9 3310//9 3113//9
f 3115//1 3311//1 3114//1
f 3116//11 3312//11 3115//11
f 3117//1 3313//1 3116//1
f 3118//1 3314//1 3117//1
f 3119//1 3315//1 3118//1
f 3120//3 3316//3 3119//3
f 3121//1 3317//1 3120//1
f 3122//1 3318//1 3121//1
f 3123//1 3319//1 3122//1
f 3124//1 3320//1 3123//1
f 3125//1 3321//1 3124//1
f 3126//8 3322//8 3125//8
f 3127//8 3323//8 3126//8
f 3128//6 3324//6 3127//6
f 3129//1 3325//1 3128//1
f 3130//3 3326//3 3129//3
f 3131//2 3327//2 3130//2
f 3132//2 3328//2 3131//2
f 3133//1 3329//1 3132//1
f 3134//1 3330//1 3133//1
f 3135//1 3331//1 3134//1
f 3136//2 3332//2 3135//2
f 3137//2 3333//2 3136//2
f 3138//9 3334//9 3137//9
f 3139//2 3336//2 3138//2
f 3140//9 3337//9 3139//9
f 3141//429 3338//9 3140//9
f 3142//430 3339//54 3141//429
f 3143//21 3340//21 3142//21
f 3144//1 3341//1 3143//1
f 3145//1 3342//1 3144//1
f 3146//1 3343//1 3145//1
f 3147//1 3344//1 3146//1
f 3148//1 3345//1 3147//1
f 3149//1 3346//1 3148//1
f 3150//1 3347//1 3149//1
f 3151//1 3348//1 3150//1
f 3152//1 3349//1 3151//1
f 3153//2 3350//2 3152//2
f 3154//9 3351//9 3153//9
f 3155//2 3352//2 3154//2
f 3156//9 3353//9 3155//9
f 3157//1 3354//1 3156//1
f 3158//1 3355//1 3157//1
f 3159//1 3356//1 3158//1
f 3160//1 3357//1 3159//1
f 3161//1 3358//1 3160//1
f 3162//1 3359//1 3161//1
f 3163//21 3360//21 3162//21
f 3164//1 3361//1 3163//1
f 3165//1 3362//1 3164//1
f 3166//1 3363//1 3165//1
f 3167//1 3364//1 3166//1
f 3168//1 3365//1 3167//1
f 3169//1 3366//1 3168//1
f 2978//1 3367//1 3169//1
f 3171//1 3369//1 3170//1
f 3172//1 3370//1 3171//1
f 3173//1 3371//1 3172//1
f 3174//18 3372//18 3173//18
f 3175//1 3373//1 3174//1
f 3176//1 3374//1 3175//1
f 3177//1 3375//1 3176//1
f 3178//1 3376//1 3177//1
f 3179//1 3377//1 3178//1
f 3180//1 3378//1 3179//1
f 3181//29 3379//29 3180//29
f 3182//1 3380//1 3181//1
f 3183//1 3381//1 3182//1
f 3184//1 3382//1 3183//1
f 3185//1 3383//1 3184//1
f 3186//1 3384//1 3185//1
f 3187//1 3385//1 3186//1
f 3188//1 3386//1 3187//1
f 3189//1 3387//1 3188//1
f 3190//1 3388//1 3189//1
f 3191//1 3389//1 3190//1
f 3192//1 3390//1 3191//1
f 3193//1 3391//1 3192//1
f 3194//1 3392//1 3193//1
f 3195//1 3393//1 3194//1
f 3196//1 3394//1 3195//1
f 3197//1 3395//1 3196//1
f 3198//1 3396//1 3197//1
f 3199//18 3397//18 3198//18
f 3200//21 3398//21 3199//21
f 3201//1 3399//1 3200//1
f 3202//29 3400//29 3201//29
f 3203//1 3401//1 3202//1
f 3204//1 3403//1 3203//1
f 3205//1 3404//1 3204//1
f 3206//1 3405//1 3205//1
f 3207//1 3406//1 3206//1
f 3208//33 3407//33 3207//33
f 3209//17 3408//17 3208//17
f 3210//17 3409//17 3209//17
f 3211//17 3410//17 3210//17
f 3212//1 3411//1 3211//1
f 3213//1 3412//1 3212//1
f 3214//1 3413//1 3213//1
f 3215//1 3414//1 3214//1
f 3216//33 3415//33 3215//33
f 3217//17 3416//17 3216//17
f 3218//17 3417//17 3217//17
f 3219//1 3418//1 3218//1
f 3220//59 3419//17 3219//17
f 3221//386 3420//17 3220//59
f 3222//15 3421//15 3221//15
f 3223//1 3422//1 3222//1
f 3224//1 3423//1 3223//1
f 3225//1 3424//1 3224//1
f 3226//1 3425//1 3225//1
f 3227//1 3426//1 3226//1
f 3228//1 3427//1 3227//1
f 3229//17 3428//17 3228//17
f 3230//17 3429//17 3229//17
f 3231//15 3430//15 3230//15
f 3232//1 3431//1 3231//1
f 3233//1 3432//1 3232//1
f 3234//1 3433//1 3233//1
f 3235//1 3434//1 3234//1
f 3236//1 3435//1 3235//1
f 3237//1 3437//1 3236//1
f 3238//1 3438//1 3237//1
f 3239//1 3439//1 3238//1
f 3240//1 3440//1 3239//1
f 3241//1 3441//1 3240//1
f 3242//1 3442//1 3241//1
f 3243//1 3443//1 3242//1
f 3244//1 3444//1 3243//1
f 3245//1 3445//1 3244//1
f 3246//1 3446//1 3245//1
f 3247//1 3447//1 3246//1
f 3248//1 3448//1 3247//1
f 3249//1 3449//1 3248//1
f 3250//29 3450//29 3249//29
f 3251//435 3451//27 3250//434
f 3252//261 3452//133 3251//117
f 3253//7 3453//7 3252//7
f 3254//1 3454//1 3253//1
f 3255//1 3455//1 3254//1
f 3256//1 3456//1 3255//1
f 3257//1 3457//1 3256//1
f 3258//1 3458//1 3257//1
f 3259//1 3459//1 3258//1
f 3260//1 3460//1 3259//1
f 3261//1 3461//1 3260//1
f 3262//1 3462//1 3261//1
f 3263//1 3463//1 3262//1
f 3264//1 3464//1 3263//1
f 3265//1 3465//1 3264//1
f 3266//1 3466//1 3265//1
f 3267//1 3467//1 3266//1
f 3268//1 3468//1 3267//1
f 3269//1 3469//1 3268//1
f 3270//1 3471//1 3269//1
f 3271//1 3472//1 3270//1
f 3272//1 3473//1 3271//1
f 3273//1 3474//1 3272//1
f 3274//1 3475//1 3273//1
f 3275//1 3476//1 3274//1
f 3276//1 3477//1 3275//1
f 3277//1 3478//1 3276//1
f 3278//1 3479//1 3277//1
f 3279//1 3480//1 3278//1
f 3280//1 3481//1 3279//1
f 3281//1 3482//1 3280//1
f 3282//1 3483//1 3281//1
f 3283//1 3484//1 3282//1
f 3284//1 3485//1 3283//1
f 3285//1 3486//1 3284//1
f 3286//15 3487//15 3285//15
f 3287//1 3488//1 3286//1
f 3288//1 3489//1 3287//1
f 3289//1 3490//1 3288//1
f 3290//1 3491//1 3289//1
f 3291//1 3492//1 3290//1
f 3292//3 3493//3 3291//3
f 3293//2 3494//2 3292//2
f 3294//1 3495//1 3293//1
f 3295//1 3496//1 3294//1
f 3296//1 3497//1 3295//1
f 3297//1 3498//1 3296//1
f 3298//1 3499//1 3297//1
f 3299//1 3500//1 3298//1
f 3300//1 3501//1 3299//1
f 3301//1 3502//1 3300//1
f 3302//1 3503//1 3301//1
f 3303//1 3505//1 3302//1
f 3304//1 3506//1 3303//1
f 3305//1 3507//1 3304//1
f 3306//3 3508//3 3305//3
f 3307//1 3509//1 3306//1
f 3308//2 3510//2 3307//2
f 3309//9 3511//9 3308//9
f 3310//1 3512//1 3309//1
f 3311//1 3513//1 3310//1
f 3312//1 3514//1 3311//1
f 3313//11 3515//11 3312//11
f 3314//1 3516//1 3313//1
f 3315//1 3517//1 3314//1
f 3316//1 3518//1 3315//1
f 3317//3 3519//3 3316//3
f 3318//1 3520//1 3317//1
f 3319//1 3521//1 3318//1
f 3320//2 3522//437 3319//2
f 3321//2 3523//438 3320//2
f 3322//6 3524//14 3321//5
f 3323//1 3525//1 3322//1
f 3324//1 3526//1 3323//1
f 3325//1 3527//1 3324//1
f 3326//1 3528//1 3325//1
f 3327//1 3529//1 3326//1
f 3328//1 3530//1 3327//1
f 3329//3 3531//3 3328//3
f 3330//2 3532//2 3329//2
f 3331//2 3533//2 3330//2
f 3332//9 3534//9 3331//9
f 3333//1 3535//1 3332//1
f 3334//1 3536//1 3333//1
f 3335//1 3537//1 3334//1
f 3336//1 3539//1 3335//1
f 3337//1 3540//1 3336//1
f 3338//1 3541//1 3337//1
f 3339//1 3542//1 3338//1
f 3340//1 3543//1 3339//1
f 3341//1 3544//1 3340//1
f 3342//1 3545//1 3341//1
f 3343//1 3546//1 3342//1
f 3344//1 3547//1 3343//1
f 3345//1 3548//1 3344//1
f 3346//1 3549//1 3345//1
f 3347//1 3550//1 3346//1
f 3348//1 3551//1 3347//1
f 3349//1 3552//1 3348//1
f 3350//1 3553//1 3349//1
f 3351//1 3554//1 3350//1
f 3352//2 3555//2 3351//2
f 3353//1 3556//1 3352//1
f 3354//2 3557//2 3353//2
f 3355//1 3558//1 3354//1
f 3356//1 3559//1 3355//1
f 3357//1 3560//1 3356//1
f 3358//1 3561//1 3357//1
f 3359//1 3562//1 3358//1
f 3360//21 3563//21 3359//21
f 3361//1 3564//1 3360//1
f 3362//1 3565//1 3361//1
f 3363//1 3566//1 3362//1
f 3364//1 3567//1 3363//1
f 3365//1 3568//1 3364//1
f 3366//1 3569//1 3365//1
f 3367//1 3570//1 3366//1
f 3170//1 3571//1 3367//1
f 3369//1 3573//1 3368//1
f 3370//1 3574//1 3369//1
f 3371//1 3575//1 3370//1
f 3372//1 3576//1 3371//1
f 3373//18 3577//18 3372//18
f 3374//1 3578//1 3373//1
f 3375//1 3579//1 3374//1
f 3376//1 3580//1 3375//1
f 3377//1 3581//1 3376//1
f 3378//21 3582//21 3377//21
f 3379//29 3583//29 3378//29
f 3380//1 3584//1 3379//1
f 3381//1 3585//1 3380//1
f 3382//1 3586//1 3381//1
f 3383//1 3587//1 3382//1
f 3384//1 3588//1 3383//1
f 3385//1 3589//1 3384//1
f 3386//1 3590//1 3385//1
f 3387//1 3591//1 3386//1
f 3388//1 3592//1 3387//1
f 3389//1 3593//1 3388//1
f 3390//1 3594//1 3389//1
f 3391//1 3595//1 3390//1
f 3392//1 3596//1 3391//1
f 3393//1 3597//1 3392//1
f 3394//1 3598//1 3393//1
f 3395//1 3599//1 3394//1
f 3396//1 3600//1 3395//1
f 3397//1 3601//1 3396//1
f 3398//1 3602//1 3397//1
f 3399//18 3603//18 3398//18
f 3400//29 3604//29 3399//29
f 3401//1 3605//1 3400//1
f 3402//1 3606//1 3401//1
f 3403//1 3608//1 3402//1
f 3404//1 3609//1 3403//1
f 3405//1 3610//1 3404//1
f 3406//1 3611//1 3405//1
f 3407//1 3612//1 3406//1
f 3408//1 3613//1 3407//1
f 3409//1 3614//1 3408//1
f 3410//1 3615//1 3409//1
f 3411//33 3616//33 3410//33
f 3412//17 3617//17 3411//17
f 3413//17 3618//17 3412//17
f 3414//17 3619//17 3413//17
f 3415//17 3620//17 3414//17
f 3416//1 3621//1 3415//1
f 3417//1 3622//1 3416//1
f 3418//33 3623//33 3417//33
f 3419//15 3624//15 3418//15
f 3420//1 3625//1 3419//1
f 3421//1 3626//1 3420//1
f 3422//1 3627//1 3421//1
f 3423//1 3628//1 3422//1
f 3424//1 3629//1 3423//1
f 3425//1 3630//1 3424//1
f 3426//17 3631//17 3425//17
f 3427//17 3632//17 3426//17
f 3428//15 3633//15 3427//15
f 3429//1 3634//1 3428//1
f 3430//1 3635//1 3429//1
f 3431//1 3636//1 3430//1
f 3432//1 3637//1 3431//1
f 3433//1 3638//1 3432//1
f 3434//1 3639//1 3433//1
f 3435//1 3640//1 3434//1
f 3436//1 3641//1 3435//1
f 3437//1 3643//1 3436//1
f 3438//1 3644//1 3437//1
f 3439//1 3645//1 3438//1
f 3440//1 3646//1 3439//1
f 3441//1 3647//1 3440//1
f 3442//1 3648//1 3441//1
f 3443//1 3649//1 3442//1
f 3444//1 3650//1 3443//1
f 3445//1 3651//1 3444//1
f 3446//1 3652//1 3445//1
f 3447//1 3653//1 3446//1
f 3448//1 3654//1 3447//1
f 3449//1 3655//1 3448//1
f 3450//1 3656//1 3449//1
f 3451//1 3657//1 3450//1
f 3452//1 3658//1 3451//1
f 3453//1 3659//1 3452//1
f 3454//1 3660//1 3453//1
f 3455//1 3661//1 3454//1
f 3456//1 3662//1 3455//1
f 3457//1 3663//1 3456//1
f 3458//1 3664//1 3457//1
f 3459//1 3665//1 3458//1
f 3460//1 3666//1 3459//1
f 3461//1 3667//1 3460//1
f 3462//1 3668//1 3461//1
f 3463//1 3669//1 3462//1
f 3464//1 3670//1 3463//1
f 3465//1 3671//1 3464//1
f 3466//1 3672//1 3465//1
f 3467//1 3673//1 3466//1
f 3468//1 3674//1 3467//1
f 3469//1 3675//1 3468//1
f 3470//1 3676//1 3469//1
f 3471//1 3678//1 3470//1
f 3472//1 3679//1 3471//1
f 3473//1 3680//1 3472//1
f 3474//1 3681//1 3473//1
f 3475//1 3682//1 3474//1
f 3476//1 3683//1 3475//1
f 3477//1 3684//1 3476//1
f 3478//1 3685//1 3477//1
f 3479//1 3686//1 3478//1
f 3480//1 3687//1 3479//1
f 3481//1 3688//1 3480//1
f 3482//1 3689//1 3481//1
f 3483//1 3690//1 3482//1
f 3484//1 3691//1 3483//1
f 3485//1 3692//1 3484//1
f 3486//1 3693//1 3485//1
f 3487//1 3694//1 3486//1
f 3488//15 3695//15 3487//15
f 3489//1 3696//1 3488//1
f 3490//1 3697//1 3489//1
f 3491//1 3698//1 3490//1
f 3492//1 3699//1 3491//1
f 3493//2 3700//2 3492//2
f 3494//1 3701//1 3493//1
f 3495//1 3702//1 3494//1
f 3496//1 3703//1 3495//1
f 3497//1 3704//1 3496//1
f 3498//1 3705//1 3497//1
f 3499//1 3706//1 3498//1
f 3500//1 3707//1 3499//1
f 3501//1 3708//1 3500//1
f 3502//1 3709//1 3501//1
f 3503//1 3710//1 3502//1
f 3504//1 3711//1 3503//1
f 3505//1 3713//1 3504//1
f 3506//1 3714//1 3505//1
f 3507//1 3715//1 3506//1
f 3508//1 3716//1 3507//1
f 3509//3 3717//3 3508//3
f 3510//9 3718//9 3509//9
f 3511//1 3719//1 3510//1
f 3512//1 3720//1 3511//1
f 3513//1 3721//1 3512//1
f 3514//1 3722//1 3513//1
f 3515//1 3723//1 3514//1
f 3516//11 3724//11 3515//11
f 3517//10 3725//10 3516//10
f 3518//10 3726//10 3517//10
f 3519//247 3727//10 3518//10
f 3520//178 3728//439 3519//247
f 3521//8 3729//8 3520//178
f 3522//436 3730//443 3521//9
f 3523//438 3731//10 3522//437
f 3524//14 3732//18 3523//13
f 3525//1 3733//1 3524//1
f 3526//1 3734//1 3525//1
f 3527//1 3735//1 3526//1
f 3528//1 3736//1 3527//1
f 3529//1 3737//1 3528//1
f 3530//1 3738//1 3529//1
f 3531//1 3739//1 3530//1
f 3532//1 3740//1 3531//1
f 3533//1 3741//1 3532//1
f 3534//1 3742//1 3533//1
f 3535//1 3743//1 3534//1
f 3536//1 3744//1 3535//1
f 3537//1 3745//1 3536//1
f 3538//1 3746//1 3537//1
f 3539//1 3748//1 3538//1
f 3540//1 3749//1 3539//1
f 3541//1 3750//1 3540//1
f 3542//1 3751//1 3541//1
f 3543//1 3752//1 3542//1
f 3544//1 3753//1 3543//1
f 3545//1 3754//1 3544//1
f 3546//1 3755//1 3545//1
f 3547//1 3756//1 3546//1
f 3548//1 3757//1 3547//1
f 3549//1 3758//1 3548//1
f 3550//1 3759//1 3549//1
f 3551//1 3760//1 3550//1
f 3552//1 3761//1 3551//1
f 3553//1 3762//1 3552//1
f 3554//1 3763//1 3553//1
f 3555//1 3764//1 3554//1
f 3556//2 3765//2 3555//2
f 3557//9 3766//9 3556//9
f 3558//2 3767//2 3557//2
f 3559//9 3768//9 3558//9
f 3560//1 3769//1 3559//1
f 3561//1 3770//1 3560//1
f 3562//1 3771//1 3561//1
f 3563//21 3772//21 3562//21
f 3564//1 3773//1 3563//1
f 3565//1 3774//1 3564//1
f 3566//1 3775//1 3565//1
f 3567//1 3776//1 3566//1
f 3568//1 3777//1 3567//1
f 3569//1 3778//1 3568//1
f 3570//1 3779//1 3569//1
f 3571//1 3780//1 3570//1
f 3368//1 3781//1 3571//1
f 3573//1 3783//1 3572//1
f 3574//1 3784//1 3573//1
f 3575//1 3785//1 3574//1
f 3576//1 3786//1 3575//1
f 3577//1 3787//1 3576//1
f 3578//18 3788//18 3577//18
f 3579//1 3789//1 3578//1
f 3580//1 3790//1 3579//1
f 3581//21 3791//21 3580//21
f 3582//29 3792//29 3581//29
f 3583//1 3793//1 3582//1
f 3584//1 3794//1 3583//1
f 3585//1 3795//1 3584//1
f 3586//1 3796//1 3585//1
f 3587//1 3797//1 3586//1
f 3588//1 3798//1 3587//1
f 3589//1 3799//1 3588//1
f 3590//1 3800//1 3589//1
f 3591//1 3801//1 3590//1
f 3592//1 3802//1 3591//1
f 3593//1 3803//1 3592//1
f 3594//1 3804//1 3593//1
f 3595//1 3805//1 3594//1
f 3596//1 3806//1 3595//1
f 3597//1 3807//1 3596//1
f 3598//1 3808//1 3597//1
f 3599//1 3809//1 3598//1
f 3600//1 3810//1 3599//1
f 3601//1 3811//1 3600//1
f 3602//1 3812//1 3601//1
f 3603//1 3813//1 3602//1
f 3604//1 3814//1 3603//1
f 3605//1 3815//1 3604//1
f 3606//1 3816//1 3605//1
f 3607//1 3817//1 3606//1
f 3608//1 3819//1 3607//1
f 3609//1 3820//1 3608//1
f 3610//1 3821//1 3609//1
f 3611//1 3822//1 3610//1
f 3612//1 3823//1 3611//1
f 3613//1 3824//1 3612//1
f 3614//1 3825//1 3613//1
f 3615//1 3826//1 3614//1
f 3616//1 3827//1 3615//1
f 3617//1 3828//1 3616//1
f 3618//1 3829//1 3617//1
f 3619//1 3830//1 3618//1
f 3620//1 3831//1 3619//1
f 3621//33 3832//33 3620//33
f 3622//17 3833//17 3621//17
f 3623//17 3834//17 3622//17
f 3624//1 3835//1 3623//1
f 3625//1 3836//1 3624//1
f 3626//1 3837//1 3625//1
f 3627//1 3838//1 3626//1
f 3628//17 3839//17 3627//17
f 3629//17 3840//17 3628//17
f 3630//17 3841//17 3629//17
f 3631//15 3842//15 3630//15
f 3632//1 3843//1 3631//1
f 3633//1 3844//1 3632//1
f 3634//1 3845//1 3633//1
f 3635//1 3846//1 3634//1
f 3636//1 3847//1 3635//1
f 3637//1 3848//1 3636//1
f 3638//1 3849//1 3637//1
f 3639//1 3850//1 3638//1
f 3640//1 3851//1 3639//1
f 3641//1 3852//1 3640//1
f 3642//1 3853//1 3641//1
f 3643//1 3855//1 3642//1
f 3644//1 3856//1 3643//1
f 3645//1 3857//1 3644//1
f 3646//1 3858//1 3645//1
f 3647//1 3859//1 3646//1
f 3648//1 3860//1 3647//1
f 3649//1 3861//1 3648//1
f 3650//1 3862//1 3649//1
f 3651//1 3863//1 3650//1
f 3652//1 3864//1 3651//1
f 3653//1 3865//1 3652//1
f 3654//1 3866//1 3653//1
f 3655//1 3867//1 3654//1
f 3656//1 3868//1 3655//1
f 3657//1 3869//1 3656//1
f 3658//1 3870//1 3657//1
f 3659//1 3871//1 3658//1
f 3660//1 3872//1 3659//1
f 3661//1 3873//1 3660//1
f 3662//1 3874//1 3661//1
f 3663//1 3875//1 3662//1
f 3664//1 3876//1 3663//1
f 3665//1 3877//1 3664//1
f 3666//1 3878//1 3665//1
f 3667//1 3879//1 3666//1
f 3668//1 3880//1 3667//1
f 3669//1 3881//1 3668//1
f 3670//1 3882//1 3669//1
f 3671//1 3883//1 3670//1
f 3672//1 3884//1 3671//1
f 3673//1 3885//1 3672//1
f 3674//1 3886//1 3673//1
f 3675//1 3887//1 3674//1
f 3676//1 3888//1 3675//1
f 3677//1 3889//1 3676//1
f 3678//1 3891//1 3677//1
f 3679//1 3892//1 3678//1
f 3680//1 3893//1 3679//1
f 3681//1 3894//1 3680//1
f 3682//1 3895//1 3681//1
f 3683//1 3896//1 3682//1
f 3684//1 3897//1 3683//1
f 3685//1 3898//1 3684//1
f 3686//1 3899//1 3685//1
f 3687//1 3900//1 3686//1
f 3688//1 3901//1 3687//1
f 3689//1 3902//1 3688//1
f 3690//1 3903//1 3689//1
f 3691//1 3904//1 3690//1
f 3692//1 3905//1 3691//1
f 3693//1 3906//1 3692//1
f 3694//1 3907//1 3693//1
f 3695//1 3908//1 3694//1
f 3696//15 3909//15 3695//15
f 3697//1 3910//1 3696//1
f 3698//1 3911//1 3697//1
f 3699//3 3912//3 3698//3
f 3700//2 3913//2 3699//2
f 3701//1 3914//1 3700//1
f 3702//1 3915//1 3701//1
f 3703//1 3916//1 3702//1
f 3704//1 3917//1 3703//1
f 3705//1 3918//1 3704//1
f 3706//1 3919//1 3705//1
f 3707//1 3920//1 3706//1
f 3708//1 3921//1 3707//1
f 3709//1 3922//1 3708//1
f 3710//1 3923//1 3709//1
f 3711//1 3924//1 3710//1
f 3712//1 3925//1 3711//1
f 3713//1 3927//1 3712//1
f 3714//1 3928//1 3713//1
f 3715//1 3929//1 3714//1
f 3716//1 3930//1 3715//1
f 3717//1 3931//1 3716//1
f 3718//1 3932//1 3717//1
f 3719//1 3933//1 3718//1
f 3720//1 3934//1 3719//1
f 3721//1 3935//1 3720//1
f 3722//1 3936//1 3721//1
f 3723//1 3937//1 3722//1
f 3724//1 3938//1 3723//1
f 3725//1 3939//1 3724//1
f 3726//1 3940//1 3725//1
f 3727//1 3941//1 3726//1
f 3728//1 3942//1 3727//1
f 3729//1 3943//1 3728//1
f 3730//442 3944//11 3729//440
f 3731//18 3945//18 3730//443
f 3732//1 3946//1 3731//1
f 3733//1 3947//1 3732//1
f 3734//1 3948//1 3733//1
f 3735//1 3949//1 3734//1
f 3736//1 3950//1 3735//1
f 3737//1 3951//1 3736//1
f 3738//1 3952//1 3737//1
f 3739//1 3953//1 3738//1
f 3740//1 3954//1 3739//1
f 3741//1 3955//1 3740//1
f 3742//1 3956//1 3741//1
f 3743//1 3957//1 3742//1
f 3744//1 3958//1 3743//1
f 3745//1 3959//1 3744//1
f 3746//1 3960//1 3745//1
f 3747//1 3961//1 3746//1
f 3748//1 3963//1 3747//1
f 3749//1 3964//1 3748//1
f 3750//1 3965//1 3749//1
f 3751//1 3966//1 3750//1
f 3752//1 3967//1 3751//1
f 3753//1 3968//1 3752//1
f 3754//1 3969//1 3753//1
f 3755//1 3970//1 3754//1
f 3756//1 3971//1 3755//1
f 3757//1 3972//1 3756//1
f 3758//1 3973//1 3757//1
f 3759//1 3974//1 3758//1
f 3760//1 3975//1 3759//1
f 3761//1 3976//1 3760//1
f 3762//1 3977//1 3761//1
f 3763//1 3978//1 3762//1
f 3764//1 3979//1 3763//1
f 3765//1 3980//1 3764//1
f 3766//1 3981//1 3765//1
f 3767//2 3982//2 3766//2
f 3768//1 3983//1 3767//1
f 3769//2 3984//429 3768//2
f 3770//1 3985//1 3769//1
f 3771//18 3986//18 3770//18
f 3772//21 3987//21 3771//21
f 3773//1 3988//1 3772//1
f 3774//1 3989//1 3773//1
f 3775//1 3990//1 3774//1
f 3776//1 3991//1 3775//1
f 3777//1 3992//1 3776//1
f 3778//1 3993//1 3777//1
f 3779//1 3994//1 3778//1
f 3780//1 3995//1 3779//1
f 3781//1 3996//1 3780//1
f 3572//1 3997//1 3781//1
f 3783//1 3999//1 3782//1
f 3784//1 4000//1 3783//1
f 3785//1 4001//1 3784//1
f 3786//1 4002//1 3785//1
f 3787//1 4003//1 3786//1
f 3788//1 4004//1 3787//1
f 3789//18 4005//18 3788//18
f 3790//21 4006//21 3789//21
f 3791//29 4007//29 3790//29
f 3792//1 4008//1 3791//1
f 3793//1 4009//1 3792//1
f 3794//1 4010//1 3793//1
f 3795//1 4011//1 3794//1
f 3796//1 4012//1 3795//1
f 3797//1 4013//1 3796//1
f 3798//1 4014//1 3797//1
f 3799//1 4015//1 3798//1
f 3800//1 4016//1 3799//1
f 3801//1 4017//1 3800//1
f 3802//1 4018//1 3801//1
f 3803//1 4019//1 3802//1
f 3804//1 4020//1 3803//1
f 3805//1 4021//1 3804//1
f 3806//1 4022//1 3805//1
f 3807//1 4023//1 3806//1
f 3808//1 4024//1 3807//1
f 3809//1 4025//1 3808//1
f 3810//1 4026//1 3809//1
f 3811//1 4027//1 3810//1
f 3812//1 4028//1 3811//1
f 3813//1 4029//1 3812//1
f 3814//1 4030//1 3813//1
f 3815//1 4031//1 3814//1
f 3816//1 4032//1 3815//1
f 3817//1 4033//1 3816//1
f 3818//1 4034//1 3817//1
f 3819//1 4036//1 3818//1
f 3820//1 4037//1 3819//1
f 3821//1 4038//1 3820//1
f 3822//1 4039//1 3821//1
f 3823//1 4040//1 3822//1
f 3824//1 4041//1 3823//1
f 3825//1 4042//1 3824//1
f 3826//1 4043//1 3825//1
f 3827//1 4044//1 3826//1
f 3828//1 4045//1 3827//1
f 3829//1 4046//1 3828//1
f 3830//1 4047//1 3829//1
f 3831//1 4048//1 3830//1
f 3832//1 4049//1 3831//1
f 3833//1 4050//1 3832//1
f 3834//1 4051//1 3833//1
f 3835//33 4052//33 3834//33
f 3836//17 4053//17 3835//17
f 3837//17 4054//17 3836//17
f 3838//17 4055//17 3837//17
f 3839//15 4056//15 3838//15
f 3840//1 4057//1 3839//1
f 3841//1 4058//1 3840//1
f 3842//1 4059//1 3841//1
f 3843//1 4060//1 3842//1
f 3844//1 4061//1 3843//1
f 3845//1 4062//1 3844//1
f 3846//1 4063//1 3845//1
f 3847//1 4064//1 3846//1
f 3848//1 4065//1 3847//1
f 3849//1 4066//1 3848//1
f 3850//1 4067//1 3849//1
f 3851//1 4068//1 3850//1
f 3852//1 4069//1 3851//1
f 3853//1 4070//1 3852//1
f 3854//1 4071//1 3853//1
f 3855//1 4073//1 3854//1
f 3856//1 4074//1 3855//1
f 3857//1 4075//1 3856//1
f 3858//1 4076//1 3857//1
f 3859//1 4077//1 3858//1
f 3860//1 4078//1 3859//1
f 3861//1 4079//1 3860//1
f 3862//1 4080//1 3861//1
f 3863//1 4081//1 3862//1
f 3864//1 4082//1 3863//1
f 3865//1 4083//1 3864//1
f 3866//1 4084//1 3865//1
f 3867//1 4085//1 3866//1
f 3868//1 4086//1 3867//1
f 3869//1 4087//1 3868//1
f 3870//1 4088//1 3869//1
f 3871//1 4089//1 3870//1
f 3872//1 4090//1 3871//1
f 3873//1 4091//1 3872//1
f 3874//1 4092//1 3873//1
f 3875//1 4093//1 3874//1
f 3876//1 4094//1 3875//1
f 3877//1 4095//1 3876//1
f 3878//1 4096//1 3877//1
f 3879//1 4097//1 3878//1
f 3880//1 4098//1 3879//1
f 3881//1 4099//1 3880//1
f 3882//1 4100//1 3881//1
f 3883//1 4101//1 3882//1
f 3884//1 4102//1 3883//1
f 3885//1 4103//1 3884//1
f 3886//1 4104//1 3885//1
f 3887//1 4105//1 3886//1
f 3888//1 4106//1 3887//1
f 3889//1 4107//1 3888//1
f 3890//1 4108//1 3889//1
f 3891//1 4110//1 3890//1
f 3892//1 4111//1 3891//1
f 3893//1 4112//1 3892//1
f 3894//1 4113//1 3893//1
f 3895//1 4114//1 3894//1
f 3896//1 4115//1 3895//1
f 3897//1 4116//1 3896//1
f 3898//1 4117//1 3897//1
f 3899//1 4118//1 3898//1
f 3900//1 4119//1 3899//1
f 3901//1 4120//1 3900//1
f 3902//1 4121//1 3901//1
f 3903//1 4122//1 3902//1
f 3904//1 4123//1 3903//1
f 3905//1 4124//1 3904//1
f 3906//1 4125//1 3905//1
f 3907//1 4126//1 3906//1
f 3908//1 4127//1 3907//1
f 3909//1 4128//1 3908//1
f 3910//15 4129//15 3909//15
f 3911//1 4130//1 3910//1
f 3912//2 4131//2 3911//2
f 3913//1 4132//1 3912//1
f 3914//1 4133//1 3913//1
f 3915//1 4134//1 3914//1
f 3916//1 4135//1 3915//1
f 3917//1 4136//1 3916//1
f 3918//1 4137//1 3917//1
f 3919//1 4138//1 3918//1
f 3920//1 4139//1 3919//1
f 3921//1 4140//1 3920//1
f 3922//1 4141//1 3921//1
f 3923//1 4142//1 3922//1
f 3924//1 4143//1 3923//1
f 3925//1 4144//1 3924//1
f 3926//1 4145//1 3925//1
f 3927//1 4147//1 3926//1
f 3928//1 4148//1 3927//1
f 3929//1 4149//1 3928//1
f 3930//1 4150//1 3929//1
f 3931//1 4151//1 3930//1
f 3932//1 4152//1 3931//1
f 3933//1 4153//1 3932//1
f 3934//1 4154//1 3933//1
f 3935//1 4155//1 3934//1
f 3936//1 4156//1 3935//1
f 3937//1 4157//1 3936//1
f 3938//1 4158//1 3937//1
f 3939//1 4159//1 3938//1
f 3940//1 4160//1 3939//1
f 3941//1 4161//1 3940//1
f 3942//1 4162//1 3941//1
f 3943//1 4163//1 3942//1
f 3944//1 4164//1 3943//1
f 3945//1 4165//1 3944//1
f 3946//1 4166//1 3945//1
f 3947//1 4167//1 3946//1
f 3948//1 4168//1 3947//1
f 3949//1 4169//1 3948//1
f 3950//1 4170//1 3949//1
f 3951//1 4171//1 3950//1
f 3952//1 4172//1 3951//1
f 3953//1 4173//1 3952//1
f 3954//1 4174//1 3953//1
f 3955//1 4175//1 3954//1
f 3956//1 4176//1 3955//1
f 3957//1 4177//1 3956//1
f 3958//1 4178//1 3957//1
f 3959//1 4179//1 3958//1
f 3960//1 4180//1 3959//1
f 3961//1 4181//1 3960//1
f 3962//1 4182//1 3961//1
f 3963//1 4184//1 3962//1
f 3964//1 4185//1 3963//1
f 3965//1 4186//1 3964//1
f 3966//1 4187//1 3965//1
f 3967//1 4188//1 3966//1
f 3968//1 4189//1 3967//1
f 3969//1 4190//1 3968//1
f 3970//1 4191//1 3969//1
f 3971//1 4192//1 3970//1
f 3972//1 4193//1 3971//1
f 3973//1 4194//1 3972//1
f 3974//1 4195//1 3973//1
f 3975//1 4196//1 3974//1
f 3976//1 4197//1 3975//1
f 3977//1 4198//1 3976//1
f 3978//1 4199//1 3977//1
f 3979//1 4200//1 3978//1
f 3980//1 4201//1 3979//1
f 3981//1 4202//1 3980//1
f 3982//1 4203//1 3981//1
f 3983//2 4204//2 3982//2
f 3984//429 4205//9 3983//9
f 3985//430 4206//54 3984//429
f 3986//21 4207//21 3985//21
f 3987//1 4208//1 3986//1
f 3988//1 4209//1 3987//1
f 3989//1 4210//1 3988//1
f 3990//1 4211//1 3989//1
f 3991//1 4212//1 3990//1
f 3992//1 4213//1 3991//1
f 3993//1 4214//1 3992//1
f 3994//1 4215//1 3993//1
f 3995//1 4216//1 3994//1
f 3996//1 4217//1 3995//1
f 3997//1 4218//1 3996//1
f 3782//1 4219//1 3997//1
f 3999//1 4221//1 3998//1
f 4000//1 4222//1 3999//1
f 4001//1 4223//1 4000//1
f 4002//1 4224//1 4001//1
f 4003//1 4225//1 4002//1
f 4004//1 4226//1 4003//1
f 4005//1 4227//1 4004//1
f 4006//1 4228//1 4005//1
f 4007//1 4229//1 4006//1
f 4008//1 4230//1 4007//1
f 4009//1 4231//1 4008//1
f 4010//1 4232//1 4009//1
f 4011//1 4233//1 4010//1
f 4012//1 4234//1 4011//1
f 4013//1 4235//1 4012//1
f 4014//1 4236//1 4013//1
f 4015//1 4237//1 4014//1
f 4016//1 4238//1 4015//1
f 4017//1 4239//1 4016//1
f 4018//1 4240//1 4017//1
f 4019//1 4241//1 4018//1
f 4020//1 4242//1 4019//1
f 4021//1 4243//1 4020//1
f 4022//1 4244//1 4021//1
f 4023//1 4245//1 4022//1
f 4024//1 4246//1 4023//1
f 4025//1 4247//1 4024//1
f 4026//1 4248//1 4025//1
f 4027//1 4249//1 4026//1
f 4028//1 4250//1 4027//1
f 4029//1 4251//1 4028//1
f 4030//1 4252//1 4029//1
f 4031//1 4253//1 4030//1
f 4032//1 4254//1 4031//1
f 4033//1 4255//1 4032//1
f 4034//1 4256//1 4033//1
f 4035//1 4257//1 4034//1
f 4036//1 4259//1 4035//1
f 4037//1 4260//1 4036//1
f 4038//1 4261//1 4037//1
f 4039//1 4262//1 4038//1
f 4040//1 4263//1 4039//1
f 4041//1 4264//1 4040//1
f 4042//1 4265//1 4041//1
f 4043//1 4266//1 4042//1
f 4044//1 4267//1 4043//1
f 4045//1 4268//1 4044//1
f 4046//1 4269//1 4045//1
f 4047//1 4270//1 4046//1
f 4048//1 4271//1 4047//1
f 4049//1 4272//1 4048//1
f 4050//1 4273//1 4049//1
f 4051//1 4274//1 4050//1
f 4052//1 4275//1 4051//1
f 4053//1 4276//1 4052//1
f 4054//1 4277//1 4053//1
f 4055//1 4278//1 4054//1
f 4056//1 4279//1 4055//1
f 4057//1 4280//1 4056//1
f 4058//1 4281//1 4057//1
f 4059//1 4282//1 4058//1
f 4060//1 4283//1 4059//1
f 4061//1 4284//1 4060//1
f 4062//1 4285//1 4061//1
f 4063//1 4286//1 4062//1
f 4064//1 4287//1 4063//1
f 4065//1 4288//1 4064//1
f 4066//1 4289//1 4065//1
f 4067//1 4290//1 4066//1
f 4068//1 4291//1 4067//1
f 4069//1 4292//1 4068//1
f 4070//1 4293//1 4069//1
f 4071//1 4294//1 4070//1
f 4072//1 4295//1 4071//1
f 4073//1 4297//1 4072//1
f 4074//1 4298//1 4073//1
f 4075//1 4299//1 4074//1
f 4076//1 4300//1 4075//1
f 4077//1 4301//1 4076//1
f 4078//1 4302//1 4077//1
f 4079//1 4303//1 4078//1
f 4080//1 4304//1 4079//1
f 4081//1 4305//1 4080//1
f 4082//1 4306//1 4081//1
f 4083//1 4307//1 4082//1
f 4084//1 4308//1 4083//1
f 4085//1 4309//1 4084//1
f 4086//1 4310//1 4085//1
f 4087//1 4311//1 4086//1
f 4088//1 4312//1 4087//1
f 4089//1 4313//1 4088//1
f 4090//1 4314//1 4089//1
f 4091//1 4315//1 4090//1
f 4092//1 4316//1 4091//1
f 4093//1 4317//1 4092//1
f 4094//1 4318//1 4093//1
f 4095//1 4319//1 4094//1
f 4096//1 4320//1 4095//1
f 4097//1 4321//1 4096//1
f 4098//1 4322//1 4097//1
f 4099//1 4323//1 4098//1
f 4100//1 4324//1 4099//1
f 4101//1 4325//1 4100//1
f 4102//1 4326//1 4101//1
f 4103//1 4327//1 4102//1
f 4104//1 4328//1 4103//1
f 4105//1 4329//1 4104//1
f 4106//1 4330//1 4105//1
f 4107//1 4331//1 4106//1
f 4108//1 4332//1 4107//1
f 4109//1 4333//1 4108//1
f 4110//1 4335//1 4109//1
f 4111//1 4336//1 4110//1
f 4112//1 4337//1 4111//1
f 4113//1 4338//1 4112//1
f 4114//1 4339//1 4113//1
f 4115//1 4340//1 4114//1
f 4116//1 4341//1 4115//1
f 4117//1 4342//1 4116//1
f 4118//1 4343//1 4117//1
f 4119//1 4344//1 4118//1
f 4120//1 4345//1 4119//1
f 4121//1 4346//1 4120//1
f 4122//1 4347//1 4121//1
f 4123//1 4348//1 4122//1
f 4124//1 4349//1 4123//1
f 4125//1 4350//1 4124//1
f 4126//1 4351//1 4125//1
f 4127//1 4352//1 4126//1
f 4128//1 4353//1 4127//1
f 4129//1 4354//1 4128//1
f 4130//15 4355//15 4129//15
f 4131//2 4356//2 4130//2
f 4132//1 4357//1 4131//1
f 4133//1 4358//1 4132//1
f 4134//1 4359//1 4133//1
f 4135//1 4360//1 4134//1
f 4136//1 4361//1 4135//1
f 4137//1 4362//1 4136//1
f 4138//1 4363//1 4137//1
f 4139//1 4364//1 4138//1
f 4140//1 4365//1 4139//1
f 4141//1 4366//1 4140//1
f 4142//1 4367//1 4141//1
f 4143//1 4368//1 4142//1
f 4144//1 4369//1 4143//1
f 4145//1 4370//1 4144//1
f 4146//1 4371//1 4145//1
f 4147//1 4373//1 4146//1
f 4148//1 4374//1 4147//1
f 4149//1 4375//1 4148//1
f 4150//1 4376//1 4149//1
f 4151//1 4377//1 4150//1
f 4152//1 4378//1 4151//1
f 4153//1 4379//1 4152//1
f 4154//1 4380//1 4153//1
f 4155//1 4381//1 4154//1
f 4156//1 4382//1 4155//1
f 4157//1 4383//1 4156//1
f 4158//1 4384//1 4157//1
f 4159//1 4385//1 4158//1
f 4160//1 4386//1 4159//1
f 4161//1 4387//1 4160//1
f 4162//1 4388//1 4161//1
f 4163//1 4389//1 4162//1
f 4164//1 4390//1 4163//1
f 4165//1 4391//1 4164//1
f 4166//1 4392//1 4165//1
f 4167//1 4393//1 4166//1
f 4168//1 4394//1 4167//1
f 4169//1 4395//1 4168//1
f 4170//1 4396//1 4169//1
f 4171//1 4397//1 4170//1
f 4172//1 4398//1 4171//1
f 4173//1 4399//1 4172//1
f 4174//1 4400//1 4173//1
f 4175//1 4401//1 4174//1
f 4176//1 4402//1 4175//1
f 4177//1 4403//1 4176//1
f 4178//1 4404//1 4177//1
f 4179//1 4405//1 4178//1
f 4180//1 4406//1 4179//1
f 4181//1 4407//1 4180//1
f 4182//1 4408//1 4181//1
f 4183//1 4409//1 4182//1
f 4184//1 4411//1 4183//1
f 4185//1 4412//1 4184//1
f 4186//1 4413//1 4185//1
f 4187//1 4414//1 4186//1
f 4188//1 4415//1 4187//1
f 4189//1 4416//1 4188//1
f 4190//1 4417//1 4189//1
f 4191//1 4418//1 4190//1
f 4192//1 4419//1 4191//1
f 4193//1 4420//1 4192//1
f 4194//1 4421//1 4193//1
f 4195//1 4422//1 4194//1
f 4196//1 4423//1 4195//1
f 4197//1 4424//1 4196//1
f 4198//1 4425//1 4197//1
f 4199//1 4426//1 4198//1
f 4200//1 4427//1 4199//1
f 4201//1 4428//1 4200//1
f 4202//1 4429//1 4201//1
f 4203//1 4430//1 4202//1
f 4204//1 4431//1 4203//1
f 4205//1 4432//1 4204//1
f 4206//1 4433//1 4205//1
f 4207//1 4434//1 4206//1
f 4208//1 4435//1 4207//1
f 4209//1 4436//1 4208//1
f 4210//1 4437//1 4209//1
f 4211//1 4438//1 4210//1
f 4212//1 4439//1 4211//1
f 4213//1 4440//1 4212//1
f 4214//1 4441//1 4213//1
f 4215//1 4442//1 4214//1
f 4216//1 4443//1 4215//1
f 4217//1 4444//1 4216//1
f 4218//1 4445//1 4217//1
f 4219//1 4446//1 4218//1
f 3998//1 4447//1 4219//1
f 4221//1 4449//1 4220//1
f 4222//1 4450//1 4221//1
f 4223//1 4451//1 4222//1
f 4224//1 4452//1 4223//1
f 4225//1 4453//1 4224//1
f 4226//1 4454//1 4225//1
f 4227//1 4455//1 4226//1
f 4228//1 4456//1 4227//1
f 4229//1 4457//1 4228//1
f 4230//1 4458//1 4229//1
f 4231//1 4459//1 4230//1
f 4232//1 4460//1 4231//1
f 4233//1 4461//1 4232//1
f 4234//1 4462//1 4233//1
f 4235//1 4463//1 4234//1
f 4236//1 4464//1 4235//1
f 4237//1 4465//1 4236//1
f 4238//1 4466//1 4237//1
f 4239//1 4467//1 4238//1
f 4240//1 4468//1 4239//1
f 4241//1 4469//1 4240//1
f 4242//1 4470//1 4241//1
f 4243//1 4471//1 4242//1
f 4244//1 4472//1 4243//1
f 4245//1 4473//1 4244//1
f 4246//1 4474//1 4245//1
f 4247//1 4475//1 4246//1
f 4248//1 4476//1 4247//1
f 4249//1 4477//1 4248//1
f 4250//1 4478//1 4249//1
f 4251//1 4479//1 4250//1
f 4252//1 4480//1 4251//1
f 4253//1 4481//1 4252//1
f 4254//1 4482//1 4253//1
f 4255//1 4483//1 4254//1
f 4256//1 4484//1 4255//1
f 4257//1 4485//1 4256//1
f 4258//1 4486//1 4257//1
f 4259//1 4488//1 4258//1
f 4260//1 4489//1 4259//1
f 4261//1 4490//1 4260//1
f 4262//1 4491//1 4261//1
f 4263//1 4492//1 4262//1
f 4264//1 4493//1 4263//1
f 4265//1 4494//1 4264//1
f 4266//1 4495//1 4265//1
f 4267//1 4496//1 4266//1
f 4268//1 4497//1 4267//1
f 4269//1 4498//1 4268//1
f 4270//1 4499//1 4269//1
f 4271//1 4500//1 4270//1
f 4272//1 4501//1 4271//1
f 4273//1 4502//1 4272//1
f 4274//1 4503//1 4273//1
f 4275//1 4504//1 4274//1
f 4276//1 4505//1 4275//1
f 4277//1 4506//1 4276//1
f 4278//1 4507//1 4277//1
f 4279//1 4508//1 4278//1
f 4280//1 4509//1 4279//1
f 4281//1 4510//1 4280//1
f 4282//1 4511//1 4281//1
f 4283//1 4512//1 4282//1
f 4284//1 4513//1 4283//1
f 4285//1 4514//1 4284//1
f 4286//1 4515//1 4285//1
f 4287//1 4516//1 4286//1
f 4288//1 4517//1 4287//1
f 4289//1 4518//1 4288//1
f 4290//1 4519//1 4289//1
f 4291//1 4520//1 4290//1
f 4292//1 4521//1 4291//1
f 4293//1 4522//1 4292//1
f 4294//1 4523//1 4293//1
f 4295//1 4524//1 4294//1
f 4296//1 4525//1 4295//1
f 4297//1 4527//1 4296//1
f 4298//1 4528//1 4297//1
f 4299//1 4529//1 4298//1
f 4300//1 4530//1 4299//1
f 4301//1 4531//1 4300//1
f 4302//1 4532//1 4301//1
f 4303//1 4533//1 4302//1
f 4304//1 4534//1 4303//1
f 4305//1 4535//1 4304//1
f 4306//1 4536//1 4305//1
f 4307//1 4537//1 4306//1
f 4308//1 4538//1 4307//1
f 4309//1 4539//1 4308//1
f 4310//1 4540//1 4309//1
f 4311//1 4541//1 4310//1
f 4312//1 4542//1 4311//1
f 4313//1 4543//1 4312//1
f 4314//1 4544//1 4313//1
f 4315//1 4545//1 4314//1
f 4316//1 4546//1 4315//1
f 4317//1 4547//1 4316//1
f 4318//1 4548//1 4317//1
f 4319//1 4549//1 4318//1
f 4320//1 4550//1 4319//1
f 4321//1 4551//1 4320//1
f 4322//1 4552//1 4321//1
f 4323//1 4553//1 4322//1
f 4324//1 4554//1 4323//1
f 4325//1 4555//1 4324//1
f 4326//1 4556//1 4325//1
f 4327//1 4557//1 4326//1
f 4328//1 4558//1 4327//1
f 4329//1 4559//1 4328//1
f 4330//1 4560//1 4329//1
f 4331//1 4561//1 4330//1
f 4332//1 4562//1 4331//1
f 4333//1 4563//1 4332//1
f 4334//1 4564//1 4333//1
f 4335//1 4566//1 4334//1
f 4336//1 4567//1 4335//1
f 4337//1 4568//1 4336//1
f 4338//1 4569//1 4337//1
f 4339//1 4570//1 4338//1
f 4340//1 4571//1 4339//1
f 4341//1 4572//1 4340//1
f 4342//1 4573//1 4341//1
f 4343//1 4574//1 4342//1
f 4344//1 4575//1 4343//1
f 4345//1 4576//1 4344//1
f 4346//1 4577//1 4345//1
f 4347//1 4578//1 4346//1
f 4348//1 4579//1 4347//1
f 4349//1 4580//1 4348//1
f 4350//1 4581//1 4349//1
f 4351//1 4582//1 4350//1
f 4352//1 4583//1 4351//1
f 4353//1 4584//1 4352//1
f 4354//1 4585//1 4353//1
f 4355//1 4586//1 4354//1
f 4356//1 4587//1 4355//1
f 4357//1 4588//1 4356//1
f 4358//1 4589//1 4357//1
f 4359//1 4590//1 4358//1
f 4360//1 4591//1 4359//1
f 4361//1 4592//1 4360//1
f 4362//1 4593//1 4361//1
f 4363//1 4594//1 4362//1
f 4364//1 4595//1 4363//1
f 4365//1 4596//1 4364//1
f 4366//1 4597//1 4365//1
f 4367//1 4598//1 4366//1
f 4368//1 4599//1 4367//1
f 4369//1 4600//1 4368//1
f 4370//1 4601//1 4369//1
f 4371//1 4602//1 4370//1
f 4372//1 4603//1 4371//1
f 4373//1 4605//1 4372//1
f 4374//1 4606//1 4373//1
f 4375//1 4607//1 4374//1
f 4376//1 4608//1 4375//1
f 4377//1 4609//1 4376//1
f 4378//1 4610//1 4377//1
f 4379//1 4611//1 4378//1
f 4380//1 4612//1 4379//1
f 4381//1 4613//1 4380//1
f 4382//1 4614//1 4381//1
f 4383//1 4615//1 4382//1
f 4384//1 4616//1 4383//1
f 4385//1 4617//1 4384//1
f 4386//1 4618//1 4385//1
f 4387//1 4619//1 4386//1
f 4388//1 4620//1 4387//1
f 4389//1 4621//1 4388//1
f 4390//1 4622//1 4389//1
f 4391//1 4623//1 4390//1
f 4392//1 4624//1 4391//1
f 4393//1 4625//1 4392//1
f 4394//1 4626//1 4393//1
f 4395//1 4627//1 4394//1
f 4396//1 4628//1 4395//1
f 4397//1 4629//1 4396//1
f 4398//1 4630//1 4397//1
f 4399//1 4631//1 4398//1
f 4400//1 4632//1 4399//1
f 4401//1 4633//1 4400//1
f 4402//1 4634//1 4401//1
f 4403//1 4635//1 4402//1
f 4404//1 4636//1 4403//1
f 4405//1 4637//1 4404//1
f 4406//1 4638//1 4405//1
f 4407//1 4639//1 4406//1
f 4408//1 4640//1 4407//1
f 4409//1 4641//1 4408//1
f 4410//1 4642//1 4409//1
f 4411//1 4644//1 4410//1
f 4412//1 4645//1 4411//1
f 4413//1 4646//1 4412//1
f 4414//1 4647//1 4413//1
f 4415//1 4648//1 4414//1
f 4416//1 4649//1 4415//1
f 4417//1 4650//1 4416//1
f 4418//1 4651//1 4417//1
f 4419//1 4652//1 4418//1
f 4420//1 4653//1 4419//1
f 4421//1 4654//1 4420//1
f 4422//1 4655//1 4421//1
f 4423//1 4656//1 4422//1
f 4424//1 4657//1 4423//1
f 4425//1 4658//1 4424//1
f 4426//1 4659//1 4425//1
f 4427//1 4660//1 4426//1
f 4428//1 4661//1 4427//1
f 4429//1 4662//1 4428//1
f 4430//1 4663//1 4429//1
f 4431//1 4664//1 4430//1
f 4432//1 4665//1 4431//1
f 4433//1 4666//1 4432//1
f 4434//1 4667//1 4433//1
f 4435//1 4668//1 4434//1
f 4436//1 4669//1 4435//1
f 4437//1 4670//1 4436//1
f 4438//1 4671//1 4437//1
f 4439//1 4672//1 4438//1
f 4440//1 4673//1 4439//1
f 4441//1 4674//1 4440//1
f 4442//1 4675//1 4441//1
f 4443//1 4676//1 4442//1
f 4444//1 4677//1 4443//1
f 4445//1 4678//1 4444//1
f 4446//1 4679//1 4445//1
f 4447//1 4680//1 4446//1
f 4220//1 4681//1 4447//1
f 4449//1 4683//1 4448//1
f 4450//1 4684//1 4449//1
f 4451//1 4685//1 4450//1
f 4452//1 4686//1 4451//1
f 4453//1 4687//1 4452//1
f 4454//1 4688//1 4453//1
f 4455//1 4689//1 4454//1
f 4456//1 4690//1 4455//1
f 4457//1 4691//1 4456//1
f 4458//1 4692//1 4457//1
f 4459//1 4693//1 4458//1
f 4460//1 4694//1 4459//1
f 4461//1 4695//1 4460//1
f 4462//1 4696//1 4461//1
f 4463//1 4697//1 4462//1
f 4464//1 4698//1 4463//1
f 4465//1 4699//1 4464//1
f 4466//1 4700//1 4465//1
f 4467//1 4701//1 4466//1
f 4468//1 4702//1 4467//1
f 4469//1 4703//1 4468//1
f 4470//1 4704//1 4469//1
f 4471//1 4705//1 4470//1
f 4472//1 4706//1 4471//1
f 4473//1 4707//1 4472//1
f 4474//1 4708//1 4473//1
f 4475//1 4709//1 4474//1
f 4476//1 4710//1 4475//1
f 4477//1 4711//1 4476//1
f 4478//1 4712//1 4477//1
f 4479//1 4713//1 4478//1
f 4480//1 4714//1 4479//1
f 4481//1 4715//1 4480//1
f 4482//1 4716//1 4481//1
f 4483//1 4717//1 4482//1
f 4484//1 4718//1 4483//1
f 4485//1 4719//1 4484//1
f 4486//1 4720//1 4485//1
f 4487//1 4721//1 4486//1
f 4488//1 4723//1 4487//1
f 4489//1 4724//1 4488//1
f 4490//1 4725//1 4489//1
f 4491//1 4726//1 4490//1
f 4492//1 4727//1 4491//1
f 4493//1 4728//1 4492//1
f 4494//1 4729//1 4493//1
f 4495//1 4730//1 4494//1
f 4496//1 4731//1 4495//1
f 4497//1 4732//1 4496//1
f 4498//1 4733//1 4497//1
f 4499//1 4734//1 4498//1
f 4500//1 4735//1 4499//1
f 4501//1 4736//1 4500//1
f 4502//1 4737//1 4501//1
f 4503//1 4738//1 4502//1
f 4504//1 4739//1 4503//1
f 4505//1 4740//1 4504//1
f 4506//1 4741//1 4505//1
f 4507//1 4742//1 4506//1
f 4508//1 4743//1 4507//1
f 4509//1 4744//1 4508//1
f 4510//1 4745//1 4509//1
f 4511//1 4746//1 4510//1
f 4512//1 4747//1 4511//1
f 4513//1 4748//1 4512//1
f 4514//1 4749//1 4513//1
f 4515//1 4750//1 4514//1
f 4516//1 4751//1 4515//1
f 4517//1 4752//1 4516//1
f 4518//1 4753//1 4517//1
f 4519//1 4754//1 4518//1
f 4520//1 4755//1 4519//1
f 4521//1 4756//1 4520//1
f 4522//1 4757//1 4521//1
f 4523//1 4758//1 4522//1
f 4524//1 4759//1 4523//1
f 4525//1 4760//1 4524//1
f 4526//1 4761//1 4525//1
f 4527//1 4763//1 4526//1
f 4528//1 4764//1 4527//1
f 4529//1 4765//1 4528//1
f 4530//1 4766//1 4529//1
f 4531//1 4767//1 4530//1
f 4532//1 4768//1 4531//1
f 4533//1 4769//1 4532//1
f 4534//1 4770//1 4533//1
f 4535//1 4771//1 4534//1
f 4536//1 4772//1 4535//1
f 4537//1 4773//1 4536//1
f 4538//1 4774//1 4537//1
f 4539//1 4775//1 4538//1
f 4540//1 4776//1 4539//1
f 4541//1 4777//1 4540//1
f 4542//1 4778//1 4541//1
f 4543//1 4779//1 4542//1
f 4544//1 4780//1 4543//1
f 4545//1 4781//1 4544//1
f 4546//1 4782//1 4545//1
f 4547//1 4783//1 4546//1
f 4548//1 4784//1 4547//1
f 4549//1 4785//1 4548//1
f 4550//1 4786//1 4549//1
f 4551//1 4787//1 4550//1
f 4552//1 4788//1 4551//1
f 4553//1 4789//1 4552//1
f 4554//1 4790//1 4553//1
f 4555//1 4791//1 4554//1
f 4556//1 4792//1 4555//1
f 4557//1 4793//1 4556//1
f 4558//1 4794//1 4557//1
f 4559//1 4795//1 4558//1
f 4560//1 4796//1 4559//1
f 4561//1 4797//1 4560//1
f 4562//1 4798//1 4561//1
f 4563//1 4799//1 4562//1
f 4564//1 4800//1 4563//1
f 4565//1 4801//1 4564//1
f 4566//1 4803//1 4565//1
f 4567//1 4804//1 4566//1
f 4568//1 4805//1 4567//1
f 4569//1 4806//1 4568//1
f 4570//1 4807//1 4569//1
f 4571//1 4808//1 4570//1
f 4572//1 4809//1 4571//1
f 4573//1 4810//1 4572//1
f 4574//1 4811//1 4573//1
f 4575//1 4812//1 4574//1
f 4576//1 4813//1 4575//1
f 4577//1 4814//1 4576//1
f 4578//1 4815//1 4577//1
f 4579//1 4816//1 4578//1
f 4580//1 4817//1 4579//1
f 4581//1 4818//1 4580//1
f 4582//1 4819//1 4581//1
f 4583//1 4820//1 4582//1
f 4584//1 4821//1 4583//1
f 4585//1 4822//1 4584//1
f 4586//1 4823//1 4585//1
f 4587//1 4824//1 4586//1
f 4588//1 4825//1 4587//1
f 4589//1 4826//1 4588//1
f 4590//1 4827//1 4589//1
f 4591//1 4828//1 4590//1
f 4592//1 4829//1 4591//1
f 4593//1 4830//1 4592//1
f 4594//1 4831//1 4593//1
f 4595//1 4832//1 4594//1
f 4596//1 4833//1 4595//1
f 4597//1 4834//1 4596//1
f 4598//1 4835//1 4597//1
f 4599//1 4836//1 4598//1
f 4600//1 4837//1 4599//1
f 4601//1 4838//1 4600//1
f 4602//1 4839//1 4601//1
f 4603//1 4840//1 4602//1
f 4604//1 4841//1 4603//1
f 4605//1 4843//1 4604//1
f 4606//1 4844//1 4605//1
f 4607//1 4845//1 4606//1
f 4608//1 4846//1 4607//1
f 4609//1 4847//1 4608//1
f 4610//1 4848//1 4609//1
f 4611//1 4849//1 4610//1
f 4612//1 4850//1 4611//1
f 4613//1 4851//1 4612//1
f 4614//1 4852//1 4613//1
f 4615//1 4853//1 4614//1
f 4616//1 4854//1 4615//1
f 4617//1 4855//1 4616//1
f 4618//1 4856//1 4617//1
f 4619//1 4857//1 4618//1
f 4620//1 4858//1 4619//1
f 4621//1 4859//1 4620//1
f 4622//1 4860//1 4621//1
f 4623//1 4861//1 4622//1
f 4624//1 4862//1 4623//1
f 4625//1 4863//1 4624//1
f 4626//1 4864//1 4625//1
f 4627//1 4865//1 4626//1
f 4628//1 4866//1 4627//1
f 4629//1 4867//1 4628//1
f 4630//1 4868//1 4629//1
f 4631//1 4869//1 4630//1
f 4632//1 4870//1 4631//1
f 4633//1 4871//1 4632//1
f 4634//1 4872//1 4633//1
f 4635//1 4873//1 4634//1
f 4636//1 4874//1 4635//1
f 4637//1 4875//1 4636//1
f 4638//1 4876//1 4637//1
f 4639//1 4877//1 4638//1
f 4640//1 4878//1 4639//1
f 4641//1 4879//1 4640//1
f 4642//1 4880//1 4641//1
f 4643//1 4881//1 4642//1
f 4644//1 4883//1 4643//1
f 4645//1 4884//1 4644//1
f 4646//1 4885//1 4645//1
f 4647//1 4886//1 4646//1
f 4648//1 4887//1 4647//1
f 4649//1 4888//1 4648//1
f 4650//1 4889//1 4649//1
f 4651//1 4890//1 4650//1
f 4652//1 4891//1 4651//1
f 4653//1 4892//1 4652//1
f 4654//1 4893//1 4653//1
f 4655//1 4894//1 4654//1
f 4656//1 4895//1 4655//1
f 4657//1 4896//1 4656//1
f 4658//1 4897//1 4657//1
f 4659//1 4898//1 4658//1
f 4660//1 4899//1 4659//1
f 4661//1 4900//1 4660//1
f 4662//1 4901//1 4661//1
f 4663//1 4902//1 4662//1
f 4664//1 4903//1 4663//1
f 4665//1 4904//1 4664//1
f 4666//1 4905//1 4665//1
f 4667//1 4906//1 4666//1
f 4668//1 4907//1 4667//1
f 4669//1 4908//1 4668//1
f 4670//1 4909//1 4669//1
f 4671//1 4910//1 4670//1
f 4672//1 4911//1 4671//1
f 4673//1 4912//1 4672//1
f 4674//1 4913//1 4673//1
f 4675//1 4914//1 4674//1
f 4676//1 4915//1 4675//1
f 4677//1 4916//1 4676//1
f 4678//1 4917//1 4677//1
f 4679//1 4918//1 4678//1
f 4680//1 4919//1 4679//1
f 4681//1 4920//1 4680//1
f 4448//1 4921//1 4681//1
