# Blender 4.5.5 LTS
# www.blender.org
o plain
v 0.000000 -0.085000 0.000000
v 0.000000 -0.085000 -0.100000
v 0.086603 -0.085000 -0.050000
v 0.086603 -0.085000 0.050000
v 0.000000 -0.085000 0.100000
v -0.086603 -0.085000 0.050000
v -0.086603 -0.085000 -0.050000
v 0.000000 -0.085000 -0.200000
v 0.086603 -0.085000 -0.150000
v 0.173205 -0.085000 -0.100000
v 0.173205 -0.085000 -0.000000
v 0.173205 -0.085000 0.100000
v 0.086603 -0.085000 0.150000
v 0.000000 -0.085000 0.200000
v -0.086603 -0.085000 0.150000
v -0.173205 -0.085000 0.100000
v -0.173205 -0.085000 0.000000
v -0.173205 -0.085000 -0.100000
v -0.086603 -0.085000 -0.150000
v 0.000000 -0.085000 -0.300000
v 0.086603 -0.085000 -0.250000
v 0.173205 -0.085000 -0.200000
v 0.259808 -0.085000 -0.150000
v 0.259808 -0.085000 -0.050000
v 0.259808 -0.085000 0.050000
v 0.259808 -0.085000 0.150000
v 0.173205 -0.085000 0.200000
v 0.086603 -0.085000 0.250000
v 0.000000 -0.085000 0.300000
v -0.086603 -0.085000 0.250000
v -0.173205 -0.085000 0.200000
v -0.259808 0.340000 0.150000
v -0.259808 0.340000 0.050000
v -0.259808 0.340000 -0.050000
v -0.259808 -0.085000 -0.150000
v -0.173205 -0.085000 -0.200000
v -0.086603 -0.085000 -0.250000
v 0.000000 -0.085000 -0.400000
v 0.086603 -0.085000 -0.350000
v 0.173205 -0.085000 -0.300000
v 0.259808 0.340000 -0.250000
v 0.346410 0.340000 -0.200000
v 0.346410 0.340000 -0.100000
v 0.346410 0.340000 -0.000000
v 0.346410 0.340000 0.100000
v 0.346410 0.340000 0.200000
v 0.259808 -0.085000 0.250000
v 0.173205 -0.085000 0.300000
v 0.086603 -0.085000 0.350000
v 0.000000 -0.085000 0.400000
v -0.086603 -0.085000 0.350000
v -0.173205 -0.085000 0.300000
v -0.259808 0.340000 0.250000
v -0.346410 0.340000 0.200000
v -0.346410 0.340000 0.100000
v -0.346410 0.340000 0.000000
v -0.346410 0.340000 -0.100000
v -0.346410 0.340000 -0.200000
v -0.259808 -0.085000 -0.250000
v -0.173205 -0.085000 -0.300000
v -0.086603 -0.085000 -0.350000
v 0.000000 -0.085000 -0.500000
v 0.086603 -0.085000 -0.450000
v 0.173205 -0.085000 -0.400000
v 0.259808 0.340000 -0.350000
v 0.346410 0.340000 -0.300000
v 0.433013 0.340000 -0.250000
v 0.433013 0.340000 -0.150000
v 0.433013 0.340000 -0.050000
v 0.433013 0.340000 0.050000
v 0.433013 0.340000 0.150000
v 0.433013 0.340000 0.250000
v 0.346410 0.340000 0.300000
v 0.259808 -0.085000 0.350000
v 0.173205 -0.085000 0.400000
v 0.086603 -0.085000 0.450000
v 0.000000 -0.085000 0.500000
v -0.086603 -0.085000 0.450000
v -0.173205 -0.085000 0.400000
v -0.259808 0.340000 0.350000
v -0.346410 0.340000 0.300000
v -0.433013 0.340000 0.250000
v -0.433013 0.340000 0.150000
v -0.433013 0.340000 0.050000
v -0.433013 0.340000 -0.050000
v -0.433013 0.340000 -0.150000
v -0.433013 0.340000 -0.250000
v -0.346410 -0.085000 -0.300000
v -0.259808 -0.085000 -0.350000
v -0.173205 -0.085000 -0.400000
v -0.086603 -0.085000 -0.450000
v 0.000000 -0.085000 -0.600000
v 0.086603 -0.085000 -0.550000
v 0.173205 -0.085000 -0.500000
v 0.259808 0.340000 -0.450000
v 0.346410 0.340000 -0.400000
v 0.433013 0.340000 -0.350000
v 0.519615 0.340000 -0.300000
v 0.519615 0.340000 -0.200000
v 0.519615 0.340000 -0.100000
v 0.519615 0.340000 -0.000000
v 0.519615 0.340000 0.100000
v 0.519615 0.340000 0.200000
v 0.519615 0.340000 0.300000
v 0.433013 0.340000 0.350000
v 0.346410 0.340000 0.400000
v 0.259808 -0.085000 0.450000
v 0.173205 -0.085000 0.500000
v 0.086603 -0.085000 0.550000
v 0.000000 -0.085000 0.600000
v -0.086603 -0.085000 0.550000
v -0.173205 -0.085000 0.500000
v -0.259808 -0.085000 0.450000
v -0.346410 0.340000 0.400000
v -0.433013 0.340000 0.350000
v -0.519615 0.340000 0.300000
v -0.519615 0.340000 0.200000
v -0.519615 0.340000 0.100000
v -0.519615 0.340000 0.000000
v -0.519615 0.340000 -0.100000
v -0.519615 0.340000 -0.200000
v -0.519615 0.340000 -0.300000
v -0.433013 0.340000 -0.350000
v -0.346410 -0.085000 -0.400000
v -0.259808 -0.085000 -0.450000
v -0.173205 -0.085000 -0.500000
v -0.086603 -0.085000 -0.550000
v 0.000000 -0.085000 -0.700000
v 0.086603 0.340000 -0.650000
v 0.173205 0.340000 -0.600000
v 0.259808 0.340000 -0.550000
v 0.346410 0.340000 -0.500000
v 0.433013 0.340000 -0.450000
v 0.519615 0.340000 -0.400000
v 0.606218 0.340000 -0.350000
v 0.606218 0.340000 -0.250000
v 0.606218 0.340000 -0.150000
v 0.606218 0.340000 -0.050000
v 0.606218 0.340000 0.050000
v 0.606218 0.340000 0.150000
v 0.606218 0.340000 0.250000
v 0.606218 0.340000 0.350000
v 0.519615 0.340000 0.400000
v 0.433013 0.340000 0.450000
v 0.346410 0.340000 0.500000
v 0.259808 -0.085000 0.550000
v 0.173205 -0.085000 0.600000
v 0.086603 -0.085000 0.650000
v 0.000000 -0.085000 0.700000
v -0.086603 -0.085000 0.650000
v -0.173205 -0.085000 0.600000
v -0.259808 -0.085000 0.550000
v -0.346410 0.340000 0.500000
v -0.433013 0.226667 0.450000
v -0.519615 0.170000 0.400000
v -0.606218 0.340000 0.350000
v -0.606218 0.340000 0.250000
v -0.606218 0.340000 0.150000
v -0.606218 0.340000 0.050000
v -0.606218 0.340000 -0.050000
v -0.606218 0.340000 -0.150000
v -0.606218 0.340000 -0.250000
v -0.606218 0.340000 -0.350000
v -0.519615 0.340000 -0.400000
v -0.433013 0.340000 -0.450000
v -0.346410 -0.085000 -0.500000
v -0.259808 -0.085000 -0.550000
v -0.173205 -0.085000 -0.600000
v -0.086603 -0.085000 -0.650000
v 0.000000 -0.085000 -0.800000
v 0.086603 -0.085000 -0.750000
v 0.173205 0.340000 -0.700000
v 0.259808 0.340000 -0.650000
v 0.346410 0.340000 -0.600000
v 0.433013 0.340000 -0.550000
v 0.519615 0.340000 -0.500000
v 0.606218 0.340000 -0.450000
v 0.692820 0.340000 -0.400000
v 0.692820 0.340000 -0.300000
v 0.692820 0.226667 -0.200000
v 0.692820 0.226667 -0.100000
v 0.692820 0.340000 -0.000000
v 0.692820 0.340000 0.100000
v 0.692820 0.340000 0.200000
v 0.692820 0.340000 0.300000
v 0.692820 0.340000 0.400000
v 0.606218 0.340000 0.450000
v 0.519615 0.340000 0.500000
v 0.433013 0.340000 0.550000
v 0.346410 0.340000 0.600000
v 0.259808 0.340000 0.650000
v 0.173205 -0.085000 0.700000
v 0.086603 -0.085000 0.750000
v 0.000000 -0.085000 0.800000
v -0.086603 -0.085000 0.750000
v -0.173205 -0.085000 0.700000
v -0.259808 -0.085000 0.650000
v -0.346410 -0.085000 0.600000
v -0.433013 0.340000 0.550000
v -0.519615 0.226667 0.500000
v -0.606218 0.170000 0.450000
v -0.692820 0.226667 0.400000
v -0.692820 0.340000 0.300000
v -0.692820 0.340000 0.200000
v -0.692820 0.340000 0.100000
v -0.692820 0.340000 0.000000
v -0.692820 0.340000 -0.100000
v -0.692820 0.340000 -0.200000
v -0.692820 0.340000 -0.300000
v -0.692820 0.340000 -0.400000
v -0.606218 0.340000 -0.450000
v -0.519615 0.340000 -0.500000
v -0.433013 -0.085000 -0.550000
v -0.346410 -0.085000 -0.600000
v -0.259808 -0.085000 -0.650000
v -0.173205 -0.085000 -0.700000
v -0.086603 -0.085000 -0.750000
v 0.000000 -0.085000 -0.900000
v 0.086603 -0.085000 -0.850000
v 0.173205 0.340000 -0.800000
v 0.259808 0.340000 -0.750000
v 0.346410 0.340000 -0.700000
v 0.433013 0.340000 -0.650000
v 0.519615 0.340000 -0.600000
v 0.606218 0.340000 -0.550000
v 0.692820 0.340000 -0.500000
v 0.779423 0.170000 -0.450000
v 0.779423 0.170000 -0.350000
v 0.779423 0.170000 -0.250000
v 0.779423 0.170000 -0.150000
v 0.779423 0.226667 -0.050000
v 0.779423 0.340000 0.050000
v 0.779423 0.340000 0.150000
v 0.779423 0.340000 0.250000
v 0.779423 0.340000 0.350000
v 0.779423 0.340000 0.450000
v 0.692820 0.340000 0.500000
v 0.606218 0.340000 0.550000
v 0.519615 0.340000 0.600000
v 0.433013 0.340000 0.650000
v 0.346410 0.340000 0.700000
v 0.259808 0.340000 0.750000
v 0.173205 -0.085000 0.800000
v 0.086603 -0.085000 0.850000
v 0.000000 -0.085000 0.900000
v -0.086603 -0.085000 0.850000
v -0.173205 -0.085000 0.800000
v -0.259808 -0.085000 0.750000
v -0.346410 -0.085000 0.700000
v -0.433013 0.340000 0.650000
v -0.519615 0.226667 0.600000
v -0.606218 0.170000 0.550000
v -0.692820 0.170000 0.500000
v -0.779423 0.170000 0.450000
v -0.779423 0.226667 0.350000
v -0.779423 0.340000 0.250000
v -0.779423 0.340000 0.150000
v -0.779423 0.340000 0.050000
v -0.779423 0.340000 -0.050000
v -0.779423 0.340000 -0.150000
v -0.779423 0.340000 -0.250000
v -0.779423 0.340000 -0.350000
v -0.779423 0.340000 -0.450000
v -0.692820 0.340000 -0.500000
v -0.606218 0.340000 -0.550000
v -0.519615 0.340000 -0.600000
v -0.433013 -0.085000 -0.650000
v -0.346410 -0.085000 -0.700000
v -0.259808 -0.085000 -0.750000
v -0.173205 -0.085000 -0.800000
v -0.086603 -0.085000 -0.850000
v 0.000000 -0.085000 -1.000000
v 0.086603 -0.085000 -0.950000
v 0.173205 -0.085000 -0.900000
v 0.259808 0.340000 -0.850000
v 0.346410 0.340000 -0.800000
v 0.433013 0.340000 -0.750000
v 0.519615 0.340000 -0.700000
v 0.606218 0.226667 -0.650000
v 0.692820 0.226667 -0.600000
v 0.779423 0.170000 -0.550000
v 0.866025 0.170000 -0.500000
v 0.866025 0.170000 -0.400000
v 0.866025 0.170000 -0.300000
v 0.866025 0.170000 -0.200000
v 0.866025 0.170000 -0.100000
v 0.866025 0.226667 -0.000000
v 0.866025 0.340000 0.100000
v 0.866025 0.340000 0.200000
v 0.866025 0.340000 0.300000
v 0.866025 0.340000 0.400000
v 0.866025 0.340000 0.500000
v 0.779423 0.340000 0.550000
v 0.692820 0.340000 0.600000
v 0.606218 0.340000 0.650000
v 0.519615 0.340000 0.700000
v 0.433013 0.340000 0.750000
v 0.346410 0.340000 0.800000
v 0.259808 0.340000 0.850000
v 0.173205 0.340000 0.900000
v 0.086603 -0.085000 0.950000
v 0.000000 -0.085000 1.000000
v -0.086603 -0.085000 0.950000
v -0.173205 -0.085000 0.900000
v -0.259808 -0.085000 0.850000
v -0.346410 -0.085000 0.800000
v -0.433013 0.226667 0.750000
v -0.519615 0.226667 0.700000
v -0.606218 0.170000 0.650000
v -0.692820 0.170000 0.600000
v -0.779423 0.170000 0.550000
v -0.866025 0.226667 0.500000
v -0.866025 0.226667 0.400000
v -0.866025 0.340000 0.300000
v -0.866025 0.340000 0.200000
v -0.866025 0.340000 0.100000
v -0.866025 0.340000 0.000000
v -0.866025 0.340000 -0.100000
v -0.866025 0.340000 -0.200000
v -0.866025 0.340000 -0.300000
v -0.866025 0.340000 -0.400000
v -0.866025 0.340000 -0.500000
v -0.779423 0.340000 -0.550000
v -0.692820 0.340000 -0.600000
v -0.606218 0.340000 -0.650000
v -0.519615 0.340000 -0.700000
v -0.433013 -0.085000 -0.750000
v -0.346410 -0.085000 -0.800000
v -0.259808 -0.085000 -0.850000
v -0.173205 -0.085000 -0.900000
v -0.086603 -0.085000 -0.950000
v 0.000000 -0.085000 -1.100000
v 0.086603 -0.085000 -1.050000
v 0.173205 -0.085000 -1.000000
v 0.259808 -0.085000 -0.950000
v 0.346410 0.340000 -0.900000
v 0.433013 0.340000 -0.850000
v 0.519615 0.226667 -0.800000
v 0.606218 0.226667 -0.750000
v 0.692820 0.170000 -0.700000
v 0.779423 0.170000 -0.650000
v 0.866025 0.170000 -0.600000
v 0.952628 0.170000 -0.550000
v 0.952628 0.170000 -0.450000
v 0.952628 0.170000 -0.350000
v 0.952628 0.170000 -0.250000
v 0.952628 0.170000 -0.150000
v 0.952628 0.170000 -0.050000
v 0.952628 0.226667 0.050000
v 0.952628 0.340000 0.150000
v 0.952628 0.340000 0.250000
v 0.952628 0.340000 0.350000
v 0.952628 0.340000 0.450000
v 0.952628 0.340000 0.550000
v 0.866025 0.340000 0.600000
v 0.779423 0.340000 0.650000
v 0.692820 0.340000 0.700000
v 0.606218 0.340000 0.750000
v 0.519615 0.340000 0.800000
v 0.433013 0.340000 0.850000
v 0.346410 0.340000 0.900000
v 0.259808 0.340000 0.950000
v 0.173205 0.340000 1.000000
v 0.086603 0.340000 1.050000
v 0.000000 -0.085000 1.100000
v -0.086603 -0.085000 1.050000
v -0.173205 -0.085000 1.000000
v -0.259808 -0.085000 0.950000
v -0.346410 -0.085000 0.900000
v -0.433013 0.170000 0.850000
v -0.519615 0.170000 0.800000
v -0.606218 0.170000 0.750000
v -0.692820 0.170000 0.700000
v -0.779423 0.170000 0.650000
v -0.866025 0.170000 0.600000
v -0.952628 0.226667 0.550000
v -0.952628 0.340000 0.450000
v -0.952628 0.340000 0.350000
v -0.952628 0.340000 0.250000
v -0.952628 0.340000 0.150000
v -0.952628 0.340000 0.050000
v -0.952628 0.340000 -0.050000
v -0.952628 0.340000 -0.150000
v -0.952628 0.340000 -0.250000
v -0.952628 0.340000 -0.350000
v -0.952628 0.340000 -0.450000
v -0.952628 0.340000 -0.550000
v -0.866025 0.340000 -0.600000
v -0.779423 0.340000 -0.650000
v -0.692820 0.340000 -0.700000
v -0.606218 0.340000 -0.750000
v -0.519615 0.340000 -0.800000
v -0.433013 -0.085000 -0.850000
v -0.346410 -0.085000 -0.900000
v -0.259808 -0.085000 -0.950000
v -0.173205 -0.085000 -1.000000
v -0.086603 -0.085000 -1.050000
v 0.000000 -0.085000 -1.200000
v 0.086603 -0.085000 -1.150000
v 0.173205 -0.085000 -1.100000
v 0.259808 -0.085000 -1.050000
v 0.346410 -0.085000 -1.000000
v 0.433013 0.340000 -0.950000
v 0.519615 0.226667 -0.900000
v 0.606218 0.170000 -0.850000
v 0.692820 0.170000 -0.800000
v 0.779423 0.170000 -0.750000
v 0.866025 0.170000 -0.700000
v 0.952628 0.170000 -0.650000
v 1.039230 0.170000 -0.600000
v 1.039230 0.170000 -0.500000
v 1.039230 0.170000 -0.400000
v 1.039230 0.170000 -0.300000
v 1.039230 0.170000 -0.200000
v 1.039230 0.170000 -0.100000
v 1.039230 0.170000 -0.000000
v 1.039230 0.226667 0.100000
v 1.039230 0.340000 0.200000
v 1.039230 0.340000 0.300000
v 1.039230 0.340000 0.400000
v 1.039230 0.340000 0.500000
v 1.039230 0.340000 0.600000
v 0.952628 0.340000 0.650000
v 0.866025 0.340000 0.700000
v 0.779423 0.340000 0.750000
v 0.692820 0.340000 0.800000
v 0.606218 0.340000 0.850000
v 0.519615 0.340000 0.900000
v 0.433013 0.340000 0.950000
v 0.346410 0.340000 1.000000
v 0.259808 0.340000 1.050000
v 0.173205 0.340000 1.100000
v 0.086603 0.340000 1.150000
v 0.000000 0.226667 1.200000
v -0.086603 -0.085000 1.150000
v -0.173205 -0.085000 1.100000
v -0.259808 -0.085000 1.050000
v -0.346410 -0.085000 1.000000
v -0.433013 -0.085000 0.950000
v -0.519615 0.170000 0.900000
v -0.606218 0.170000 0.850000
v -0.692820 0.170000 0.800000
v -0.779423 0.170000 0.750000
v -0.866025 0.170000 0.700000
v -0.952628 0.170000 0.650000
v -1.039230 0.226667 0.600000
v -1.039230 0.340000 0.500000
v -1.039230 0.340000 0.400000
v -1.039230 0.340000 0.300000
v -1.039230 0.340000 0.200000
v -1.039230 0.340000 0.100000
v -1.039230 0.340000 0.000000
v -1.039230 0.340000 -0.100000
v -1.039230 0.340000 -0.200000
v -1.039230 0.340000 -0.300000
v -1.039230 0.340000 -0.400000
v -1.039230 0.340000 -0.500000
v -1.039230 0.340000 -0.600000
v -0.952628 0.340000 -0.650000
v -0.866025 0.340000 -0.700000
v -0.779423 0.340000 -0.750000
v -0.692820 0.340000 -0.800000
v -0.606218 0.340000 -0.850000
v -0.519615 0.340000 -0.900000
v -0.433013 -0.085000 -0.950000
v -0.346410 -0.085000 -1.000000
v -0.259808 -0.085000 -1.050000
v -0.173205 -0.085000 -1.100000
v -0.086603 -0.085000 -1.150000
v 0.000000 -0.085000 -1.300000
v 0.086603 -0.085000 -1.250000
v 0.173205 -0.085000 -1.200000
v 0.259808 -0.085000 -1.150000
v 0.346410 -0.085000 -1.100000
v 0.433013 0.340000 -1.050000
v 0.519615 0.226667 -1.000000
v 0.606218 0.170000 -0.950000
v 0.692820 0.170000 -0.900000
v 0.779423 0.170000 -0.850000
v 0.866025 0.170000 -0.800000
v 0.952628 0.170000 -0.750000
v 1.039230 0.170000 -0.700000
v 1.125833 0.170000 -0.650000
v 1.125833 0.170000 -0.550000
v 1.125833 0.170000 -0.450000
v 1.125833 0.170000 -0.350000
v 1.125833 0.170000 -0.250000
v 1.125833 0.170000 -0.150000
v 1.125833 0.170000 -0.050000
v 1.125833 0.170000 0.050000
v 1.125833 0.226667 0.150000
v 1.125833 0.226667 0.250000
v 1.125833 0.226667 0.350000
v 1.125833 0.226667 0.450000
v 1.125833 0.340000 0.550000
v 1.125833 0.340000 0.650000
v 1.039230 0.340000 0.700000
v 0.952628 0.340000 0.750000
v 0.866025 0.340000 0.800000
v 0.779423 0.340000 0.850000
v 0.692820 0.340000 0.900000
v 0.606218 0.340000 0.950000
v 0.519615 0.340000 1.000000
v 0.433013 0.340000 1.050000
v 0.346410 0.340000 1.100000
v 0.259808 0.340000 1.150000
v 0.173205 0.340000 1.200000
v 0.086603 0.226667 1.250000
v 0.000000 0.170000 1.300000
v -0.086603 -0.085000 1.250000
v -0.173205 -0.085000 1.200000
v -0.259808 -0.085000 1.150000
v -0.346410 -0.085000 1.100000
v -0.433013 -0.085000 1.050000
v -0.519615 -0.085000 1.000000
v -0.606218 0.170000 0.950000
v -0.692820 0.170000 0.900000
v -0.779423 0.170000 0.850000
v -0.866025 0.170000 0.800000
v -0.952628 0.170000 0.750000
v -1.039230 0.170000 0.700000
v -1.125833 0.170000 0.650000
v -1.125833 0.226667 0.550000
v -1.125833 0.340000 0.450000
v -1.125833 0.340000 0.350000
v -1.125833 0.340000 0.250000
v -1.125833 0.340000 0.150000
v -1.125833 0.340000 0.050000
v -1.125833 0.340000 -0.050000
v -1.125833 0.340000 -0.150000
v -1.125833 0.340000 -0.250000
v -1.125833 0.340000 -0.350000
v -1.125833 0.340000 -0.450000
v -1.125833 0.340000 -0.550000
v -1.125833 0.340000 -0.650000
v -1.039230 0.340000 -0.700000
v -0.952628 0.340000 -0.750000
v -0.866025 0.340000 -0.800000
v -0.779423 0.340000 -0.850000
v -0.692820 0.340000 -0.900000
v -0.606218 0.340000 -0.950000
v -0.519615 0.340000 -1.000000
v -0.433013 0.340000 -1.050000
v -0.346410 0.340000 -1.100000
v -0.259808 -0.085000 -1.150000
v -0.173205 -0.085000 -1.200000
v -0.086603 -0.085000 -1.250000
v 0.000000 -0.085000 -1.400000
v 0.086603 -0.085000 -1.350000
v 0.173205 -0.085000 -1.300000
v 0.259808 -0.085000 -1.250000
v 0.346410 -0.085000 -1.200000
v 0.433013 -0.085000 -1.150000
v 0.519615 0.226667 -1.100000
v 0.606218 0.170000 -1.050000
v 0.692820 0.170000 -1.000000
v 0.779423 0.170000 -0.950000
v 0.866025 0.170000 -0.900000
v 0.952628 0.170000 -0.850000
v 1.039230 0.170000 -0.800000
v 1.125833 0.056667 -0.750000
v 1.212436 0.056667 -0.700000
v 1.212436 0.170000 -0.600000
v 1.212436 0.170000 -0.500000
v 1.212436 0.170000 -0.400000
v 1.212436 0.170000 -0.300000
v 1.212436 0.170000 -0.200000
v 1.212436 0.170000 -0.100000
v 1.212436 0.170000 -0.000000
v 1.212436 0.170000 0.100000
v 1.212436 0.226667 0.200000
v 1.212436 0.170000 0.300000
v 1.212436 0.170000 0.400000
v 1.212436 0.226667 0.500000
v 1.212436 0.226667 0.600000
v 1.212436 0.226667 0.700000
v 1.125833 0.340000 0.750000
v 1.039230 0.340000 0.800000
v 0.952628 0.340000 0.850000
v 0.866025 0.340000 0.900000
v 0.779423 0.340000 0.950000
v 0.692820 0.340000 1.000000
v 0.606218 0.340000 1.050000
v 0.519615 0.340000 1.100000
v 0.433013 0.340000 1.150000
v 0.346410 0.340000 1.200000
v 0.259808 0.340000 1.250000
v 0.173205 0.340000 1.300000
v 0.086603 0.226667 1.350000
v 0.000000 0.170000 1.400000
v -0.086603 -0.085000 1.350000
v -0.173205 -0.085000 1.300000
v -0.259808 -0.085000 1.250000
v -0.346410 -0.085000 1.200000
v -0.433013 -0.085000 1.150000
v -0.519615 -0.085000 1.100000
v -0.606218 0.170000 1.050000
v -0.692820 0.170000 1.000000
v -0.779423 0.170000 0.950000
v -0.866025 0.170000 0.900000
v -0.952628 0.170000 0.850000
v -1.039230 0.170000 0.800000
v -1.125833 0.170000 0.750000
v -1.212436 0.226667 0.700000
v -1.212436 0.226667 0.600000
v -1.212436 0.340000 0.500000
v -1.212436 0.340000 0.400000
v -1.212436 0.340000 0.300000
v -1.212436 0.340000 0.200000
v -1.212436 0.340000 0.100000
v -1.212436 0.340000 0.000000
v -1.212436 0.340000 -0.100000
v -1.212436 0.340000 -0.200000
v -1.212436 0.340000 -0.300000
v -1.212436 0.340000 -0.400000
v -1.212436 0.340000 -0.500000
v -1.212436 0.340000 -0.600000
v -1.212436 0.340000 -0.700000
v -1.125833 0.340000 -0.750000
v -1.039230 0.340000 -0.800000
v -0.952628 0.340000 -0.850000
v -0.866025 0.340000 -0.900000
v -0.779423 0.340000 -0.950000
v -0.692820 0.340000 -1.000000
v -0.606218 0.340000 -1.050000
v -0.519615 0.340000 -1.100000
v -0.433013 0.340000 -1.150000
v -0.346410 0.340000 -1.200000
v -0.259808 0.340000 -1.250000
v -0.173205 0.340000 -1.300000
v -0.086603 -0.085000 -1.350000
v 0.000000 0.340000 -1.500000
v 0.086603 -0.085000 -1.450000
v 0.173205 -0.085000 -1.400000
v 0.259808 -0.085000 -1.350000
v 0.346410 -0.085000 -1.300000
v 0.433013 -0.085000 -1.250000
v 0.519615 -0.085000 -1.200000
v 0.606218 0.170000 -1.150000
v 0.692820 0.170000 -1.100000
v 0.779423 0.170000 -1.050000
v 0.866025 0.170000 -1.000000
v 0.952628 0.170000 -0.950000
v 1.039230 0.170000 -0.900000
v 1.125833 0.056667 -0.850000
v 1.212436 0.000000 -0.800000
v 1.299038 0.056667 -0.750000
v 1.299038 0.170000 -0.650000
v 1.299038 0.170000 -0.550000
v 1.299038 0.170000 -0.450000
v 1.299038 0.170000 -0.350000
v 1.299038 0.170000 -0.250000
v 1.299038 0.170000 -0.150000
v 1.299038 0.170000 -0.050000
v 1.299038 0.170000 0.050000
v 1.299038 0.170000 0.150000
v 1.299038 0.170000 0.250000
v 1.299038 0.170000 0.350000
v 1.299038 0.170000 0.450000
v 1.299038 0.170000 0.550000
v 1.299038 0.170000 0.650000
v 1.299038 0.226667 0.750000
v 1.212436 0.340000 0.800000
v 1.125833 0.340000 0.850000
v 1.039230 0.340000 0.900000
v 0.952628 0.340000 0.950000
v 0.866025 0.340000 1.000000
v 0.779423 0.340000 1.050000
v 0.692820 0.340000 1.100000
v 0.606218 0.340000 1.150000
v 0.519615 0.340000 1.200000
v 0.433013 0.340000 1.250000
v 0.346410 0.340000 1.300000
v 0.259808 0.340000 1.350000
v 0.173205 0.226667 1.400000
v 0.086603 0.170000 1.450000
v 0.000000 0.170000 1.500000
v -0.086603 0.170000 1.450000
v -0.173205 -0.085000 1.400000
v -0.259808 -0.085000 1.350000
v -0.346410 -0.085000 1.300000
v -0.433013 -0.085000 1.250000
v -0.519615 -0.085000 1.200000
v -0.606218 0.170000 1.150000
v -0.692820 0.170000 1.100000
v -0.779423 0.170000 1.050000
v -0.866025 0.170000 1.000000
v -0.952628 0.170000 0.950000
v -1.039230 0.170000 0.900000
v -1.125833 0.170000 0.850000
v -1.212436 0.170000 0.800000
v -1.299038 0.226667 0.750000
v -1.299038 0.340000 0.650000
v -1.299038 0.340000 0.550000
v -1.299038 0.340000 0.450000
v -1.299038 0.340000 0.350000
v -1.299038 0.340000 0.250000
v -1.299038 0.340000 0.150000
v -1.299038 0.340000 0.050000
v -1.299038 0.340000 -0.050000
v -1.299038 0.340000 -0.150000
v -1.299038 0.340000 -0.250000
v -1.299038 0.340000 -0.350000
v -1.299038 0.340000 -0.450000
v -1.299038 0.340000 -0.550000
v -1.299038 0.340000 -0.650000
v -1.299038 0.340000 -0.750000
v -1.212436 0.340000 -0.800000
v -1.125833 0.340000 -0.850000
v -1.039230 0.340000 -0.900000
v -0.952628 0.340000 -0.950000
v -0.866025 0.340000 -1.000000
v -0.779423 0.340000 -1.050000
v -0.692820 0.340000 -1.100000
v -0.606218 0.340000 -1.150000
v -0.519615 0.340000 -1.200000
v -0.433013 0.340000 -1.250000
v -0.346410 0.340000 -1.300000
v -0.259808 0.340000 -1.350000
v -0.173205 0.340000 -1.400000
v -0.086603 0.340000 -1.450000
v 0.000000 0.226667 -1.600000
v 0.086603 0.226667 -1.550000
v 0.173205 -0.085000 -1.500000
v 0.259808 -0.085000 -1.450000
v 0.346410 -0.085000 -1.400000
v 0.433013 -0.085000 -1.350000
v 0.519615 -0.085000 -1.300000
v 0.606218 0.170000 -1.250000
v 0.692820 0.170000 -1.200000
v 0.779423 0.170000 -1.150000
v 0.866025 0.170000 -1.100000
v 0.952628 0.170000 -1.050000
v 1.039230 0.170000 -1.000000
v 1.125833 0.000000 -0.950000
v 1.212436 0.000000 -0.900000
v 1.299038 0.000000 -0.850000
v 1.385641 0.000000 -0.800000
v 1.385641 0.056667 -0.700000
v 1.385641 0.170000 -0.600000
v 1.385641 0.170000 -0.500000
v 1.385641 0.170000 -0.400000
v 1.385641 0.170000 -0.300000
v 1.385641 0.170000 -0.200000
v 1.385641 0.170000 -0.100000
v 1.385641 0.170000 -0.000000
v 1.385641 0.170000 0.100000
v 1.385641 0.170000 0.200000
v 1.385641 0.170000 0.300000
v 1.385641 0.170000 0.400000
v 1.385641 0.170000 0.500000
v 1.385641 0.170000 0.600000
v 1.385641 0.170000 0.700000
v 1.385641 0.170000 0.800000
v 1.299038 0.226667 0.850000
v 1.212436 0.340000 0.900000
v 1.125833 0.340000 0.950000
v 1.039230 0.340000 1.000000
v 0.952628 0.340000 1.050000
v 0.866025 0.340000 1.100000
v 0.779423 0.340000 1.150000
v 0.692820 0.340000 1.200000
v 0.606218 0.340000 1.250000
v 0.519615 0.340000 1.300000
v 0.433013 0.340000 1.350000
v 0.346410 0.340000 1.400000
v 0.259808 0.226667 1.450000
v 0.173205 0.226667 1.500000
v 0.086603 0.170000 1.550000
v 0.000000 0.170000 1.600000
v -0.086603 0.170000 1.550000
v -0.173205 0.170000 1.500000
v -0.259808 -0.085000 1.450000
v -0.346410 -0.085000 1.400000
v -0.433013 -0.085000 1.350000
v -0.519615 -0.085000 1.300000
v -0.606218 -0.085000 1.250000
v -0.692820 0.170000 1.200000
v -0.779423 0.170000 1.150000
v -0.866025 0.170000 1.100000
v -0.952628 0.170000 1.050000
v -1.039230 0.170000 1.000000
v -1.125833 0.170000 0.950000
v -1.212436 0.170000 0.900000
v -1.299038 0.170000 0.850000
v -1.385641 0.170000 0.800000
v -1.385641 0.226667 0.700000
v -1.385641 0.340000 0.600000
v -1.385641 0.340000 0.500000
v -1.385641 0.340000 0.400000
v -1.385641 0.340000 0.300000
v -1.385641 0.340000 0.200000
v -1.385641 0.340000 0.100000
v -1.385641 0.340000 0.000000
v -1.385641 0.340000 -0.100000
v -1.385641 0.340000 -0.200000
v -1.385641 0.340000 -0.300000
v -1.385641 0.340000 -0.400000
v -1.385641 0.340000 -0.500000
v -1.385641 0.340000 -0.600000
v -1.385641 0.340000 -0.700000
v -1.385641 0.340000 -0.800000
v -1.299038 0.340000 -0.850000
v -1.212436 0.340000 -0.900000
v -1.125833 0.340000 -0.950000
v -1.039230 0.340000 -1.000000
v -0.952628 0.340000 -1.050000
v -0.866025 0.340000 -1.100000
v -0.779423 0.340000 -1.150000
v -0.692820 0.340000 -1.200000
v -0.606218 0.340000 -1.250000
v -0.519615 0.340000 -1.300000
v -0.433013 0.340000 -1.350000
v -0.346410 0.340000 -1.400000
v -0.259808 0.340000 -1.450000
v -0.173205 0.340000 -1.500000
v -0.086603 0.226667 -1.550000
v 0.000000 0.170000 -1.700000
v 0.086603 0.170000 -1.650000
v 0.173205 -0.085000 -1.600000
v 0.259808 -0.085000 -1.550000
v 0.346410 -0.085000 -1.500000
v 0.433013 -0.085000 -1.450000
v 0.519615 -0.085000 -1.400000
v 0.606218 -0.085000 -1.350000
v 0.692820 0.170000 -1.300000
v 0.779423 0.170000 -1.250000
v 0.866025 0.170000 -1.200000
v 0.952628 0.170000 -1.150000
v 1.039230 0.170000 -1.100000
v 1.125833 0.056667 -1.050000
v 1.212436 0.000000 -1.000000
v 1.299038 0.000000 -0.950000
v 1.385641 0.000000 -0.900000
v 1.472243 0.000000 -0.850000
v 1.472243 0.056667 -0.750000
v 1.472243 0.170000 -0.650000
v 1.472243 0.170000 -0.550000
v 1.472243 0.170000 -0.450000
v 1.472243 0.170000 -0.350000
v 1.472243 0.170000 -0.250000
v 1.472243 0.170000 -0.150000
v 1.472243 0.170000 -0.050000
v 1.472243 0.170000 0.050000
v 1.472243 0.170000 0.150000
v 1.472243 0.170000 0.250000
v 1.472243 0.170000 0.350000
v 1.472243 0.170000 0.450000
v 1.472243 0.170000 0.550000
v 1.472243 0.170000 0.650000
v 1.472243 0.170000 0.750000
v 1.472243 0.170000 0.850000
v 1.385641 0.170000 0.900000
v 1.299038 0.226667 0.950000
v 1.212436 0.226667 1.000000
v 1.125833 0.226667 1.050000
v 1.039230 0.226667 1.100000
v 0.952628 0.226667 1.150000
v 0.866025 0.226667 1.200000
v 0.779423 0.226667 1.250000
v 0.692820 0.226667 1.300000
v 0.606218 0.226667 1.350000
v 0.519615 0.226667 1.400000
v 0.433013 0.340000 1.450000
v 0.346410 0.226667 1.500000
v 0.259808 0.170000 1.550000
v 0.173205 0.170000 1.600000
v 0.086603 0.170000 1.650000
v 0.000000 0.170000 1.700000
v -0.086603 0.170000 1.650000
v -0.173205 0.170000 1.600000
v -0.259808 -0.085000 1.550000
v -0.346410 -0.085000 1.500000
v -0.433013 -0.085000 1.450000
v -0.519615 -0.085000 1.400000
v -0.606218 -0.085000 1.350000
v -0.692820 -0.085000 1.300000
v -0.779423 0.170000 1.250000
v -0.866025 0.170000 1.200000
v -0.952628 0.170000 1.150000
v -1.039230 0.170000 1.100000
v -1.125833 0.170000 1.050000
v -1.212436 0.170000 1.000000
v -1.299038 0.170000 0.950000
v -1.385641 0.170000 0.900000
v -1.472243 0.170000 0.850000
v -1.472243 0.226667 0.750000
v -1.472243 0.226667 0.650000
v -1.472243 0.340000 0.550000
v -1.472243 0.340000 0.450000
v -1.472243 0.340000 0.350000
v -1.472243 0.340000 0.250000
v -1.472243 0.340000 0.150000
v -1.472243 0.340000 0.050000
v -1.472243 0.340000 -0.050000
v -1.472243 0.340000 -0.150000
v -1.472243 0.340000 -0.250000
v -1.472243 0.340000 -0.350000
v -1.472243 0.340000 -0.450000
v -1.472243 0.340000 -0.550000
v -1.472243 0.340000 -0.650000
v -1.472243 0.340000 -0.750000
v -1.472243 0.340000 -0.850000
v -1.385641 0.340000 -0.900000
v -1.299038 0.340000 -0.950000
v -1.212436 0.340000 -1.000000
v -1.125833 0.340000 -1.050000
v -1.039230 0.226667 -1.100000
v -0.952628 0.340000 -1.150000
v -0.866025 0.340000 -1.200000
v -0.779423 0.340000 -1.250000
v -0.692820 0.340000 -1.300000
v -0.606218 0.340000 -1.350000
v -0.519615 0.340000 -1.400000
v -0.433013 0.340000 -1.450000
v -0.346410 0.340000 -1.500000
v -0.259808 0.226667 -1.550000
v -0.173205 0.226667 -1.600000
v -0.086603 0.170000 -1.650000
v 0.000000 0.170000 -1.800000
v 0.086603 0.170000 -1.750000
v 0.173205 0.170000 -1.700000
v 0.259808 -0.085000 -1.650000
v 0.346410 -0.085000 -1.600000
v 0.433013 -0.085000 -1.550000
v 0.519615 -0.085000 -1.500000
v 0.606218 -0.085000 -1.450000
v 0.692820 -0.085000 -1.400000
v 0.779423 0.170000 -1.350000
v 0.866025 0.170000 -1.300000
v 0.952628 0.170000 -1.250000
v 1.039230 0.056667 -1.200000
v 1.125833 0.056667 -1.150000
v 1.212436 0.000000 -1.100000
v 1.299038 0.000000 -1.050000
v 1.385641 0.000000 -1.000000
v 1.472243 0.000000 -0.950000
v 1.558846 0.000000 -0.900000
v 1.558846 0.000000 -0.800000
v 1.558846 0.056667 -0.700000
v 1.558846 0.056667 -0.600000
v 1.558846 0.056667 -0.500000
v 1.558846 0.056667 -0.400000
v 1.558846 0.056667 -0.300000
v 1.558846 0.056667 -0.200000
v 1.558846 0.170000 -0.100000
v 1.558846 0.170000 -0.000000
v 1.558846 0.170000 0.100000
v 1.558846 0.170000 0.200000
v 1.558846 0.170000 0.300000
v 1.558846 0.170000 0.400000
v 1.558846 0.170000 0.500000
v 1.558846 0.170000 0.600000
v 1.558846 0.170000 0.700000
v 1.558846 0.170000 0.800000
v 1.558846 0.170000 0.900000
v 1.472243 0.170000 0.950000
v 1.385641 0.170000 1.000000
v 1.299038 0.170000 1.050000
v 1.212436 0.170000 1.100000
v 1.125833 0.170000 1.150000
v 1.039230 0.170000 1.200000
v 0.952628 0.170000 1.250000
v 0.866025 0.170000 1.300000
v 0.779423 0.170000 1.350000
v 0.692820 0.170000 1.400000
v 0.606218 0.170000 1.450000
v 0.519615 0.226667 1.500000
v 0.433013 0.226667 1.550000
v 0.346410 0.170000 1.600000
v 0.259808 0.170000 1.650000
v 0.173205 0.170000 1.700000
v 0.086603 0.170000 1.750000
v 0.000000 0.170000 1.800000
v -0.086603 0.170000 1.750000
v -0.173205 0.170000 1.700000
v -0.259808 -0.085000 1.650000
v -0.346410 -0.085000 1.600000
v -0.433013 -0.085000 1.550000
v -0.519615 -0.085000 1.500000
v -0.606218 -0.085000 1.450000
v -0.692820 -0.085000 1.400000
v -0.779423 0.170000 1.350000
v -0.866025 0.056667 1.300000
v -0.952628 0.056667 1.250000
v -1.039230 0.000000 1.200000
v -1.125833 0.000000 1.150000
v -1.212436 0.000000 1.100000
v -1.299038 0.170000 1.050000
v -1.385641 0.170000 1.000000
v -1.472243 0.170000 0.950000
v -1.558846 0.170000 0.900000
v -1.558846 0.170000 0.800000
v -1.558846 0.170000 0.700000
v -1.558846 0.226667 0.600000
v -1.558846 0.340000 0.500000
v -1.558846 0.340000 0.400000
v -1.558846 0.340000 0.300000
v -1.558846 0.340000 0.200000
v -1.558846 0.340000 0.100000
v -1.558846 0.340000 0.000000
v -1.558846 0.340000 -0.100000
v -1.558846 0.340000 -0.200000
v -1.558846 0.340000 -0.300000
v -1.558846 0.340000 -0.400000
v -1.558846 0.340000 -0.500000
v -1.558846 0.340000 -0.600000
v -1.558846 0.340000 -0.700000
v -1.558846 0.340000 -0.800000
v -1.558846 0.340000 -0.900000
v -1.472243 0.340000 -0.950000
v -1.385641 0.340000 -1.000000
v -1.299038 0.170000 -1.050000
v -1.212436 0.170000 -1.100000
v -1.125833 0.170000 -1.150000
v -1.039230 0.226667 -1.200000
v -0.952628 0.226667 -1.250000
v -0.866025 0.340000 -1.300000
v -0.779423 0.340000 -1.350000
v -0.692820 0.340000 -1.400000
v -0.606218 0.340000 -1.450000
v -0.519615 0.340000 -1.500000
v -0.433013 0.340000 -1.550000
v -0.346410 0.226667 -1.600000
v -0.259808 0.170000 -1.650000
v -0.173205 0.170000 -1.700000
v -0.086603 0.170000 -1.750000
v 0.000000 0.170000 -1.900000
v 0.086603 0.170000 -1.850000
v 0.173205 0.170000 -1.800000
v 0.259808 0.170000 -1.750000
v 0.346410 -0.085000 -1.700000
v 0.433013 -0.085000 -1.650000
v 0.519615 -0.085000 -1.600000
v 0.606218 -0.085000 -1.550000
v 0.692820 -0.085000 -1.500000
v 0.779423 0.056667 -1.450000
v 0.866025 0.056667 -1.400000
v 0.952628 0.056667 -1.350000
v 1.039230 0.056667 -1.300000
v 1.125833 0.000000 -1.250000
v 1.212436 0.000000 -1.200000
v 1.299038 0.000000 -1.150000
v 1.385641 0.000000 -1.100000
v 1.472243 0.000000 -1.050000
v 1.558846 0.000000 -1.000000
v 1.645448 0.000000 -0.950000
v 1.645448 0.000000 -0.850000
v 1.645448 0.056667 -0.750000
v 1.645448 0.000000 -0.650000
v 1.645448 0.000000 -0.550000
v 1.645448 0.000000 -0.450000
v 1.645448 0.000000 -0.350000
v 1.645448 0.000000 -0.250000
v 1.645448 0.056667 -0.150000
v 1.645448 0.170000 -0.050000
v 1.645448 0.170000 0.050000
v 1.645448 0.170000 0.150000
v 1.645448 0.170000 0.250000
v 1.645448 0.170000 0.350000
v 1.645448 0.170000 0.450000
v 1.645448 0.170000 0.550000
v 1.645448 0.170000 0.650000
v 1.645448 0.170000 0.750000
v 1.645448 0.170000 0.850000
v 1.645448 0.170000 0.950000
v 1.558846 0.170000 1.000000
v 1.472243 0.170000 1.050000
v 1.385641 0.170000 1.100000
v 1.299038 0.170000 1.150000
v 1.212436 0.170000 1.200000
v 1.125833 0.170000 1.250000
v 1.039230 0.170000 1.300000
v 0.952628 0.170000 1.350000
v 0.866025 0.170000 1.400000
v 0.779423 0.170000 1.450000
v 0.692820 0.170000 1.500000
v 0.606218 0.170000 1.550000
v 0.519615 0.170000 1.600000
v 0.433013 0.170000 1.650000
v 0.346410 0.170000 1.700000
v 0.259808 0.170000 1.750000
v 0.173205 0.170000 1.800000
v 0.086603 0.170000 1.850000
v 0.000000 0.170000 1.900000
v -0.086603 0.170000 1.850000
v -0.173205 0.170000 1.800000
v -0.259808 0.170000 1.750000
v -0.346410 -0.085000 1.700000
v -0.433013 -0.085000 1.650000
v -0.519615 -0.085000 1.600000
v -0.606218 -0.085000 1.550000
v -0.692820 -0.085000 1.500000
v -0.779423 -0.085000 1.450000
v -0.866025 0.056667 1.400000
v -0.952628 0.000000 1.350000
v -1.039230 0.000000 1.300000
v -1.125833 0.000000 1.250000
v -1.212436 0.000000 1.200000
v -1.299038 0.000000 1.150000
v -1.385641 0.056667 1.100000
v -1.472243 0.170000 1.050000
v -1.558846 0.170000 1.000000
v -1.645448 0.170000 0.950000
v -1.645448 0.170000 0.850000
v -1.645448 0.170000 0.750000
v -1.645448 0.170000 0.650000
v -1.645448 0.226667 0.550000
v -1.645448 0.340000 0.450000
v -1.645448 0.340000 0.350000
v -1.645448 0.340000 0.250000
v -1.645448 0.340000 0.150000
v -1.645448 0.340000 0.050000
v -1.645448 0.340000 -0.050000
v -1.645448 0.340000 -0.150000
v -1.645448 0.340000 -0.250000
v -1.645448 0.340000 -0.350000
v -1.645448 0.340000 -0.450000
v -1.645448 0.340000 -0.550000
v -1.645448 0.340000 -0.650000
v -1.645448 0.340000 -0.750000
v -1.645448 0.340000 -0.850000
v -1.645448 0.340000 -0.950000
v -1.558846 0.340000 -1.000000
v -1.472243 0.340000 -1.050000
v -1.385641 0.170000 -1.100000
v -1.299038 0.170000 -1.150000
v -1.212436 0.170000 -1.200000
v -1.125833 0.170000 -1.250000
v -1.039230 0.170000 -1.300000
v -0.952628 0.226667 -1.350000
v -0.866025 0.226667 -1.400000
v -0.779423 0.340000 -1.450000
v -0.692820 0.340000 -1.500000
v -0.606218 0.340000 -1.550000
v -0.519615 0.340000 -1.600000
v -0.433013 0.226667 -1.650000
v -0.346410 0.170000 -1.700000
v -0.259808 0.170000 -1.750000
v -0.173205 0.170000 -1.800000
v -0.086603 0.170000 -1.850000
v 0.000000 0.056667 -2.000000
v 0.086603 0.056667 -1.950000
v 0.173205 0.170000 -1.900000
v 0.259808 0.170000 -1.850000
v 0.346410 -0.085000 -1.800000
v 0.433013 -0.085000 -1.750000
v 0.519615 -0.085000 -1.700000
v 0.606218 -0.085000 -1.650000
v 0.692820 -0.085000 -1.600000
v 0.779423 -0.085000 -1.550000
v 0.866025 0.000000 -1.500000
v 0.952628 0.000000 -1.450000
v 1.039230 0.000000 -1.400000
v 1.125833 0.000000 -1.350000
v 1.212436 0.000000 -1.300000
v 1.299038 0.000000 -1.250000
v 1.385641 0.000000 -1.200000
v 1.472243 0.000000 -1.150000
v 1.558846 0.000000 -1.100000
v 1.645448 0.000000 -1.050000
v 1.732051 0.000000 -1.000000
v 1.732051 0.000000 -0.900000
v 1.732051 0.000000 -0.800000
v 1.732051 0.000000 -0.700000
v 1.732051 0.000000 -0.600000
v 1.732051 0.000000 -0.500000
v 1.732051 0.000000 -0.400000
v 1.732051 0.000000 -0.300000
v 1.732051 0.000000 -0.200000
v 1.732051 0.056667 -0.100000
v 1.732051 0.170000 -0.000000
v 1.732051 0.170000 0.100000
v 1.732051 0.170000 0.200000
v 1.732051 0.170000 0.300000
v 1.732051 0.170000 0.400000
v 1.732051 0.056667 0.500000
v 1.732051 0.056667 0.600000
v 1.732051 0.170000 0.700000
v 1.732051 0.170000 0.800000
v 1.732051 0.170000 0.900000
v 1.732051 0.056667 1.000000
v 1.645448 0.056667 1.050000
v 1.558846 0.170000 1.100000
v 1.472243 0.170000 1.150000
v 1.385641 0.170000 1.200000
v 1.299038 0.170000 1.250000
v 1.212436 0.170000 1.300000
v 1.125833 0.170000 1.350000
v 1.039230 0.170000 1.400000
v 0.952628 0.170000 1.450000
v 0.866025 0.170000 1.500000
v 0.779423 0.170000 1.550000
v 0.692820 0.170000 1.600000
v 0.606218 0.170000 1.650000
v 0.519615 0.170000 1.700000
v 0.433013 0.170000 1.750000
v 0.346410 0.056667 1.800000
v 0.259808 0.056667 1.850000
v 0.173205 0.170000 1.900000
v 0.086603 0.170000 1.950000
v 0.000000 0.170000 2.000000
v -0.086603 0.170000 1.950000
v -0.173205 0.170000 1.900000
v -0.259808 0.170000 1.850000
v -0.346410 0.056667 1.800000
v -0.433013 -0.085000 1.750000
v -0.519615 -0.085000 1.700000
v -0.606218 -0.085000 1.650000
v -0.692820 -0.085000 1.600000
v -0.779423 -0.085000 1.550000
v -0.866025 0.056667 1.500000
v -0.952628 0.000000 1.450000
v -1.039230 0.000000 1.400000
v -1.125833 0.000000 1.350000
v -1.212436 0.000000 1.300000
v -1.299038 0.000000 1.250000
v -1.385641 0.056667 1.200000
v -1.472243 0.170000 1.150000
v -1.558846 0.170000 1.100000
v -1.645448 0.056667 1.050000
v -1.732051 0.056667 1.000000
v -1.732051 0.170000 0.900000
v -1.732051 0.170000 0.800000
v -1.732051 0.170000 0.700000
v -1.732051 0.226667 0.600000
v -1.732051 0.340000 0.500000
v -1.732051 0.340000 0.400000
v -1.732051 0.340000 0.300000
v -1.732051 0.340000 0.200000
v -1.732051 0.340000 0.100000
v -1.732051 0.340000 0.000000
v -1.732051 0.340000 -0.100000
v -1.732051 0.340000 -0.200000
v -1.732051 0.340000 -0.300000
v -1.732051 0.340000 -0.400000
v -1.732051 0.340000 -0.500000
v -1.732051 0.340000 -0.600000
v -1.732051 0.340000 -0.700000
v -1.732051 0.340000 -0.800000
v -1.732051 0.340000 -0.900000
v -1.732051 0.226667 -1.000000
v -1.645448 0.340000 -1.050000
v -1.558846 0.226667 -1.100000
v -1.472243 0.170000 -1.150000
v -1.385641 0.170000 -1.200000
v -1.299038 0.170000 -1.250000
v -1.212436 0.170000 -1.300000
v -1.125833 0.170000 -1.350000
v -1.039230 0.170000 -1.400000
v -0.952628 0.170000 -1.450000
v -0.866025 0.226667 -1.500000
v -0.779423 0.340000 -1.550000
v -0.692820 0.340000 -1.600000
v -0.606218 0.340000 -1.650000
v -0.519615 0.340000 -1.700000
v -0.433013 0.226667 -1.750000
v -0.346410 0.170000 -1.800000
v -0.259808 0.170000 -1.850000
v -0.173205 0.170000 -1.900000
v -0.086603 0.056667 -1.950000
v 0.000000 0.000000 -2.100000
v 0.086603 0.000000 -2.050000
v 0.173205 0.056667 -2.000000
v 0.259808 0.056667 -1.950000
v 0.346410 0.170000 -1.900000
v 0.433013 -0.085000 -1.850000
v 0.519615 -0.085000 -1.800000
v 0.606218 -0.085000 -1.750000
v 0.692820 -0.085000 -1.700000
v 0.779423 -0.085000 -1.650000
v 0.866025 0.000000 -1.600000
v 0.952628 0.000000 -1.550000
v 1.039230 0.000000 -1.500000
v 1.125833 0.000000 -1.450000
v 1.212436 0.000000 -1.400000
v 1.299038 0.000000 -1.350000
v 1.385641 0.000000 -1.300000
v 1.472243 0.000000 -1.250000
v 1.558846 0.000000 -1.200000
v 1.645448 0.000000 -1.150000
v 1.732051 0.000000 -1.100000
v 1.818653 0.000000 -1.050000
v 1.818653 0.000000 -0.950000
v 1.818653 0.000000 -0.850000
v 1.818653 0.000000 -0.750000
v 1.818653 0.000000 -0.650000
v 1.818653 0.000000 -0.550000
v 1.818653 0.000000 -0.450000
v 1.818653 0.000000 -0.350000
v 1.818653 0.000000 -0.250000
v 1.818653 0.000000 -0.150000
v 1.818653 0.056667 -0.050000
v 1.818653 0.056667 0.050000
v 1.818653 0.170000 0.150000
v 1.818653 0.170000 0.250000
v 1.818653 0.056667 0.350000
v 1.818653 0.056667 0.450000
v 1.818653 0.000000 0.550000
v 1.818653 0.056667 0.650000
v 1.818653 0.056667 0.750000
v 1.818653 0.170000 0.850000
v 1.818653 0.056667 0.950000
v 1.818653 0.000000 1.050000
v 1.732051 0.000000 1.100000
v 1.645448 0.056667 1.150000
v 1.558846 0.170000 1.200000
v 1.472243 0.170000 1.250000
v 1.385641 0.170000 1.300000
v 1.299038 0.170000 1.350000
v 1.212436 0.170000 1.400000
v 1.125833 0.170000 1.450000
v 1.039230 0.170000 1.500000
v 0.952628 0.170000 1.550000
v 0.866025 0.170000 1.600000
v 0.779423 0.170000 1.650000
v 0.692820 0.170000 1.700000
v 0.606218 0.170000 1.750000
v 0.519615 0.056667 1.800000
v 0.433013 0.056667 1.850000
v 0.346410 0.000000 1.900000
v 0.259808 0.056667 1.950000
v 0.173205 0.056667 2.000000
v 0.086603 0.056667 2.050000
v 0.000000 0.170000 2.100000
v -0.086603 0.170000 2.050000
v -0.173205 0.170000 2.000000
v -0.259808 0.056667 1.950000
v -0.346410 0.056667 1.900000
v -0.433013 0.000000 1.850000
v -0.519615 -0.085000 1.800000
v -0.606218 -0.085000 1.750000
v -0.692820 -0.085000 1.700000
v -0.779423 -0.085000 1.650000
v -0.866025 0.000000 1.600000
v -0.952628 0.000000 1.550000
v -1.039230 0.000000 1.500000
v -1.125833 0.000000 1.450000
v -1.212436 0.000000 1.400000
v -1.299038 0.000000 1.350000
v -1.385641 0.000000 1.300000
v -1.472243 0.056667 1.250000
v -1.558846 0.056667 1.200000
v -1.645448 0.056667 1.150000
v -1.732051 0.000000 1.100000
v -1.818653 0.000000 1.050000
v -1.818653 0.056667 0.950000
v -1.818653 0.170000 0.850000
v -1.818653 0.170000 0.750000
v -1.818653 0.170000 0.650000
v -1.818653 0.226667 0.550000
v -1.818653 0.340000 0.450000
v -1.818653 0.340000 0.350000
v -1.818653 0.340000 0.250000
v -1.818653 0.340000 0.150000
v -1.818653 0.340000 0.050000
v -1.818653 0.340000 -0.050000
v -1.818653 0.340000 -0.150000
v -1.818653 0.340000 -0.250000
v -1.818653 0.340000 -0.350000
v -1.818653 0.340000 -0.450000
v -1.818653 0.340000 -0.550000
v -1.818653 0.340000 -0.650000
v -1.818653 0.340000 -0.750000
v -1.818653 0.340000 -0.850000
v -1.818653 0.226667 -0.950000
v -1.818653 0.170000 -1.050000
v -1.732051 0.226667 -1.100000
v -1.645448 0.226667 -1.150000
v -1.558846 0.170000 -1.200000
v -1.472243 0.170000 -1.250000
v -1.385641 0.170000 -1.300000
v -1.299038 0.170000 -1.350000
v -1.212436 0.170000 -1.400000
v -1.125833 0.170000 -1.450000
v -1.039230 0.170000 -1.500000
v -0.952628 0.170000 -1.550000
v -0.866025 0.226667 -1.600000
v -0.779423 0.340000 -1.650000
v -0.692820 0.340000 -1.700000
v -0.606218 0.340000 -1.750000
v -0.519615 0.226667 -1.800000
v -0.433013 0.170000 -1.850000
v -0.346410 0.170000 -1.900000
v -0.259808 0.170000 -1.950000
v -0.173205 0.056667 -2.000000
v -0.086603 0.000000 -2.050000
v 0.000000 0.000000 -2.200000
v 0.086603 0.000000 -2.150000
v 0.173205 0.000000 -2.100000
v 0.259808 0.000000 -2.050000
v 0.346410 0.056667 -2.000000
v 0.433013 0.170000 -1.950000
v 0.519615 -0.085000 -1.900000
v 0.606218 -0.085000 -1.850000
v 0.692820 -0.085000 -1.800000
v 0.779423 -0.085000 -1.750000
v 0.866025 -0.085000 -1.700000
v 0.952628 0.000000 -1.650000
v 1.039230 0.000000 -1.600000
v 1.125833 0.000000 -1.550000
v 1.212436 0.000000 -1.500000
v 1.299038 0.000000 -1.450000
v 1.385641 0.000000 -1.400000
v 1.472243 0.000000 -1.350000
v 1.558846 0.000000 -1.300000
v 1.645448 0.000000 -1.250000
v 1.732051 0.000000 -1.200000
v 1.818653 0.000000 -1.150000
v 1.905256 0.000000 -1.100000
v 1.905256 0.000000 -1.000000
v 1.905256 0.000000 -0.900000
v 1.905256 0.000000 -0.800000
v 1.905256 0.000000 -0.700000
v 1.905256 0.000000 -0.600000
v 1.905256 0.000000 -0.500000
v 1.905256 0.000000 -0.400000
v 1.905256 0.000000 -0.300000
v 1.905256 0.000000 -0.200000
v 1.905256 0.000000 -0.100000
v 1.905256 0.000000 -0.000000
v 1.905256 0.056667 0.100000
v 1.905256 0.170000 0.200000
v 1.905256 0.056667 0.300000
v 1.905256 0.000000 0.400000
v 1.905256 0.000000 0.500000
v 1.905256 0.000000 0.600000
v 1.905256 0.000000 0.700000
v 1.905256 0.056667 0.800000
v 1.905256 0.056667 0.900000
v 1.905256 0.000000 1.000000
v 1.905256 0.000000 1.100000
v 1.818653 0.000000 1.150000
v 1.732051 0.000000 1.200000
v 1.645448 0.056667 1.250000
v 1.558846 0.170000 1.300000
v 1.472243 0.170000 1.350000
v 1.385641 0.170000 1.400000
v 1.299038 0.170000 1.450000
v 1.212436 0.170000 1.500000
v 1.125833 0.170000 1.550000
v 1.039230 0.170000 1.600000
v 0.952628 0.170000 1.650000
v 0.866025 0.170000 1.700000
v 0.779423 0.170000 1.750000
v 0.692820 0.170000 1.800000
v 0.606218 0.056667 1.850000
v 0.519615 0.000000 1.900000
v 0.433013 0.000000 1.950000
v 0.346410 0.000000 2.000000
v 0.259808 0.000000 2.050000
v 0.173205 0.000000 2.100000
v 0.086603 0.056667 2.150000
v 0.000000 0.056667 2.200000
v -0.086603 0.056667 2.150000
v -0.173205 0.056667 2.100000
v -0.259808 0.056667 2.050000
v -0.346410 0.000000 2.000000
v -0.433013 0.000000 1.950000
v -0.519615 -0.085000 1.900000
v -0.606218 -0.085000 1.850000
v -0.692820 -0.085000 1.800000
v -0.779423 -0.085000 1.750000
v -0.866025 -0.085000 1.700000
v -0.952628 0.000000 1.650000
v -1.039230 0.000000 1.600000
v -1.125833 0.000000 1.550000
v -1.212436 0.000000 1.500000
v -1.299038 0.000000 1.450000
v -1.385641 0.000000 1.400000
v -1.472243 0.056667 1.350000
v -1.558846 0.056667 1.300000
v -1.645448 0.000000 1.250000
v -1.732051 0.000000 1.200000
v -1.818653 0.000000 1.150000
v -1.905256 0.000000 1.100000
v -1.905256 0.056667 1.000000
v -1.905256 0.170000 0.900000
v -1.905256 0.170000 0.800000
v -1.905256 0.170000 0.700000
v -1.905256 0.226667 0.600000
v -1.905256 0.340000 0.500000
v -1.905256 0.340000 0.400000
v -1.905256 0.340000 0.300000
v -1.905256 0.340000 0.200000
v -1.905256 0.340000 0.100000
v -1.905256 0.340000 0.000000
v -1.905256 0.340000 -0.100000
v -1.905256 0.340000 -0.200000
v -1.905256 0.340000 -0.300000
v -1.905256 0.340000 -0.400000
v -1.905256 0.340000 -0.500000
v -1.905256 0.340000 -0.600000
v -1.905256 0.340000 -0.700000
v -1.905256 0.340000 -0.800000
v -1.905256 0.340000 -0.900000
v -1.905256 0.226667 -1.000000
v -1.905256 0.170000 -1.100000
v -1.818653 0.170000 -1.150000
v -1.732051 0.226667 -1.200000
v -1.645448 0.226667 -1.250000
v -1.558846 0.170000 -1.300000
v -1.472243 0.170000 -1.350000
v -1.385641 0.170000 -1.400000
v -1.299038 0.170000 -1.450000
v -1.212436 0.170000 -1.500000
v -1.125833 0.170000 -1.550000
v -1.039230 0.170000 -1.600000
v -0.952628 0.226667 -1.650000
v -0.866025 0.226667 -1.700000
v -0.779423 0.226667 -1.750000
v -0.692820 0.226667 -1.800000
v -0.606218 0.226667 -1.850000
v -0.519615 0.170000 -1.900000
v -0.433013 0.170000 -1.950000
v -0.346410 0.170000 -2.000000
v -0.259808 0.056667 -2.050000
v -0.173205 0.000000 -2.100000
v -0.086603 0.000000 -2.150000
v 0.000000 0.000000 -2.300000
v 0.086603 0.000000 -2.250000
v 0.173205 0.000000 -2.200000
v 0.259808 0.000000 -2.150000
v 0.346410 0.000000 -2.100000
v 0.433013 0.056667 -2.050000
v 0.519615 0.056667 -2.000000
v 0.606218 -0.085000 -1.950000
v 0.692820 -0.085000 -1.900000
v 0.779423 -0.085000 -1.850000
v 0.866025 -0.085000 -1.800000
v 0.952628 -0.085000 -1.750000
v 1.039230 0.000000 -1.700000
v 1.125833 0.000000 -1.650000
v 1.212436 0.000000 -1.600000
v 1.299038 0.000000 -1.550000
v 1.385641 0.000000 -1.500000
v 1.472243 0.000000 -1.450000
v 1.558846 0.000000 -1.400000
v 1.645448 0.000000 -1.350000
v 1.732051 0.000000 -1.300000
v 1.818653 0.000000 -1.250000
v 1.905256 0.000000 -1.200000
v 1.991858 0.000000 -1.150000
v 1.991858 0.000000 -1.050000
v 1.991858 0.000000 -0.950000
v 1.991858 0.000000 -0.850000
v 1.991858 0.000000 -0.750000
v 1.991858 0.000000 -0.650000
v 1.991858 0.000000 -0.550000
v 1.991858 0.000000 -0.450000
v 1.991858 0.000000 -0.350000
v 1.991858 0.000000 -0.250000
v 1.991858 0.000000 -0.150000
v 1.991858 0.000000 -0.050000
v 1.991858 0.000000 0.050000
v 1.991858 0.056667 0.150000
v 1.991858 0.056667 0.250000
v 1.991858 0.000000 0.350000
v 1.991858 0.000000 0.450000
v 1.991858 0.000000 0.550000
v 1.991858 0.000000 0.650000
v 1.991858 0.000000 0.750000
v 1.991858 0.056667 0.850000
v 1.991858 0.056667 0.950000
v 1.991858 0.000000 1.050000
v 1.991858 0.000000 1.150000
v 1.905256 0.000000 1.200000
v 1.818653 0.000000 1.250000
v 1.732051 0.000000 1.300000
v 1.645448 0.056667 1.350000
v 1.558846 0.056667 1.400000
v 1.472243 0.170000 1.450000
v 1.385641 0.170000 1.500000
v 1.299038 0.170000 1.550000
v 1.212436 0.170000 1.600000
v 1.125833 0.170000 1.650000
v 1.039230 0.170000 1.700000
v 0.952628 0.170000 1.750000
v 0.866025 0.170000 1.800000
v 0.779423 0.170000 1.850000
v 0.692820 0.056667 1.900000
v 0.606218 0.000000 1.950000
v 0.519615 0.000000 2.000000
v 0.433013 0.000000 2.050000
v 0.346410 0.000000 2.100000
v 0.259808 0.000000 2.150000
v 0.173205 0.000000 2.200000
v 0.086603 0.000000 2.250000
v 0.000000 0.000000 2.300000
v -0.086603 0.056667 2.250000
v -0.173205 0.000000 2.200000
v -0.259808 0.000000 2.150000
v -0.346410 0.000000 2.100000
v -0.433013 0.000000 2.050000
v -0.519615 0.000000 2.000000
v -0.606218 -0.085000 1.950000
v -0.692820 -0.085000 1.900000
v -0.779423 -0.085000 1.850000
v -0.866025 -0.085000 1.800000
v -0.952628 -0.085000 1.750000
v -1.039230 0.000000 1.700000
v -1.125833 0.000000 1.650000
v -1.212436 0.000000 1.600000
v -1.299038 0.000000 1.550000
v -1.385641 0.000000 1.500000
v -1.472243 0.000000 1.450000
v -1.558846 0.000000 1.400000
v -1.645448 0.000000 1.350000
v -1.732051 0.000000 1.300000
v -1.818653 0.000000 1.250000
v -1.905256 0.000000 1.200000
v -1.991858 0.000000 1.150000
v -1.991858 0.056667 1.050000
v -1.991858 0.170000 0.950000
v -1.991858 0.170000 0.850000
v -1.991858 0.170000 0.750000
v -1.991858 0.226667 0.650000
v -1.991858 0.340000 0.550000
v -1.991858 0.340000 0.450000
v -1.991858 0.340000 0.350000
v -1.991858 0.340000 0.250000
v -1.991858 0.340000 0.150000
v -1.991858 0.340000 0.050000
v -1.991858 0.340000 -0.050000
v -1.991858 0.340000 -0.150000
v -1.991858 0.340000 -0.250000
v -1.991858 0.340000 -0.350000
v -1.991858 0.340000 -0.450000
v -1.991858 0.340000 -0.550000
v -1.991858 0.340000 -0.650000
v -1.991858 0.340000 -0.750000
v -1.991858 0.340000 -0.850000
v -1.991858 0.226667 -0.950000
v -1.991858 0.170000 -1.050000
v -1.991858 0.170000 -1.150000
v -1.905256 0.170000 -1.200000
v -1.818653 0.170000 -1.250000
v -1.732051 0.170000 -1.300000
v -1.645448 0.170000 -1.350000
v -1.558846 0.170000 -1.400000
v -1.472243 0.170000 -1.450000
v -1.385641 0.170000 -1.500000
v -1.299038 0.170000 -1.550000
v -1.212436 0.170000 -1.600000
v -1.125833 0.170000 -1.650000
v -1.039230 0.170000 -1.700000
v -0.952628 0.170000 -1.750000
v -0.866025 0.170000 -1.800000
v -0.779423 0.170000 -1.850000
v -0.692820 0.170000 -1.900000
v -0.606218 0.056667 -1.950000
v -0.519615 0.056667 -2.000000
v -0.433013 0.056667 -2.050000
v -0.346410 0.056667 -2.100000
v -0.259808 0.000000 -2.150000
v -0.173205 0.000000 -2.200000
v -0.086603 0.000000 -2.250000
v 0.000000 0.000000 -2.400000
v 0.086603 0.000000 -2.350000
v 0.173205 0.000000 -2.300000
v 0.259808 0.000000 -2.250000
v 0.346410 0.000000 -2.200000
v 0.433013 0.000000 -2.150000
v 0.519615 0.000000 -2.100000
v 0.606218 -0.085000 -2.050000
v 0.692820 -0.085000 -2.000000
v 0.779423 -0.085000 -1.950000
v 0.866025 -0.085000 -1.900000
v 0.952628 -0.085000 -1.850000
v 1.039230 -0.085000 -1.800000
v 1.125833 0.000000 -1.750000
v 1.212436 0.000000 -1.700000
v 1.299038 0.000000 -1.650000
v 1.385641 0.000000 -1.600000
v 1.472243 0.000000 -1.550000
v 1.558846 0.000000 -1.500000
v 1.645448 0.000000 -1.450000
v 1.732051 0.000000 -1.400000
v 1.818653 0.000000 -1.350000
v 1.905256 0.000000 -1.300000
v 1.991858 0.000000 -1.250000
v 2.078461 0.000000 -1.200000
v 2.078461 0.000000 -1.100000
v 2.078461 0.000000 -1.000000
v 2.078461 0.000000 -0.900000
v 2.078461 0.000000 -0.800000
v 2.078461 0.000000 -0.700000
v 2.078461 0.000000 -0.600000
v 2.078461 0.000000 -0.500000
v 2.078461 0.000000 -0.400000
v 2.078461 0.000000 -0.300000
v 2.078461 0.000000 -0.200000
v 2.078461 0.000000 -0.100000
v 2.078461 0.000000 -0.000000
v 2.078461 0.000000 0.100000
v 2.078461 0.000000 0.200000
v 2.078461 0.000000 0.300000
v 2.078461 0.000000 0.400000
v 2.078461 0.000000 0.500000
v 2.078461 0.000000 0.600000
v 2.078461 0.000000 0.700000
v 2.078461 0.000000 0.800000
v 2.078461 0.056667 0.900000
v 2.078461 0.000000 1.000000
v 2.078461 0.000000 1.100000
v 2.078461 0.000000 1.200000
v 1.991858 0.000000 1.250000
v 1.905256 0.000000 1.300000
v 1.818653 0.000000 1.350000
v 1.732051 0.000000 1.400000
v 1.645448 0.000000 1.450000
v 1.558846 0.056667 1.500000
v 1.472243 0.170000 1.550000
v 1.385641 0.170000 1.600000
v 1.299038 0.170000 1.650000
v 1.212436 0.170000 1.700000
v 1.125833 0.170000 1.750000
v 1.039230 0.170000 1.800000
v 0.952628 0.170000 1.850000
v 0.866025 0.170000 1.900000
v 0.779423 0.056667 1.950000
v 0.692820 0.000000 2.000000
v 0.606218 0.000000 2.050000
v 0.519615 0.000000 2.100000
v 0.433013 0.000000 2.150000
v 0.346410 0.000000 2.200000
v 0.259808 0.000000 2.250000
v 0.173205 0.000000 2.300000
v 0.086603 0.000000 2.350000
v 0.000000 0.000000 2.400000
v -0.086603 0.000000 2.350000
v -0.173205 0.000000 2.300000
v -0.259808 0.000000 2.250000
v -0.346410 0.000000 2.200000
v -0.433013 0.000000 2.150000
v -0.519615 0.000000 2.100000
v -0.606218 -0.085000 2.050000
v -0.692820 -0.085000 2.000000
v -0.779423 -0.085000 1.950000
v -0.866025 -0.085000 1.900000
v -0.952628 -0.085000 1.850000
v -1.039230 0.000000 1.800000
v -1.125833 0.000000 1.750000
v -1.212436 0.000000 1.700000
v -1.299038 0.000000 1.650000
v -1.385641 0.000000 1.600000
v -1.472243 0.000000 1.550000
v -1.558846 0.000000 1.500000
v -1.645448 0.000000 1.450000
v -1.732051 0.000000 1.400000
v -1.818653 0.000000 1.350000
v -1.905256 0.000000 1.300000
v -1.991858 0.000000 1.250000
v -2.078461 0.000000 1.200000
v -2.078461 0.056667 1.100000
v -2.078461 0.170000 1.000000
v -2.078461 0.170000 0.900000
v -2.078461 0.170000 0.800000
v -2.078461 0.170000 0.700000
v -2.078461 0.226667 0.600000
v -2.078461 0.340000 0.500000
v -2.078461 0.340000 0.400000
v -2.078461 0.340000 0.300000
v -2.078461 0.340000 0.200000
v -2.078461 0.340000 0.100000
v -2.078461 0.340000 0.000000
v -2.078461 0.340000 -0.100000
v -2.078461 0.340000 -0.200000
v -2.078461 0.340000 -0.300000
v -2.078461 0.340000 -0.400000
v -2.078461 0.340000 -0.500000
v -2.078461 0.340000 -0.600000
v -2.078461 0.340000 -0.700000
v -2.078461 0.226667 -0.800000
v -2.078461 0.226667 -0.900000
v -2.078461 0.226667 -1.000000
v -2.078461 0.170000 -1.100000
v -2.078461 0.056667 -1.200000
v -1.991858 0.170000 -1.250000
v -1.905256 0.170000 -1.300000
v -1.818653 0.170000 -1.350000
v -1.732051 0.170000 -1.400000
v -1.645448 0.170000 -1.450000
v -1.558846 0.170000 -1.500000
v -1.472243 0.170000 -1.550000
v -1.385641 0.170000 -1.600000
v -1.299038 0.170000 -1.650000
v -1.212436 0.170000 -1.700000
v -1.125833 0.170000 -1.750000
v -1.039230 0.170000 -1.800000
v -0.952628 0.170000 -1.850000
v -0.866025 0.170000 -1.900000
v -0.779423 0.170000 -1.950000
v -0.692820 0.056667 -2.000000
v -0.606218 0.000000 -2.050000
v -0.519615 0.000000 -2.100000
v -0.433013 0.000000 -2.150000
v -0.346410 0.000000 -2.200000
v -0.259808 0.000000 -2.250000
v -0.173205 0.000000 -2.300000
v -0.086603 0.000000 -2.350000
v 0.000000 0.000000 -2.500000
v 0.086603 0.000000 -2.450000
v 0.173205 0.000000 -2.400000
v 0.259808 0.000000 -2.350000
v 0.346410 0.000000 -2.300000
v 0.433013 0.000000 -2.250000
v 0.519615 0.000000 -2.200000
v 0.606218 0.000000 -2.150000
v 0.692820 -0.085000 -2.100000
v 0.779423 -0.085000 -2.050000
v 0.866025 -0.085000 -2.000000
v 0.952628 -0.085000 -1.950000
v 1.039230 -0.085000 -1.900000
v 1.125833 0.000000 -1.850000
v 1.212436 0.000000 -1.800000
v 1.299038 0.000000 -1.750000
v 1.385641 0.000000 -1.700000
v 1.472243 0.000000 -1.650000
v 1.558846 0.000000 -1.600000
v 1.645448 0.000000 -1.550000
v 1.732051 0.000000 -1.500000
v 1.818653 0.000000 -1.450000
v 1.905256 0.000000 -1.400000
v 1.991858 0.000000 -1.350000
v 2.078461 0.000000 -1.300000
v 2.165064 0.000000 -1.250000
v 2.165064 0.000000 -1.150000
v 2.165064 0.000000 -1.050000
v 2.165064 0.000000 -0.950000
v 2.165064 0.000000 -0.850000
v 2.165064 0.000000 -0.750000
v 2.165064 0.000000 -0.650000
v 2.165064 0.000000 -0.550000
v 2.165064 0.000000 -0.450000
v 2.165064 0.000000 -0.350000
v 2.165064 0.000000 -0.250000
v 2.165064 0.000000 -0.150000
v 2.165064 0.000000 -0.050000
v 2.165064 0.000000 0.050000
v 2.165064 0.000000 0.150000
v 2.165064 0.000000 0.250000
v 2.165064 0.000000 0.350000
v 2.165064 0.000000 0.450000
v 2.165064 0.000000 0.550000
v 2.165064 0.000000 0.650000
v 2.165064 0.000000 0.750000
v 2.165064 0.000000 0.850000
v 2.165064 0.000000 0.950000
v 2.165064 0.000000 1.050000
v 2.165064 0.000000 1.150000
v 2.165064 0.000000 1.250000
v 2.078461 0.000000 1.300000
v 1.991858 0.000000 1.350000
v 1.905256 0.000000 1.400000
v 1.818653 0.000000 1.450000
v 1.732051 0.000000 1.500000
v 1.645448 0.000000 1.550000
v 1.558846 0.056667 1.600000
v 1.472243 0.170000 1.650000
v 1.385641 0.170000 1.700000
v 1.299038 0.170000 1.750000
v 1.212436 0.170000 1.800000
v 1.125833 0.170000 1.850000
v 1.039230 0.170000 1.900000
v 0.952628 0.170000 1.950000
v 0.866025 0.056667 2.000000
v 0.779423 0.000000 2.050000
v 0.692820 0.000000 2.100000
v 0.606218 0.000000 2.150000
v 0.519615 0.000000 2.200000
v 0.433013 0.000000 2.250000
v 0.346410 0.000000 2.300000
v 0.259808 0.000000 2.350000
v 0.173205 0.000000 2.400000
v 0.086603 0.000000 2.450000
v 0.000000 0.000000 2.500000
v -0.086603 0.000000 2.450000
v -0.173205 0.000000 2.400000
v -0.259808 0.000000 2.350000
v -0.346410 0.000000 2.300000
v -0.433013 0.000000 2.250000
v -0.519615 0.000000 2.200000
v -0.606218 0.000000 2.150000
v -0.692820 -0.085000 2.100000
v -0.779423 -0.085000 2.050000
v -0.866025 -0.085000 2.000000
v -0.952628 -0.085000 1.950000
v -1.039230 -0.085000 1.900000
v -1.125833 0.000000 1.850000
v -1.212436 0.000000 1.800000
v -1.299038 0.000000 1.750000
v -1.385641 0.000000 1.700000
v -1.472243 0.000000 1.650000
v -1.558846 0.000000 1.600000
v -1.645448 0.000000 1.550000
v -1.732051 0.000000 1.500000
v -1.818653 0.000000 1.450000
v -1.905256 0.000000 1.400000
v -1.991858 0.000000 1.350000
v -2.078461 0.000000 1.300000
v -2.165064 0.000000 1.250000
v -2.165064 0.000000 1.150000
v -2.165064 0.056667 1.050000
v -2.165064 0.170000 0.950000
v -2.165064 0.170000 0.850000
v -2.165064 0.170000 0.750000
v -2.165064 0.226667 0.650000
v -2.165064 0.340000 0.550000
v -2.165064 0.340000 0.450000
v -2.165064 0.340000 0.350000
v -2.165064 0.340000 0.250000
v -2.165064 0.340000 0.150000
v -2.165064 0.340000 0.050000
v -2.165064 0.340000 -0.050000
v -2.165064 0.340000 -0.150000
v -2.165064 0.340000 -0.250000
v -2.165064 0.340000 -0.350000
v -2.165064 0.340000 -0.450000
v -2.165064 0.340000 -0.550000
v -2.165064 0.340000 -0.650000
v -2.165064 0.226667 -0.750000
v -2.165064 0.170000 -0.850000
v -2.165064 0.170000 -0.950000
v -2.165064 0.170000 -1.050000
v -2.165064 0.056667 -1.150000
v -2.165064 0.000000 -1.250000
v -2.078461 0.056667 -1.300000
v -1.991858 0.170000 -1.350000
v -1.905256 0.170000 -1.400000
v -1.818653 0.170000 -1.450000
v -1.732051 0.170000 -1.500000
v -1.645448 0.170000 -1.550000
v -1.558846 0.170000 -1.600000
v -1.472243 0.170000 -1.650000
v -1.385641 0.170000 -1.700000
v -1.299038 0.170000 -1.750000
v -1.212436 0.170000 -1.800000
v -1.125833 0.056667 -1.850000
v -1.039230 0.056667 -1.900000
v -0.952628 0.170000 -1.950000
v -0.866025 0.170000 -2.000000
v -0.779423 0.056667 -2.050000
v -0.692820 0.000000 -2.100000
v -0.606218 0.000000 -2.150000
v -0.519615 0.000000 -2.200000
v -0.433013 0.000000 -2.250000
v -0.346410 0.000000 -2.300000
v -0.259808 0.000000 -2.350000
v -0.173205 0.000000 -2.400000
v -0.086603 0.000000 -2.450000
v 0.000000 0.000000 -2.600000
v 0.086603 0.000000 -2.550000
v 0.173205 0.000000 -2.500000
v 0.259808 0.000000 -2.450000
v 0.346410 0.000000 -2.400000
v 0.433013 0.000000 -2.350000
v 0.519615 0.000000 -2.300000
v 0.606218 0.000000 -2.250000
v 0.692820 0.000000 -2.200000
v 0.779423 -0.085000 -2.150000
v 0.866025 -0.085000 -2.100000
v 0.952628 -0.085000 -2.050000
v 1.039230 -0.085000 -2.000000
v 1.125833 0.000000 -1.950000
v 1.212436 0.000000 -1.900000
v 1.299038 0.000000 -1.850000
v 1.385641 0.000000 -1.800000
v 1.472243 0.000000 -1.750000
v 1.558846 0.000000 -1.700000
v 1.645448 0.000000 -1.650000
v 1.732051 0.000000 -1.600000
v 1.818653 0.000000 -1.550000
v 1.905256 0.000000 -1.500000
v 1.991858 0.000000 -1.450000
v 2.078461 0.000000 -1.400000
v 2.165064 0.000000 -1.350000
v 2.251666 0.000000 -1.300000
v 2.251666 0.000000 -1.200000
v 2.251666 0.000000 -1.100000
v 2.251666 0.000000 -1.000000
v 2.251666 0.000000 -0.900000
v 2.251666 0.000000 -0.800000
v 2.251666 0.000000 -0.700000
v 2.251666 0.000000 -0.600000
v 2.251666 0.000000 -0.500000
v 2.251666 0.000000 -0.400000
v 2.251666 0.000000 -0.300000
v 2.251666 0.000000 -0.200000
v 2.251666 0.000000 -0.100000
v 2.251666 0.000000 -0.000000
v 2.251666 0.000000 0.100000
v 2.251666 0.000000 0.200000
v 2.251666 0.000000 0.300000
v 2.251666 0.000000 0.400000
v 2.251666 0.000000 0.500000
v 2.251666 0.000000 0.600000
v 2.251666 0.000000 0.700000
v 2.251666 0.000000 0.800000
v 2.251666 0.000000 0.900000
v 2.251666 0.000000 1.000000
v 2.251666 0.000000 1.100000
v 2.251666 0.000000 1.200000
v 2.251666 0.000000 1.300000
v 2.165064 0.000000 1.350000
v 2.078461 0.000000 1.400000
v 1.991858 0.000000 1.450000
v 1.905256 0.000000 1.500000
v 1.818653 0.000000 1.550000
v 1.732051 0.000000 1.600000
v 1.645448 0.000000 1.650000
v 1.558846 0.056667 1.700000
v 1.472243 0.170000 1.750000
v 1.385641 0.170000 1.800000
v 1.299038 0.170000 1.850000
v 1.212436 0.170000 1.900000
v 1.125833 0.170000 1.950000
v 1.039230 0.170000 2.000000
v 0.952628 0.056667 2.050000
v 0.866025 0.000000 2.100000
v 0.779423 0.000000 2.150000
v 0.692820 0.000000 2.200000
v 0.606218 0.000000 2.250000
v 0.519615 0.000000 2.300000
v 0.433013 0.000000 2.350000
v 0.346410 0.000000 2.400000
v 0.259808 0.000000 2.450000
v 0.173205 0.000000 2.500000
v 0.086603 0.000000 2.550000
v 0.000000 0.000000 2.600000
v -0.086603 0.000000 2.550000
v -0.173205 0.000000 2.500000
v -0.259808 0.000000 2.450000
v -0.346410 0.000000 2.400000
v -0.433013 0.000000 2.350000
v -0.519615 0.000000 2.300000
v -0.606218 0.000000 2.250000
v -0.692820 -0.085000 2.200000
v -0.779423 -0.085000 2.150000
v -0.866025 -0.085000 2.100000
v -0.952628 -0.085000 2.050000
v -1.039230 -0.085000 2.000000
v -1.125833 -0.085000 1.950000
v -1.212436 0.000000 1.900000
v -1.299038 0.000000 1.850000
v -1.385641 0.000000 1.800000
v -1.472243 0.000000 1.750000
v -1.558846 0.000000 1.700000
v -1.645448 0.000000 1.650000
v -1.732051 0.000000 1.600000
v -1.818653 0.000000 1.550000
v -1.905256 0.000000 1.500000
v -1.991858 0.000000 1.450000
v -2.078461 0.000000 1.400000
v -2.165064 0.000000 1.350000
v -2.251666 0.000000 1.300000
v -2.251666 0.000000 1.200000
v -2.251666 0.056667 1.100000
v -2.251666 0.170000 1.000000
v -2.251666 0.170000 0.900000
v -2.251666 0.170000 0.800000
v -2.251666 0.170000 0.700000
v -2.251666 0.226667 0.600000
v -2.251666 0.226667 0.500000
v -2.251666 0.226667 0.400000
v -2.251666 0.226667 0.300000
v -2.251666 0.340000 0.200000
v -2.251666 0.340000 0.100000
v -2.251666 0.340000 0.000000
v -2.251666 0.340000 -0.100000
v -2.251666 0.340000 -0.200000
v -2.251666 0.340000 -0.300000
v -2.251666 0.340000 -0.400000
v -2.251666 0.340000 -0.500000
v -2.251666 0.340000 -0.600000
v -2.251666 0.226667 -0.700000
v -2.251666 0.170000 -0.800000
v -2.251666 0.170000 -0.900000
v -2.251666 0.170000 -1.000000
v -2.251666 0.170000 -1.100000
v -2.251666 0.056667 -1.200000
v -2.251666 0.000000 -1.300000
v -2.165064 0.000000 -1.350000
v -2.078461 0.056667 -1.400000
v -1.991858 0.170000 -1.450000
v -1.905256 0.170000 -1.500000
v -1.818653 0.056667 -1.550000
v -1.732051 0.000000 -1.600000
v -1.645448 0.056667 -1.650000
v -1.558846 0.056667 -1.700000
v -1.472243 0.170000 -1.750000
v -1.385641 0.170000 -1.800000
v -1.299038 0.056667 -1.850000
v -1.212436 0.000000 -1.900000
v -1.125833 0.000000 -1.950000
v -1.039230 0.056667 -2.000000
v -0.952628 0.056667 -2.050000
v -0.866025 0.056667 -2.100000
v -0.779423 0.000000 -2.150000
v -0.692820 0.000000 -2.200000
v -0.606218 0.000000 -2.250000
v -0.519615 0.000000 -2.300000
v -0.433013 0.000000 -2.350000
v -0.346410 0.000000 -2.400000
v -0.259808 0.000000 -2.450000
v -0.173205 0.000000 -2.500000
v -0.086603 0.000000 -2.550000
v 0.000000 0.000000 -2.700000
v 0.086603 0.000000 -2.650000
v 0.173205 0.000000 -2.600000
v 0.259808 0.000000 -2.550000
v 0.346410 0.000000 -2.500000
v 0.433013 0.000000 -2.450000
v 0.519615 0.000000 -2.400000
v 0.606218 0.000000 -2.350000
v 0.692820 0.000000 -2.300000
v 0.779423 0.000000 -2.250000
v 0.866025 -0.085000 -2.200000
v 0.952628 -0.085000 -2.150000
v 1.039230 -0.085000 -2.100000
v 1.125833 -0.085000 -2.050000
v 1.212436 0.000000 -2.000000
v 1.299038 0.000000 -1.950000
v 1.385641 0.000000 -1.900000
v 1.472243 0.000000 -1.850000
v 1.558846 0.000000 -1.800000
v 1.645448 0.000000 -1.750000
v 1.732051 0.000000 -1.700000
v 1.818653 0.000000 -1.650000
v 1.905256 0.000000 -1.600000
v 1.991858 0.000000 -1.550000
v 2.078461 0.000000 -1.500000
v 2.165064 0.000000 -1.450000
v 2.251666 0.000000 -1.400000
v 2.338269 0.000000 -1.350000
v 2.338269 0.000000 -1.250000
v 2.338269 0.000000 -1.150000
v 2.338269 0.000000 -1.050000
v 2.338269 0.000000 -0.950000
v 2.338269 0.000000 -0.850000
v 2.338269 0.000000 -0.750000
v 2.338269 0.000000 -0.650000
v 2.338269 0.000000 -0.550000
v 2.338269 0.000000 -0.450000
v 2.338269 0.000000 -0.350000
v 2.338269 0.000000 -0.250000
v 2.338269 0.000000 -0.150000
v 2.338269 0.000000 -0.050000
v 2.338269 0.000000 0.050000
v 2.338269 0.000000 0.150000
v 2.338269 0.000000 0.250000
v 2.338269 0.000000 0.350000
v 2.338269 0.000000 0.450000
v 2.338269 0.000000 0.550000
v 2.338269 0.000000 0.650000
v 2.338269 0.000000 0.750000
v 2.338269 0.000000 0.850000
v 2.338269 0.000000 0.950000
v 2.338269 0.000000 1.050000
v 2.338269 0.000000 1.150000
v 2.338269 0.000000 1.250000
v 2.338269 0.000000 1.350000
v 2.251666 0.000000 1.400000
v 2.165064 0.000000 1.450000
v 2.078461 0.000000 1.500000
v 1.991858 0.000000 1.550000
v 1.905256 0.000000 1.600000
v 1.818653 0.000000 1.650000
v 1.732051 0.000000 1.700000
v 1.645448 0.000000 1.750000
v 1.558846 0.056667 1.800000
v 1.472243 0.056667 1.850000
v 1.385641 0.056667 1.900000
v 1.299038 0.056667 1.950000
v 1.212436 0.056667 2.000000
v 1.125833 0.056667 2.050000
v 1.039230 0.056667 2.100000
v 0.952628 0.000000 2.150000
v 0.866025 0.000000 2.200000
v 0.779423 0.000000 2.250000
v 0.692820 0.000000 2.300000
v 0.606218 0.000000 2.350000
v 0.519615 0.000000 2.400000
v 0.433013 0.000000 2.450000
v 0.346410 0.000000 2.500000
v 0.259808 0.000000 2.550000
v 0.173205 0.000000 2.600000
v 0.086603 0.000000 2.650000
v 0.000000 0.000000 2.700000
v -0.086603 0.000000 2.650000
v -0.173205 0.000000 2.600000
v -0.259808 0.000000 2.550000
v -0.346410 0.000000 2.500000
v -0.433013 0.000000 2.450000
v -0.519615 0.000000 2.400000
v -0.606218 0.000000 2.350000
v -0.692820 0.000000 2.300000
v -0.779423 -0.085000 2.250000
v -0.866025 -0.085000 2.200000
v -0.952628 -0.085000 2.150000
v -1.039230 -0.085000 2.100000
v -1.125833 -0.085000 2.050000
v -1.212436 0.000000 2.000000
v -1.299038 0.000000 1.950000
v -1.385641 0.000000 1.900000
v -1.472243 0.000000 1.850000
v -1.558846 0.000000 1.800000
v -1.645448 0.000000 1.750000
v -1.732051 0.000000 1.700000
v -1.818653 0.000000 1.650000
v -1.905256 0.000000 1.600000
v -1.991858 0.000000 1.550000
v -2.078461 0.000000 1.500000
v -2.165064 0.000000 1.450000
v -2.251666 0.000000 1.400000
v -2.338269 0.000000 1.350000
v -2.338269 0.000000 1.250000
v -2.338269 0.056667 1.150000
v -2.338269 0.170000 1.050000
v -2.338269 0.170000 0.950000
v -2.338269 0.170000 0.850000
v -2.338269 0.170000 0.750000
v -2.338269 0.170000 0.650000
v -2.338269 0.170000 0.550000
v -2.338269 0.170000 0.450000
v -2.338269 0.170000 0.350000
v -2.338269 0.226667 0.250000
v -2.338269 0.340000 0.150000
v -2.338269 0.340000 0.050000
v -2.338269 0.340000 -0.050000
v -2.338269 0.226667 -0.150000
v -2.338269 0.226667 -0.250000
v -2.338269 0.340000 -0.350000
v -2.338269 0.340000 -0.450000
v -2.338269 0.340000 -0.550000
v -2.338269 0.226667 -0.650000
v -2.338269 0.170000 -0.750000
v -2.338269 0.170000 -0.850000
v -2.338269 0.170000 -0.950000
v -2.338269 0.170000 -1.050000
v -2.338269 0.056667 -1.150000
v -2.338269 0.000000 -1.250000
v -2.338269 0.000000 -1.350000
v -2.251666 0.000000 -1.400000
v -2.165064 0.000000 -1.450000
v -2.078461 0.056667 -1.500000
v -1.991858 0.170000 -1.550000
v -1.905256 0.056667 -1.600000
v -1.818653 0.000000 -1.650000
v -1.732051 0.000000 -1.700000
v -1.645448 0.000000 -1.750000
v -1.558846 0.000000 -1.800000
v -1.472243 0.000000 -1.850000
v -1.385641 0.000000 -1.900000
v -1.299038 0.000000 -1.950000
v -1.212436 0.000000 -2.000000
v -1.125833 0.000000 -2.050000
v -1.039230 0.000000 -2.100000
v -0.952628 0.000000 -2.150000
v -0.866025 0.000000 -2.200000
v -0.779423 0.000000 -2.250000
v -0.692820 0.000000 -2.300000
v -0.606218 0.000000 -2.350000
v -0.519615 0.000000 -2.400000
v -0.433013 0.000000 -2.450000
v -0.346410 0.000000 -2.500000
v -0.259808 0.000000 -2.550000
v -0.173205 0.000000 -2.600000
v -0.086603 0.000000 -2.650000
v 0.000000 0.000000 -2.800000
v 0.086603 0.000000 -2.750000
v 0.173205 0.000000 -2.700000
v 0.259808 0.000000 -2.650000
v 0.346410 0.000000 -2.600000
v 0.433013 0.000000 -2.550000
v 0.519615 0.000000 -2.500000
v 0.606218 0.000000 -2.450000
v 0.692820 0.000000 -2.400000
v 0.779423 0.000000 -2.350000
v 0.866025 0.000000 -2.300000
v 0.952628 -0.085000 -2.250000
v 1.039230 -0.085000 -2.200000
v 1.125833 -0.085000 -2.150000
v 1.212436 -0.085000 -2.100000
v 1.299038 0.000000 -2.050000
v 1.385641 0.000000 -2.000000
v 1.472243 0.000000 -1.950000
v 1.558846 0.000000 -1.900000
v 1.645448 0.000000 -1.850000
v 1.732051 0.000000 -1.800000
v 1.818653 0.000000 -1.750000
v 1.905256 0.000000 -1.700000
v 1.991858 0.000000 -1.650000
v 2.078461 0.000000 -1.600000
v 2.165064 0.000000 -1.550000
v 2.251666 0.000000 -1.500000
v 2.338269 0.000000 -1.450000
v 2.424871 0.000000 -1.400000
v 2.424871 0.000000 -1.300000
v 2.424871 0.000000 -1.200000
v 2.424871 0.000000 -1.100000
v 2.424871 0.000000 -1.000000
v 2.424871 0.000000 -0.900000
v 2.424871 0.000000 -0.800000
v 2.424871 0.000000 -0.700000
v 2.424871 0.000000 -0.600000
v 2.424871 0.000000 -0.500000
v 2.424871 0.000000 -0.400000
v 2.424871 0.000000 -0.300000
v 2.424871 0.000000 -0.200000
v 2.424871 0.000000 -0.100000
v 2.424871 0.000000 -0.000000
v 2.424871 0.000000 0.100000
v 2.424871 0.000000 0.200000
v 2.424871 0.000000 0.300000
v 2.424871 0.000000 0.400000
v 2.424871 0.000000 0.500000
v 2.424871 0.000000 0.600000
v 2.424871 0.000000 0.700000
v 2.424871 0.000000 0.800000
v 2.424871 0.000000 0.900000
v 2.424871 0.000000 1.000000
v 2.424871 0.000000 1.100000
v 2.424871 0.000000 1.200000
v 2.424871 0.000000 1.300000
v 2.424871 0.000000 1.400000
v 2.338269 0.000000 1.450000
v 2.251666 0.000000 1.500000
v 2.165064 0.000000 1.550000
v 2.078461 0.000000 1.600000
v 1.991858 0.000000 1.650000
v 1.905256 0.000000 1.700000
v 1.818653 0.000000 1.750000
v 1.732051 0.000000 1.800000
v 1.645448 0.000000 1.850000
v 1.558846 0.000000 1.900000
v 1.472243 0.000000 1.950000
v 1.385641 0.000000 2.000000
v 1.299038 0.000000 2.050000
v 1.212436 0.000000 2.100000
v 1.125833 0.000000 2.150000
v 1.039230 0.000000 2.200000
v 0.952628 0.000000 2.250000
v 0.866025 0.000000 2.300000
v 0.779423 0.000000 2.350000
v 0.692820 0.000000 2.400000
v 0.606218 0.000000 2.450000
v 0.519615 0.000000 2.500000
v 0.433013 0.000000 2.550000
v 0.346410 0.000000 2.600000
v 0.259808 0.000000 2.650000
v 0.173205 0.000000 2.700000
v 0.086603 0.000000 2.750000
v 0.000000 0.000000 2.800000
v -0.086603 0.000000 2.750000
v -0.173205 0.000000 2.700000
v -0.259808 0.000000 2.650000
v -0.346410 0.000000 2.600000
v -0.433013 0.000000 2.550000
v -0.519615 0.000000 2.500000
v -0.606218 0.000000 2.450000
v -0.692820 0.000000 2.400000
v -0.779423 0.000000 2.350000
v -0.866025 -0.085000 2.300000
v -0.952628 -0.085000 2.250000
v -1.039230 -0.085000 2.200000
v -1.125833 -0.085000 2.150000
v -1.212436 0.000000 2.100000
v -1.299038 0.000000 2.050000
v -1.385641 0.000000 2.000000
v -1.472243 0.000000 1.950000
v -1.558846 0.000000 1.900000
v -1.645448 0.000000 1.850000
v -1.732051 0.000000 1.800000
v -1.818653 0.000000 1.750000
v -1.905256 0.000000 1.700000
v -1.991858 0.000000 1.650000
v -2.078461 0.000000 1.600000
v -2.165064 0.000000 1.550000
v -2.251666 0.000000 1.500000
v -2.338269 0.000000 1.450000
v -2.424871 0.000000 1.400000
v -2.424871 0.000000 1.300000
v -2.424871 0.000000 1.200000
v -2.424871 0.056667 1.100000
v -2.424871 0.056667 1.000000
v -2.424871 0.056667 0.900000
v -2.424871 0.056667 0.800000
v -2.424871 0.170000 0.700000
v -2.424871 0.170000 0.600000
v -2.424871 0.170000 0.500000
v -2.424871 0.170000 0.400000
v -2.424871 0.170000 0.300000
v -2.424871 0.226667 0.200000
v -2.424871 0.226667 0.100000
v -2.424871 0.340000 0.000000
v -2.424871 0.226667 -0.100000
v -2.424871 0.170000 -0.200000
v -2.424871 0.226667 -0.300000
v -2.424871 0.226667 -0.400000
v -2.424871 0.226667 -0.500000
v -2.424871 0.226667 -0.600000
v -2.424871 0.170000 -0.700000
v -2.424871 0.170000 -0.800000
v -2.424871 0.170000 -0.900000
v -2.424871 0.170000 -1.000000
v -2.424871 0.170000 -1.100000
v -2.424871 0.056667 -1.200000
v -2.424871 0.000000 -1.300000
v -2.424871 0.000000 -1.400000
v -2.338269 0.000000 -1.450000
v -2.251666 0.000000 -1.500000
v -2.165064 0.000000 -1.550000
v -2.078461 0.056667 -1.600000
v -1.991858 0.056667 -1.650000
v -1.905256 0.000000 -1.700000
v -1.818653 0.000000 -1.750000
v -1.732051 0.000000 -1.800000
v -1.645448 0.000000 -1.850000
v -1.558846 0.000000 -1.900000
v -1.472243 0.000000 -1.950000
v -1.385641 0.000000 -2.000000
v -1.299038 0.000000 -2.050000
v -1.212436 0.000000 -2.100000
v -1.125833 0.000000 -2.150000
v -1.039230 0.000000 -2.200000
v -0.952628 0.000000 -2.250000
v -0.866025 0.000000 -2.300000
v -0.779423 0.000000 -2.350000
v -0.692820 0.000000 -2.400000
v -0.606218 0.000000 -2.450000
v -0.519615 0.000000 -2.500000
v -0.433013 0.000000 -2.550000
v -0.346410 0.000000 -2.600000
v -0.259808 0.000000 -2.650000
v -0.173205 0.000000 -2.700000
v -0.086603 0.000000 -2.750000
v 0.000000 0.000000 -2.900000
v 0.086603 0.000000 -2.850000
v 0.173205 0.000000 -2.800000
v 0.259808 0.000000 -2.750000
v 0.346410 0.000000 -2.700000
v 0.433013 0.000000 -2.650000
v 0.519615 0.000000 -2.600000
v 0.606218 0.000000 -2.550000
v 0.692820 0.000000 -2.500000
v 0.779423 0.000000 -2.450000
v 0.866025 0.000000 -2.400000
v 0.952628 -0.085000 -2.350000
v 1.039230 -0.085000 -2.300000
v 1.125833 -0.085000 -2.250000
v 1.212436 -0.085000 -2.200000
v 1.299038 -0.085000 -2.150000
v 1.385641 0.000000 -2.100000
v 1.472243 0.000000 -2.050000
v 1.558846 0.000000 -2.000000
v 1.645448 0.000000 -1.950000
v 1.732051 0.000000 -1.900000
v 1.818653 0.000000 -1.850000
v 1.905256 0.000000 -1.800000
v 1.991858 0.000000 -1.750000
v 2.078461 0.000000 -1.700000
v 2.165064 0.000000 -1.650000
v 2.251666 0.000000 -1.600000
v 2.338269 0.000000 -1.550000
v 2.424871 0.000000 -1.500000
v 2.511474 0.000000 -1.450000
v 2.511474 0.000000 -1.350000
v 2.511474 0.000000 -1.250000
v 2.511474 0.000000 -1.150000
v 2.511474 0.000000 -1.050000
v 2.511474 0.000000 -0.950000
v 2.511474 0.000000 -0.850000
v 2.511474 0.000000 -0.750000
v 2.511474 0.000000 -0.650000
v 2.511474 0.000000 -0.550000
v 2.511474 0.000000 -0.450000
v 2.511474 0.000000 -0.350000
v 2.511474 0.000000 -0.250000
v 2.511474 0.000000 -0.150000
v 2.511474 0.000000 -0.050000
v 2.511474 0.000000 0.050000
v 2.511474 0.000000 0.150000
v 2.511474 0.000000 0.250000
v 2.511474 0.000000 0.350000
v 2.511474 0.000000 0.450000
v 2.511474 0.000000 0.550000
v 2.511474 0.000000 0.650000
v 2.511474 0.000000 0.750000
v 2.511474 0.000000 0.850000
v 2.511474 0.000000 0.950000
v 2.511474 0.000000 1.050000
v 2.511474 0.000000 1.150000
v 2.511474 0.000000 1.250000
v 2.511474 0.000000 1.350000
v 2.511474 0.000000 1.450000
v 2.424871 0.000000 1.500000
v 2.338269 0.000000 1.550000
v 2.251666 0.000000 1.600000
v 2.165064 0.000000 1.650000
v 2.078461 0.000000 1.700000
v 1.991858 0.000000 1.750000
v 1.905256 0.000000 1.800000
v 1.818653 0.000000 1.850000
v 1.732051 0.000000 1.900000
v 1.645448 0.000000 1.950000
v 1.558846 0.000000 2.000000
v 1.472243 0.000000 2.050000
v 1.385641 0.000000 2.100000
v 1.299038 0.000000 2.150000
v 1.212436 0.000000 2.200000
v 1.125833 0.000000 2.250000
v 1.039230 0.000000 2.300000
v 0.952628 0.000000 2.350000
v 0.866025 0.000000 2.400000
v 0.779423 0.000000 2.450000
v 0.692820 0.000000 2.500000
v 0.606218 0.000000 2.550000
v 0.519615 0.000000 2.600000
v 0.433013 0.000000 2.650000
v 0.346410 0.000000 2.700000
v 0.259808 0.000000 2.750000
v 0.173205 0.000000 2.800000
v 0.086603 0.000000 2.850000
v 0.000000 0.000000 2.900000
v -0.086603 0.000000 2.850000
v -0.173205 0.000000 2.800000
v -0.259808 0.000000 2.750000
v -0.346410 0.000000 2.700000
v -0.433013 0.000000 2.650000
v -0.519615 0.000000 2.600000
v -0.606218 0.000000 2.550000
v -0.692820 0.000000 2.500000
v -0.779423 0.000000 2.450000
v -0.866025 0.000000 2.400000
v -0.952628 -0.085000 2.350000
v -1.039230 -0.085000 2.300000
v -1.125833 -0.085000 2.250000
v -1.212436 -0.085000 2.200000
v -1.299038 0.000000 2.150000
v -1.385641 0.000000 2.100000
v -1.472243 0.000000 2.050000
v -1.558846 0.000000 2.000000
v -1.645448 0.000000 1.950000
v -1.732051 0.000000 1.900000
v -1.818653 0.000000 1.850000
v -1.905256 0.000000 1.800000
v -1.991858 0.000000 1.750000
v -2.078461 0.000000 1.700000
v -2.165064 0.000000 1.650000
v -2.251666 0.000000 1.600000
v -2.338269 0.000000 1.550000
v -2.424871 0.000000 1.500000
v -2.511474 0.000000 1.450000
v -2.511474 0.000000 1.350000
v -2.511474 0.000000 1.250000
v -2.511474 0.000000 1.150000
v -2.511474 0.000000 1.050000
v -2.511474 0.000000 0.950000
v -2.511474 0.000000 0.850000
v -2.511474 0.056667 0.750000
v -2.511474 0.056667 0.650000
v -2.511474 0.056667 0.550000
v -2.511474 0.170000 0.450000
v -2.511474 0.170000 0.350000
v -2.511474 0.170000 0.250000
v -2.511474 0.170000 0.150000
v -2.511474 0.226667 0.050000
v -2.511474 0.226667 -0.050000
v -2.511474 0.170000 -0.150000
v -2.511474 0.170000 -0.250000
v -2.511474 0.170000 -0.350000
v -2.511474 0.226667 -0.450000
v -2.511474 0.170000 -0.550000
v -2.511474 0.170000 -0.650000
v -2.511474 0.170000 -0.750000
v -2.511474 0.170000 -0.850000
v -2.511474 0.170000 -0.950000
v -2.511474 0.056667 -1.050000
v -2.511474 0.056667 -1.150000
v -2.511474 0.000000 -1.250000
v -2.511474 0.000000 -1.350000
v -2.511474 0.000000 -1.450000
v -2.424871 0.000000 -1.500000
v -2.338269 0.000000 -1.550000
v -2.251666 0.000000 -1.600000
v -2.165064 0.000000 -1.650000
v -2.078461 0.000000 -1.700000
v -1.991858 0.000000 -1.750000
v -1.905256 0.000000 -1.800000
v -1.818653 0.000000 -1.850000
v -1.732051 0.000000 -1.900000
v -1.645448 0.000000 -1.950000
v -1.558846 0.000000 -2.000000
v -1.472243 0.000000 -2.050000
v -1.385641 0.000000 -2.100000
v -1.299038 0.000000 -2.150000
v -1.212436 0.000000 -2.200000
v -1.125833 0.000000 -2.250000
v -1.039230 0.000000 -2.300000
v -0.952628 0.000000 -2.350000
v -0.866025 0.000000 -2.400000
v -0.779423 0.000000 -2.450000
v -0.692820 0.000000 -2.500000
v -0.606218 0.000000 -2.550000
v -0.519615 0.000000 -2.600000
v -0.433013 0.000000 -2.650000
v -0.346410 0.000000 -2.700000
v -0.259808 0.000000 -2.750000
v -0.173205 0.000000 -2.800000
v -0.086603 0.000000 -2.850000
v 0.000000 0.000000 -3.000000
v 0.086603 0.000000 -2.950000
v 0.173205 0.000000 -2.900000
v 0.259808 0.000000 -2.850000
v 0.346410 0.000000 -2.800000
v 0.433013 0.000000 -2.750000
v 0.519615 0.000000 -2.700000
v 0.606218 0.000000 -2.650000
v 0.692820 0.000000 -2.600000
v 0.779423 0.000000 -2.550000
v 0.866025 0.000000 -2.500000
v 0.952628 -0.085000 -2.450000
v 1.039230 -0.085000 -2.400000
v 1.125833 -0.085000 -2.350000
v 1.212436 -0.085000 -2.300000
v 1.299038 -0.085000 -2.250000
v 1.385641 -0.085000 -2.200000
v 1.472243 0.000000 -2.150000
v 1.558846 0.000000 -2.100000
v 1.645448 0.000000 -2.050000
v 1.732051 0.000000 -2.000000
v 1.818653 0.000000 -1.950000
v 1.905256 0.000000 -1.900000
v 1.991858 0.000000 -1.850000
v 2.078461 0.000000 -1.800000
v 2.165064 0.000000 -1.750000
v 2.251666 0.000000 -1.700000
v 2.338269 0.000000 -1.650000
v 2.424871 0.000000 -1.600000
v 2.511474 0.000000 -1.550000
v 2.598076 0.000000 -1.500000
v 2.598076 0.000000 -1.400000
v 2.598076 0.000000 -1.300000
v 2.598076 0.000000 -1.200000
v 2.598076 0.000000 -1.100000
v 2.598076 0.000000 -1.000000
v 2.598076 0.000000 -0.900000
v 2.598076 0.000000 -0.800000
v 2.598076 0.000000 -0.700000
v 2.598076 0.000000 -0.600000
v 2.598076 0.000000 -0.500000
v 2.598076 0.000000 -0.400000
v 2.598076 0.000000 -0.300000
v 2.598076 0.000000 -0.200000
v 2.598076 0.000000 -0.100000
v 2.598076 0.000000 -0.000000
v 2.598076 0.000000 0.100000
v 2.598076 0.000000 0.200000
v 2.598076 0.000000 0.300000
v 2.598076 0.000000 0.400000
v 2.598076 0.000000 0.500000
v 2.598076 0.000000 0.600000
v 2.598076 0.000000 0.700000
v 2.598076 0.000000 0.800000
v 2.598076 0.000000 0.900000
v 2.598076 0.000000 1.000000
v 2.598076 0.000000 1.100000
v 2.598076 0.000000 1.200000
v 2.598076 0.000000 1.300000
v 2.598076 0.000000 1.400000
v 2.598076 0.000000 1.500000
v 2.511474 0.000000 1.550000
v 2.424871 0.000000 1.600000
v 2.338269 0.000000 1.650000
v 2.251666 0.000000 1.700000
v 2.165064 0.000000 1.750000
v 2.078461 0.000000 1.800000
v 1.991858 0.000000 1.850000
v 1.905256 0.000000 1.900000
v 1.818653 0.000000 1.950000
v 1.732051 0.000000 2.000000
v 1.645448 0.000000 2.050000
v 1.558846 0.000000 2.100000
v 1.472243 0.000000 2.150000
v 1.385641 0.000000 2.200000
v 1.299038 0.000000 2.250000
v 1.212436 0.000000 2.300000
v 1.125833 0.000000 2.350000
v 1.039230 0.000000 2.400000
v 0.952628 0.000000 2.450000
v 0.866025 0.000000 2.500000
v 0.779423 0.000000 2.550000
v 0.692820 0.000000 2.600000
v 0.606218 0.000000 2.650000
v 0.519615 0.000000 2.700000
v 0.433013 0.000000 2.750000
v 0.346410 0.000000 2.800000
v 0.259808 0.000000 2.850000
v 0.173205 0.000000 2.900000
v 0.086603 0.000000 2.950000
v 0.000000 0.000000 3.000000
v -0.086603 0.000000 2.950000
v -0.173205 0.000000 2.900000
v -0.259808 0.000000 2.850000
v -0.346410 0.000000 2.800000
v -0.433013 0.000000 2.750000
v -0.519615 0.000000 2.700000
v -0.606218 0.000000 2.650000
v -0.692820 0.000000 2.600000
v -0.779423 0.000000 2.550000
v -0.866025 0.000000 2.500000
v -0.952628 -0.085000 2.450000
v -1.039230 -0.085000 2.400000
v -1.125833 -0.085000 2.350000
v -1.212436 -0.085000 2.300000
v -1.299038 -0.085000 2.250000
v -1.385641 0.000000 2.200000
v -1.472243 0.000000 2.150000
v -1.558846 0.000000 2.100000
v -1.645448 0.000000 2.050000
v -1.732051 0.000000 2.000000
v -1.818653 0.000000 1.950000
v -1.905256 0.000000 1.900000
v -1.991858 0.000000 1.850000
v -2.078461 0.000000 1.800000
v -2.165064 0.000000 1.750000
v -2.251666 0.000000 1.700000
v -2.338269 0.000000 1.650000
v -2.424871 0.000000 1.600000
v -2.511474 0.000000 1.550000
v -2.598076 0.000000 1.500000
v -2.598076 0.000000 1.400000
v -2.598076 0.000000 1.300000
v -2.598076 0.000000 1.200000
v -2.598076 0.000000 1.100000
v -2.598076 0.000000 1.000000
v -2.598076 0.000000 0.900000
v -2.598076 0.000000 0.800000
v -2.598076 0.000000 0.700000
v -2.598076 0.000000 0.600000
v -2.598076 0.056667 0.500000
v -2.598076 0.056667 0.400000
v -2.598076 0.170000 0.300000
v -2.598076 0.170000 0.200000
v -2.598076 0.170000 0.100000
v -2.598076 0.170000 0.000000
v -2.598076 0.170000 -0.100000
v -2.598076 0.170000 -0.200000
v -2.598076 0.170000 -0.300000
v -2.598076 0.170000 -0.400000
v -2.598076 0.170000 -0.500000
v -2.598076 0.170000 -0.600000
v -2.598076 0.170000 -0.700000
v -2.598076 0.170000 -0.800000
v -2.598076 0.170000 -0.900000
v -2.598076 0.056667 -1.000000
v -2.598076 0.000000 -1.100000
v -2.598076 0.000000 -1.200000
v -2.598076 0.000000 -1.300000
v -2.598076 0.000000 -1.400000
v -2.598076 0.000000 -1.500000
v -2.511474 0.000000 -1.550000
v -2.424871 0.000000 -1.600000
v -2.338269 0.000000 -1.650000
v -2.251666 0.000000 -1.700000
v -2.165064 0.000000 -1.750000
v -2.078461 0.000000 -1.800000
v -1.991858 0.000000 -1.850000
v -1.905256 0.000000 -1.900000
v -1.818653 0.000000 -1.950000
v -1.732051 0.000000 -2.000000
v -1.645448 0.000000 -2.050000
v -1.558846 0.000000 -2.100000
v -1.472243 0.000000 -2.150000
v -1.385641 0.000000 -2.200000
v -1.299038 0.000000 -2.250000
v -1.212436 0.000000 -2.300000
v -1.125833 0.000000 -2.350000
v -1.039230 0.000000 -2.400000
v -0.952628 0.000000 -2.450000
v -0.866025 0.000000 -2.500000
v -0.779423 0.000000 -2.550000
v -0.692820 0.000000 -2.600000
v -0.606218 0.000000 -2.650000
v -0.519615 0.000000 -2.700000
v -0.433013 0.000000 -2.750000
v -0.346410 0.000000 -2.800000
v -0.259808 0.000000 -2.850000
v -0.173205 0.000000 -2.900000
v -0.086603 0.000000 -2.950000
v 0.000000 0.000000 -3.100000
v 0.086603 0.000000 -3.050000
v 0.173205 0.000000 -3.000000
v 0.259808 0.000000 -2.950000
v 0.346410 0.000000 -2.900000
v 0.433013 0.000000 -2.850000
v 0.519615 0.000000 -2.800000
v 0.606218 0.000000 -2.750000
v 0.692820 0.000000 -2.700000
v 0.779423 0.000000 -2.650000
v 0.866025 0.000000 -2.600000
v 0.952628 0.000000 -2.550000
v 1.039230 -0.085000 -2.500000
v 1.125833 -0.085000 -2.450000
v 1.212436 -0.085000 -2.400000
v 1.299038 -0.085000 -2.350000
v 1.385641 -0.085000 -2.300000
v 1.472243 -0.085000 -2.250000
v 1.558846 0.000000 -2.200000
v 1.645448 0.000000 -2.150000
v 1.732051 0.000000 -2.100000
v 1.818653 0.000000 -2.050000
v 1.905256 0.000000 -2.000000
v 1.991858 0.000000 -1.950000
v 2.078461 0.000000 -1.900000
v 2.165064 0.000000 -1.850000
v 2.251666 0.000000 -1.800000
v 2.338269 0.000000 -1.750000
v 2.424871 0.000000 -1.700000
v 2.511474 0.000000 -1.650000
v 2.598076 0.000000 -1.600000
v 2.684679 0.000000 -1.550000
v 2.684679 0.000000 -1.450000
v 2.684679 0.000000 -1.350000
v 2.684679 0.000000 -1.250000
v 2.684679 0.000000 -1.150000
v 2.684679 0.000000 -1.050000
v 2.684679 0.000000 -0.950000
v 2.684679 0.000000 -0.850000
v 2.684679 0.000000 -0.750000
v 2.684679 0.000000 -0.650000
v 2.684679 0.000000 -0.550000
v 2.684679 0.000000 -0.450000
v 2.684679 0.000000 -0.350000
v 2.684679 0.000000 -0.250000
v 2.684679 0.000000 -0.150000
v 2.684679 0.000000 -0.050000
v 2.684679 0.000000 0.050000
v 2.684679 0.000000 0.150000
v 2.684679 0.000000 0.250000
v 2.684679 0.000000 0.350000
v 2.684679 0.000000 0.450000
v 2.684679 0.000000 0.550000
v 2.684679 0.000000 0.650000
v 2.684679 0.000000 0.750000
v 2.684679 0.000000 0.850000
v 2.684679 0.000000 0.950000
v 2.684679 0.000000 1.050000
v 2.684679 0.000000 1.150000
v 2.684679 0.000000 1.250000
v 2.684679 0.000000 1.350000
v 2.684679 0.000000 1.450000
v 2.684679 0.000000 1.550000
v 2.598076 0.000000 1.600000
v 2.511474 0.000000 1.650000
v 2.424871 0.000000 1.700000
v 2.338269 0.000000 1.750000
v 2.251666 0.000000 1.800000
v 2.165064 0.000000 1.850000
v 2.078461 0.000000 1.900000
v 1.991858 0.000000 1.950000
v 1.905256 0.000000 2.000000
v 1.818653 0.000000 2.050000
v 1.732051 0.000000 2.100000
v 1.645448 0.000000 2.150000
v 1.558846 0.000000 2.200000
v 1.472243 0.000000 2.250000
v 1.385641 0.000000 2.300000
v 1.299038 0.000000 2.350000
v 1.212436 0.000000 2.400000
v 1.125833 0.000000 2.450000
v 1.039230 0.000000 2.500000
v 0.952628 0.000000 2.550000
v 0.866025 0.000000 2.600000
v 0.779423 0.000000 2.650000
v 0.692820 0.000000 2.700000
v 0.606218 0.000000 2.750000
v 0.519615 0.000000 2.800000
v 0.433013 0.000000 2.850000
v 0.346410 0.000000 2.900000
v 0.259808 0.000000 2.950000
v 0.173205 0.000000 3.000000
v 0.086603 0.000000 3.050000
v 0.000000 0.000000 3.100000
v -0.086603 0.000000 3.050000
v -0.173205 0.000000 3.000000
v -0.259808 0.000000 2.950000
v -0.346410 0.000000 2.900000
v -0.433013 0.000000 2.850000
v -0.519615 0.000000 2.800000
v -0.606218 0.000000 2.750000
v -0.692820 0.000000 2.700000
v -0.779423 0.000000 2.650000
v -0.866025 0.000000 2.600000
v -0.952628 0.000000 2.550000
v -1.039230 -0.085000 2.500000
v -1.125833 -0.085000 2.450000
v -1.212436 -0.085000 2.400000
v -1.299038 -0.085000 2.350000
v -1.385641 0.000000 2.300000
v -1.472243 0.000000 2.250000
v -1.558846 0.000000 2.200000
v -1.645448 0.000000 2.150000
v -1.732051 0.000000 2.100000
v -1.818653 0.000000 2.050000
v -1.905256 0.000000 2.000000
v -1.991858 0.000000 1.950000
v -2.078461 0.000000 1.900000
v -2.165064 0.000000 1.850000
v -2.251666 0.000000 1.800000
v -2.338269 0.000000 1.750000
v -2.424871 0.000000 1.700000
v -2.511474 0.000000 1.650000
v -2.598076 0.000000 1.600000
v -2.684679 0.000000 1.550000
v -2.684679 0.000000 1.450000
v -2.684679 0.000000 1.350000
v -2.684679 0.000000 1.250000
v -2.684679 0.000000 1.150000
v -2.684679 0.000000 1.050000
v -2.684679 0.000000 0.950000
v -2.684679 0.000000 0.850000
v -2.684679 0.000000 0.750000
v -2.684679 0.000000 0.650000
v -2.684679 0.000000 0.550000
v -2.684679 0.000000 0.450000
v -2.684679 0.056667 0.350000
v -2.684679 0.056667 0.250000
v -2.684679 0.170000 0.150000
v -2.684679 0.170000 0.050000
v -2.684679 0.170000 -0.050000
v -2.684679 0.170000 -0.150000
v -2.684679 0.170000 -0.250000
v -2.684679 0.170000 -0.350000
v -2.684679 0.170000 -0.450000
v -2.684679 0.170000 -0.550000
v -2.684679 0.170000 -0.650000
v -2.684679 0.170000 -0.750000
v -2.684679 0.056667 -0.850000
v -2.684679 0.056667 -0.950000
v -2.684679 0.000000 -1.050000
v -2.684679 0.000000 -1.150000
v -2.684679 0.000000 -1.250000
v -2.684679 0.000000 -1.350000
v -2.684679 0.000000 -1.450000
v -2.684679 0.000000 -1.550000
v -2.598076 0.000000 -1.600000
v -2.511474 0.000000 -1.650000
v -2.424871 0.000000 -1.700000
v -2.338269 0.000000 -1.750000
v -2.251666 0.000000 -1.800000
v -2.165064 0.000000 -1.850000
v -2.078461 0.000000 -1.900000
v -1.991858 0.000000 -1.950000
v -1.905256 0.000000 -2.000000
v -1.818653 0.000000 -2.050000
v -1.732051 0.000000 -2.100000
v -1.645448 0.000000 -2.150000
v -1.558846 0.000000 -2.200000
v -1.472243 0.000000 -2.250000
v -1.385641 0.000000 -2.300000
v -1.299038 0.000000 -2.350000
v -1.212436 0.000000 -2.400000
v -1.125833 0.000000 -2.450000
v -1.039230 0.000000 -2.500000
v -0.952628 0.000000 -2.550000
v -0.866025 0.000000 -2.600000
v -0.779423 0.000000 -2.650000
v -0.692820 0.000000 -2.700000
v -0.606218 0.000000 -2.750000
v -0.519615 0.000000 -2.800000
v -0.433013 0.000000 -2.850000
v -0.346410 0.000000 -2.900000
v -0.259808 0.000000 -2.950000
v -0.173205 0.000000 -3.000000
v -0.086603 0.000000 -3.050000
v 0.000000 0.000000 -3.200000
v 0.086603 0.000000 -3.150000
v 0.173205 0.000000 -3.100000
v 0.259808 0.000000 -3.050000
v 0.346410 0.000000 -3.000000
v 0.433013 0.000000 -2.950000
v 0.519615 0.000000 -2.900000
v 0.606218 0.000000 -2.850000
v 0.692820 0.000000 -2.800000
v 0.779423 0.000000 -2.750000
v 0.866025 0.000000 -2.700000
v 0.952628 0.000000 -2.650000
v 1.039230 -0.085000 -2.600000
v 1.125833 -0.085000 -2.550000
v 1.212436 -0.085000 -2.500000
v 1.299038 -0.085000 -2.450000
v 1.385641 -0.085000 -2.400000
v 1.472243 -0.085000 -2.350000
v 1.558846 0.000000 -2.300000
v 1.645448 0.000000 -2.250000
v 1.732051 0.000000 -2.200000
v 1.818653 0.000000 -2.150000
v 1.905256 0.000000 -2.100000
v 1.991858 0.000000 -2.050000
v 2.078461 0.000000 -2.000000
v 2.165064 0.000000 -1.950000
v 2.251666 0.000000 -1.900000
v 2.338269 0.000000 -1.850000
v 2.424871 0.000000 -1.800000
v 2.511474 0.000000 -1.750000
v 2.598076 0.000000 -1.700000
v 2.684679 0.000000 -1.650000
v 2.771281 0.000000 -1.600000
v 2.771281 0.000000 -1.500000
v 2.771281 0.000000 -1.400000
v 2.771281 0.000000 -1.300000
v 2.771281 0.000000 -1.200000
v 2.771281 0.000000 -1.100000
v 2.771281 0.000000 -1.000000
v 2.771281 0.000000 -0.900000
v 2.771281 0.000000 -0.800000
v 2.771281 0.000000 -0.700000
v 2.771281 0.000000 -0.600000
v 2.771281 0.000000 -0.500000
v 2.771281 0.000000 -0.400000
v 2.771281 0.000000 -0.300000
v 2.771281 0.000000 -0.200000
v 2.771281 0.000000 -0.100000
v 2.771281 0.000000 -0.000000
v 2.771281 0.000000 0.100000
v 2.771281 0.000000 0.200000
v 2.771281 0.000000 0.300000
v 2.771281 0.000000 0.400000
v 2.771281 0.000000 0.500000
v 2.771281 0.000000 0.600000
v 2.771281 0.000000 0.700000
v 2.771281 0.000000 0.800000
v 2.771281 0.000000 0.900000
v 2.771281 0.000000 1.000000
v 2.771281 0.000000 1.100000
v 2.771281 0.000000 1.200000
v 2.771281 0.000000 1.300000
v 2.771281 0.000000 1.400000
v 2.771281 0.000000 1.500000
v 2.771281 0.000000 1.600000
v 2.684679 0.000000 1.650000
v 2.598076 0.000000 1.700000
v 2.511474 0.000000 1.750000
v 2.424871 0.000000 1.800000
v 2.338269 0.000000 1.850000
v 2.251666 0.000000 1.900000
v 2.165064 0.000000 1.950000
v 2.078461 0.000000 2.000000
v 1.991858 0.000000 2.050000
v 1.905256 0.000000 2.100000
v 1.818653 0.000000 2.150000
v 1.732051 0.000000 2.200000
v 1.645448 0.000000 2.250000
v 1.558846 0.000000 2.300000
v 1.472243 0.000000 2.350000
v 1.385641 0.000000 2.400000
v 1.299038 0.000000 2.450000
v 1.212436 0.000000 2.500000
v 1.125833 0.000000 2.550000
v 1.039230 0.000000 2.600000
v 0.952628 0.000000 2.650000
v 0.866025 0.000000 2.700000
v 0.779423 0.000000 2.750000
v 0.692820 0.000000 2.800000
v 0.606218 0.000000 2.850000
v 0.519615 0.000000 2.900000
v 0.433013 0.000000 2.950000
v 0.346410 0.000000 3.000000
v 0.259808 0.000000 3.050000
v 0.173205 0.000000 3.100000
v 0.086603 0.000000 3.150000
v 0.000000 0.000000 3.200000
v -0.086603 0.000000 3.150000
v -0.173205 0.000000 3.100000
v -0.259808 0.000000 3.050000
v -0.346410 0.000000 3.000000
v -0.433013 0.000000 2.950000
v -0.519615 0.000000 2.900000
v -0.606218 0.000000 2.850000
v -0.692820 0.000000 2.800000
v -0.779423 0.000000 2.750000
v -0.866025 0.000000 2.700000
v -0.952628 0.000000 2.650000
v -1.039230 0.000000 2.600000
v -1.125833 -0.085000 2.550000
v -1.212436 -0.085000 2.500000
v -1.299038 -0.085000 2.450000
v -1.385641 -0.085000 2.400000
v -1.472243 0.000000 2.350000
v -1.558846 0.000000 2.300000
v -1.645448 0.000000 2.250000
v -1.732051 0.000000 2.200000
v -1.818653 0.000000 2.150000
v -1.905256 0.000000 2.100000
v -1.991858 0.000000 2.050000
v -2.078461 0.000000 2.000000
v -2.165064 0.000000 1.950000
v -2.251666 0.000000 1.900000
v -2.338269 0.000000 1.850000
v -2.424871 0.000000 1.800000
v -2.511474 0.000000 1.750000
v -2.598076 0.000000 1.700000
v -2.684679 0.000000 1.650000
v -2.771281 0.000000 1.600000
v -2.771281 0.000000 1.500000
v -2.771281 0.000000 1.400000
v -2.771281 0.000000 1.300000
v -2.771281 0.000000 1.200000
v -2.771281 0.000000 1.100000
v -2.771281 0.000000 1.000000
v -2.771281 0.000000 0.900000
v -2.771281 0.000000 0.800000
v -2.771281 0.000000 0.700000
v -2.771281 0.000000 0.600000
v -2.771281 0.000000 0.500000
v -2.771281 0.000000 0.400000
v -2.771281 0.000000 0.300000
v -2.771281 0.056667 0.200000
v -2.771281 0.170000 0.100000
v -2.771281 0.170000 0.000000
v -2.771281 0.170000 -0.100000
v -2.771281 0.170000 -0.200000
v -2.771281 0.170000 -0.300000
v -2.771281 0.170000 -0.400000
v -2.771281 0.170000 -0.500000
v -2.771281 0.170000 -0.600000
v -2.771281 0.170000 -0.700000
v -2.771281 0.056667 -0.800000
v -2.771281 0.000000 -0.900000
v -2.771281 0.000000 -1.000000
v -2.771281 0.000000 -1.100000
v -2.771281 0.000000 -1.200000
v -2.771281 0.000000 -1.300000
v -2.771281 0.000000 -1.400000
v -2.771281 0.000000 -1.500000
v -2.771281 0.000000 -1.600000
v -2.684679 0.000000 -1.650000
v -2.598076 0.000000 -1.700000
v -2.511474 0.000000 -1.750000
v -2.424871 0.000000 -1.800000
v -2.338269 0.000000 -1.850000
v -2.251666 0.000000 -1.900000
v -2.165064 0.000000 -1.950000
v -2.078461 0.000000 -2.000000
v -1.991858 0.000000 -2.050000
v -1.905256 0.000000 -2.100000
v -1.818653 0.000000 -2.150000
v -1.732051 0.000000 -2.200000
v -1.645448 0.000000 -2.250000
v -1.558846 0.000000 -2.300000
v -1.472243 0.000000 -2.350000
v -1.385641 0.000000 -2.400000
v -1.299038 0.000000 -2.450000
v -1.212436 0.000000 -2.500000
v -1.125833 0.000000 -2.550000
v -1.039230 0.000000 -2.600000
v -0.952628 0.000000 -2.650000
v -0.866025 0.000000 -2.700000
v -0.779423 0.000000 -2.750000
v -0.692820 0.000000 -2.800000
v -0.606218 0.000000 -2.850000
v -0.519615 0.000000 -2.900000
v -0.433013 0.000000 -2.950000
v -0.346410 0.000000 -3.000000
v -0.259808 0.000000 -3.050000
v -0.173205 0.000000 -3.100000
v -0.086603 0.000000 -3.150000
v 0.000000 0.000000 -3.300000
v 0.086603 0.000000 -3.250000
v 0.173205 0.000000 -3.200000
v 0.259808 0.000000 -3.150000
v 0.346410 0.000000 -3.100000
v 0.433013 0.000000 -3.050000
v 0.519615 0.000000 -3.000000
v 0.606218 0.000000 -2.950000
v 0.692820 0.000000 -2.900000
v 0.779423 0.000000 -2.850000
v 0.866025 0.000000 -2.800000
v 0.952628 0.000000 -2.750000
v 1.039230 0.000000 -2.700000
v 1.125833 -0.085000 -2.650000
v 1.212436 -0.085000 -2.600000
v 1.299038 -0.085000 -2.550000
v 1.385641 -0.085000 -2.500000
v 1.472243 -0.085000 -2.450000
v 1.558846 -0.085000 -2.400000
v 1.645448 0.000000 -2.350000
v 1.732051 0.000000 -2.300000
v 1.818653 0.000000 -2.250000
v 1.905256 0.000000 -2.200000
v 1.991858 0.000000 -2.150000
v 2.078461 0.000000 -2.100000
v 2.165064 0.000000 -2.050000
v 2.251666 0.000000 -2.000000
v 2.338269 0.000000 -1.950000
v 2.424871 0.000000 -1.900000
v 2.511474 0.000000 -1.850000
v 2.598076 0.000000 -1.800000
v 2.684679 0.000000 -1.750000
v 2.771281 0.000000 -1.700000
v 2.857884 0.000000 -1.650000
v 2.857884 0.000000 -1.550000
v 2.857884 0.000000 -1.450000
v 2.857884 0.000000 -1.350000
v 2.857884 0.000000 -1.250000
v 2.857884 0.000000 -1.150000
v 2.857884 0.000000 -1.050000
v 2.857884 0.000000 -0.950000
v 2.857884 0.000000 -0.850000
v 2.857884 0.000000 -0.750000
v 2.857884 0.000000 -0.650000
v 2.857884 0.000000 -0.550000
v 2.857884 0.000000 -0.450000
v 2.857884 0.000000 -0.350000
v 2.857884 0.000000 -0.250000
v 2.857884 0.000000 -0.150000
v 2.857884 0.000000 -0.050000
v 2.857884 0.000000 0.050000
v 2.857884 0.000000 0.150000
v 2.857884 0.000000 0.250000
v 2.857884 0.000000 0.350000
v 2.857884 0.000000 0.450000
v 2.857884 0.000000 0.550000
v 2.857884 0.000000 0.650000
v 2.857884 0.000000 0.750000
v 2.857884 0.000000 0.850000
v 2.857884 0.000000 0.950000
v 2.857884 0.000000 1.050000
v 2.857884 0.000000 1.150000
v 2.857884 0.000000 1.250000
v 2.857884 0.000000 1.350000
v 2.857884 0.000000 1.450000
v 2.857884 0.000000 1.550000
v 2.857884 0.000000 1.650000
v 2.771281 0.000000 1.700000
v 2.684679 0.000000 1.750000
v 2.598076 0.000000 1.800000
v 2.511474 0.000000 1.850000
v 2.424871 0.000000 1.900000
v 2.338269 0.000000 1.950000
v 2.251666 0.000000 2.000000
v 2.165064 0.000000 2.050000
v 2.078461 0.000000 2.100000
v 1.991858 0.000000 2.150000
v 1.905256 0.000000 2.200000
v 1.818653 0.000000 2.250000
v 1.732051 0.000000 2.300000
v 1.645448 0.000000 2.350000
v 1.558846 0.000000 2.400000
v 1.472243 0.000000 2.450000
v 1.385641 0.000000 2.500000
v 1.299038 0.000000 2.550000
v 1.212436 0.000000 2.600000
v 1.125833 0.000000 2.650000
v 1.039230 0.000000 2.700000
v 0.952628 0.000000 2.750000
v 0.866025 0.000000 2.800000
v 0.779423 0.000000 2.850000
v 0.692820 0.000000 2.900000
v 0.606218 0.000000 2.950000
v 0.519615 0.000000 3.000000
v 0.433013 0.000000 3.050000
v 0.346410 0.000000 3.100000
v 0.259808 0.000000 3.150000
v 0.173205 0.000000 3.200000
v 0.086603 0.000000 3.250000
v 0.000000 0.000000 3.300000
v -0.086603 0.000000 3.250000
v -0.173205 0.000000 3.200000
v -0.259808 0.000000 3.150000
v -0.346410 0.000000 3.100000
v -0.433013 0.000000 3.050000
v -0.519615 0.000000 3.000000
v -0.606218 0.000000 2.950000
v -0.692820 0.000000 2.900000
v -0.779423 0.000000 2.850000
v -0.866025 0.000000 2.800000
v -0.952628 0.000000 2.750000
v -1.039230 0.000000 2.700000
v -1.125833 -0.085000 2.650000
v -1.212436 -0.085000 2.600000
v -1.299038 -0.085000 2.550000
v -1.385641 -0.085000 2.500000
v -1.472243 -0.085000 2.450000
v -1.558846 0.000000 2.400000
v -1.645448 0.000000 2.350000
v -1.732051 0.000000 2.300000
v -1.818653 0.000000 2.250000
v -1.905256 0.000000 2.200000
v -1.991858 0.000000 2.150000
v -2.078461 0.000000 2.100000
v -2.165064 0.000000 2.050000
v -2.251666 0.000000 2.000000
v -2.338269 0.000000 1.950000
v -2.424871 0.000000 1.900000
v -2.511474 0.000000 1.850000
v -2.598076 0.000000 1.800000
v -2.684679 0.000000 1.750000
v -2.771281 0.000000 1.700000
v -2.857884 0.000000 1.650000
v -2.857884 0.000000 1.550000
v -2.857884 0.000000 1.450000
v -2.857884 0.000000 1.350000
v -2.857884 0.000000 1.250000
v -2.857884 0.000000 1.150000
v -2.857884 0.000000 1.050000
v -2.857884 0.000000 0.950000
v -2.857884 0.000000 0.850000
v -2.857884 0.000000 0.750000
v -2.857884 0.000000 0.650000
v -2.857884 0.000000 0.550000
v -2.857884 0.000000 0.450000
v -2.857884 0.000000 0.350000
v -2.857884 0.000000 0.250000
v -2.857884 0.056667 0.150000
v -2.857884 0.170000 0.050000
v -2.857884 0.170000 -0.050000
v -2.857884 0.170000 -0.150000
v -2.857884 0.170000 -0.250000
v -2.857884 0.056667 -0.350000
v -2.857884 0.056667 -0.450000
v -2.857884 0.056667 -0.550000
v -2.857884 0.056667 -0.650000
v -2.857884 0.056667 -0.750000
v -2.857884 0.000000 -0.850000
v -2.857884 0.000000 -0.950000
v -2.857884 0.000000 -1.050000
v -2.857884 0.000000 -1.150000
v -2.857884 0.000000 -1.250000
v -2.857884 0.000000 -1.350000
v -2.857884 0.000000 -1.450000
v -2.857884 0.000000 -1.550000
v -2.857884 0.000000 -1.650000
v -2.771281 0.000000 -1.700000
v -2.684679 0.000000 -1.750000
v -2.598076 0.000000 -1.800000
v -2.511474 0.000000 -1.850000
v -2.424871 0.000000 -1.900000
v -2.338269 0.000000 -1.950000
v -2.251666 0.000000 -2.000000
v -2.165064 0.000000 -2.050000
v -2.078461 0.000000 -2.100000
v -1.991858 0.000000 -2.150000
v -1.905256 0.000000 -2.200000
v -1.818653 0.000000 -2.250000
v -1.732051 0.000000 -2.300000
v -1.645448 0.000000 -2.350000
v -1.558846 0.000000 -2.400000
v -1.472243 0.000000 -2.450000
v -1.385641 0.000000 -2.500000
v -1.299038 0.000000 -2.550000
v -1.212436 0.000000 -2.600000
v -1.125833 0.000000 -2.650000
v -1.039230 0.000000 -2.700000
v -0.952628 0.000000 -2.750000
v -0.866025 0.000000 -2.800000
v -0.779423 0.000000 -2.850000
v -0.692820 0.000000 -2.900000
v -0.606218 0.000000 -2.950000
v -0.519615 0.000000 -3.000000
v -0.433013 0.000000 -3.050000
v -0.346410 0.000000 -3.100000
v -0.259808 0.000000 -3.150000
v -0.173205 0.000000 -3.200000
v -0.086603 0.000000 -3.250000
v 0.000000 0.000000 -3.400000
v 0.086603 0.000000 -3.350000
v 0.173205 0.000000 -3.300000
v 0.259808 0.000000 -3.250000
v 0.346410 0.000000 -3.200000
v 0.433013 0.000000 -3.150000
v 0.519615 0.000000 -3.100000
v 0.606218 0.000000 -3.050000
v 0.692820 0.000000 -3.000000
v 0.779423 0.000000 -2.950000
v 0.866025 0.000000 -2.900000
v 0.952628 0.000000 -2.850000
v 1.039230 0.000000 -2.800000
v 1.125833 0.000000 -2.750000
v 1.212436 -0.085000 -2.700000
v 1.299038 -0.085000 -2.650000
v 1.385641 -0.085000 -2.600000
v 1.472243 -0.085000 -2.550000
v 1.558846 -0.085000 -2.500000
v 1.645448 0.000000 -2.450000
v 1.732051 0.000000 -2.400000
v 1.818653 0.000000 -2.350000
v 1.905256 0.000000 -2.300000
v 1.991858 0.000000 -2.250000
v 2.078461 0.000000 -2.200000
v 2.165064 0.000000 -2.150000
v 2.251666 0.000000 -2.100000
v 2.338269 0.000000 -2.050000
v 2.424871 0.000000 -2.000000
v 2.511474 0.000000 -1.950000
v 2.598076 0.000000 -1.900000
v 2.684679 0.000000 -1.850000
v 2.771281 0.000000 -1.800000
v 2.857884 0.000000 -1.750000
v 2.944486 0.000000 -1.700000
v 2.944486 0.000000 -1.600000
v 2.944486 0.000000 -1.500000
v 2.944486 0.000000 -1.400000
v 2.944486 0.000000 -1.300000
v 2.944486 0.000000 -1.200000
v 2.944486 0.000000 -1.100000
v 2.944486 0.000000 -1.000000
v 2.944486 0.000000 -0.900000
v 2.944486 0.000000 -0.800000
v 2.944486 0.000000 -0.700000
v 2.944486 0.000000 -0.600000
v 2.944486 0.000000 -0.500000
v 2.944486 0.000000 -0.400000
v 2.944486 0.000000 -0.300000
v 2.944486 0.000000 -0.200000
v 2.944486 0.000000 -0.100000
v 2.944486 0.000000 -0.000000
v 2.944486 0.000000 0.100000
v 2.944486 0.000000 0.200000
v 2.944486 0.000000 0.300000
v 2.944486 0.000000 0.400000
v 2.944486 0.000000 0.500000
v 2.944486 0.000000 0.600000
v 2.944486 0.000000 0.700000
v 2.944486 0.000000 0.800000
v 2.944486 0.000000 0.900000
v 2.944486 0.000000 1.000000
v 2.944486 0.000000 1.100000
v 2.944486 0.000000 1.200000
v 2.944486 0.000000 1.300000
v 2.944486 0.000000 1.400000
v 2.944486 0.000000 1.500000
v 2.944486 0.000000 1.600000
v 2.944486 0.000000 1.700000
v 2.857884 0.000000 1.750000
v 2.771281 0.000000 1.800000
v 2.684679 0.000000 1.850000
v 2.598076 0.000000 1.900000
v 2.511474 0.000000 1.950000
v 2.424871 0.000000 2.000000
v 2.338269 0.000000 2.050000
v 2.251666 0.000000 2.100000
v 2.165064 0.000000 2.150000
v 2.078461 0.000000 2.200000
v 1.991858 0.000000 2.250000
v 1.905256 0.000000 2.300000
v 1.818653 0.000000 2.350000
v 1.732051 0.000000 2.400000
v 1.645448 0.000000 2.450000
v 1.558846 0.000000 2.500000
v 1.472243 0.000000 2.550000
v 1.385641 0.000000 2.600000
v 1.299038 0.000000 2.650000
v 1.212436 0.000000 2.700000
v 1.125833 0.000000 2.750000
v 1.039230 0.000000 2.800000
v 0.952628 0.000000 2.850000
v 0.866025 0.000000 2.900000
v 0.779423 0.000000 2.950000
v 0.692820 0.000000 3.000000
v 0.606218 0.000000 3.050000
v 0.519615 0.000000 3.100000
v 0.433013 0.000000 3.150000
v 0.346410 0.000000 3.200000
v 0.259808 0.000000 3.250000
v 0.173205 0.000000 3.300000
v 0.086603 0.000000 3.350000
v 0.000000 0.000000 3.400000
v -0.086603 0.000000 3.350000
v -0.173205 0.000000 3.300000
v -0.259808 0.000000 3.250000
v -0.346410 0.000000 3.200000
v -0.433013 0.000000 3.150000
v -0.519615 0.000000 3.100000
v -0.606218 0.000000 3.050000
v -0.692820 0.000000 3.000000
v -0.779423 0.000000 2.950000
v -0.866025 0.000000 2.900000
v -0.952628 0.000000 2.850000
v -1.039230 0.000000 2.800000
v -1.125833 0.000000 2.750000
v -1.212436 -0.085000 2.700000
v -1.299038 -0.085000 2.650000
v -1.385641 -0.085000 2.600000
v -1.472243 -0.085000 2.550000
v -1.558846 0.000000 2.500000
v -1.645448 0.000000 2.450000
v -1.732051 0.000000 2.400000
v -1.818653 0.000000 2.350000
v -1.905256 0.000000 2.300000
v -1.991858 0.000000 2.250000
v -2.078461 0.000000 2.200000
v -2.165064 0.000000 2.150000
v -2.251666 0.000000 2.100000
v -2.338269 0.000000 2.050000
v -2.424871 0.000000 2.000000
v -2.511474 0.000000 1.950000
v -2.598076 0.000000 1.900000
v -2.684679 0.000000 1.850000
v -2.771281 0.000000 1.800000
v -2.857884 0.000000 1.750000
v -2.944486 0.000000 1.700000
v -2.944486 0.000000 1.600000
v -2.944486 0.000000 1.500000
v -2.944486 0.000000 1.400000
v -2.944486 0.000000 1.300000
v -2.944486 0.000000 1.200000
v -2.944486 0.000000 1.100000
v -2.944486 0.000000 1.000000
v -2.944486 0.000000 0.900000
v -2.944486 0.000000 0.800000
v -2.944486 0.000000 0.700000
v -2.944486 0.000000 0.600000
v -2.944486 0.000000 0.500000
v -2.944486 0.000000 0.400000
v -2.944486 0.000000 0.300000
v -2.944486 0.000000 0.200000
v -2.944486 0.056667 0.100000
v -2.944486 0.056667 0.000000
v -2.944486 0.056667 -0.100000
v -2.944486 0.056667 -0.200000
v -2.944486 0.056667 -0.300000
v -2.944486 0.000000 -0.400000
v -2.944486 0.000000 -0.500000
v -2.944486 0.000000 -0.600000
v -2.944486 0.000000 -0.700000
v -2.944486 0.000000 -0.800000
v -2.944486 0.000000 -0.900000
v -2.944486 0.000000 -1.000000
v -2.944486 0.000000 -1.100000
v -2.944486 0.000000 -1.200000
v -2.944486 0.000000 -1.300000
v -2.944486 0.000000 -1.400000
v -2.944486 0.000000 -1.500000
v -2.944486 0.000000 -1.600000
v -2.944486 0.000000 -1.700000
v -2.857884 0.000000 -1.750000
v -2.771281 0.000000 -1.800000
v -2.684679 0.000000 -1.850000
v -2.598076 0.000000 -1.900000
v -2.511474 0.000000 -1.950000
v -2.424871 0.000000 -2.000000
v -2.338269 0.000000 -2.050000
v -2.251666 0.000000 -2.100000
v -2.165064 0.000000 -2.150000
v -2.078461 0.000000 -2.200000
v -1.991858 0.000000 -2.250000
v -1.905256 0.000000 -2.300000
v -1.818653 0.000000 -2.350000
v -1.732051 0.000000 -2.400000
v -1.645448 0.000000 -2.450000
v -1.558846 0.000000 -2.500000
v -1.472243 0.000000 -2.550000
v -1.385641 0.000000 -2.600000
v -1.299038 0.000000 -2.650000
v -1.212436 0.000000 -2.700000
v -1.125833 0.000000 -2.750000
v -1.039230 0.000000 -2.800000
v -0.952628 0.000000 -2.850000
v -0.866025 0.000000 -2.900000
v -0.779423 0.000000 -2.950000
v -0.692820 0.000000 -3.000000
v -0.606218 0.000000 -3.050000
v -0.519615 0.000000 -3.100000
v -0.433013 0.000000 -3.150000
v -0.346410 0.000000 -3.200000
v -0.259808 0.000000 -3.250000
v -0.173205 0.000000 -3.300000
v -0.086603 0.000000 -3.350000
v 0.000000 0.000000 -3.500000
v 0.086603 0.000000 -3.450000
v 0.173205 0.000000 -3.400000
v 0.259808 0.000000 -3.350000
v 0.346410 0.000000 -3.300000
v 0.433013 0.000000 -3.250000
v 0.519615 0.000000 -3.200000
v 0.606218 0.000000 -3.150000
v 0.692820 0.000000 -3.100000
v 0.779423 0.000000 -3.050000
v 0.866025 0.000000 -3.000000
v 0.952628 0.000000 -2.950000
v 1.039230 0.000000 -2.900000
v 1.125833 0.000000 -2.850000
v 1.212436 0.000000 -2.800000
v 1.299038 -0.085000 -2.750000
v 1.385641 -0.085000 -2.700000
v 1.472243 -0.085000 -2.650000
v 1.558846 -0.085000 -2.600000
v 1.645448 -0.085000 -2.550000
v 1.732051 0.000000 -2.500000
v 1.818653 0.000000 -2.450000
v 1.905256 0.000000 -2.400000
v 1.991858 0.000000 -2.350000
v 2.078461 0.000000 -2.300000
v 2.165064 0.000000 -2.250000
v 2.251666 0.000000 -2.200000
v 2.338269 0.000000 -2.150000
v 2.424871 0.000000 -2.100000
v 2.511474 0.000000 -2.050000
v 2.598076 0.000000 -2.000000
v 2.684679 0.000000 -1.950000
v 2.771281 0.000000 -1.900000
v 2.857884 0.000000 -1.850000
v 2.944486 0.000000 -1.800000
v 3.031089 0.000000 -1.750000
v 3.031089 0.000000 -1.650000
v 3.031089 0.000000 -1.550000
v 3.031089 0.000000 -1.450000
v 3.031089 0.000000 -1.350000
v 3.031089 0.000000 -1.250000
v 3.031089 0.000000 -1.150000
v 3.031089 0.000000 -1.050000
v 3.031089 0.000000 -0.950000
v 3.031089 0.000000 -0.850000
v 3.031089 0.000000 -0.750000
v 3.031089 0.000000 -0.650000
v 3.031089 0.000000 -0.550000
v 3.031089 0.000000 -0.450000
v 3.031089 0.000000 -0.350000
v 3.031089 0.000000 -0.250000
v 3.031089 0.000000 -0.150000
v 3.031089 0.000000 -0.050000
v 3.031089 0.000000 0.050000
v 3.031089 0.000000 0.150000
v 3.031089 0.000000 0.250000
v 3.031089 0.000000 0.350000
v 3.031089 0.000000 0.450000
v 3.031089 0.000000 0.550000
v 3.031089 0.000000 0.650000
v 3.031089 0.000000 0.750000
v 3.031089 0.000000 0.850000
v 3.031089 0.000000 0.950000
v 3.031089 0.000000 1.050000
v 3.031089 0.000000 1.150000
v 3.031089 0.000000 1.250000
v 3.031089 0.000000 1.350000
v 3.031089 0.000000 1.450000
v 3.031089 0.000000 1.550000
v 3.031089 0.000000 1.650000
v 3.031089 0.000000 1.750000
v 2.944486 0.000000 1.800000
v 2.857884 0.000000 1.850000
v 2.771281 0.000000 1.900000
v 2.684679 0.000000 1.950000
v 2.598076 0.000000 2.000000
v 2.511474 0.000000 2.050000
v 2.424871 0.000000 2.100000
v 2.338269 0.000000 2.150000
v 2.251666 0.000000 2.200000
v 2.165064 0.000000 2.250000
v 2.078461 0.000000 2.300000
v 1.991858 0.000000 2.350000
v 1.905256 0.000000 2.400000
v 1.818653 0.000000 2.450000
v 1.732051 0.000000 2.500000
v 1.645448 0.000000 2.550000
v 1.558846 0.000000 2.600000
v 1.472243 0.000000 2.650000
v 1.385641 0.000000 2.700000
v 1.299038 0.000000 2.750000
v 1.212436 0.000000 2.800000
v 1.125833 0.000000 2.850000
v 1.039230 0.000000 2.900000
v 0.952628 0.000000 2.950000
v 0.866025 0.000000 3.000000
v 0.779423 0.000000 3.050000
v 0.692820 0.000000 3.100000
v 0.606218 0.000000 3.150000
v 0.519615 0.000000 3.200000
v 0.433013 0.000000 3.250000
v 0.346410 0.000000 3.300000
v 0.259808 0.000000 3.350000
v 0.173205 0.000000 3.400000
v 0.086603 0.000000 3.450000
v 0.000000 0.000000 3.500000
v -0.086603 0.000000 3.450000
v -0.173205 0.000000 3.400000
v -0.259808 0.000000 3.350000
v -0.346410 0.000000 3.300000
v -0.433013 0.000000 3.250000
v -0.519615 0.000000 3.200000
v -0.606218 0.000000 3.150000
v -0.692820 0.000000 3.100000
v -0.779423 0.000000 3.050000
v -0.866025 0.000000 3.000000
v -0.952628 0.000000 2.950000
v -1.039230 0.000000 2.900000
v -1.125833 0.000000 2.850000
v -1.212436 0.000000 2.800000
v -1.299038 -0.085000 2.750000
v -1.385641 -0.085000 2.700000
v -1.472243 -0.085000 2.650000
v -1.558846 -0.085000 2.600000
v -1.645448 0.000000 2.550000
v -1.732051 0.000000 2.500000
v -1.818653 0.000000 2.450000
v -1.905256 0.000000 2.400000
v -1.991858 0.000000 2.350000
v -2.078461 0.000000 2.300000
v -2.165064 0.000000 2.250000
v -2.251666 0.000000 2.200000
v -2.338269 0.000000 2.150000
v -2.424871 0.000000 2.100000
v -2.511474 0.000000 2.050000
v -2.598076 0.000000 2.000000
v -2.684679 0.000000 1.950000
v -2.771281 0.000000 1.900000
v -2.857884 0.000000 1.850000
v -2.944486 0.000000 1.800000
v -3.031089 0.000000 1.750000
v -3.031089 0.000000 1.650000
v -3.031089 0.000000 1.550000
v -3.031089 0.000000 1.450000
v -3.031089 0.000000 1.350000
v -3.031089 0.000000 1.250000
v -3.031089 0.000000 1.150000
v -3.031089 0.000000 1.050000
v -3.031089 0.000000 0.950000
v -3.031089 0.000000 0.850000
v -3.031089 0.000000 0.750000
v -3.031089 0.000000 0.650000
v -3.031089 0.000000 0.550000
v -3.031089 0.000000 0.450000
v -3.031089 0.000000 0.350000
v -3.031089 0.000000 0.250000
v -3.031089 0.000000 0.150000
v -3.031089 0.000000 0.050000
v -3.031089 0.000000 -0.050000
v -3.031089 0.000000 -0.150000
v -3.031089 0.000000 -0.250000
v -3.031089 0.000000 -0.350000
v -3.031089 0.000000 -0.450000
v -3.031089 0.000000 -0.550000
v -3.031089 0.000000 -0.650000
v -3.031089 0.000000 -0.750000
v -3.031089 0.000000 -0.850000
v -3.031089 0.000000 -0.950000
v -3.031089 0.000000 -1.050000
v -3.031089 0.000000 -1.150000
v -3.031089 0.000000 -1.250000
v -3.031089 0.000000 -1.350000
v -3.031089 0.000000 -1.450000
v -3.031089 0.000000 -1.550000
v -3.031089 0.000000 -1.650000
v -3.031089 0.000000 -1.750000
v -2.944486 0.000000 -1.800000
v -2.857884 0.000000 -1.850000
v -2.771281 0.000000 -1.900000
v -2.684679 0.000000 -1.950000
v -2.598076 0.000000 -2.000000
v -2.511474 0.000000 -2.050000
v -2.424871 0.000000 -2.100000
v -2.338269 0.000000 -2.150000
v -2.251666 0.000000 -2.200000
v -2.165064 0.000000 -2.250000
v -2.078461 0.000000 -2.300000
v -1.991858 0.000000 -2.350000
v -1.905256 0.000000 -2.400000
v -1.818653 0.000000 -2.450000
v -1.732051 0.000000 -2.500000
v -1.645448 0.000000 -2.550000
v -1.558846 0.000000 -2.600000
v -1.472243 0.000000 -2.650000
v -1.385641 0.000000 -2.700000
v -1.299038 0.000000 -2.750000
v -1.212436 0.000000 -2.800000
v -1.125833 0.000000 -2.850000
v -1.039230 0.000000 -2.900000
v -0.952628 0.000000 -2.950000
v -0.866025 0.000000 -3.000000
v -0.779423 0.000000 -3.050000
v -0.692820 0.000000 -3.100000
v -0.606218 0.000000 -3.150000
v -0.519615 0.000000 -3.200000
v -0.433013 0.000000 -3.250000
v -0.346410 0.000000 -3.300000
v -0.259808 0.000000 -3.350000
v -0.173205 0.000000 -3.400000
v -0.086603 0.000000 -3.450000
v 0.000000 0.000000 -3.600000
v 0.086603 0.000000 -3.550000
v 0.173205 0.000000 -3.500000
v 0.259808 0.000000 -3.450000
v 0.346410 0.000000 -3.400000
v 0.433013 0.000000 -3.350000
v 0.519615 0.000000 -3.300000
v 0.606218 0.000000 -3.250000
v 0.692820 0.000000 -3.200000
v 0.779423 0.000000 -3.150000
v 0.866025 0.000000 -3.100000
v 0.952628 0.000000 -3.050000
v 1.039230 0.000000 -3.000000
v 1.125833 0.000000 -2.950000
v 1.212436 0.000000 -2.900000
v 1.299038 0.000000 -2.850000
v 1.385641 -0.085000 -2.800000
v 1.472243 -0.085000 -2.750000
v 1.558846 -0.085000 -2.700000
v 1.645448 -0.085000 -2.650000
v 1.732051 0.000000 -2.600000
v 1.818653 0.000000 -2.550000
v 1.905256 0.000000 -2.500000
v 1.991858 0.000000 -2.450000
v 2.078461 0.000000 -2.400000
v 2.165064 0.000000 -2.350000
v 2.251666 0.000000 -2.300000
v 2.338269 0.000000 -2.250000
v 2.424871 0.000000 -2.200000
v 2.511474 0.000000 -2.150000
v 2.598076 0.000000 -2.100000
v 2.684679 0.000000 -2.050000
v 2.771281 0.000000 -2.000000
v 2.857884 0.000000 -1.950000
v 2.944486 0.000000 -1.900000
v 3.031089 0.000000 -1.850000
v 3.117692 0.000000 -1.800000
v 3.117692 0.000000 -1.700000
v 3.117692 0.000000 -1.600000
v 3.117692 0.000000 -1.500000
v 3.117692 0.000000 -1.400000
v 3.117692 0.000000 -1.300000
v 3.117692 0.000000 -1.200000
v 3.117692 0.000000 -1.100000
v 3.117692 0.000000 -1.000000
v 3.117692 0.000000 -0.900000
v 3.117692 0.000000 -0.800000
v 3.117692 0.000000 -0.700000
v 3.117692 0.000000 -0.600000
v 3.117692 0.000000 -0.500000
v 3.117692 0.000000 -0.400000
v 3.117692 0.000000 -0.300000
v 3.117692 0.000000 -0.200000
v 3.117692 0.000000 -0.100000
v 3.117692 0.000000 -0.000000
v 3.117692 0.000000 0.100000
v 3.117692 0.000000 0.200000
v 3.117692 0.000000 0.300000
v 3.117692 0.000000 0.400000
v 3.117692 0.000000 0.500000
v 3.117692 0.000000 0.600000
v 3.117692 0.000000 0.700000
v 3.117692 0.000000 0.800000
v 3.117692 0.000000 0.900000
v 3.117692 0.000000 1.000000
v 3.117692 0.000000 1.100000
v 3.117692 0.000000 1.200000
v 3.117692 0.000000 1.300000
v 3.117692 0.000000 1.400000
v 3.117692 0.000000 1.500000
v 3.117692 0.000000 1.600000
v 3.117692 0.000000 1.700000
v 3.117692 0.000000 1.800000
v 3.031089 0.000000 1.850000
v 2.944486 0.000000 1.900000
v 2.857884 0.000000 1.950000
v 2.771281 0.000000 2.000000
v 2.684679 0.000000 2.050000
v 2.598076 0.000000 2.100000
v 2.511474 0.000000 2.150000
v 2.424871 0.000000 2.200000
v 2.338269 0.000000 2.250000
v 2.251666 0.000000 2.300000
v 2.165064 0.000000 2.350000
v 2.078461 0.000000 2.400000
v 1.991858 0.000000 2.450000
v 1.905256 0.000000 2.500000
v 1.818653 0.000000 2.550000
v 1.732051 0.000000 2.600000
v 1.645448 0.000000 2.650000
v 1.558846 0.000000 2.700000
v 1.472243 0.000000 2.750000
v 1.385641 0.000000 2.800000
v 1.299038 0.000000 2.850000
v 1.212436 0.000000 2.900000
v 1.125833 0.000000 2.950000
v 1.039230 0.000000 3.000000
v 0.952628 0.000000 3.050000
v 0.866025 0.000000 3.100000
v 0.779423 0.000000 3.150000
v 0.692820 0.000000 3.200000
v 0.606218 0.000000 3.250000
v 0.519615 0.000000 3.300000
v 0.433013 0.000000 3.350000
v 0.346410 0.000000 3.400000
v 0.259808 0.000000 3.450000
v 0.173205 0.000000 3.500000
v 0.086603 0.000000 3.550000
v 0.000000 0.000000 3.600000
v -0.086603 0.000000 3.550000
v -0.173205 0.000000 3.500000
v -0.259808 0.000000 3.450000
v -0.346410 0.000000 3.400000
v -0.433013 0.000000 3.350000
v -0.519615 0.000000 3.300000
v -0.606218 0.000000 3.250000
v -0.692820 0.000000 3.200000
v -0.779423 0.000000 3.150000
v -0.866025 0.000000 3.100000
v -0.952628 0.000000 3.050000
v -1.039230 0.000000 3.000000
v -1.125833 0.000000 2.950000
v -1.212436 0.000000 2.900000
v -1.299038 -0.085000 2.850000
v -1.385641 -0.085000 2.800000
v -1.472243 -0.085000 2.750000
v -1.558846 -0.085000 2.700000
v -1.645448 -0.085000 2.650000
v -1.732051 0.000000 2.600000
v -1.818653 0.000000 2.550000
v -1.905256 0.000000 2.500000
v -1.991858 0.000000 2.450000
v -2.078461 0.000000 2.400000
v -2.165064 0.000000 2.350000
v -2.251666 0.000000 2.300000
v -2.338269 0.000000 2.250000
v -2.424871 0.000000 2.200000
v -2.511474 0.000000 2.150000
v -2.598076 0.000000 2.100000
v -2.684679 0.000000 2.050000
v -2.771281 0.000000 2.000000
v -2.857884 0.000000 1.950000
v -2.944486 0.000000 1.900000
v -3.031089 0.000000 1.850000
v -3.117692 0.000000 1.800000
v -3.117692 0.000000 1.700000
v -3.117692 0.000000 1.600000
v -3.117692 0.000000 1.500000
v -3.117692 0.000000 1.400000
v -3.117692 0.000000 1.300000
v -3.117692 0.000000 1.200000
v -3.117692 0.000000 1.100000
v -3.117692 0.000000 1.000000
v -3.117692 0.000000 0.900000
v -3.117692 0.000000 0.800000
v -3.117692 0.000000 0.700000
v -3.117692 0.000000 0.600000
v -3.117692 0.000000 0.500000
v -3.117692 0.000000 0.400000
v -3.117692 0.000000 0.300000
v -3.117692 0.000000 0.200000
v -3.117692 0.000000 0.100000
v -3.117692 0.000000 0.000000
v -3.117692 0.000000 -0.100000
v -3.117692 0.000000 -0.200000
v -3.117692 0.000000 -0.300000
v -3.117692 0.000000 -0.400000
v -3.117692 0.000000 -0.500000
v -3.117692 0.000000 -0.600000
v -3.117692 0.000000 -0.700000
v -3.117692 0.000000 -0.800000
v -3.117692 0.000000 -0.900000
v -3.117692 0.000000 -1.000000
v -3.117692 0.000000 -1.100000
v -3.117692 0.000000 -1.200000
v -3.117692 0.000000 -1.300000
v -3.117692 0.000000 -1.400000
v -3.117692 0.000000 -1.500000
v -3.117692 0.000000 -1.600000
v -3.117692 0.000000 -1.700000
v -3.117692 0.000000 -1.800000
v -3.031089 0.000000 -1.850000
v -2.944486 0.000000 -1.900000
v -2.857884 0.000000 -1.950000
v -2.771281 0.000000 -2.000000
v -2.684679 0.000000 -2.050000
v -2.598076 0.000000 -2.100000
v -2.511474 0.000000 -2.150000
v -2.424871 0.000000 -2.200000
v -2.338269 0.000000 -2.250000
v -2.251666 0.000000 -2.300000
v -2.165064 0.000000 -2.350000
v -2.078461 0.000000 -2.400000
v -1.991858 0.000000 -2.450000
v -1.905256 0.000000 -2.500000
v -1.818653 0.000000 -2.550000
v -1.732051 0.000000 -2.600000
v -1.645448 0.000000 -2.650000
v -1.558846 0.000000 -2.700000
v -1.472243 0.000000 -2.750000
v -1.385641 0.000000 -2.800000
v -1.299038 0.000000 -2.850000
v -1.212436 0.000000 -2.900000
v -1.125833 0.000000 -2.950000
v -1.039230 0.000000 -3.000000
v -0.952628 0.000000 -3.050000
v -0.866025 0.000000 -3.100000
v -0.779423 0.000000 -3.150000
v -0.692820 0.000000 -3.200000
v -0.606218 0.000000 -3.250000
v -0.519615 0.000000 -3.300000
v -0.433013 0.000000 -3.350000
v -0.346410 0.000000 -3.400000
v -0.259808 0.000000 -3.450000
v -0.173205 0.000000 -3.500000
v -0.086603 0.000000 -3.550000
v 0.000000 0.000000 -3.700000
v 0.086603 0.000000 -3.650000
v 0.173205 0.000000 -3.600000
v 0.259808 0.000000 -3.550000
v 0.346410 0.000000 -3.500000
v 0.433013 0.000000 -3.450000
v 0.519615 0.000000 -3.400000
v 0.606218 0.000000 -3.350000
v 0.692820 0.000000 -3.300000
v 0.779423 0.000000 -3.250000
v 0.866025 0.000000 -3.200000
v 0.952628 0.000000 -3.150000
v 1.039230 0.000000 -3.100000
v 1.125833 0.000000 -3.050000
v 1.212436 0.000000 -3.000000
v 1.299038 0.000000 -2.950000
v 1.385641 -0.085000 -2.900000
v 1.472243 -0.085000 -2.850000
v 1.558846 -0.085000 -2.800000
v 1.645448 -0.085000 -2.750000
v 1.732051 -0.085000 -2.700000
v 1.818653 0.000000 -2.650000
v 1.905256 0.000000 -2.600000
v 1.991858 0.000000 -2.550000
v 2.078461 0.000000 -2.500000
v 2.165064 0.000000 -2.450000
v 2.251666 0.000000 -2.400000
v 2.338269 0.000000 -2.350000
v 2.424871 0.000000 -2.300000
v 2.511474 0.000000 -2.250000
v 2.598076 0.000000 -2.200000
v 2.684679 0.000000 -2.150000
v 2.771281 0.000000 -2.100000
v 2.857884 0.000000 -2.050000
v 2.944486 0.000000 -2.000000
v 3.031089 0.000000 -1.950000
v 3.117692 0.000000 -1.900000
v 3.204294 0.000000 -1.850000
v 3.204294 0.000000 -1.750000
v 3.204294 0.000000 -1.650000
v 3.204294 0.000000 -1.550000
v 3.204294 0.000000 -1.450000
v 3.204294 0.000000 -1.350000
v 3.204294 0.000000 -1.250000
v 3.204294 0.000000 -1.150000
v 3.204294 0.000000 -1.050000
v 3.204294 0.000000 -0.950000
v 3.204294 0.000000 -0.850000
v 3.204294 0.000000 -0.750000
v 3.204294 0.000000 -0.650000
v 3.204294 0.000000 -0.550000
v 3.204294 0.000000 -0.450000
v 3.204294 0.000000 -0.350000
v 3.204294 0.000000 -0.250000
v 3.204294 0.000000 -0.150000
v 3.204294 0.000000 -0.050000
v 3.204294 0.000000 0.050000
v 3.204294 0.000000 0.150000
v 3.204294 0.000000 0.250000
v 3.204294 0.000000 0.350000
v 3.204294 0.000000 0.450000
v 3.204294 0.000000 0.550000
v 3.204294 0.000000 0.650000
v 3.204294 0.000000 0.750000
v 3.204294 0.000000 0.850000
v 3.204294 0.000000 0.950000
v 3.204294 0.000000 1.050000
v 3.204294 0.000000 1.150000
v 3.204294 0.000000 1.250000
v 3.204294 0.000000 1.350000
v 3.204294 0.000000 1.450000
v 3.204294 0.000000 1.550000
v 3.204294 0.000000 1.650000
v 3.204294 0.000000 1.750000
v 3.204294 0.000000 1.850000
v 3.117692 0.000000 1.900000
v 3.031089 0.000000 1.950000
v 2.944486 0.000000 2.000000
v 2.857884 0.000000 2.050000
v 2.771281 0.000000 2.100000
v 2.684679 0.000000 2.150000
v 2.598076 0.000000 2.200000
v 2.511474 0.000000 2.250000
v 2.424871 0.000000 2.300000
v 2.338269 0.000000 2.350000
v 2.251666 0.000000 2.400000
v 2.165064 0.000000 2.450000
v 2.078461 0.000000 2.500000
v 1.991858 0.000000 2.550000
v 1.905256 0.000000 2.600000
v 1.818653 0.000000 2.650000
v 1.732051 0.000000 2.700000
v 1.645448 0.000000 2.750000
v 1.558846 0.000000 2.800000
v 1.472243 0.000000 2.850000
v 1.385641 0.000000 2.900000
v 1.299038 0.000000 2.950000
v 1.212436 0.000000 3.000000
v 1.125833 0.000000 3.050000
v 1.039230 0.000000 3.100000
v 0.952628 0.000000 3.150000
v 0.866025 0.000000 3.200000
v 0.779423 0.000000 3.250000
v 0.692820 0.000000 3.300000
v 0.606218 0.000000 3.350000
v 0.519615 0.000000 3.400000
v 0.433013 0.000000 3.450000
v 0.346410 0.000000 3.500000
v 0.259808 0.000000 3.550000
v 0.173205 0.000000 3.600000
v 0.086603 0.000000 3.650000
v 0.000000 0.000000 3.700000
v -0.086603 0.000000 3.650000
v -0.173205 0.000000 3.600000
v -0.259808 0.000000 3.550000
v -0.346410 0.000000 3.500000
v -0.433013 0.000000 3.450000
v -0.519615 0.000000 3.400000
v -0.606218 0.000000 3.350000
v -0.692820 0.000000 3.300000
v -0.779423 0.000000 3.250000
v -0.866025 0.000000 3.200000
v -0.952628 0.000000 3.150000
v -1.039230 0.000000 3.100000
v -1.125833 0.000000 3.050000
v -1.212436 0.000000 3.000000
v -1.299038 0.000000 2.950000
v -1.385641 -0.085000 2.900000
v -1.472243 -0.085000 2.850000
v -1.558846 -0.085000 2.800000
v -1.645448 -0.085000 2.750000
v -1.732051 -0.085000 2.700000
v -1.818653 0.000000 2.650000
v -1.905256 0.000000 2.600000
v -1.991858 0.000000 2.550000
v -2.078461 0.000000 2.500000
v -2.165064 0.000000 2.450000
v -2.251666 0.000000 2.400000
v -2.338269 0.000000 2.350000
v -2.424871 0.000000 2.300000
v -2.511474 0.000000 2.250000
v -2.598076 0.000000 2.200000
v -2.684679 0.000000 2.150000
v -2.771281 0.000000 2.100000
v -2.857884 0.000000 2.050000
v -2.944486 0.000000 2.000000
v -3.031089 0.000000 1.950000
v -3.117692 0.000000 1.900000
v -3.204294 0.000000 1.850000
v -3.204294 0.000000 1.750000
v -3.204294 0.000000 1.650000
v -3.204294 0.000000 1.550000
v -3.204294 0.000000 1.450000
v -3.204294 0.000000 1.350000
v -3.204294 0.000000 1.250000
v -3.204294 0.000000 1.150000
v -3.204294 0.000000 1.050000
v -3.204294 0.000000 0.950000
v -3.204294 0.000000 0.850000
v -3.204294 0.000000 0.750000
v -3.204294 0.000000 0.650000
v -3.204294 0.000000 0.550000
v -3.204294 0.000000 0.450000
v -3.204294 0.000000 0.350000
v -3.204294 0.000000 0.250000
v -3.204294 0.000000 0.150000
v -3.204294 0.000000 0.050000
v -3.204294 0.000000 -0.050000
v -3.204294 0.000000 -0.150000
v -3.204294 0.000000 -0.250000
v -3.204294 0.000000 -0.350000
v -3.204294 0.000000 -0.450000
v -3.204294 0.000000 -0.550000
v -3.204294 0.000000 -0.650000
v -3.204294 0.000000 -0.750000
v -3.204294 0.000000 -0.850000
v -3.204294 0.000000 -0.950000
v -3.204294 0.000000 -1.050000
v -3.204294 0.000000 -1.150000
v -3.204294 0.000000 -1.250000
v -3.204294 0.000000 -1.350000
v -3.204294 0.000000 -1.450000
v -3.204294 0.000000 -1.550000
v -3.204294 0.000000 -1.650000
v -3.204294 0.000000 -1.750000
v -3.204294 0.000000 -1.850000
v -3.117692 0.000000 -1.900000
v -3.031089 0.000000 -1.950000
v -2.944486 0.000000 -2.000000
v -2.857884 0.000000 -2.050000
v -2.771281 0.000000 -2.100000
v -2.684679 0.000000 -2.150000
v -2.598076 0.000000 -2.200000
v -2.511474 0.000000 -2.250000
v -2.424871 0.000000 -2.300000
v -2.338269 0.000000 -2.350000
v -2.251666 0.000000 -2.400000
v -2.165064 0.000000 -2.450000
v -2.078461 0.000000 -2.500000
v -1.991858 0.000000 -2.550000
v -1.905256 0.000000 -2.600000
v -1.818653 0.000000 -2.650000
v -1.732051 0.000000 -2.700000
v -1.645448 0.000000 -2.750000
v -1.558846 0.000000 -2.800000
v -1.472243 0.000000 -2.850000
v -1.385641 0.000000 -2.900000
v -1.299038 0.000000 -2.950000
v -1.212436 0.000000 -3.000000
v -1.125833 0.000000 -3.050000
v -1.039230 0.000000 -3.100000
v -0.952628 0.000000 -3.150000
v -0.866025 0.000000 -3.200000
v -0.779423 0.000000 -3.250000
v -0.692820 0.000000 -3.300000
v -0.606218 0.000000 -3.350000
v -0.519615 0.000000 -3.400000
v -0.433013 0.000000 -3.450000
v -0.346410 0.000000 -3.500000
v -0.259808 0.000000 -3.550000
v -0.173205 0.000000 -3.600000
v -0.086603 0.000000 -3.650000
v 0.000000 0.000000 -3.800000
v 0.086603 0.000000 -3.750000
v 0.173205 0.000000 -3.700000
v 0.259808 0.000000 -3.650000
v 0.346410 0.000000 -3.600000
v 0.433013 0.000000 -3.550000
v 0.519615 0.000000 -3.500000
v 0.606218 0.000000 -3.450000
v 0.692820 0.000000 -3.400000
v 0.779423 0.000000 -3.350000
v 0.866025 0.000000 -3.300000
v 0.952628 0.000000 -3.250000
v 1.039230 0.000000 -3.200000
v 1.125833 0.000000 -3.150000
v 1.212436 0.000000 -3.100000
v 1.299038 0.000000 -3.050000
v 1.385641 0.000000 -3.000000
v 1.472243 -0.085000 -2.950000
v 1.558846 -0.085000 -2.900000
v 1.645448 -0.085000 -2.850000
v 1.732051 -0.085000 -2.800000
v 1.818653 0.000000 -2.750000
v 1.905256 0.000000 -2.700000
v 1.991858 0.000000 -2.650000
v 2.078461 0.000000 -2.600000
v 2.165064 0.000000 -2.550000
v 2.251666 0.000000 -2.500000
v 2.338269 0.000000 -2.450000
v 2.424871 0.000000 -2.400000
v 2.511474 0.000000 -2.350000
v 2.598076 0.000000 -2.300000
v 2.684679 0.000000 -2.250000
v 2.771281 0.000000 -2.200000
v 2.857884 0.000000 -2.150000
v 2.944486 0.000000 -2.100000
v 3.031089 0.000000 -2.050000
v 3.117692 0.000000 -2.000000
v 3.204294 0.000000 -1.950000
v 3.290896 0.000000 -1.900000
v 3.290896 0.000000 -1.800000
v 3.290896 0.000000 -1.700000
v 3.290896 0.000000 -1.600000
v 3.290896 0.000000 -1.500000
v 3.290896 0.000000 -1.400000
v 3.290896 0.000000 -1.300000
v 3.290896 0.000000 -1.200000
v 3.290896 0.000000 -1.100000
v 3.290896 0.000000 -1.000000
v 3.290896 0.000000 -0.900000
v 3.290896 0.000000 -0.800000
v 3.290896 0.000000 -0.700000
v 3.290896 0.000000 -0.600000
v 3.290896 0.000000 -0.500000
v 3.290896 0.000000 -0.400000
v 3.290896 0.000000 -0.300000
v 3.290896 0.000000 -0.200000
v 3.290896 0.000000 -0.100000
v 3.290896 0.000000 -0.000000
v 3.290896 0.000000 0.100000
v 3.290896 0.000000 0.200000
v 3.290896 0.000000 0.300000
v 3.290896 0.000000 0.400000
v 3.290896 0.000000 0.500000
v 3.290896 0.000000 0.600000
v 3.290896 0.000000 0.700000
v 3.290896 0.000000 0.800000
v 3.290896 0.000000 0.900000
v 3.290896 0.000000 1.000000
v 3.290896 0.000000 1.100000
v 3.290896 0.000000 1.200000
v 3.290896 0.000000 1.300000
v 3.290896 0.000000 1.400000
v 3.290896 0.000000 1.500000
v 3.290896 0.000000 1.600000
v 3.290896 0.000000 1.700000
v 3.290896 0.000000 1.800000
v 3.290896 0.000000 1.900000
v 3.204294 0.000000 1.950000
v 3.117692 0.000000 2.000000
v 3.031089 0.000000 2.050000
v 2.944486 0.000000 2.100000
v 2.857884 0.000000 2.150000
v 2.771281 0.000000 2.200000
v 2.684679 0.000000 2.250000
v 2.598076 0.000000 2.300000
v 2.511474 0.000000 2.350000
v 2.424871 0.000000 2.400000
v 2.338269 0.000000 2.450000
v 2.251666 0.000000 2.500000
v 2.165064 0.000000 2.550000
v 2.078461 0.000000 2.600000
v 1.991858 0.000000 2.650000
v 1.905256 0.000000 2.700000
v 1.818653 0.000000 2.750000
v 1.732051 0.000000 2.800000
v 1.645448 0.000000 2.850000
v 1.558846 0.000000 2.900000
v 1.472243 0.000000 2.950000
v 1.385641 0.000000 3.000000
v 1.299038 0.000000 3.050000
v 1.212436 0.000000 3.100000
v 1.125833 0.000000 3.150000
v 1.039230 0.000000 3.200000
v 0.952628 0.000000 3.250000
v 0.866025 0.000000 3.300000
v 0.779423 0.000000 3.350000
v 0.692820 0.000000 3.400000
v 0.606218 0.000000 3.450000
v 0.519615 0.000000 3.500000
v 0.433013 0.000000 3.550000
v 0.346410 0.000000 3.600000
v 0.259808 0.000000 3.650000
v 0.173205 0.000000 3.700000
v 0.086603 0.000000 3.750000
v 0.000000 0.000000 3.800000
v -0.086603 0.000000 3.750000
v -0.173205 0.000000 3.700000
v -0.259808 0.000000 3.650000
v -0.346410 0.000000 3.600000
v -0.433013 0.000000 3.550000
v -0.519615 0.000000 3.500000
v -0.606218 0.000000 3.450000
v -0.692820 0.000000 3.400000
v -0.779423 0.000000 3.350000
v -0.866025 0.000000 3.300000
v -0.952628 0.000000 3.250000
v -1.039230 0.000000 3.200000
v -1.125833 0.000000 3.150000
v -1.212436 0.000000 3.100000
v -1.299038 0.000000 3.050000
v -1.385641 0.000000 3.000000
v -1.472243 -0.085000 2.950000
v -1.558846 -0.085000 2.900000
v -1.645448 -0.085000 2.850000
v -1.732051 -0.085000 2.800000
v -1.818653 -0.085000 2.750000
v -1.905256 0.000000 2.700000
v -1.991858 0.000000 2.650000
v -2.078461 0.000000 2.600000
v -2.165064 0.000000 2.550000
v -2.251666 0.000000 2.500000
v -2.338269 0.000000 2.450000
v -2.424871 0.000000 2.400000
v -2.511474 0.000000 2.350000
v -2.598076 0.000000 2.300000
v -2.684679 0.000000 2.250000
v -2.771281 0.000000 2.200000
v -2.857884 0.000000 2.150000
v -2.944486 0.000000 2.100000
v -3.031089 0.000000 2.050000
v -3.117692 0.000000 2.000000
v -3.204294 0.000000 1.950000
v -3.290896 0.000000 1.900000
v -3.290896 0.000000 1.800000
v -3.290896 0.000000 1.700000
v -3.290896 0.000000 1.600000
v -3.290896 0.000000 1.500000
v -3.290896 0.000000 1.400000
v -3.290896 0.000000 1.300000
v -3.290896 0.000000 1.200000
v -3.290896 0.000000 1.100000
v -3.290896 0.000000 1.000000
v -3.290896 0.000000 0.900000
v -3.290896 0.000000 0.800000
v -3.290896 0.000000 0.700000
v -3.290896 0.000000 0.600000
v -3.290896 0.000000 0.500000
v -3.290896 0.000000 0.400000
v -3.290896 0.000000 0.300000
v -3.290896 0.000000 0.200000
v -3.290896 0.000000 0.100000
v -3.290896 0.000000 0.000000
v -3.290896 0.000000 -0.100000
v -3.290896 0.000000 -0.200000
v -3.290896 0.000000 -0.300000
v -3.290896 0.000000 -0.400000
v -3.290896 0.000000 -0.500000
v -3.290896 0.000000 -0.600000
v -3.290896 0.000000 -0.700000
v -3.290896 0.000000 -0.800000
v -3.290896 0.000000 -0.900000
v -3.290896 0.000000 -1.000000
v -3.290896 0.000000 -1.100000
v -3.290896 0.000000 -1.200000
v -3.290896 0.000000 -1.300000
v -3.290896 0.000000 -1.400000
v -3.290896 0.000000 -1.500000
v -3.290896 0.000000 -1.600000
v -3.290896 0.000000 -1.700000
v -3.290896 0.000000 -1.800000
v -3.290896 0.000000 -1.900000
v -3.204294 0.000000 -1.950000
v -3.117692 0.000000 -2.000000
v -3.031089 0.000000 -2.050000
v -2.944486 0.000000 -2.100000
v -2.857884 0.000000 -2.150000
v -2.771281 0.000000 -2.200000
v -2.684679 0.000000 -2.250000
v -2.598076 0.000000 -2.300000
v -2.511474 0.000000 -2.350000
v -2.424871 0.000000 -2.400000
v -2.338269 0.000000 -2.450000
v -2.251666 0.000000 -2.500000
v -2.165064 0.000000 -2.550000
v -2.078461 0.000000 -2.600000
v -1.991858 0.000000 -2.650000
v -1.905256 0.000000 -2.700000
v -1.818653 0.000000 -2.750000
v -1.732051 0.000000 -2.800000
v -1.645448 0.000000 -2.850000
v -1.558846 0.000000 -2.900000
v -1.472243 0.000000 -2.950000
v -1.385641 0.000000 -3.000000
v -1.299038 0.000000 -3.050000
v -1.212436 0.000000 -3.100000
v -1.125833 0.000000 -3.150000
v -1.039230 0.000000 -3.200000
v -0.952628 0.000000 -3.250000
v -0.866025 0.000000 -3.300000
v -0.779423 0.000000 -3.350000
v -0.692820 0.000000 -3.400000
v -0.606218 0.000000 -3.450000
v -0.519615 0.000000 -3.500000
v -0.433013 0.000000 -3.550000
v -0.346410 0.000000 -3.600000
v -0.259808 0.000000 -3.650000
v -0.173205 0.000000 -3.700000
v -0.086603 0.000000 -3.750000
v 0.000000 0.000000 -3.900000
v 0.086603 0.000000 -3.850000
v 0.173205 0.000000 -3.800000
v 0.259808 0.000000 -3.750000
v 0.346410 0.000000 -3.700000
v 0.433013 0.000000 -3.650000
v 0.519615 0.000000 -3.600000
v 0.606218 0.000000 -3.550000
v 0.692820 0.000000 -3.500000
v 0.779423 0.000000 -3.450000
v 0.866025 0.000000 -3.400000
v 0.952628 0.000000 -3.350000
v 1.039230 0.000000 -3.300000
v 1.125833 0.000000 -3.250000
v 1.212436 0.000000 -3.200000
v 1.299038 0.000000 -3.150000
v 1.385641 0.000000 -3.100000
v 1.472243 0.000000 -3.050000
v 1.558846 -0.085000 -3.000000
v 1.645448 -0.085000 -2.950000
v 1.732051 -0.085000 -2.900000
v 1.818653 -0.085000 -2.850000
v 1.905256 0.000000 -2.800000
v 1.991858 0.000000 -2.750000
v 2.078461 0.000000 -2.700000
v 2.165064 0.000000 -2.650000
v 2.251666 0.000000 -2.600000
v 2.338269 0.000000 -2.550000
v 2.424871 0.000000 -2.500000
v 2.511474 0.000000 -2.450000
v 2.598076 0.000000 -2.400000
v 2.684679 0.000000 -2.350000
v 2.771281 0.000000 -2.300000
v 2.857884 0.000000 -2.250000
v 2.944486 0.000000 -2.200000
v 3.031089 0.000000 -2.150000
v 3.117692 0.000000 -2.100000
v 3.204294 0.000000 -2.050000
v 3.290896 0.000000 -2.000000
v 3.377499 0.000000 -1.950000
v 3.377499 0.000000 -1.850000
v 3.377499 0.000000 -1.750000
v 3.377499 0.000000 -1.650000
v 3.377499 0.000000 -1.550000
v 3.377499 0.000000 -1.450000
v 3.377499 0.000000 -1.350000
v 3.377499 0.000000 -1.250000
v 3.377499 0.000000 -1.150000
v 3.377499 0.000000 -1.050000
v 3.377499 0.000000 -0.950000
v 3.377499 0.000000 -0.850000
v 3.377499 0.000000 -0.750000
v 3.377499 0.000000 -0.650000
v 3.377499 0.000000 -0.550000
v 3.377499 0.000000 -0.450000
v 3.377499 0.000000 -0.350000
v 3.377499 0.000000 -0.250000
v 3.377499 0.000000 -0.150000
v 3.377499 0.000000 -0.050000
v 3.377499 0.000000 0.050000
v 3.377499 0.000000 0.150000
v 3.377499 0.000000 0.250000
v 3.377499 0.000000 0.350000
v 3.377499 0.000000 0.450000
v 3.377499 0.000000 0.550000
v 3.377499 0.000000 0.650000
v 3.377499 0.000000 0.750000
v 3.377499 0.000000 0.850000
v 3.377499 0.000000 0.950000
v 3.377499 0.000000 1.050000
v 3.377499 0.000000 1.150000
v 3.377499 0.000000 1.250000
v 3.377499 0.000000 1.350000
v 3.377499 0.000000 1.450000
v 3.377499 0.000000 1.550000
v 3.377499 0.000000 1.650000
v 3.377499 0.000000 1.750000
v 3.377499 0.000000 1.850000
v 3.377499 0.000000 1.950000
v 3.290896 0.000000 2.000000
v 3.204294 0.000000 2.050000
v 3.117692 0.000000 2.100000
v 3.031089 0.000000 2.150000
v 2.944486 0.000000 2.200000
v 2.857884 0.000000 2.250000
v 2.771281 0.000000 2.300000
v 2.684679 0.000000 2.350000
v 2.598076 0.000000 2.400000
v 2.511474 0.000000 2.450000
v 2.424871 0.000000 2.500000
v 2.338269 0.000000 2.550000
v 2.251666 0.000000 2.600000
v 2.165064 0.000000 2.650000
v 2.078461 0.000000 2.700000
v 1.991858 0.000000 2.750000
v 1.905256 0.000000 2.800000
v 1.818653 0.000000 2.850000
v 1.732051 0.000000 2.900000
v 1.645448 0.000000 2.950000
v 1.558846 0.000000 3.000000
v 1.472243 0.000000 3.050000
v 1.385641 0.000000 3.100000
v 1.299038 0.000000 3.150000
v 1.212436 0.000000 3.200000
v 1.125833 0.000000 3.250000
v 1.039230 0.000000 3.300000
v 0.952628 0.000000 3.350000
v 0.866025 0.000000 3.400000
v 0.779423 0.000000 3.450000
v 0.692820 0.000000 3.500000
v 0.606218 0.000000 3.550000
v 0.519615 0.000000 3.600000
v 0.433013 0.000000 3.650000
v 0.346410 0.000000 3.700000
v 0.259808 0.000000 3.750000
v 0.173205 0.000000 3.800000
v 0.086603 0.000000 3.850000
v 0.000000 0.000000 3.900000
v -0.086603 0.000000 3.850000
v -0.173205 0.000000 3.800000
v -0.259808 0.000000 3.750000
v -0.346410 0.000000 3.700000
v -0.433013 0.000000 3.650000
v -0.519615 0.000000 3.600000
v -0.606218 0.000000 3.550000
v -0.692820 0.000000 3.500000
v -0.779423 0.000000 3.450000
v -0.866025 0.000000 3.400000
v -0.952628 0.000000 3.350000
v -1.039230 0.000000 3.300000
v -1.125833 0.000000 3.250000
v -1.212436 0.000000 3.200000
v -1.299038 0.000000 3.150000
v -1.385641 0.000000 3.100000
v -1.472243 -0.085000 3.050000
v -1.558846 -0.085000 3.000000
v -1.645448 -0.085000 2.950000
v -1.732051 -0.085000 2.900000
v -1.818653 -0.085000 2.850000
v -1.905256 -0.085000 2.800000
v -1.991858 0.000000 2.750000
v -2.078461 0.000000 2.700000
v -2.165064 0.000000 2.650000
v -2.251666 0.000000 2.600000
v -2.338269 0.000000 2.550000
v -2.424871 0.000000 2.500000
v -2.511474 0.000000 2.450000
v -2.598076 0.000000 2.400000
v -2.684679 0.000000 2.350000
v -2.771281 0.000000 2.300000
v -2.857884 0.000000 2.250000
v -2.944486 0.000000 2.200000
v -3.031089 0.000000 2.150000
v -3.117692 0.000000 2.100000
v -3.204294 0.000000 2.050000
v -3.290896 0.000000 2.000000
v -3.377499 0.000000 1.950000
v -3.377499 0.000000 1.850000
v -3.377499 0.000000 1.750000
v -3.377499 0.000000 1.650000
v -3.377499 0.000000 1.550000
v -3.377499 0.000000 1.450000
v -3.377499 0.000000 1.350000
v -3.377499 0.000000 1.250000
v -3.377499 0.000000 1.150000
v -3.377499 0.000000 1.050000
v -3.377499 0.000000 0.950000
v -3.377499 0.000000 0.850000
v -3.377499 0.000000 0.750000
v -3.377499 0.000000 0.650000
v -3.377499 0.000000 0.550000
v -3.377499 0.000000 0.450000
v -3.377499 0.000000 0.350000
v -3.377499 0.000000 0.250000
v -3.377499 0.000000 0.150000
v -3.377499 0.000000 0.050000
v -3.377499 0.000000 -0.050000
v -3.377499 0.000000 -0.150000
v -3.377499 0.000000 -0.250000
v -3.377499 0.000000 -0.350000
v -3.377499 0.000000 -0.450000
v -3.377499 0.000000 -0.550000
v -3.377499 0.000000 -0.650000
v -3.377499 0.000000 -0.750000
v -3.377499 0.000000 -0.850000
v -3.377499 0.000000 -0.950000
v -3.377499 0.000000 -1.050000
v -3.377499 0.000000 -1.150000
v -3.377499 0.000000 -1.250000
v -3.377499 0.000000 -1.350000
v -3.377499 0.000000 -1.450000
v -3.377499 0.000000 -1.550000
v -3.377499 0.000000 -1.650000
v -3.377499 0.000000 -1.750000
v -3.377499 0.000000 -1.850000
v -3.377499 0.000000 -1.950000
v -3.290896 0.000000 -2.000000
v -3.204294 0.000000 -2.050000
v -3.117692 0.000000 -2.100000
v -3.031089 0.000000 -2.150000
v -2.944486 0.000000 -2.200000
v -2.857884 0.000000 -2.250000
v -2.771281 0.000000 -2.300000
v -2.684679 0.000000 -2.350000
v -2.598076 0.000000 -2.400000
v -2.511474 0.000000 -2.450000
v -2.424871 0.000000 -2.500000
v -2.338269 0.000000 -2.550000
v -2.251666 0.000000 -2.600000
v -2.165064 0.000000 -2.650000
v -2.078461 0.000000 -2.700000
v -1.991858 0.000000 -2.750000
v -1.905256 0.000000 -2.800000
v -1.818653 0.000000 -2.850000
v -1.732051 0.000000 -2.900000
v -1.645448 0.000000 -2.950000
v -1.558846 0.000000 -3.000000
v -1.472243 0.000000 -3.050000
v -1.385641 0.000000 -3.100000
v -1.299038 0.000000 -3.150000
v -1.212436 0.000000 -3.200000
v -1.125833 0.000000 -3.250000
v -1.039230 0.000000 -3.300000
v -0.952628 0.000000 -3.350000
v -0.866025 0.000000 -3.400000
v -0.779423 0.000000 -3.450000
v -0.692820 0.000000 -3.500000
v -0.606218 0.000000 -3.550000
v -0.519615 0.000000 -3.600000
v -0.433013 0.000000 -3.650000
v -0.346410 0.000000 -3.700000
v -0.259808 0.000000 -3.750000
v -0.173205 0.000000 -3.800000
v -0.086603 0.000000 -3.850000
v 0.000000 0.000000 -4.000000
v 0.086603 0.000000 -3.950000
v 0.173205 0.000000 -3.900000
v 0.259808 0.000000 -3.850000
v 0.346410 0.000000 -3.800000
v 0.433013 0.000000 -3.750000
v 0.519615 0.000000 -3.700000
v 0.606218 0.000000 -3.650000
v 0.692820 0.000000 -3.600000
v 0.779423 0.000000 -3.550000
v 0.866025 0.000000 -3.500000
v 0.952628 0.000000 -3.450000
v 1.039230 0.000000 -3.400000
v 1.125833 0.000000 -3.350000
v 1.212436 0.000000 -3.300000
v 1.299038 0.000000 -3.250000
v 1.385641 0.000000 -3.200000
v 1.472243 0.000000 -3.150000
v 1.558846 -0.085000 -3.100000
v 1.645448 -0.085000 -3.050000
v 1.732051 -0.085000 -3.000000
v 1.818653 -0.085000 -2.950000
v 1.905256 -0.085000 -2.900000
v 1.991858 0.000000 -2.850000
v 2.078461 0.000000 -2.800000
v 2.165064 0.000000 -2.750000
v 2.251666 0.000000 -2.700000
v 2.338269 0.000000 -2.650000
v 2.424871 0.000000 -2.600000
v 2.511474 0.000000 -2.550000
v 2.598076 0.000000 -2.500000
v 2.684679 0.000000 -2.450000
v 2.771281 0.000000 -2.400000
v 2.857884 0.000000 -2.350000
v 2.944486 0.000000 -2.300000
v 3.031089 0.000000 -2.250000
v 3.117692 0.000000 -2.200000
v 3.204294 0.000000 -2.150000
v 3.290896 0.000000 -2.100000
v 3.377499 0.000000 -2.050000
v 3.464102 0.000000 -2.000000
v 3.464102 0.000000 -1.900000
v 3.464102 0.000000 -1.800000
v 3.464102 0.000000 -1.700000
v 3.464102 0.000000 -1.600000
v 3.464102 0.000000 -1.500000
v 3.464102 0.000000 -1.400000
v 3.464102 0.000000 -1.300000
v 3.464102 0.000000 -1.200000
v 3.464102 0.000000 -1.100000
v 3.464102 0.000000 -1.000000
v 3.464102 0.000000 -0.900000
v 3.464102 0.000000 -0.800000
v 3.464102 0.000000 -0.700000
v 3.464102 0.000000 -0.600000
v 3.464102 0.000000 -0.500000
v 3.464102 0.000000 -0.400000
v 3.464102 0.000000 -0.300000
v 3.464102 0.000000 -0.200000
v 3.464102 0.000000 -0.100000
v 3.464102 0.000000 -0.000000
v 3.464102 0.000000 0.100000
v 3.464102 0.000000 0.200000
v 3.464102 0.000000 0.300000
v 3.464102 0.000000 0.400000
v 3.464102 0.000000 0.500000
v 3.464102 0.000000 0.600000
v 3.464102 0.000000 0.700000
v 3.464102 0.000000 0.800000
v 3.464102 0.000000 0.900000
v 3.464102 0.000000 1.000000
v 3.464102 0.000000 1.100000
v 3.464102 0.000000 1.200000
v 3.464102 0.000000 1.300000
v 3.464102 0.000000 1.400000
v 3.464102 0.000000 1.500000
v 3.464102 0.000000 1.600000
v 3.464102 0.000000 1.700000
v 3.464102 0.000000 1.800000
v 3.464102 0.000000 1.900000
v 3.464102 0.000000 2.000000
v 3.377499 0.000000 2.050000
v 3.290896 0.000000 2.100000
v 3.204294 0.000000 2.150000
v 3.117692 0.000000 2.200000
v 3.031089 0.000000 2.250000
v 2.944486 0.000000 2.300000
v 2.857884 0.000000 2.350000
v 2.771281 0.000000 2.400000
v 2.684679 0.000000 2.450000
v 2.598076 0.000000 2.500000
v 2.511474 0.000000 2.550000
v 2.424871 0.000000 2.600000
v 2.338269 0.000000 2.650000
v 2.251666 0.000000 2.700000
v 2.165064 0.000000 2.750000
v 2.078461 0.000000 2.800000
v 1.991858 0.000000 2.850000
v 1.905256 0.000000 2.900000
v 1.818653 0.000000 2.950000
v 1.732051 0.000000 3.000000
v 1.645448 0.000000 3.050000
v 1.558846 0.000000 3.100000
v 1.472243 0.000000 3.150000
v 1.385641 0.000000 3.200000
v 1.299038 0.000000 3.250000
v 1.212436 0.000000 3.300000
v 1.125833 0.000000 3.350000
v 1.039230 0.000000 3.400000
v 0.952628 0.000000 3.450000
v 0.866025 0.000000 3.500000
v 0.779423 0.000000 3.550000
v 0.692820 0.000000 3.600000
v 0.606218 0.000000 3.650000
v 0.519615 0.000000 3.700000
v 0.433013 0.000000 3.750000
v 0.346410 0.000000 3.800000
v 0.259808 0.000000 3.850000
v 0.173205 0.000000 3.900000
v 0.086603 0.000000 3.950000
v 0.000000 0.000000 4.000000
v -0.086603 0.000000 3.950000
v -0.173205 0.000000 3.900000
v -0.259808 0.000000 3.850000
v -0.346410 0.000000 3.800000
v -0.433013 0.000000 3.750000
v -0.519615 0.000000 3.700000
v -0.606218 0.000000 3.650000
v -0.692820 0.000000 3.600000
v -0.779423 0.000000 3.550000
v -0.866025 0.000000 3.500000
v -0.952628 0.000000 3.450000
v -1.039230 0.000000 3.400000
v -1.125833 0.000000 3.350000
v -1.212436 0.000000 3.300000
v -1.299038 0.000000 3.250000
v -1.385641 0.000000 3.200000
v -1.472243 0.000000 3.150000
v -1.558846 -0.085000 3.100000
v -1.645448 -0.085000 3.050000
v -1.732051 -0.085000 3.000000
v -1.818653 -0.085000 2.950000
v -1.905256 -0.085000 2.900000
v -1.991858 0.000000 2.850000
v -2.078461 0.000000 2.800000
v -2.165064 0.000000 2.750000
v -2.251666 0.000000 2.700000
v -2.338269 0.000000 2.650000
v -2.424871 0.000000 2.600000
v -2.511474 0.000000 2.550000
v -2.598076 0.000000 2.500000
v -2.684679 0.000000 2.450000
v -2.771281 0.000000 2.400000
v -2.857884 0.000000 2.350000
v -2.944486 0.000000 2.300000
v -3.031089 0.000000 2.250000
v -3.117692 0.000000 2.200000
v -3.204294 0.000000 2.150000
v -3.290896 0.000000 2.100000
v -3.377499 0.000000 2.050000
v -3.464102 0.000000 2.000000
v -3.464102 0.000000 1.900000
v -3.464102 0.000000 1.800000
v -3.464102 0.000000 1.700000
v -3.464102 0.000000 1.600000
v -3.464102 0.000000 1.500000
v -3.464102 0.000000 1.400000
v -3.464102 0.000000 1.300000
v -3.464102 0.000000 1.200000
v -3.464102 0.000000 1.100000
v -3.464102 0.000000 1.000000
v -3.464102 0.000000 0.900000
v -3.464102 0.000000 0.800000
v -3.464102 0.000000 0.700000
v -3.464102 0.000000 0.600000
v -3.464102 0.000000 0.500000
v -3.464102 0.000000 0.400000
v -3.464102 0.000000 0.300000
v -3.464102 0.000000 0.200000
v -3.464102 0.000000 0.100000
v -3.464102 0.000000 0.000000
v -3.464102 0.000000 -0.100000
v -3.464102 0.000000 -0.200000
v -3.464102 0.000000 -0.300000
v -3.464102 0.000000 -0.400000
v -3.464102 0.000000 -0.500000
v -3.464102 0.000000 -0.600000
v -3.464102 0.000000 -0.700000
v -3.464102 0.000000 -0.800000
v -3.464102 0.000000 -0.900000
v -3.464102 0.000000 -1.000000
v -3.464102 0.000000 -1.100000
v -3.464102 0.000000 -1.200000
v -3.464102 0.000000 -1.300000
v -3.464102 0.000000 -1.400000
v -3.464102 0.000000 -1.500000
v -3.464102 0.000000 -1.600000
v -3.464102 0.000000 -1.700000
v -3.464102 0.000000 -1.800000
v -3.464102 0.000000 -1.900000
v -3.464102 0.000000 -2.000000
v -3.377499 0.000000 -2.050000
v -3.290896 0.000000 -2.100000
v -3.204294 0.000000 -2.150000
v -3.117692 0.000000 -2.200000
v -3.031089 0.000000 -2.250000
v -2.944486 0.000000 -2.300000
v -2.857884 0.000000 -2.350000
v -2.771281 0.000000 -2.400000
v -2.684679 0.000000 -2.450000
v -2.598076 0.000000 -2.500000
v -2.511474 0.000000 -2.550000
v -2.424871 0.000000 -2.600000
v -2.338269 0.000000 -2.650000
v -2.251666 0.000000 -2.700000
v -2.165064 0.000000 -2.750000
v -2.078461 0.000000 -2.800000
v -1.991858 0.000000 -2.850000
v -1.905256 0.000000 -2.900000
v -1.818653 0.000000 -2.950000
v -1.732051 0.000000 -3.000000
v -1.645448 0.000000 -3.050000
v -1.558846 0.000000 -3.100000
v -1.472243 0.000000 -3.150000
v -1.385641 0.000000 -3.200000
v -1.299038 0.000000 -3.250000
v -1.212436 0.000000 -3.300000
v -1.125833 0.000000 -3.350000
v -1.039230 0.000000 -3.400000
v -0.952628 0.000000 -3.450000
v -0.866025 0.000000 -3.500000
v -0.779423 0.000000 -3.550000
v -0.692820 0.000000 -3.600000
v -0.606218 0.000000 -3.650000
v -0.519615 0.000000 -3.700000
v -0.433013 0.000000 -3.750000
v -0.346410 0.000000 -3.800000
v -0.259808 0.000000 -3.850000
v -0.173205 0.000000 -3.900000
v -0.086603 0.000000 -3.950000
vn -0.0000 1.0000 -0.0000
vn 0.9799 0.1997 -0.0000
vn 0.4899 0.1997 -0.8486
vn -0.9799 0.1997 -0.0000
vn -0.4899 0.1997 0.8486
vn 0.4899 0.1997 0.8486
vn -0.7946 0.6072 -0.0000
vn -0.5856 0.5363 0.6078
vn -0.4723 0.5278 0.7060
vn -0.5830 0.4880 0.6495
vn 0.4455 0.4539 0.7717
vn -0.4899 0.1997 -0.8486
vn 0.4884 0.5774 0.6543
vn 0.3973 0.6072 0.6881
vn 0.5856 0.5363 0.6078
vn 0.6772 0.7358 -0.0000
vn 0.7946 0.6072 -0.0000
vn 0.7127 0.7015 -0.0000
vn 0.3563 0.7015 -0.6172
vn 0.3973 0.6072 -0.6881
vn -0.3973 0.6072 -0.6881
vn -0.3563 0.7015 -0.6172
vn -0.3250 0.7600 -0.5629
vn -0.2738 0.8368 -0.4742
vn -0.1636 0.5002 0.8503
vn -0.3225 0.5774 0.7501
vn -0.2911 0.6765 0.6765
vn -0.3973 0.6072 0.6881
vn 0.8910 0.4539 -0.0000
vn 0.5475 0.8368 -0.0000
vn 0.2738 0.8368 -0.4742
vn 0.3404 0.7325 -0.5896
vn 0.9722 0.2329 0.0221
vn 0.9759 0.2070 0.0691
vn -0.6808 0.7325 -0.0000
vn -0.6499 0.7600 -0.0000
vn -0.5475 0.8368 -0.0000
vn -0.2738 0.8368 0.4742
vn -0.3563 0.7015 0.6172
vn 0.4404 0.6765 -0.5903
vn 0.4884 0.5774 -0.6543
vn 0.6546 0.5002 -0.5669
vn 0.9556 0.2942 0.0178
vn 0.9476 0.2443 0.2061
vn -0.3250 0.7600 0.5629
vn 0.6499 0.7600 -0.0000
vn 0.3563 0.7015 0.6172
vn 0.3250 0.7600 -0.5629
vn 0.9469 0.3216 -0.0000
vn 0.9458 0.2944 0.1369
vn 0.2738 0.8368 0.4742
vn 0.3250 0.7600 0.5629
vn 0.3404 0.7325 0.5896
vn 0.6808 0.7325 -0.0000
vn -0.6886 0.2215 -0.6905
vn -0.5179 0.2614 -0.8145
vn -0.6659 0.2279 -0.7104
vn -0.4817 0.2677 -0.8344
vn 0.4734 0.3216 0.8200
vn 0.3122 0.7811 -0.5408
vn 0.7378 0.6750 -0.0000
vn -0.3434 0.7269 0.5948
vn -0.9484 0.3055 0.0847
vn -0.9509 0.2840 0.1230
vn -0.9556 0.2942 0.0178
vn -0.4669 0.2329 -0.8531
vn -0.3185 0.2171 -0.9227
vn -0.2953 0.2443 -0.9237
vn -0.7127 0.7015 -0.0000
vn -0.9469 0.3216 -0.0000
vn 0.5478 0.2070 0.8106
vn 0.5053 0.2329 0.8309
vn -0.4533 0.2723 -0.8487
vn -0.3302 0.2884 -0.8988
vn 0.8475 0.5278 -0.0560
vn 0.7314 0.6765 -0.0862
vn -0.3689 0.6750 0.6390
vn -0.4734 0.3216 -0.8200
vn 0.3434 0.7269 -0.5948
vn 0.6659 0.2279 0.7104
vn 0.4817 0.2677 0.8344
vn 0.8475 0.5278 0.0560
vn 0.8626 0.5059 -0.0000
vn 0.9435 0.2884 -0.1634
vn 0.9509 0.2840 -0.1230
vn 0.9617 0.2723 -0.0318
vn 0.7314 0.6765 0.0862
vn -0.3404 0.7325 0.5896
vn 0.3225 0.5774 -0.7501
vn 0.2336 0.5363 -0.8111
vn 0.6868 0.7269 -0.0000
vn -0.4404 0.6765 0.5903
vn -0.5179 0.4734 0.7125
vn -0.4455 0.4539 0.7717
vn 0.4455 0.4539 -0.7717
vn -0.4455 0.4539 -0.7717
vn -0.8532 0.5216 -0.0000
vn -0.8654 0.4858 -0.1226
vn -0.8535 0.4069 -0.3254
vn -0.5614 0.3387 -0.7550
vn -0.5132 0.4160 -0.7507
vn 0.3668 0.3396 0.8661
vn 0.2197 0.3562 0.9082
vn 0.0596 0.3644 0.9293
vn -0.6244 0.7811 -0.0000
vn -0.2336 0.5363 0.8111
vn -0.3105 0.5482 -0.7766
vn -0.2321 0.5609 -0.7947
vn -0.0939 0.5741 -0.8134
vn -0.6982 0.4507 -0.5562
vn -0.4579 0.6142 -0.6427
vn 0.7855 0.6142 0.0752
vn 0.8532 0.5216 -0.0000
vn 0.8318 0.5452 0.1040
vn 0.3386 0.7358 -0.5865
vn -0.2336 0.5363 -0.8111
vn -0.3225 0.5774 -0.7501
vn -0.1636 0.5002 -0.8503
vn -0.7005 0.7137 -0.0000
vn -0.6259 0.7799 -0.0000
vn -0.5629 0.6298 -0.5353
vn -0.3502 0.7137 -0.6066
vn 0.7005 0.7137 -0.0000
vn 0.7450 0.6298 0.2198
vn 0.3434 0.7269 0.5948
vn -0.3689 0.6750 0.6389
vn -0.7378 0.6750 -0.0000
vn -0.3404 0.7325 -0.5896
vn 0.5614 0.3387 0.7550
vn 0.5132 0.4160 0.7507
vn 0.3122 0.7811 0.5408
vn -0.6290 0.7774 -0.0000
vn 0.3502 0.7137 0.6066
vn -0.3122 0.7811 -0.5408
vn -0.3434 0.7269 -0.5948
vn 0.7086 0.4069 0.5765
vn 0.4266 0.5216 0.7389
vn -0.3689 0.6750 -0.6389
vn 0.2922 0.5640 -0.7723
vn -0.0000 0.5070 -0.8619
vn -0.0000 0.7231 -0.6907
vn -0.2922 0.5640 -0.7723
vn 0.7513 0.5741 -0.3253
vn 0.8042 0.5609 -0.1963
vn 0.8278 0.5482 -0.1194
vn -0.3689 0.6750 -0.6390
vn -0.0000 0.6099 -0.7924
vn -0.3386 0.7358 -0.5865
vn -0.3753 0.5278 -0.7620
vn -0.4313 0.5059 -0.7470
vn -0.4723 0.5278 -0.7060
vn -0.4404 0.6765 -0.5903
vn -0.8192 0.5363 -0.2032
vn -0.8109 0.5774 -0.0958
vn 0.6546 0.5002 0.5669
vn -0.9635 0.2677 -0.0000
vn 0.9635 0.2677 -0.0000
vn 0.1636 0.5002 -0.8503
vn -0.8346 0.3644 -0.4130
vn -0.4266 0.5216 -0.7389
vn -0.8182 0.5002 -0.2834
s 1
f 2//1 1//1 3//1
f 3//1 1//1 4//1
f 4//1 1//1 5//1
f 5//1 1//1 6//1
f 6//1 1//1 7//1
f 7//1 1//1 2//1
f 8//1 2//1 9//1
f 9//1 3//1 10//1
f 10//1 3//1 11//1
f 11//1 4//1 12//1
f 12//1 4//1 13//1
f 13//1 5//1 14//1
f 14//1 5//1 15//1
f 15//1 6//1 16//1
f 16//1 6//1 17//1
f 17//1 7//1 18//1
f 18//1 7//1 19//1
f 19//1 2//1 8//1
f 20//1 8//1 21//1
f 21//1 9//1 22//1
f 22//1 10//1 23//1
f 23//1 10//1 24//1
f 24//1 11//1 25//1
f 25//1 12//1 26//1
f 26//1 12//1 27//1
f 27//1 13//1 28//1
f 28//1 14//1 29//1
f 29//1 14//1 30//1
f 30//1 15//1 31//1
f 31//2 16//2 32//2
f 32//2 16//2 33//2
f 33//2 17//2 34//2
f 34//3 18//3 35//3
f 35//1 18//1 36//1
f 36//1 19//1 37//1
f 37//1 8//1 20//1
f 38//1 20//1 39//1
f 39//1 21//1 40//1
f 40//4 22//4 41//4
f 41//5 23//5 42//5
f 42//4 23//4 43//4
f 43//4 24//4 44//4
f 44//4 25//4 45//4
f 45//4 26//4 46//4
f 46//4 26//4 47//4
f 47//1 27//1 48//1
f 48//1 28//1 49//1
f 49//1 29//1 50//1
f 50//1 29//1 51//1
f 51//1 30//1 52//1
f 52//2 31//2 53//2
f 53//1 32//1 54//1
f 54//1 32//1 55//1
f 55//1 33//1 56//1
f 56//1 34//1 57//1
f 57//2 35//2 58//2
f 58//2 35//2 59//2
f 59//1 36//1 60//1
f 60//1 37//1 61//1
f 61//1 20//1 38//1
f 62//1 38//1 63//1
f 63//1 39//1 64//1
f 64//4 40//4 65//4
f 65//1 41//1 66//1
f 66//1 42//1 67//1
f 67//1 42//1 68//1
f 68//1 43//1 69//1
f 69//1 44//1 70//1
f 70//1 45//1 71//1
f 71//1 46//1 72//1
f 72//1 46//1 73//1
f 73//4 47//4 74//4
f 74//1 48//1 75//1
f 75//1 49//1 76//1
f 76//1 50//1 77//1
f 77//1 50//1 78//1
f 78//1 51//1 79//1
f 79//2 52//2 80//2
f 80//1 53//1 81//1
f 81//1 54//1 82//1
f 82//1 54//1 83//1
f 83//1 55//1 84//1
f 84//1 56//1 85//1
f 85//1 57//1 86//1
f 86//1 58//1 87//1
f 87//3 58//3 88//3
f 88//1 59//1 89//1
f 89//1 60//1 90//1
f 90//1 61//1 91//1
f 91//1 38//1 62//1
f 92//1 62//1 93//1
f 93//1 63//1 94//1
f 94//4 64//4 95//4
f 95//1 65//1 96//1
f 96//1 66//1 97//1
f 97//1 67//1 98//1
f 98//1 67//1 99//1
f 99//1 68//1 100//1
f 100//1 69//1 101//1
f 101//1 70//1 102//1
f 102//1 71//1 103//1
f 103//1 72//1 104//1
f 104//1 72//1 105//1
f 105//1 73//1 106//1
f 106//4 74//4 107//4
f 107//1 75//1 108//1
f 108//1 76//1 109//1
f 109//1 77//1 110//1
f 110//1 77//1 111//1
f 111//1 78//1 112//1
f 112//1 79//1 113//1
f 113//6 80//6 114//6
f 114//1 81//1 115//1
f 115//1 82//1 116//1
f 116//1 82//1 117//1
f 117//1 83//1 118//1
f 118//1 84//1 119//1
f 119//1 85//1 120//1
f 120//1 86//1 121//1
f 121//1 87//1 122//1
f 122//1 87//1 123//1
f 123//2 88//2 124//2
f 124//1 89//1 125//1
f 125//1 90//1 126//1
f 126//1 91//1 127//1
f 127//1 62//1 92//1
f 128//4 92//4 129//4
f 129//5 93//5 130//5
f 130//5 94//5 131//5
f 131//1 95//1 132//1
f 132//1 96//1 133//1
f 133//1 97//1 134//1
f 134//1 98//1 135//1
f 135//1 98//1 136//1
f 136//1 99//1 137//1
f 137//1 100//1 138//1
f 138//1 101//1 139//1
f 139//1 102//1 140//1
f 140//1 103//1 141//1
f 141//1 104//1 142//1
f 142//1 104//1 143//1
f 143//1 105//1 144//1
f 144//1 106//1 145//1
f 145//4 107//4 146//4
f 146//1 108//1 147//1
f 147//1 109//1 148//1
f 148//1 110//1 149//1
f 149//1 110//1 150//1
f 150//1 111//1 151//1
f 151//1 112//1 152//1
f 152//2 113//2 153//2
f 153//7 114//7 154//7
f 154//8 115//9 155//10
f 155//11 116//11 156//11
f 156//1 116//1 157//1
f 157//1 117//1 158//1
f 158//1 118//1 159//1
f 159//1 119//1 160//1
f 160//1 120//1 161//1
f 161//1 121//1 162//1
f 162//1 122//1 163//1
f 163//1 122//1 164//1
f 164//1 123//1 165//1
f 165//2 124//2 166//2
f 166//1 125//1 167//1
f 167//1 126//1 168//1
f 168//1 127//1 169//1
f 169//1 92//1 128//1
f 170//1 128//1 171//1
f 171//12 129//12 172//12
f 172//1 130//1 173//1
f 173//1 131//1 174//1
f 174//1 132//1 175//1
f 175//1 133//1 176//1
f 176//1 134//1 177//1
f 177//1 135//1 178//1
f 178//1 135//1 179//1
f 179//13 136//14 180//15
f 180//16 137//17 181//18
f 181//19 138//20 182//20
f 182//1 139//1 183//1
f 183//1 140//1 184//1
f 184//1 141//1 185//1
f 185//1 142//1 186//1
f 186//1 142//1 187//1
f 187//1 143//1 188//1
f 188//1 144//1 189//1
f 189//1 145//1 190//1
f 190//12 146//12 191//12
f 191//4 147//4 192//4
f 192//1 148//1 193//1
f 193//1 149//1 194//1
f 194//1 149//1 195//1
f 195//1 150//1 196//1
f 196//1 151//1 197//1
f 197//1 152//1 198//1
f 198//6 153//6 199//6
f 199//21 154//22 200//23
f 200//23 155//24 201//24
f 201//25 156//26 202//27
f 202//27 156//26 203//28
f 203//1 157//1 204//1
f 204//1 158//1 205//1
f 205//1 159//1 206//1
f 206//1 160//1 207//1
f 207//1 161//1 208//1
f 208//1 162//1 209//1
f 209//1 163//1 210//1
f 210//1 163//1 211//1
f 211//1 164//1 212//1
f 212//3 165//3 213//3
f 213//1 166//1 214//1
f 214//1 167//1 215//1
f 215//1 168//1 216//1
f 216//1 169//1 217//1
f 217//1 128//1 170//1
f 218//1 170//1 219//1
f 219//4 171//4 220//4
f 220//1 172//1 221//1
f 221//1 173//1 222//1
f 222//1 174//1 223//1
f 223//1 175//1 224//1
f 224//1 176//1 225//1
f 225//1 177//1 226//1
f 226//29 178//29 227//29
f 227//29 178//29 228//29
f 228//29 179//29 229//29
f 229//30 180//16 230//30
f 230//31 181//19 231//32
f 231//32 182//20 232//20
f 232//1 183//1 233//1
f 233//1 184//1 234//1
f 234//1 185//1 235//1
f 235//1 186//1 236//1
f 236//1 186//1 237//1
f 237//1 187//1 238//1
f 238//1 188//1 239//1
f 239//1 189//1 240//1
f 240//1 190//1 241//1
f 241//1 191//1 242//1
f 242//4 192//4 243//4
f 243//1 193//1 244//1
f 244//1 194//1 245//1
f 245//1 194//1 246//1
f 246//1 195//1 247//1
f 247//1 196//1 248//1
f 248//1 197//1 249//1
f 249//33 198//2 250//34
f 250//7 199//7 251//35
f 251//35 200//36 252//37
f 252//1 201//1 253//1
f 253//38 202//27 254//38
f 254//38 202//27 255//39
f 255//39 203//28 256//28
f 256//1 204//1 257//1
f 257//1 205//1 258//1
f 258//1 206//1 259//1
f 259//1 207//1 260//1
f 260//1 208//1 261//1
f 261//1 209//1 262//1
f 262//1 210//1 263//1
f 263//1 210//1 264//1
f 264//1 211//1 265//1
f 265//1 212//1 266//1
f 266//2 213//2 267//2
f 267//1 214//1 268//1
f 268//1 215//1 269//1
f 269//1 216//1 270//1
f 270//1 217//1 271//1
f 271//1 170//1 218//1
f 272//1 218//1 273//1
f 273//1 219//1 274//1
f 274//12 220//12 275//12
f 275//1 221//1 276//1
f 276//1 222//1 277//1
f 277//1 223//1 278//1
f 278//17 224//17 279//18
f 279//19 225//20 280//40
f 280//40 226//41 281//42
f 281//1 227//1 282//1
f 282//1 227//1 283//1
f 283//1 228//1 284//1
f 284//1 229//1 285//1
f 285//1 230//1 286//1
f 286//31 231//32 287//32
f 287//32 232//20 288//20
f 288//1 233//1 289//1
f 289//1 234//1 290//1
f 290//1 235//1 291//1
f 291//1 236//1 292//1
f 292//1 236//1 293//1
f 293//1 237//1 294//1
f 294//1 238//1 295//1
f 295//1 239//1 296//1
f 296//1 240//1 297//1
f 297//1 241//1 298//1
f 298//1 242//1 299//1
f 299//12 243//12 300//12
f 300//4 244//4 301//4
f 301//1 245//1 302//1
f 302//1 245//1 303//1
f 303//1 246//1 304//1
f 304//1 247//1 305//1
f 305//1 248//1 306//1
f 306//43 249//33 307//44
f 307//45 250//28 308//45
f 308//36 251//35 309//37
f 309//1 252//1 310//1
f 310//1 253//1 311//1
f 311//30 254//30 312//46
f 312//46 254//30 313//18
f 313//47 255//47 314//14
f 314//1 256//1 315//1
f 315//1 257//1 316//1
f 316//1 258//1 317//1
f 317//1 259//1 318//1
f 318//1 260//1 319//1
f 319//1 261//1 320//1
f 320//1 262//1 321//1
f 321//1 263//1 322//1
f 322//1 263//1 323//1
f 323//1 264//1 324//1
f 324//1 265//1 325//1
f 325//1 266//1 326//1
f 326//2 267//2 327//2
f 327//1 268//1 328//1
f 328//1 269//1 329//1
f 329//1 270//1 330//1
f 330//1 271//1 331//1
f 331//1 218//1 272//1
f 332//1 272//1 333//1
f 333//1 273//1 334//1
f 334//1 274//1 335//1
f 335//12 275//12 336//12
f 336//1 276//1 337//1
f 337//17 277//17 338//18
f 338//19 278//20 339//48
f 339//46 279//18 340//30
f 340//31 280//40 341//31
f 341//1 281//1 342//1
f 342//1 282//1 343//1
f 343//1 282//1 344//1
f 344//1 283//1 345//1
f 345//1 284//1 346//1
f 346//1 285//1 347//1
f 347//1 286//1 348//1
f 348//31 287//32 349//32
f 349//32 288//20 350//20
f 350//1 289//1 351//1
f 351//1 290//1 352//1
f 352//1 291//1 353//1
f 353//1 292//1 354//1
f 354//1 292//1 355//1
f 355//1 293//1 356//1
f 356//1 294//1 357//1
f 357//1 295//1 358//1
f 358//1 296//1 359//1
f 359//1 297//1 360//1
f 360//1 298//1 361//1
f 361//1 299//1 362//1
f 362//1 300//1 363//1
f 363//12 301//12 364//12
f 364//4 302//4 365//4
f 365//1 302//1 366//1
f 366//1 303//1 367//1
f 367//1 304//1 368//1
f 368//1 305//1 369//1
f 369//49 306//43 370//50
f 370//38 307//45 371//38
f 371//38 308//45 372//38
f 372//1 309//1 373//1
f 373//1 310//1 374//1
f 374//1 311//1 375//1
f 375//51 312//52 376//53
f 376//53 312//52 377//14
f 377//17 313//18 378//17
f 378//1 314//1 379//1
f 379//1 315//1 380//1
f 380//1 316//1 381//1
f 381//1 317//1 382//1
f 382//1 318//1 383//1
f 383//1 319//1 384//1
f 384//1 320//1 385//1
f 385//1 321//1 386//1
f 386//1 322//1 387//1
f 387//1 322//1 388//1
f 388//1 323//1 389//1
f 389//1 324//1 390//1
f 390//1 325//1 391//1
f 391//1 326//1 392//1
f 392//2 327//2 393//2
f 393//1 328//1 394//1
f 394//1 329//1 395//1
f 395//1 330//1 396//1
f 396//1 331//1 397//1
f 397//1 272//1 332//1
f 398//1 332//1 399//1
f 399//1 333//1 400//1
f 400//1 334//1 401//1
f 401//1 335//1 402//1
f 402//12 336//12 403//12
f 403//17 337//17 404//54
f 404//54 338//18 405//30
f 405//31 339//48 406//31
f 406//1 340//1 407//1
f 407//1 341//1 408//1
f 408//1 342//1 409//1
f 409//1 343//1 410//1
f 410//1 343//1 411//1
f 411//1 344//1 412//1
f 412//1 345//1 413//1
f 413//1 346//1 414//1
f 414//1 347//1 415//1
f 415//1 348//1 416//1
f 416//31 349//32 417//32
f 417//32 350//20 418//20
f 418//1 351//1 419//1
f 419//1 352//1 420//1
f 420//1 353//1 421//1
f 421//1 354//1 422//1
f 422//1 354//1 423//1
f 423//1 355//1 424//1
f 424//1 356//1 425//1
f 425//1 357//1 426//1
f 426//1 358//1 427//1
f 427//1 359//1 428//1
f 428//1 360//1 429//1
f 429//1 361//1 430//1
f 430//1 362//1 431//1
f 431//1 363//1 432//1
f 432//1 364//1 433//1
f 433//55 365//56 434//57
f 434//57 365//56 435//58
f 435//1 366//1 436//1
f 436//1 367//1 437//1
f 437//1 368//1 438//1
f 438//1 369//1 439//1
f 439//59 370//59 440//59
f 440//1 371//1 441//1
f 441//1 372//1 442//1
f 442//1 373//1 443//1
f 443//1 374//1 444//1
f 444//1 375//1 445//1
f 445//51 376//53 446//52
f 446//52 376//53 447//14
f 447//1 377//1 448//1
f 448//1 378//1 449//1
f 449//1 379//1 450//1
f 450//1 380//1 451//1
f 451//1 381//1 452//1
f 452//1 382//1 453//1
f 453//1 383//1 454//1
f 454//1 384//1 455//1
f 455//1 385//1 456//1
f 456//1 386//1 457//1
f 457//1 387//1 458//1
f 458//1 387//1 459//1
f 459//1 388//1 460//1
f 460//1 389//1 461//1
f 461//1 390//1 462//1
f 462//1 391//1 463//1
f 463//1 392//1 464//1
f 464//2 393//2 465//2
f 465//1 394//1 466//1
f 466//1 395//1 467//1
f 467//1 396//1 468//1
f 468//1 397//1 469//1
f 469//1 332//1 398//1
f 470//1 398//1 471//1
f 471//1 399//1 472//1
f 472//1 400//1 473//1
f 473//1 401//1 474//1
f 474//4 402//4 475//4
f 475//17 403//17 476//54
f 476//54 404//54 477//30
f 477//1 405//1 478//1
f 478//1 406//1 479//1
f 479//1 407//1 480//1
f 480//1 408//1 481//1
f 481//1 409//1 482//1
f 482//1 410//1 483//1
f 483//1 410//1 484//1
f 484//1 411//1 485//1
f 485//1 412//1 486//1
f 486//1 413//1 487//1
f 487//1 414//1 488//1
f 488//1 415//1 489//1
f 489//1 416//1 490//1
f 490//31 417//32 491//60
f 491//17 418//17 492//61
f 492//61 419//17 493//54
f 493//54 420//17 494//18
f 494//19 421//20 495//20
f 495//1 422//1 496//1
f 496//1 422//1 497//1
f 497//1 423//1 498//1
f 498//1 424//1 499//1
f 499//1 425//1 500//1
f 500//1 426//1 501//1
f 501//1 427//1 502//1
f 502//1 428//1 503//1
f 503//1 429//1 504//1
f 504//1 430//1 505//1
f 505//1 431//1 506//1
f 506//1 432//1 507//1
f 507//28 433//28 508//39
f 508//39 434//62 509//38
f 509//63 434//64 510//65
f 510//1 435//1 511//1
f 511//1 436//1 512//1
f 512//1 437//1 513//1
f 513//1 438//1 514//1
f 514//1 439//1 515//1
f 515//59 440//59 516//59
f 516//1 441//1 517//1
f 517//1 442//1 518//1
f 518//1 443//1 519//1
f 519//1 444//1 520//1
f 520//1 445//1 521//1
f 521//38 446//45 522//38
f 522//38 446//45 523//39
f 523//39 447//28 524//28
f 524//1 448//1 525//1
f 525//1 449//1 526//1
f 526//1 450//1 527//1
f 527//1 451//1 528//1
f 528//1 452//1 529//1
f 529//1 453//1 530//1
f 530//1 454//1 531//1
f 531//1 455//1 532//1
f 532//1 456//1 533//1
f 533//1 457//1 534//1
f 534//1 458//1 535//1
f 535//1 458//1 536//1
f 536//1 459//1 537//1
f 537//1 460//1 538//1
f 538//1 461//1 539//1
f 539//1 462//1 540//1
f 540//1 463//1 541//1
f 541//1 464//1 542//1
f 542//6 465//6 543//6
f 543//6 466//6 544//6
f 544//2 467//2 545//2
f 545//1 468//1 546//1
f 546//1 469//1 547//1
f 547//1 398//1 470//1
f 548//1 470//1 549//1
f 549//1 471//1 550//1
f 550//1 472//1 551//1
f 551//1 473//1 552//1
f 552//1 474//1 553//1
f 553//66 475//67 554//68
f 554//46 476//54 555//30
f 555//1 477//1 556//1
f 556//1 478//1 557//1
f 557//1 479//1 558//1
f 558//1 480//1 559//1
f 559//1 481//1 560//1
f 560//17 482//17 561//18
f 561//19 483//20 562//19
f 562//19 483//20 563//20
f 563//1 484//1 564//1
f 564//1 485//1 565//1
f 565//1 486//1 566//1
f 566//1 487//1 567//1
f 567//1 488//1 568//1
f 568//1 489//1 569//1
f 569//1 490//1 570//1
f 570//31 491//60 571//31
f 571//51 492//51 572//51
f 572//30 493//54 573//30
f 573//31 494//19 574//48
f 574//46 495//17 575//54
f 575//54 496//17 576//18
f 576//18 496//17 577//17
f 577//1 497//1 578//1
f 578//1 498//1 579//1
f 579//1 499//1 580//1
f 580//1 500//1 581//1
f 581//1 501//1 582//1
f 582//1 502//1 583//1
f 583//1 503//1 584//1
f 584//1 504//1 585//1
f 585//1 505//1 586//1
f 586//1 506//1 587//1
f 587//1 507//1 588//1
f 588//7 508//69 589//36
f 589//36 509//37 590//37
f 590//70 509//63 591//70
f 591//1 510//1 592//1
f 592//1 511//1 593//1
f 593//1 512//1 594//1
f 594//1 513//1 595//1
f 595//1 514//1 596//1
f 596//49 515//49 597//49
f 597//1 516//1 598//1
f 598//1 517//1 599//1
f 599//1 518//1 600//1
f 600//1 519//1 601//1
f 601//1 520//1 602//1
f 602//1 521//1 603//1
f 603//30 522//30 604//46
f 604//46 522//30 605//18
f 605//47 523//47 606//14
f 606//1 524//1 607//1
f 607//1 525//1 608//1
f 608//1 526//1 609//1
f 609//1 527//1 610//1
f 610//1 528//1 611//1
f 611//1 529//1 612//1
f 612//1 530//1 613//1
f 613//1 531//1 614//1
f 614//1 532//1 615//1
f 615//1 533//1 616//1
f 616//1 534//1 617//1
f 617//1 535//1 618//1
f 618//1 535//1 619//1
f 619//1 536//1 620//1
f 620//1 537//1 621//1
f 621//1 538//1 622//1
f 622//1 539//1 623//1
f 623//1 540//1 624//1
f 624//1 541//1 625//1
f 625//1 542//1 626//1
f 626//1 543//1 627//1
f 627//1 544//1 628//1
f 628//6 545//6 629//6
f 629//6 546//6 630//6
f 630//2 547//2 631//2
f 631//1 470//1 548//1
f 632//71 548//6 633//72
f 633//1 549//1 634//1
f 634//1 550//1 635//1
f 635//1 551//1 636//1
f 636//1 552//1 637//1
f 637//1 553//1 638//1
f 638//73 554//68 639//74
f 639//1 555//1 640//1
f 640//1 556//1 641//1
f 641//1 557//1 642//1
f 642//1 558//1 643//1
f 643//1 559//1 644//1
f 644//75 560//17 645//76
f 645//76 561//18 646//30
f 646//24 562//22 647//23
f 647//23 562//22 648//21
f 648//1 563//1 649//1
f 649//1 564//1 650//1
f 650//1 565//1 651//1
f 651//1 566//1 652//1
f 652//1 567//1 653//1
f 653//1 568//1 654//1
f 654//1 569//1 655//1
f 655//1 570//1 656//1
f 656//30 571//30 657//30
f 657//1 572//1 658//1
f 658//1 573//1 659//1
f 659//30 574//46 660//30
f 660//30 575//54 661//30
f 661//31 576//19 662//48
f 662//48 576//19 663//20
f 663//1 577//1 664//1
f 664//1 578//1 665//1
f 665//1 579//1 666//1
f 666//1 580//1 667//1
f 667//1 581//1 668//1
f 668//1 582//1 669//1
f 669//1 583//1 670//1
f 670//1 584//1 671//1
f 671//1 585//1 672//1
f 672//1 586//1 673//1
f 673//1 587//1 674//1
f 674//28 588//28 675//77
f 675//77 589//45 676//38
f 676//1 590//1 677//1
f 677//1 590//1 678//1
f 678//78 591//78 679//78
f 679//1 592//1 680//1
f 680//1 593//1 681//1
f 681//1 594//1 682//1
f 682//1 595//1 683//1
f 683//49 596//49 684//49
f 684//1 597//1 685//1
f 685//1 598//1 686//1
f 686//1 599//1 687//1
f 687//1 600//1 688//1
f 688//1 601//1 689//1
f 689//1 602//1 690//1
f 690//1 603//1 691//1
f 691//51 604//52 692//52
f 692//52 604//52 693//14
f 693//17 605//18 694//17
f 694//1 606//1 695//1
f 695//1 607//1 696//1
f 696//1 608//1 697//1
f 697//1 609//1 698//1
f 698//1 610//1 699//1
f 699//1 611//1 700//1
f 700//1 612//1 701//1
f 701//1 613//1 702//1
f 702//1 614//1 703//1
f 703//1 615//1 704//1
f 704//1 616//1 705//1
f 705//1 617//1 706//1
f 706//1 618//1 707//1
f 707//1 618//1 708//1
f 708//1 619//1 709//1
f 709//1 620//1 710//1
f 710//1 621//1 711//1
f 711//1 622//1 712//1
f 712//1 623//1 713//1
f 713//1 624//1 714//1
f 714//1 625//1 715//1
f 715//1 626//1 716//1
f 716//1 627//1 717//1
f 717//1 628//1 718//1
f 718//1 629//1 719//1
f 719//1 630//1 720//1
f 720//6 631//6 721//6
f 721//6 548//6 632//71
f 722//48 632//20 723//79
f 723//80 633//72 724//81
f 724//1 634//1 725//1
f 725//1 635//1 726//1
f 726//1 636//1 727//1
f 727//1 637//1 728//1
f 728//70 638//70 729//70
f 729//1 639//1 730//1
f 730//1 640//1 731//1
f 731//1 641//1 732//1
f 732//1 642//1 733//1
f 733//1 643//1 734//1
f 734//82 644//75 735//83
f 735//31 645//31 736//31
f 736//1 646//1 737//1
f 737//31 647//48 738//31
f 738//31 647//48 739//19
f 739//19 648//20 740//20
f 740//1 649//1 741//1
f 741//1 650//1 742//1
f 742//1 651//1 743//1
f 743//1 652//1 744//1
f 744//1 653//1 745//1
f 745//1 654//1 746//1
f 746//1 655//1 747//1
f 747//1 656//1 748//1
f 748//1 657//1 749//1
f 749//1 658//1 750//1
f 750//1 659//1 751//1
f 751//1 660//1 752//1
f 752//1 661//1 753//1
f 753//30 662//46 754//30
f 754//30 662//46 755//54
f 755//54 663//17 756//17
f 756//1 664//1 757//1
f 757//1 665//1 758//1
f 758//1 666//1 759//1
f 759//1 667//1 760//1
f 760//1 668//1 761//1
f 761//1 669//1 762//1
f 762//1 670//1 763//1
f 763//1 671//1 764//1
f 764//1 672//1 765//1
f 765//1 673//1 766//1
f 766//28 674//28 767//77
f 767//1 675//1 768//1
f 768//37 676//37 769//37
f 769//1 677//1 770//1
f 770//1 677//1 771//1
f 771//1 678//1 772//1
f 772//78 679//78 773//78
f 773//1 680//1 774//1
f 774//1 681//1 775//1
f 775//1 682//1 776//1
f 776//1 683//1 777//1
f 777//59 684//59 778//59
f 778//1 685//1 779//1
f 779//1 686//1 780//1
f 780//1 687//1 781//1
f 781//1 688//1 782//1
f 782//1 689//1 783//1
f 783//1 690//1 784//1
f 784//1 691//1 785//1
f 785//38 692//45 786//38
f 786//38 692//45 787//77
f 787//77 693//28 788//28
f 788//1 694//1 789//1
f 789//1 695//1 790//1
f 790//1 696//1 791//1
f 791//1 697//1 792//1
f 792//1 698//1 793//1
f 793//1 699//1 794//1
f 794//1 700//1 795//1
f 795//1 701//1 796//1
f 796//1 702//1 797//1
f 797//1 703//1 798//1
f 798//1 704//1 799//1
f 799//1 705//1 800//1
f 800//1 706//1 801//1
f 801//1 707//1 802//1
f 802//1 707//1 803//1
f 803//1 708//1 804//1
f 804//1 709//1 805//1
f 805//1 710//1 806//1
f 806//1 711//1 807//1
f 807//1 712//1 808//1
f 808//1 713//1 809//1
f 809//1 714//1 810//1
f 810//1 715//1 811//1
f 811//1 716//1 812//1
f 812//1 717//1 813//1
f 813//1 718//1 814//1
f 814//1 719//1 815//1
f 815//1 720//1 816//1
f 816//20 721//20 817//19
f 817//22 632//21 722//23
f 818//31 722//48 819//31
f 819//84 723//85 820//86
f 820//1 724//1 821//1
f 821//1 725//1 822//1
f 822//1 726//1 823//1
f 823//1 727//1 824//1
f 824//1 728//1 825//1
f 825//78 729//78 826//78
f 826//1 730//1 827//1
f 827//1 731//1 828//1
f 828//1 732//1 829//1
f 829//1 733//1 830//1
f 830//17 734//82 831//87
f 831//51 735//51 832//51
f 832//1 736//1 833//1
f 833//1 737//1 834//1
f 834//1 738//1 835//1
f 835//24 738//24 836//23
f 836//23 739//22 837//21
f 837//1 740//1 838//1
f 838//1 741//1 839//1
f 839//1 742//1 840//1
f 840//1 743//1 841//1
f 841//1 744//1 842//1
f 842//1 745//1 843//1
f 843//1 746//1 844//1
f 844//1 747//1 845//1
f 845//1 748//1 846//1
f 846//1 749//1 847//1
f 847//1 750//1 848//1
f 848//1 751//1 849//1
f 849//1 752//1 850//1
f 850//1 753//1 851//1
f 851//1 754//1 852//1
f 852//1 754//1 853//1
f 853//30 755//54 854//46
f 854//52 756//14 855//53
f 855//53 757//14 856//53
f 856//53 758//14 857//53
f 857//53 759//14 858//53
f 858//53 760//14 859//53
f 859//53 761//14 860//53
f 860//53 762//14 861//53
f 861//53 763//14 862//53
f 862//53 764//14 863//47
f 863//18 765//17 864//17
f 864//28 766//28 865//88
f 865//88 767//77 866//38
f 866//51 768//51 867//51
f 867//1 769//1 868//1
f 868//1 770//1 869//1
f 869//1 770//1 870//1
f 870//1 771//1 871//1
f 871//70 772//70 872//70
f 872//1 773//1 873//1
f 873//1 774//1 874//1
f 874//1 775//1 875//1
f 875//1 776//1 876//1
f 876//1 777//1 877//1
f 877//59 778//59 878//59
f 878//1 779//1 879//1
f 879//1 780//1 880//1
f 880//1 781//1 881//1
f 881//1 782//1 882//1
f 882//1 783//1 883//1
f 883//1 784//1 884//1
f 884//1 785//1 885//1
f 885//1 786//1 886//1
f 886//51 786//51 887//51
f 887//1 787//1 888//1
f 888//77 788//28 889//28
f 889//1 789//1 890//1
f 890//1 790//1 891//1
f 891//1 791//1 892//1
f 892//1 792//1 893//1
f 893//1 793//1 894//1
f 894//1 794//1 895//1
f 895//1 795//1 896//1
f 896//1 796//1 897//1
f 897//1 797//1 898//1
f 898//1 798//1 899//1
f 899//1 799//1 900//1
f 900//1 800//1 901//1
f 901//1 801//1 902//1
f 902//1 802//1 903//1
f 903//1 802//1 904//1
f 904//1 803//1 905//1
f 905//1 804//1 906//1
f 906//1 805//1 907//1
f 907//89 806//20 908//90
f 908//69 807//7 909//7
f 909//1 808//1 910//1
f 910//1 809//1 911//1
f 911//1 810//1 912//1
f 912//1 811//1 913//1
f 913//1 812//1 914//1
f 914//1 813//1 915//1
f 915//1 814//1 916//1
f 916//20 815//20 917//19
f 917//22 816//21 918//23
f 918//48 817//19 919//31
f 919//24 722//23 818//24
f 920//1 818//1 921//1
f 921//1 819//1 922//1
f 922//59 820//59 923//59
f 923//1 821//1 924//1
f 924//1 822//1 925//1
f 925//1 823//1 926//1
f 926//1 824//1 927//1
f 927//1 825//1 928//1
f 928//78 826//78 929//78
f 929//1 827//1 930//1
f 930//1 828//1 931//1
f 931//17 829//17 932//18
f 932//19 830//20 933//48
f 933//46 831//87 934//30
f 934//1 832//1 935//1
f 935//1 833//1 936//1
f 936//1 834//1 937//1
f 937//1 835//1 938//1
f 938//1 835//1 939//1
f 939//31 836//48 940//79
f 940//91 837//17 941//54
f 941//54 838//17 942//54
f 942//54 839//17 943//54
f 943//54 840//17 944//54
f 944//54 841//17 945//18
f 945//19 842//20 946//20
f 946//1 843//1 947//1
f 947//1 844//1 948//1
f 948//1 845//1 949//1
f 949//1 846//1 950//1
f 950//1 847//1 951//1
f 951//1 848//1 952//1
f 952//1 849//1 953//1
f 953//1 850//1 954//1
f 954//1 851//1 955//1
f 955//1 852//1 956//1
f 956//1 852//1 957//1
f 957//1 853//1 958//1
f 958//51 854//52 959//51
f 959//51 855//53 960//51
f 960//51 856//53 961//51
f 961//51 857//53 962//51
f 962//51 858//53 963//51
f 963//51 859//53 964//51
f 964//51 860//53 965//51
f 965//51 861//53 966//51
f 966//51 862//53 967//51
f 967//30 863//18 968//46
f 968//52 864//14 969//52
f 969//45 865//88 970//38
f 970//1 866//1 971//1
f 971//1 867//1 972//1
f 972//1 868//1 973//1
f 973//1 869//1 974//1
f 974//1 869//1 975//1
f 975//1 870//1 976//1
f 976//70 871//70 977//70
f 977//1 872//1 978//1
f 978//1 873//1 979//1
f 979//1 874//1 980//1
f 980//1 875//1 981//1
f 981//1 876//1 982//1
f 982//49 877//49 983//49
f 983//7 878//7 984//69
f 984//39 879//28 985//92
f 985//92 880//9 986//93
f 986//93 881//94 987//94
f 987//94 882//94 988//94
f 988//11 883//11 989//11
f 989//1 884//1 990//1
f 990//1 885//1 991//1
f 991//1 886//1 992//1
f 992//1 886//1 993//1
f 993//37 887//37 994//37
f 994//38 888//77 995//88
f 995//88 889//28 996//28
f 996//1 890//1 997//1
f 997//1 891//1 998//1
f 998//1 892//1 999//1
f 999//1 893//1 1000//1
f 1000//1 894//1 1001//1
f 1001//1 895//1 1002//1
f 1002//1 896//1 1003//1
f 1003//1 897//1 1004//1
f 1004//1 898//1 1005//1
f 1005//1 899//1 1006//1
f 1006//1 900//1 1007//1
f 1007//1 901//1 1008//1
f 1008//1 902//1 1009//1
f 1009//1 903//1 1010//1
f 1010//1 903//1 1011//1
f 1011//1 904//1 1012//1
f 1012//95 905//95 1013//95
f 1013//96 906//96 1014//96
f 1014//96 907//96 1015//96
f 1015//37 908//69 1016//36
f 1016//23 909//21 1017//22
f 1017//69 910//7 1018//7
f 1018//1 911//1 1019//1
f 1019//1 912//1 1020//1
f 1020//1 913//1 1021//1
f 1021//1 914//1 1022//1
f 1022//1 915//1 1023//1
f 1023//20 916//20 1024//32
f 1024//32 917//19 1025//31
f 1025//24 918//23 1026//24
f 1026//1 919//1 1027//1
f 1027//1 818//1 920//1
f 1028//1 920//1 1029//1
f 1029//1 921//1 1030//1
f 1030//1 922//1 1031//1
f 1031//59 923//59 1032//59
f 1032//1 924//1 1033//1
f 1033//1 925//1 1034//1
f 1034//1 926//1 1035//1
f 1035//1 927//1 1036//1
f 1036//97 928//98 1037//99
f 1037//79 929//20 1038//32
f 1038//32 930//20 1039//32
f 1039//32 931//20 1040//48
f 1040//46 932//18 1041//30
f 1041//31 933//48 1042//31
f 1042//1 934//1 1043//1
f 1043//1 935//1 1044//1
f 1044//1 936//1 1045//1
f 1045//1 937//1 1046//1
f 1046//1 938//1 1047//1
f 1047//1 938//1 1048//1
f 1048//24 939//24 1049//24
f 1049//51 940//51 1050//51
f 1050//30 941//54 1051//30
f 1051//30 942//54 1052//30
f 1052//30 943//54 1053//30
f 1053//30 944//54 1054//30
f 1054//31 945//19 1055//32
f 1055//32 946//20 1056//20
f 1056//1 947//1 1057//1
f 1057//1 948//1 1058//1
f 1058//1 949//1 1059//1
f 1059//1 950//1 1060//1
f 1060//1 951//1 1061//1
f 1061//1 952//1 1062//1
f 1062//1 953//1 1063//1
f 1063//1 954//1 1064//1
f 1064//1 955//1 1065//1
f 1065//1 956//1 1066//1
f 1066//1 956//1 1067//1
f 1067//1 957//1 1068//1
f 1068//1 958//1 1069//1
f 1069//1 959//1 1070//1
f 1070//1 960//1 1071//1
f 1071//1 961//1 1072//1
f 1072//1 962//1 1073//1
f 1073//1 963//1 1074//1
f 1074//1 964//1 1075//1
f 1075//1 965//1 1076//1
f 1076//1 966//1 1077//1
f 1077//1 967//1 1078//1
f 1078//51 968//52 1079//51
f 1079//51 969//52 1080//51
f 1080//1 970//1 1081//1
f 1081//1 971//1 1082//1
f 1082//1 972//1 1083//1
f 1083//1 973//1 1084//1
f 1084//1 974//1 1085//1
f 1085//1 974//1 1086//1
f 1086//1 975//1 1087//1
f 1087//1 976//1 1088//1
f 1088//100 977//78 1089//101
f 1089//1 978//1 1090//1
f 1090//1 979//1 1091//1
f 1091//1 980//1 1092//1
f 1092//1 981//1 1093//1
f 1093//1 982//1 1094//1
f 1094//102 983//103 1095//104
f 1095//105 984//69 1096//37
f 1096//38 985//92 1097//38
f 1097//1 986//1 1098//1
f 1098//1 987//1 1099//1
f 1099//1 988//1 1100//1
f 1100//25 989//26 1101//106
f 1101//14 990//14 1102//14
f 1102//1 991//1 1103//1
f 1103//1 992//1 1104//1
f 1104//1 992//1 1105//1
f 1105//1 993//1 1106//1
f 1106//1 994//1 1107//1
f 1107//38 995//88 1108//39
f 1108//39 996//28 1109//28
f 1109//1 997//1 1110//1
f 1110//1 998//1 1111//1
f 1111//1 999//1 1112//1
f 1112//1 1000//1 1113//1
f 1113//1 1001//1 1114//1
f 1114//1 1002//1 1115//1
f 1115//1 1003//1 1116//1
f 1116//1 1004//1 1117//1
f 1117//1 1005//1 1118//1
f 1118//1 1006//1 1119//1
f 1119//1 1007//1 1120//1
f 1120//1 1008//1 1121//1
f 1121//1 1009//1 1122//1
f 1122//1 1010//1 1123//1
f 1123//1 1010//1 1124//1
f 1124//1 1011//1 1125//1
f 1125//95 1012//95 1126//95
f 1126//1 1013//1 1127//1
f 1127//1 1014//1 1128//1
f 1128//1 1015//1 1129//1
f 1129//24 1016//23 1130//24
f 1130//37 1017//69 1131//36
f 1131//23 1018//21 1132//22
f 1132//69 1019//7 1133//7
f 1133//1 1020//1 1134//1
f 1134//1 1021//1 1135//1
f 1135//1 1022//1 1136//1
f 1136//20 1023//20 1137//19
f 1137//19 1024//32 1138//31
f 1138//1 1025//1 1139//1
f 1139//1 1026//1 1140//1
f 1140//1 1027//1 1141//1
f 1141//1 920//1 1028//1
f 1142//48 1028//20 1143//19
f 1143//22 1029//21 1144//21
f 1144//1 1030//1 1145//1
f 1145//49 1031//49 1146//49
f 1146//1 1032//1 1147//1
f 1147//1 1033//1 1148//1
f 1148//1 1034//1 1149//1
f 1149//1 1035//1 1150//1
f 1150//1 1036//1 1151//1
f 1151//107 1037//108 1152//109
f 1152//31 1038//32 1153//31
f 1153//31 1039//32 1154//31
f 1154//31 1040//48 1155//31
f 1155//1 1041//1 1156//1
f 1156//1 1042//1 1157//1
f 1157//1 1043//1 1158//1
f 1158//1 1044//1 1159//1
f 1159//1 1045//1 1160//1
f 1160//1 1046//1 1161//1
f 1161//1 1047//1 1162//1
f 1162//1 1047//1 1163//1
f 1163//1 1048//1 1164//1
f 1164//30 1049//30 1165//30
f 1165//1 1050//1 1166//1
f 1166//1 1051//1 1167//1
f 1167//1 1052//1 1168//1
f 1168//1 1053//1 1169//1
f 1169//1 1054//1 1170//1
f 1170//31 1055//32 1171//32
f 1171//32 1056//20 1172//20
f 1172//1 1057//1 1173//1
f 1173//1 1058//1 1174//1
f 1174//1 1059//1 1175//1
f 1175//1 1060//1 1176//1
f 1176//14 1061//14 1177//47
f 1177//18 1062//17 1178//18
f 1178//19 1063//20 1179//20
f 1179//1 1064//1 1180//1
f 1180//1 1065//1 1181//1
f 1181//14 1066//14 1182//53
f 1182//53 1066//14 1183//47
f 1183//18 1067//17 1184//17
f 1184//1 1068//1 1185//1
f 1185//1 1069//1 1186//1
f 1186//1 1070//1 1187//1
f 1187//1 1071//1 1188//1
f 1188//1 1072//1 1189//1
f 1189//1 1073//1 1190//1
f 1190//1 1074//1 1191//1
f 1191//1 1075//1 1192//1
f 1192//1 1076//1 1193//1
f 1193//1 1077//1 1194//1
f 1194//1 1078//1 1195//1
f 1195//1 1079//1 1196//1
f 1196//1 1080//1 1197//1
f 1197//28 1081//28 1198//39
f 1198//47 1082//14 1199//47
f 1199//18 1083//17 1200//17
f 1200//1 1084//1 1201//1
f 1201//1 1085//1 1202//1
f 1202//1 1085//1 1203//1
f 1203//1 1086//1 1204//1
f 1204//1 1087//1 1205//1
f 1205//7 1088//7 1206//69
f 1206//110 1089//101 1207//111
f 1207//1 1090//1 1208//1
f 1208//1 1091//1 1209//1
f 1209//1 1092//1 1210//1
f 1210//1 1093//1 1211//1
f 1211//112 1094//113 1212//114
f 1212//37 1095//105 1213//37
f 1213//1 1096//1 1214//1
f 1214//1 1097//1 1215//1
f 1215//1 1098//1 1216//1
f 1216//1 1099//1 1217//1
f 1217//30 1100//30 1218//46
f 1218//46 1101//18 1219//17
f 1219//1 1102//1 1220//1
f 1220//7 1103//7 1221//69
f 1221//39 1104//28 1222//88
f 1222//88 1104//28 1223//28
f 1223//1 1105//1 1224//1
f 1224//1 1106//1 1225//1
f 1225//51 1107//51 1226//52
f 1226//52 1108//47 1227//14
f 1227//1 1109//1 1228//1
f 1228//1 1110//1 1229//1
f 1229//1 1111//1 1230//1
f 1230//1 1112//1 1231//1
f 1231//1 1113//1 1232//1
f 1232//1 1114//1 1233//1
f 1233//1 1115//1 1234//1
f 1234//1 1116//1 1235//1
f 1235//1 1117//1 1236//1
f 1236//1 1118//1 1237//1
f 1237//1 1119//1 1238//1
f 1238//1 1120//1 1239//1
f 1239//1 1121//1 1240//1
f 1240//1 1122//1 1241//1
f 1241//21 1123//21 1242//22
f 1242//69 1123//7 1243//7
f 1243//20 1124//20 1244//115
f 1244//116 1125//117 1245//118
f 1245//1 1126//1 1246//1
f 1246//1 1127//1 1247//1
f 1247//1 1128//1 1248//1
f 1248//1 1129//1 1249//1
f 1249//1 1130//1 1250//1
f 1250//24 1131//23 1251//24
f 1251//37 1132//69 1252//35
f 1252//35 1133//7 1253//7
f 1253//1 1134//1 1254//1
f 1254//1 1135//1 1255//1
f 1255//1 1136//1 1256//1
f 1256//17 1137//18 1257//46
f 1257//46 1138//30 1258//30
f 1258//1 1139//1 1259//1
f 1259//1 1140//1 1260//1
f 1260//20 1141//20 1261//19
f 1261//22 1028//21 1142//23
f 1262//31 1142//48 1263//31
f 1263//24 1143//22 1264//23
f 1264//48 1144//20 1265//19
f 1265//22 1145//21 1266//21
f 1266//59 1146//59 1267//59
f 1267//1 1147//1 1268//1
f 1268//1 1148//1 1269//1
f 1269//1 1149//1 1270//1
f 1270//1 1150//1 1271//1
f 1271//119 1151//119 1272//119
f 1272//1 1152//1 1273//1
f 1273//1 1153//1 1274//1
f 1274//1 1154//1 1275//1
f 1275//1 1155//1 1276//1
f 1276//1 1156//1 1277//1
f 1277//1 1157//1 1278//1
f 1278//1 1158//1 1279//1
f 1279//1 1159//1 1280//1
f 1280//1 1160//1 1281//1
f 1281//1 1161//1 1282//1
f 1282//1 1162//1 1283//1
f 1283//1 1162//1 1284//1
f 1284//1 1163//1 1285//1
f 1285//1 1164//1 1286//1
f 1286//1 1165//1 1287//1
f 1287//1 1166//1 1288//1
f 1288//1 1167//1 1289//1
f 1289//1 1168//1 1290//1
f 1290//1 1169//1 1291//1
f 1291//1 1170//1 1292//1
f 1292//31 1171//32 1293//48
f 1293//46 1172//17 1294//18
f 1294//19 1173//20 1295//20
f 1295//1 1174//1 1296//1
f 1296//14 1175//14 1297//47
f 1297//18 1176//17 1298//46
f 1298//52 1177//47 1299//51
f 1299//31 1178//19 1300//48
f 1300//46 1179//17 1301//18
f 1301//19 1180//20 1302//20
f 1302//14 1181//14 1303//53
f 1303//53 1182//53 1304//51
f 1304//51 1182//53 1305//51
f 1305//30 1183//18 1306//54
f 1306//54 1184//17 1307//17
f 1307//1 1185//1 1308//1
f 1308//1 1186//1 1309//1
f 1309//1 1187//1 1310//1
f 1310//1 1188//1 1311//1
f 1311//1 1189//1 1312//1
f 1312//1 1190//1 1313//1
f 1313//1 1191//1 1314//1
f 1314//1 1192//1 1315//1
f 1315//1 1193//1 1316//1
f 1316//1 1194//1 1317//1
f 1317//1 1195//1 1318//1
f 1318//28 1196//28 1319//39
f 1319//47 1197//14 1320//52
f 1320//45 1198//39 1321//38
f 1321//30 1199//18 1322//46
f 1322//52 1200//14 1323//53
f 1323//53 1201//14 1324//47
f 1324//18 1202//17 1325//17
f 1325//1 1202//1 1326//1
f 1326//1 1203//1 1327//1
f 1327//7 1204//7 1328//69
f 1328//39 1205//28 1329//45
f 1329//36 1206//69 1330//120
f 1330//121 1207//111 1331//122
f 1331//1 1208//1 1332//1
f 1332//1 1209//1 1333//1
f 1333//1 1210//1 1334//1
f 1334//123 1211//112 1335//124
f 1335//38 1212//38 1336//38
f 1336//1 1213//1 1337//1
f 1337//1 1214//1 1338//1
f 1338//1 1215//1 1339//1
f 1339//1 1216//1 1340//1
f 1340//1 1217//1 1341//1
f 1341//51 1218//52 1342//125
f 1342//28 1219//28 1343//126
f 1343//126 1220//28 1344//45
f 1344//36 1221//69 1345//37
f 1345//38 1222//88 1346//38
f 1346//38 1222//88 1347//39
f 1347//39 1223//28 1348//28
f 1348//1 1224//1 1349//1
f 1349//1 1225//1 1350//1
f 1350//38 1226//45 1351//39
f 1351//39 1227//28 1352//28
f 1352//1 1228//1 1353//1
f 1353//1 1229//1 1354//1
f 1354//1 1230//1 1355//1
f 1355//1 1231//1 1356//1
f 1356//1 1232//1 1357//1
f 1357//1 1233//1 1358//1
f 1358//1 1234//1 1359//1
f 1359//1 1235//1 1360//1
f 1360//1 1236//1 1361//1
f 1361//1 1237//1 1362//1
f 1362//1 1238//1 1363//1
f 1363//1 1239//1 1364//1
f 1364//1 1240//1 1365//1
f 1365//21 1241//21 1366//22
f 1366//22 1242//22 1367//24
f 1367//37 1242//69 1368//105
f 1368//21 1243//21 1369//21
f 1369//79 1244//115 1370//31
f 1370//1 1245//1 1371//1
f 1371//1 1246//1 1372//1
f 1372//1 1247//1 1373//1
f 1373//1 1248//1 1374//1
f 1374//1 1249//1 1375//1
f 1375//1 1250//1 1376//1
f 1376//1 1251//1 1377//1
f 1377//37 1252//35 1378//127
f 1378//127 1253//7 1379//7
f 1379//1 1254//1 1380//1
f 1380//1 1255//1 1381//1
f 1381//20 1256//20 1382//32
f 1382//32 1257//48 1383//31
f 1383//1 1258//1 1384//1
f 1384//1 1259//1 1385//1
f 1385//20 1260//20 1386//32
f 1386//32 1261//19 1387//31
f 1387//24 1142//23 1262//24
f 1388//1 1262//1 1389//1
f 1389//1 1263//1 1390//1
f 1390//31 1264//48 1391//31
f 1391//24 1265//22 1392//128
f 1392//128 1266//21 1393//21
f 1393//129 1267//59 1394//130
f 1394//1 1268//1 1395//1
f 1395//1 1269//1 1396//1
f 1396//1 1270//1 1397//1
f 1397//1 1271//1 1398//1
f 1398//122 1272//122 1399//122
f 1399//1 1273//1 1400//1
f 1400//1 1274//1 1401//1
f 1401//1 1275//1 1402//1
f 1402//1 1276//1 1403//1
f 1403//1 1277//1 1404//1
f 1404//1 1278//1 1405//1
f 1405//1 1279//1 1406//1
f 1406//1 1280//1 1407//1
f 1407//1 1281//1 1408//1
f 1408//1 1282//1 1409//1
f 1409//1 1283//1 1410//1
f 1410//1 1283//1 1411//1
f 1411//1 1284//1 1412//1
f 1412//1 1285//1 1413//1
f 1413//1 1286//1 1414//1
f 1414//1 1287//1 1415//1
f 1415//1 1288//1 1416//1
f 1416//1 1289//1 1417//1
f 1417//1 1290//1 1418//1
f 1418//1 1291//1 1419//1
f 1419//1 1292//1 1420//1
f 1420//30 1293//46 1421//30
f 1421//31 1294//19 1422//32
f 1422//32 1295//20 1423//20
f 1423//14 1296//14 1424//53
f 1424//53 1297//47 1425//51
f 1425//30 1298//46 1426//30
f 1426//1 1299//1 1427//1
f 1427//30 1300//46 1428//30
f 1428//31 1301//19 1429//60
f 1429//17 1302//17 1430//17
f 1430//125 1303//53 1431//51
f 1431//1 1304//1 1432//1
f 1432//1 1304//1 1433//1
f 1433//1 1305//1 1434//1
f 1434//30 1306//54 1435//54
f 1435//54 1307//17 1436//17
f 1436//1 1308//1 1437//1
f 1437//1 1309//1 1438//1
f 1438//1 1310//1 1439//1
f 1439//1 1311//1 1440//1
f 1440//1 1312//1 1441//1
f 1441//1 1313//1 1442//1
f 1442//1 1314//1 1443//1
f 1443//1 1315//1 1444//1
f 1444//1 1316//1 1445//1
f 1445//1 1317//1 1446//1
f 1446//28 1318//28 1447//88
f 1447//88 1319//39 1448//38
f 1448//51 1320//52 1449//51
f 1449//1 1321//1 1450//1
f 1450//51 1322//52 1451//51
f 1451//51 1323//53 1452//51
f 1452//30 1324//18 1453//46
f 1453//52 1325//14 1454//131
f 1454//28 1325//28 1455//126
f 1455//126 1326//28 1456//88
f 1456//88 1327//28 1457//45
f 1457//36 1328//69 1458//37
f 1458//38 1329//45 1459//38
f 1459//132 1330//120 1460//119
f 1460//1 1331//1 1461//1
f 1461//1 1332//1 1462//1
f 1462//1 1333//1 1463//1
f 1463//1 1334//1 1464//1
f 1464//133 1335//133 1465//133
f 1465//1 1336//1 1466//1
f 1466//1 1337//1 1467//1
f 1467//1 1338//1 1468//1
f 1468//1 1339//1 1469//1
f 1469//1 1340//1 1470//1
f 1470//30 1341//30 1471//30
f 1471//1 1342//1 1472//1
f 1472//37 1343//37 1473//37
f 1473//38 1344//45 1474//38
f 1474//1 1345//1 1475//1
f 1475//1 1346//1 1476//1
f 1476//51 1346//51 1477//53
f 1477//53 1347//47 1478//14
f 1478//1 1348//1 1479//1
f 1479//1 1349//1 1480//1
f 1480//51 1350//51 1481//53
f 1481//53 1351//47 1482//14
f 1482//1 1352//1 1483//1
f 1483//1 1353//1 1484//1
f 1484//1 1354//1 1485//1
f 1485//1 1355//1 1486//1
f 1486//1 1356//1 1487//1
f 1487//1 1357//1 1488//1
f 1488//1 1358//1 1489//1
f 1489//1 1359//1 1490//1
f 1490//1 1360//1 1491//1
f 1491//1 1361//1 1492//1
f 1492//1 1362//1 1493//1
f 1493//1 1363//1 1494//1
f 1494//1 1364//1 1495//1
f 1495//1 1365//1 1496//1
f 1496//20 1366//19 1497//48
f 1497//48 1367//31 1498//31
f 1498//1 1367//1 1499//1
f 1499//37 1368//105 1500//37
f 1500//1 1369//1 1501//1
f 1501//30 1370//30 1502//30
f 1502//1 1371//1 1503//1
f 1503//1 1372//1 1504//1
f 1504//1 1373//1 1505//1
f 1505//1 1374//1 1506//1
f 1506//1 1375//1 1507//1
f 1507//1 1376//1 1508//1
f 1508//38 1377//38 1509//38
f 1509//1 1378//1 1510//1
f 1510//134 1379//21 1511//128
f 1511//128 1380//21 1512//128
f 1512//128 1381//21 1513//135
f 1513//79 1382//32 1514//31
f 1514//1 1383//1 1515//1
f 1515//1 1384//1 1516//1
f 1516//20 1385//20 1517//32
f 1517//32 1386//32 1518//31
f 1518//1 1387//1 1519//1
f 1519//1 1262//1 1388//1
f 1520//1 1388//1 1521//1
f 1521//1 1389//1 1522//1
f 1522//1 1390//1 1523//1
f 1523//1 1391//1 1524//1
f 1524//24 1392//128 1525//23
f 1525//48 1393//20 1526//79
f 1526//136 1394//130 1527//137
f 1527//1 1395//1 1528//1
f 1528//1 1396//1 1529//1
f 1529//1 1397//1 1530//1
f 1530//1 1398//1 1531//1
f 1531//122 1399//122 1532//122
f 1532//1 1400//1 1533//1
f 1533//1 1401//1 1534//1
f 1534//1 1402//1 1535//1
f 1535//1 1403//1 1536//1
f 1536//1 1404//1 1537//1
f 1537//1 1405//1 1538//1
f 1538//1 1406//1 1539//1
f 1539//1 1407//1 1540//1
f 1540//1 1408//1 1541//1
f 1541//1 1409//1 1542//1
f 1542//1 1410//1 1543//1
f 1543//1 1410//1 1544//1
f 1544//1 1411//1 1545//1
f 1545//1 1412//1 1546//1
f 1546//1 1413//1 1547//1
f 1547//1 1414//1 1548//1
f 1548//1 1415//1 1549//1
f 1549//1 1416//1 1550//1
f 1550//1 1417//1 1551//1
f 1551//1 1418//1 1552//1
f 1552//1 1419//1 1553//1
f 1553//1 1420//1 1554//1
f 1554//1 1421//1 1555//1
f 1555//31 1422//32 1556//48
f 1556//46 1423//17 1557//46
f 1557//52 1424//53 1558//51
f 1558//1 1425//1 1559//1
f 1559//1 1426//1 1560//1
f 1560//1 1427//1 1561//1
f 1561//1 1428//1 1562//1
f 1562//31 1429//60 1563//31
f 1563//1 1430//1 1564//1
f 1564//38 1431//38 1565//38
f 1565//1 1432//1 1566//1
f 1566//1 1432//1 1567//1
f 1567//1 1433//1 1568//1
f 1568//1 1434//1 1569//1
f 1569//30 1435//54 1570//46
f 1570//52 1436//14 1571//47
f 1571//18 1437//17 1572//17
f 1572//1 1438//1 1573//1
f 1573//1 1439//1 1574//1
f 1574//1 1440//1 1575//1
f 1575//1 1441//1 1576//1
f 1576//1 1442//1 1577//1
f 1577//1 1443//1 1578//1
f 1578//1 1444//1 1579//1
f 1579//1 1445//1 1580//1
f 1580//28 1446//28 1581//88
f 1581//88 1447//88 1582//38
f 1582//1 1448//1 1583//1
f 1583//1 1449//1 1584//1
f 1584//1 1450//1 1585//1
f 1585//1 1451//1 1586//1
f 1586//1 1452//1 1587//1
f 1587//51 1453//52 1588//51
f 1588//51 1454//131 1589//51
f 1589//51 1454//131 1590//51
f 1590//37 1455//37 1591//37
f 1591//38 1456//88 1592//38
f 1592//38 1457//45 1593//38
f 1593//1 1458//1 1594//1
f 1594//1 1459//1 1595//1
f 1595//122 1460//122 1596//122
f 1596//1 1461//1 1597//1
f 1597//1 1462//1 1598//1
f 1598//1 1463//1 1599//1
f 1599//1 1464//1 1600//1
f 1600//133 1465//133 1601//133
f 1601//1 1466//1 1602//1
f 1602//1 1467//1 1603//1
f 1603//1 1468//1 1604//1
f 1604//1 1469//1 1605//1
f 1605//1 1470//1 1606//1
f 1606//38 1471//38 1607//38
f 1607//38 1472//38 1608//38
f 1608//1 1473//1 1609//1
f 1609//1 1474//1 1610//1
f 1610//1 1475//1 1611//1
f 1611//1 1476//1 1612//1
f 1612//51 1476//51 1613//53
f 1613//53 1477//53 1614//14
f 1614//1 1478//1 1615//1
f 1615//1 1479//1 1616//1
f 1616//51 1480//51 1617//52
f 1617//52 1481//53 1618//14
f 1618//1 1482//1 1619//1
f 1619//1 1483//1 1620//1
f 1620//1 1484//1 1621//1
f 1621//1 1485//1 1622//1
f 1622//1 1486//1 1623//1
f 1623//1 1487//1 1624//1
f 1624//1 1488//1 1625//1
f 1625//1 1489//1 1626//1
f 1626//1 1490//1 1627//1
f 1627//1 1491//1 1628//1
f 1628//1 1492//1 1629//1
f 1629//1 1493//1 1630//1
f 1630//1 1494//1 1631//1
f 1631//1 1495//1 1632//1
f 1632//21 1496//21 1633//138
f 1633//138 1497//23 1634//24
f 1634//1 1498//1 1635//1
f 1635//1 1498//1 1636//1
f 1636//1 1499//1 1637//1
f 1637//24 1500//24 1638//24
f 1638//24 1501//24 1639//24
f 1639//1 1502//1 1640//1
f 1640//1 1503//1 1641//1
f 1641//1 1504//1 1642//1
f 1642//1 1505//1 1643//1
f 1643//1 1506//1 1644//1
f 1644//1 1507//1 1645//1
f 1645//1 1508//1 1646//1
f 1646//24 1509//24 1647//24
f 1647//24 1510//134 1648//24
f 1648//24 1511//128 1649//24
f 1649//24 1512//128 1650//24
f 1650//139 1513//140 1651//141
f 1651//141 1514//142 1652//128
f 1652//128 1515//21 1653//128
f 1653//128 1516//21 1654//23
f 1654//48 1517//32 1655//31
f 1655//1 1518//1 1656//1
f 1656//1 1519//1 1657//1
f 1657//1 1388//1 1520//1
f 1658//1 1520//1 1659//1
f 1659//1 1521//1 1660//1
f 1660//1 1522//1 1661//1
f 1661//1 1523//1 1662//1
f 1662//1 1524//1 1663//1
f 1663//31 1525//48 1664//31
f 1664//143 1526//144 1665//145
f 1665//1 1527//1 1666//1
f 1666//1 1528//1 1667//1
f 1667//1 1529//1 1668//1
f 1668//1 1530//1 1669//1
f 1669//1 1531//1 1670//1
f 1670//122 1532//122 1671//122
f 1671//1 1533//1 1672//1
f 1672//1 1534//1 1673//1
f 1673//1 1535//1 1674//1
f 1674//1 1536//1 1675//1
f 1675//1 1537//1 1676//1
f 1676//1 1538//1 1677//1
f 1677//1 1539//1 1678//1
f 1678//1 1540//1 1679//1
f 1679//1 1541//1 1680//1
f 1680//1 1542//1 1681//1
f 1681//1 1543//1 1682//1
f 1682//1 1543//1 1683//1
f 1683//1 1544//1 1684//1
f 1684//1 1545//1 1685//1
f 1685//1 1546//1 1686//1
f 1686//1 1547//1 1687//1
f 1687//1 1548//1 1688//1
f 1688//1 1549//1 1689//1
f 1689//1 1550//1 1690//1
f 1690//1 1551//1 1691//1
f 1691//1 1552//1 1692//1
f 1692//1 1553//1 1693//1
f 1693//1 1554//1 1694//1
f 1694//1 1555//1 1695//1
f 1695//30 1556//46 1696//30
f 1696//30 1557//46 1697//30
f 1697//1 1558//1 1698//1
f 1698//1 1559//1 1699//1
f 1699//1 1560//1 1700//1
f 1700//1 1561//1 1701//1
f 1701//1 1562//1 1702//1
f 1702//31 1563//31 1703//31
f 1703//51 1564//51 1704//51
f 1704//1 1565//1 1705//1
f 1705//1 1566//1 1706//1
f 1706//1 1566//1 1707//1
f 1707//1 1567//1 1708//1
f 1708//1 1568//1 1709//1
f 1709//1 1569//1 1710//1
f 1710//51 1570//52 1711//51
f 1711//30 1571//18 1712//54
f 1712//54 1572//17 1713//17
f 1713//1 1573//1 1714//1
f 1714//1 1574//1 1715//1
f 1715//1 1575//1 1716//1
f 1716//1 1576//1 1717//1
f 1717//1 1577//1 1718//1
f 1718//1 1578//1 1719//1
f 1719//1 1579//1 1720//1
f 1720//28 1580//28 1721//88
f 1721//88 1581//88 1722//38
f 1722//1 1582//1 1723//1
f 1723//1 1583//1 1724//1
f 1724//1 1584//1 1725//1
f 1725//1 1585//1 1726//1
f 1726//1 1586//1 1727//1
f 1727//1 1587//1 1728//1
f 1728//1 1588//1 1729//1
f 1729//1 1589//1 1730//1
f 1730//1 1589//1 1731//1
f 1731//38 1590//38 1732//38
f 1732//1 1591//1 1733//1
f 1733//1 1592//1 1734//1
f 1734//1 1593//1 1735//1
f 1735//1 1594//1 1736//1
f 1736//119 1595//119 1737//119
f 1737//1 1596//1 1738//1
f 1738//1 1597//1 1739//1
f 1739//1 1598//1 1740//1
f 1740//1 1599//1 1741//1
f 1741//123 1600//123 1742//123
f 1742//1 1601//1 1743//1
f 1743//1 1602//1 1744//1
f 1744//1 1603//1 1745//1
f 1745//1 1604//1 1746//1
f 1746//1 1605//1 1747//1
f 1747//1 1606//1 1748//1
f 1748//1 1607//1 1749//1
f 1749//1 1608//1 1750//1
f 1750//1 1609//1 1751//1
f 1751//1 1610//1 1752//1
f 1752//1 1611//1 1753//1
f 1753//1 1612//1 1754//1
f 1754//51 1612//51 1755//52
f 1755//52 1613//53 1756//14
f 1756//1 1614//1 1757//1
f 1757//1 1615//1 1758//1
f 1758//1 1616//1 1759//1
f 1759//38 1617//45 1760//39
f 1760//39 1618//28 1761//28
f 1761//1 1619//1 1762//1
f 1762//1 1620//1 1763//1
f 1763//1 1621//1 1764//1
f 1764//1 1622//1 1765//1
f 1765//1 1623//1 1766//1
f 1766//1 1624//1 1767//1
f 1767//1 1625//1 1768//1
f 1768//1 1626//1 1769//1
f 1769//1 1627//1 1770//1
f 1770//1 1628//1 1771//1
f 1771//1 1629//1 1772//1
f 1772//1 1630//1 1773//1
f 1773//21 1631//21 1774//22
f 1774//69 1632//7 1775//105
f 1775//1 1633//1 1776//1
f 1776//31 1634//31 1777//31
f 1777//146 1635//21 1778//22
f 1778//69 1635//7 1779//7
f 1779//1 1636//1 1780//1
f 1780//1 1637//1 1781//1
f 1781//1 1638//1 1782//1
f 1782//1 1639//1 1783//1
f 1783//1 1640//1 1784//1
f 1784//1 1641//1 1785//1
f 1785//1 1642//1 1786//1
f 1786//1 1643//1 1787//1
f 1787//1 1644//1 1788//1
f 1788//1 1645//1 1789//1
f 1789//1 1646//1 1790//1
f 1790//1 1647//1 1791//1
f 1791//1 1648//1 1792//1
f 1792//1 1649//1 1793//1
f 1793//20 1650//139 1794//32
f 1794//32 1651//141 1795//31
f 1795//24 1652//128 1796//24
f 1796//24 1653//128 1797//24
f 1797//24 1654//23 1798//24
f 1798//1 1655//1 1799//1
f 1799//1 1656//1 1800//1
f 1800//1 1657//1 1801//1
f 1801//1 1520//1 1658//1
f 1802//1 1658//1 1803//1
f 1803//1 1659//1 1804//1
f 1804//1 1660//1 1805//1
f 1805//1 1661//1 1806//1
f 1806//1 1662//1 1807//1
f 1807//1 1663//1 1808//1
f 1808//1 1664//1 1809//1
f 1809//133 1665//133 1810//133
f 1810//1 1666//1 1811//1
f 1811//1 1667//1 1812//1
f 1812//1 1668//1 1813//1
f 1813//1 1669//1 1814//1
f 1814//119 1670//119 1815//119
f 1815//1 1671//1 1816//1
f 1816//1 1672//1 1817//1
f 1817//1 1673//1 1818//1
f 1818//1 1674//1 1819//1
f 1819//1 1675//1 1820//1
f 1820//1 1676//1 1821//1
f 1821//1 1677//1 1822//1
f 1822//1 1678//1 1823//1
f 1823//1 1679//1 1824//1
f 1824//1 1680//1 1825//1
f 1825//1 1681//1 1826//1
f 1826//1 1682//1 1827//1
f 1827//1 1682//1 1828//1
f 1828//1 1683//1 1829//1
f 1829//1 1684//1 1830//1
f 1830//1 1685//1 1831//1
f 1831//1 1686//1 1832//1
f 1832//1 1687//1 1833//1
f 1833//1 1688//1 1834//1
f 1834//1 1689//1 1835//1
f 1835//1 1690//1 1836//1
f 1836//1 1691//1 1837//1
f 1837//1 1692//1 1838//1
f 1838//1 1693//1 1839//1
f 1839//1 1694//1 1840//1
f 1840//1 1695//1 1841//1
f 1841//1 1696//1 1842//1
f 1842//1 1697//1 1843//1
f 1843//1 1698//1 1844//1
f 1844//1 1699//1 1845//1
f 1845//1 1700//1 1846//1
f 1846//1 1701//1 1847//1
f 1847//1 1702//1 1848//1
f 1848//30 1703//30 1849//30
f 1849//1 1704//1 1850//1
f 1850//1 1705//1 1851//1
f 1851//1 1706//1 1852//1
f 1852//1 1706//1 1853//1
f 1853//1 1707//1 1854//1
f 1854//1 1708//1 1855//1
f 1855//1 1709//1 1856//1
f 1856//1 1710//1 1857//1
f 1857//1 1711//1 1858//1
f 1858//30 1712//54 1859//54
f 1859//54 1713//17 1860//17
f 1860//1 1714//1 1861//1
f 1861//1 1715//1 1862//1
f 1862//1 1716//1 1863//1
f 1863//1 1717//1 1864//1
f 1864//1 1718//1 1865//1
f 1865//1 1719//1 1866//1
f 1866//28 1720//28 1867//88
f 1867//88 1721//88 1868//38
f 1868//1 1722//1 1869//1
f 1869//1 1723//1 1870//1
f 1870//1 1724//1 1871//1
f 1871//1 1725//1 1872//1
f 1872//1 1726//1 1873//1
f 1873//1 1727//1 1874//1
f 1874//1 1728//1 1875//1
f 1875//1 1729//1 1876//1
f 1876//1 1730//1 1877//1
f 1877//1 1730//1 1878//1
f 1878//1 1731//1 1879//1
f 1879//1 1732//1 1880//1
f 1880//1 1733//1 1881//1
f 1881//1 1734//1 1882//1
f 1882//1 1735//1 1883//1
f 1883//1 1736//1 1884//1
f 1884//122 1737//122 1885//122
f 1885//1 1738//1 1886//1
f 1886//1 1739//1 1887//1
f 1887//1 1740//1 1888//1
f 1888//1 1741//1 1889//1
f 1889//133 1742//133 1890//133
f 1890//1 1743//1 1891//1
f 1891//1 1744//1 1892//1
f 1892//1 1745//1 1893//1
f 1893//1 1746//1 1894//1
f 1894//1 1747//1 1895//1
f 1895//1 1748//1 1896//1
f 1896//1 1749//1 1897//1
f 1897//1 1750//1 1898//1
f 1898//1 1751//1 1899//1
f 1899//1 1752//1 1900//1
f 1900//1 1753//1 1901//1
f 1901//1 1754//1 1902//1
f 1902//1 1754//1 1903//1
f 1903//38 1755//45 1904//39
f 1904//39 1756//28 1905//28
f 1905//1 1757//1 1906//1
f 1906//1 1758//1 1907//1
f 1907//51 1759//51 1908//52
f 1908//52 1760//47 1909//14
f 1909//1 1761//1 1910//1
f 1910//1 1762//1 1911//1
f 1911//1 1763//1 1912//1
f 1912//1 1764//1 1913//1
f 1913//1 1765//1 1914//1
f 1914//1 1766//1 1915//1
f 1915//1 1767//1 1916//1
f 1916//1 1768//1 1917//1
f 1917//1 1769//1 1918//1
f 1918//1 1770//1 1919//1
f 1919//1 1771//1 1920//1
f 1920//1 1772//1 1921//1
f 1921//21 1773//21 1922//128
f 1922//128 1774//22 1923//24
f 1923//37 1775//105 1924//37
f 1924//37 1776//37 1925//37
f 1925//135 1777//146 1926//22
f 1926//22 1778//22 1927//24
f 1927//37 1778//69 1928//35
f 1928//35 1779//7 1929//7
f 1929//1 1780//1 1930//1
f 1930//1 1781//1 1931//1
f 1931//1 1782//1 1932//1
f 1932//1 1783//1 1933//1
f 1933//1 1784//1 1934//1
f 1934//1 1785//1 1935//1
f 1935//1 1786//1 1936//1
f 1936//1 1787//1 1937//1
f 1937//1 1788//1 1938//1
f 1938//147 1789//20 1939//90
f 1939//148 1790//21 1940//22
f 1940//69 1791//7 1941//7
f 1941//1 1792//1 1942//1
f 1942//20 1793//20 1943//32
f 1943//32 1794//32 1944//31
f 1944//1 1795//1 1945//1
f 1945//1 1796//1 1946//1
f 1946//1 1797//1 1947//1
f 1947//1 1798//1 1948//1
f 1948//1 1799//1 1949//1
f 1949//1 1800//1 1950//1
f 1950//1 1801//1 1951//1
f 1951//1 1658//1 1802//1
f 1952//1 1802//1 1953//1
f 1953//1 1803//1 1954//1
f 1954//1 1804//1 1955//1
f 1955//1 1805//1 1956//1
f 1956//1 1806//1 1957//1
f 1957//1 1807//1 1958//1
f 1958//1 1808//1 1959//1
f 1959//1 1809//1 1960//1
f 1960//133 1810//133 1961//133
f 1961//1 1811//1 1962//1
f 1962//1 1812//1 1963//1
f 1963//1 1813//1 1964//1
f 1964//119 1814//119 1965//119
f 1965//1 1815//1 1966//1
f 1966//1 1816//1 1967//1
f 1967//1 1817//1 1968//1
f 1968//1 1818//1 1969//1
f 1969//1 1819//1 1970//1
f 1970//1 1820//1 1971//1
f 1971//1 1821//1 1972//1
f 1972//1 1822//1 1973//1
f 1973//1 1823//1 1974//1
f 1974//1 1824//1 1975//1
f 1975//1 1825//1 1976//1
f 1976//1 1826//1 1977//1
f 1977//1 1827//1 1978//1
f 1978//1 1827//1 1979//1
f 1979//1 1828//1 1980//1
f 1980//1 1829//1 1981//1
f 1981//1 1830//1 1982//1
f 1982//1 1831//1 1983//1
f 1983//1 1832//1 1984//1
f 1984//1 1833//1 1985//1
f 1985//1 1834//1 1986//1
f 1986//1 1835//1 1987//1
f 1987//1 1836//1 1988//1
f 1988//1 1837//1 1989//1
f 1989//1 1838//1 1990//1
f 1990//1 1839//1 1991//1
f 1991//1 1840//1 1992//1
f 1992//1 1841//1 1993//1
f 1993//1 1842//1 1994//1
f 1994//1 1843//1 1995//1
f 1995//1 1844//1 1996//1
f 1996//1 1845//1 1997//1
f 1997//1 1846//1 1998//1
f 1998//1 1847//1 1999//1
f 1999//1 1848//1 2000//1
f 2000//1 1849//1 2001//1
f 2001//1 1850//1 2002//1
f 2002//1 1851//1 2003//1
f 2003//1 1852//1 2004//1
f 2004//1 1852//1 2005//1
f 2005//1 1853//1 2006//1
f 2006//1 1854//1 2007//1
f 2007//1 1855//1 2008//1
f 2008//1 1856//1 2009//1
f 2009//1 1857//1 2010//1
f 2010//1 1858//1 2011//1
f 2011//30 1859//54 2012//54
f 2012//54 1860//17 2013//17
f 2013//1 1861//1 2014//1
f 2014//1 1862//1 2015//1
f 2015//1 1863//1 2016//1
f 2016//1 1864//1 2017//1
f 2017//1 1865//1 2018//1
f 2018//28 1866//28 2019//88
f 2019//88 1867//88 2020//38
f 2020//1 1868//1 2021//1
f 2021//1 1869//1 2022//1
f 2022//1 1870//1 2023//1
f 2023//1 1871//1 2024//1
f 2024//1 1872//1 2025//1
f 2025//1 1873//1 2026//1
f 2026//1 1874//1 2027//1
f 2027//1 1875//1 2028//1
f 2028//1 1876//1 2029//1
f 2029//1 1877//1 2030//1
f 2030//1 1877//1 2031//1
f 2031//1 1878//1 2032//1
f 2032//1 1879//1 2033//1
f 2033//1 1880//1 2034//1
f 2034//1 1881//1 2035//1
f 2035//1 1882//1 2036//1
f 2036//1 1883//1 2037//1
f 2037//119 1884//119 2038//119
f 2038//1 1885//1 2039//1
f 2039//1 1886//1 2040//1
f 2040//1 1887//1 2041//1
f 2041//1 1888//1 2042//1
f 2042//1 1889//1 2043//1
f 2043//133 1890//133 2044//133
f 2044//1 1891//1 2045//1
f 2045//1 1892//1 2046//1
f 2046//1 1893//1 2047//1
f 2047//1 1894//1 2048//1
f 2048//1 1895//1 2049//1
f 2049//1 1896//1 2050//1
f 2050//1 1897//1 2051//1
f 2051//1 1898//1 2052//1
f 2052//1 1899//1 2053//1
f 2053//1 1900//1 2054//1
f 2054//1 1901//1 2055//1
f 2055//1 1902//1 2056//1
f 2056//1 1902//1 2057//1
f 2057//51 1903//51 2058//53
f 2058//53 1904//47 2059//14
f 2059//1 1905//1 2060//1
f 2060//1 1906//1 2061//1
f 2061//1 1907//1 2062//1
f 2062//38 1908//45 2063//45
f 2063//36 1909//7 2064//35
f 2064//35 1910//7 2065//35
f 2065//35 1911//7 2066//69
f 2066//39 1912//28 2067//28
f 2067//1 1913//1 2068//1
f 2068//1 1914//1 2069//1
f 2069//1 1915//1 2070//1
f 2070//1 1916//1 2071//1
f 2071//1 1917//1 2072//1
f 2072//1 1918//1 2073//1
f 2073//1 1919//1 2074//1
f 2074//1 1920//1 2075//1
f 2075//21 1921//21 2076//128
f 2076//128 1922//128 2077//24
f 2077//1 1923//1 2078//1
f 2078//1 1924//1 2079//1
f 2079//1 1925//1 2080//1
f 2080//20 1926//19 2081//48
f 2081//48 1927//31 2082//31
f 2082//1 1927//1 2083//1
f 2083//37 1928//35 2084//35
f 2084//35 1929//7 2085//7
f 2085//1 1930//1 2086//1
f 2086//20 1931//20 2087//115
f 2087//116 1932//149 2088//150
f 2088//150 1933//151 2089//152
f 2089//152 1934//21 2090//148
f 2090//153 1935//7 2091//154
f 2091//1 1936//1 2092//1
f 2092//89 1937//20 2093//90
f 2093//116 1938//147 2094//140
f 2094//24 1939//148 2095//24
f 2095//37 1940//69 2096//36
f 2096//23 1941//21 2097//128
f 2097//128 1942//21 2098//23
f 2098//48 1943//32 2099//31
f 2099//1 1944//1 2100//1
f 2100//1 1945//1 2101//1
f 2101//1 1946//1 2102//1
f 2102//1 1947//1 2103//1
f 2103//1 1948//1 2104//1
f 2104//1 1949//1 2105//1
f 2105//1 1950//1 2106//1
f 2106//1 1951//1 2107//1
f 2107//1 1802//1 1952//1
f 2108//1 1952//1 2109//1
f 2109//1 1953//1 2110//1
f 2110//1 1954//1 2111//1
f 2111//1 1955//1 2112//1
f 2112//1 1956//1 2113//1
f 2113//1 1957//1 2114//1
f 2114//1 1958//1 2115//1
f 2115//1 1959//1 2116//1
f 2116//1 1960//1 2117//1
f 2117//133 1961//133 2118//133
f 2118//1 1962//1 2119//1
f 2119//1 1963//1 2120//1
f 2120//1 1964//1 2121//1
f 2121//122 1965//122 2122//122
f 2122//1 1966//1 2123//1
f 2123//1 1967//1 2124//1
f 2124//1 1968//1 2125//1
f 2125//1 1969//1 2126//1
f 2126//1 1970//1 2127//1
f 2127//1 1971//1 2128//1
f 2128//1 1972//1 2129//1
f 2129//1 1973//1 2130//1
f 2130//1 1974//1 2131//1
f 2131//1 1975//1 2132//1
f 2132//1 1976//1 2133//1
f 2133//1 1977//1 2134//1
f 2134//1 1978//1 2135//1
f 2135//1 1978//1 2136//1
f 2136//1 1979//1 2137//1
f 2137//1 1980//1 2138//1
f 2138//1 1981//1 2139//1
f 2139//1 1982//1 2140//1
f 2140//1 1983//1 2141//1
f 2141//1 1984//1 2142//1
f 2142//1 1985//1 2143//1
f 2143//1 1986//1 2144//1
f 2144//1 1987//1 2145//1
f 2145//1 1988//1 2146//1
f 2146//1 1989//1 2147//1
f 2147//1 1990//1 2148//1
f 2148//1 1991//1 2149//1
f 2149//1 1992//1 2150//1
f 2150//1 1993//1 2151//1
f 2151//1 1994//1 2152//1
f 2152//1 1995//1 2153//1
f 2153//1 1996//1 2154//1
f 2154//1 1997//1 2155//1
f 2155//1 1998//1 2156//1
f 2156//1 1999//1 2157//1
f 2157//1 2000//1 2158//1
f 2158//1 2001//1 2159//1
f 2159//1 2002//1 2160//1
f 2160//1 2003//1 2161//1
f 2161//1 2004//1 2162//1
f 2162//1 2004//1 2163//1
f 2163//1 2005//1 2164//1
f 2164//1 2006//1 2165//1
f 2165//1 2007//1 2166//1
f 2166//1 2008//1 2167//1
f 2167//1 2009//1 2168//1
f 2168//1 2010//1 2169//1
f 2169//1 2011//1 2170//1
f 2170//30 2012//54 2171//46
f 2171//52 2013//14 2172//53
f 2172//53 2014//14 2173//53
f 2173//53 2015//14 2174//53
f 2174//53 2016//14 2175//53
f 2175//53 2017//14 2176//53
f 2176//53 2018//14 2177//52
f 2177//45 2019//88 2178//38
f 2178//1 2020//1 2179//1
f 2179//1 2021//1 2180//1
f 2180//1 2022//1 2181//1
f 2181//1 2023//1 2182//1
f 2182//1 2024//1 2183//1
f 2183//1 2025//1 2184//1
f 2184//1 2026//1 2185//1
f 2185//1 2027//1 2186//1
f 2186//1 2028//1 2187//1
f 2187//1 2029//1 2188//1
f 2188//1 2030//1 2189//1
f 2189//1 2030//1 2190//1
f 2190//1 2031//1 2191//1
f 2191//1 2032//1 2192//1
f 2192//1 2033//1 2193//1
f 2193//1 2034//1 2194//1
f 2194//1 2035//1 2195//1
f 2195//1 2036//1 2196//1
f 2196//1 2037//1 2197//1
f 2197//122 2038//122 2198//122
f 2198//1 2039//1 2199//1
f 2199//1 2040//1 2200//1
f 2200//1 2041//1 2201//1
f 2201//1 2042//1 2202//1
f 2202//123 2043//123 2203//123
f 2203//1 2044//1 2204//1
f 2204//1 2045//1 2205//1
f 2205//1 2046//1 2206//1
f 2206//1 2047//1 2207//1
f 2207//1 2048//1 2208//1
f 2208//1 2049//1 2209//1
f 2209//1 2050//1 2210//1
f 2210//1 2051//1 2211//1
f 2211//1 2052//1 2212//1
f 2212//1 2053//1 2213//1
f 2213//1 2054//1 2214//1
f 2214//1 2055//1 2215//1
f 2215//1 2056//1 2216//1
f 2216//1 2056//1 2217//1
f 2217//51 2057//51 2218//52
f 2218//52 2058//53 2219//14
f 2219//1 2059//1 2220//1
f 2220//1 2060//1 2221//1
f 2221//1 2061//1 2222//1
f 2222//1 2062//1 2223//1
f 2223//37 2063//36 2224//37
f 2224//37 2064//35 2225//37
f 2225//37 2065//35 2226//37
f 2226//38 2066//39 2227//88
f 2227//88 2067//28 2228//28
f 2228//1 2068//1 2229//1
f 2229//1 2069//1 2230//1
f 2230//21 2070//21 2231//22
f 2231//69 2071//7 2232//69
f 2232//39 2072//28 2233//28
f 2233//1 2073//1 2234//1
f 2234//1 2074//1 2235//1
f 2235//21 2075//21 2236//128
f 2236//128 2076//128 2237//24
f 2237//1 2077//1 2238//1
f 2238//1 2078//1 2239//1
f 2239//1 2079//1 2240//1
f 2240//21 2080//21 2241//22
f 2241//22 2081//23 2242//24
f 2242//1 2082//1 2243//1
f 2243//1 2082//1 2244//1
f 2244//1 2083//1 2245//1
f 2245//37 2084//35 2246//35
f 2246//35 2085//7 2247//7
f 2247//20 2086//20 2248//32
f 2248//32 2087//115 2249//31
f 2249//1 2088//1 2250//1
f 2250//24 2089//152 2251//24
f 2251//24 2090//148 2252//24
f 2252//96 2091//96 2253//96
f 2253//96 2092//96 2254//96
f 2254//24 2093//24 2255//24
f 2255//1 2094//1 2256//1
f 2256//1 2095//1 2257//1
f 2257//24 2096//23 2258//24
f 2258//24 2097//128 2259//24
f 2259//24 2098//23 2260//24
f 2260//1 2099//1 2261//1
f 2261//1 2100//1 2262//1
f 2262//1 2101//1 2263//1
f 2263//1 2102//1 2264//1
f 2264//1 2103//1 2265//1
f 2265//1 2104//1 2266//1
f 2266//1 2105//1 2267//1
f 2267//1 2106//1 2268//1
f 2268//1 2107//1 2269//1
f 2269//1 1952//1 2108//1
f 2270//1 2108//1 2271//1
f 2271//1 2109//1 2272//1
f 2272//1 2110//1 2273//1
f 2273//1 2111//1 2274//1
f 2274//1 2112//1 2275//1
f 2275//1 2113//1 2276//1
f 2276//1 2114//1 2277//1
f 2277//1 2115//1 2278//1
f 2278//1 2116//1 2279//1
f 2279//1 2117//1 2280//1
f 2280//133 2118//133 2281//133
f 2281//1 2119//1 2282//1
f 2282//1 2120//1 2283//1
f 2283//1 2121//1 2284//1
f 2284//122 2122//122 2285//122
f 2285//1 2123//1 2286//1
f 2286//1 2124//1 2287//1
f 2287//1 2125//1 2288//1
f 2288//1 2126//1 2289//1
f 2289//1 2127//1 2290//1
f 2290//1 2128//1 2291//1
f 2291//1 2129//1 2292//1
f 2292//1 2130//1 2293//1
f 2293//1 2131//1 2294//1
f 2294//1 2132//1 2295//1
f 2295//1 2133//1 2296//1
f 2296//1 2134//1 2297//1
f 2297//1 2135//1 2298//1
f 2298//1 2135//1 2299//1
f 2299//1 2136//1 2300//1
f 2300//1 2137//1 2301//1
f 2301//1 2138//1 2302//1
f 2302//1 2139//1 2303//1
f 2303//1 2140//1 2304//1
f 2304//1 2141//1 2305//1
f 2305//1 2142//1 2306//1
f 2306//1 2143//1 2307//1
f 2307//1 2144//1 2308//1
f 2308//1 2145//1 2309//1
f 2309//1 2146//1 2310//1
f 2310//1 2147//1 2311//1
f 2311//1 2148//1 2312//1
f 2312//1 2149//1 2313//1
f 2313//1 2150//1 2314//1
f 2314//1 2151//1 2315//1
f 2315//1 2152//1 2316//1
f 2316//1 2153//1 2317//1
f 2317//1 2154//1 2318//1
f 2318//1 2155//1 2319//1
f 2319//1 2156//1 2320//1
f 2320//1 2157//1 2321//1
f 2321//1 2158//1 2322//1
f 2322//1 2159//1 2323//1
f 2323//1 2160//1 2324//1
f 2324//1 2161//1 2325//1
f 2325//1 2162//1 2326//1
f 2326//1 2162//1 2327//1
f 2327//1 2163//1 2328//1
f 2328//1 2164//1 2329//1
f 2329//1 2165//1 2330//1
f 2330//1 2166//1 2331//1
f 2331//1 2167//1 2332//1
f 2332//1 2168//1 2333//1
f 2333//1 2169//1 2334//1
f 2334//1 2170//1 2335//1
f 2335//51 2171//52 2336//51
f 2336//51 2172//53 2337//51
f 2337//51 2173//53 2338//51
f 2338//51 2174//53 2339//51
f 2339//51 2175//53 2340//51
f 2340//51 2176//53 2341//51
f 2341//51 2177//52 2342//51
f 2342//1 2178//1 2343//1
f 2343//1 2179//1 2344//1
f 2344//1 2180//1 2345//1
f 2345//1 2181//1 2346//1
f 2346//1 2182//1 2347//1
f 2347//1 2183//1 2348//1
f 2348//1 2184//1 2349//1
f 2349//1 2185//1 2350//1
f 2350//1 2186//1 2351//1
f 2351//1 2187//1 2352//1
f 2352//1 2188//1 2353//1
f 2353//1 2189//1 2354//1
f 2354//1 2189//1 2355//1
f 2355//1 2190//1 2356//1
f 2356//1 2191//1 2357//1
f 2357//1 2192//1 2358//1
f 2358//1 2193//1 2359//1
f 2359//1 2194//1 2360//1
f 2360//1 2195//1 2361//1
f 2361//1 2196//1 2362//1
f 2362//1 2197//1 2363//1
f 2363//122 2198//122 2364//122
f 2364//1 2199//1 2365//1
f 2365//1 2200//1 2366//1
f 2366//1 2201//1 2367//1
f 2367//123 2202//123 2368//123
f 2368//1 2203//1 2369//1
f 2369//1 2204//1 2370//1
f 2370//1 2205//1 2371//1
f 2371//1 2206//1 2372//1
f 2372//1 2207//1 2373//1
f 2373//1 2208//1 2374//1
f 2374//1 2209//1 2375//1
f 2375//1 2210//1 2376//1
f 2376//1 2211//1 2377//1
f 2377//1 2212//1 2378//1
f 2378//1 2213//1 2379//1
f 2379//1 2214//1 2380//1
f 2380//1 2215//1 2381//1
f 2381//1 2216//1 2382//1
f 2382//1 2216//1 2383//1
f 2383//1 2217//1 2384//1
f 2384//38 2218//45 2385//45
f 2385//36 2219//7 2386//35
f 2386//35 2220//7 2387//35
f 2387//35 2221//7 2388//69
f 2388//39 2222//28 2389//28
f 2389//1 2223//1 2390//1
f 2390//1 2224//1 2391//1
f 2391//1 2225//1 2392//1
f 2392//1 2226//1 2393//1
f 2393//38 2227//88 2394//45
f 2394//36 2228//7 2395//69
f 2395//39 2229//28 2396//28
f 2396//21 2230//21 2397//128
f 2397//128 2231//22 2398//24
f 2398//38 2232//39 2399//45
f 2399//36 2233//7 2400//127
f 2400//127 2234//7 2401//127
f 2401//127 2235//7 2402//36
f 2402//23 2236//128 2403//24
f 2403//1 2237//1 2404//1
f 2404//1 2238//1 2405//1
f 2405//1 2239//1 2406//1
f 2406//1 2240//1 2407//1
f 2407//20 2241//19 2408//48
f 2408//48 2242//31 2409//31
f 2409//1 2243//1 2410//1
f 2410//1 2243//1 2411//1
f 2411//1 2244//1 2412//1
f 2412//1 2245//1 2413//1
f 2413//37 2246//35 2414//36
f 2414//23 2247//21 2415//23
f 2415//48 2248//32 2416//31
f 2416//1 2249//1 2417//1
f 2417//1 2250//1 2418//1
f 2418//1 2251//1 2419//1
f 2419//1 2252//1 2420//1
f 2420//1 2253//1 2421//1
f 2421//1 2254//1 2422//1
f 2422//1 2255//1 2423//1
f 2423//1 2256//1 2424//1
f 2424//1 2257//1 2425//1
f 2425//1 2258//1 2426//1
f 2426//1 2259//1 2427//1
f 2427//1 2260//1 2428//1
f 2428//1 2261//1 2429//1
f 2429//1 2262//1 2430//1
f 2430//1 2263//1 2431//1
f 2431//1 2264//1 2432//1
f 2432//1 2265//1 2433//1
f 2433//1 2266//1 2434//1
f 2434//1 2267//1 2435//1
f 2435//1 2268//1 2436//1
f 2436//1 2269//1 2437//1
f 2437//1 2108//1 2270//1
f 2438//1 2270//1 2439//1
f 2439//1 2271//1 2440//1
f 2440//1 2272//1 2441//1
f 2441//1 2273//1 2442//1
f 2442//1 2274//1 2443//1
f 2443//1 2275//1 2444//1
f 2444//1 2276//1 2445//1
f 2445//1 2277//1 2446//1
f 2446//1 2278//1 2447//1
f 2447//1 2279//1 2448//1
f 2448//123 2280//123 2449//123
f 2449//1 2281//1 2450//1
f 2450//1 2282//1 2451//1
f 2451//1 2283//1 2452//1
f 2452//1 2284//1 2453//1
f 2453//122 2285//122 2454//122
f 2454//1 2286//1 2455//1
f 2455//1 2287//1 2456//1
f 2456//1 2288//1 2457//1
f 2457//1 2289//1 2458//1
f 2458//1 2290//1 2459//1
f 2459//1 2291//1 2460//1
f 2460//1 2292//1 2461//1
f 2461//1 2293//1 2462//1
f 2462//1 2294//1 2463//1
f 2463//1 2295//1 2464//1
f 2464//1 2296//1 2465//1
f 2465//1 2297//1 2466//1
f 2466//1 2298//1 2467//1
f 2467//1 2298//1 2468//1
f 2468//1 2299//1 2469//1
f 2469//1 2300//1 2470//1
f 2470//1 2301//1 2471//1
f 2471//1 2302//1 2472//1
f 2472//1 2303//1 2473//1
f 2473//1 2304//1 2474//1
f 2474//1 2305//1 2475//1
f 2475//1 2306//1 2476//1
f 2476//1 2307//1 2477//1
f 2477//1 2308//1 2478//1
f 2478//1 2309//1 2479//1
f 2479//1 2310//1 2480//1
f 2480//1 2311//1 2481//1
f 2481//1 2312//1 2482//1
f 2482//1 2313//1 2483//1
f 2483//1 2314//1 2484//1
f 2484//1 2315//1 2485//1
f 2485//1 2316//1 2486//1
f 2486//1 2317//1 2487//1
f 2487//1 2318//1 2488//1
f 2488//1 2319//1 2489//1
f 2489//1 2320//1 2490//1
f 2490//1 2321//1 2491//1
f 2491//1 2322//1 2492//1
f 2492//1 2323//1 2493//1
f 2493//1 2324//1 2494//1
f 2494//1 2325//1 2495//1
f 2495//1 2326//1 2496//1
f 2496//1 2326//1 2497//1
f 2497//1 2327//1 2498//1
f 2498//1 2328//1 2499//1
f 2499//1 2329//1 2500//1
f 2500//1 2330//1 2501//1
f 2501//1 2331//1 2502//1
f 2502//1 2332//1 2503//1
f 2503//1 2333//1 2504//1
f 2504//1 2334//1 2505//1
f 2505//1 2335//1 2506//1
f 2506//1 2336//1 2507//1
f 2507//1 2337//1 2508//1
f 2508//1 2338//1 2509//1
f 2509//1 2339//1 2510//1
f 2510//1 2340//1 2511//1
f 2511//1 2341//1 2512//1
f 2512//1 2342//1 2513//1
f 2513//1 2343//1 2514//1
f 2514//1 2344//1 2515//1
f 2515//1 2345//1 2516//1
f 2516//1 2346//1 2517//1
f 2517//1 2347//1 2518//1
f 2518//1 2348//1 2519//1
f 2519//1 2349//1 2520//1
f 2520//1 2350//1 2521//1
f 2521//1 2351//1 2522//1
f 2522//1 2352//1 2523//1
f 2523//1 2353//1 2524//1
f 2524//1 2354//1 2525//1
f 2525//1 2354//1 2526//1
f 2526//1 2355//1 2527//1
f 2527//1 2356//1 2528//1
f 2528//1 2357//1 2529//1
f 2529//1 2358//1 2530//1
f 2530//1 2359//1 2531//1
f 2531//1 2360//1 2532//1
f 2532//1 2361//1 2533//1
f 2533//1 2362//1 2534//1
f 2534//1 2363//1 2535//1
f 2535//122 2364//122 2536//122
f 2536//1 2365//1 2537//1
f 2537//1 2366//1 2538//1
f 2538//1 2367//1 2539//1
f 2539//133 2368//133 2540//133
f 2540//1 2369//1 2541//1
f 2541//1 2370//1 2542//1
f 2542//1 2371//1 2543//1
f 2543//1 2372//1 2544//1
f 2544//1 2373//1 2545//1
f 2545//1 2374//1 2546//1
f 2546//1 2375//1 2547//1
f 2547//1 2376//1 2548//1
f 2548//1 2377//1 2549//1
f 2549//1 2378//1 2550//1
f 2550//1 2379//1 2551//1
f 2551//1 2380//1 2552//1
f 2552//1 2381//1 2553//1
f 2553//1 2382//1 2554//1
f 2554//1 2382//1 2555//1
f 2555//1 2383//1 2556//1
f 2556//1 2384//1 2557//1
f 2557//37 2385//36 2558//37
f 2558//37 2386//35 2559//37
f 2559//37 2387//35 2560//37
f 2560//38 2388//39 2561//45
f 2561//36 2389//7 2562//35
f 2562//35 2390//7 2563//69
f 2563//39 2391//28 2564//28
f 2564//1 2392//1 2565//1
f 2565//1 2393//1 2566//1
f 2566//37 2394//36 2567//37
f 2567//38 2395//39 2568//45
f 2568//36 2396//7 2569//36
f 2569//23 2397//128 2570//24
f 2570//1 2398//1 2571//1
f 2571//37 2399//36 2572//37
f 2572//38 2400//38 2573//38
f 2573//24 2401//24 2574//24
f 2574//37 2402//36 2575//37
f 2575//1 2403//1 2576//1
f 2576//1 2404//1 2577//1
f 2577//1 2405//1 2578//1
f 2578//21 2406//21 2579//22
f 2579//69 2407//7 2580//36
f 2580//23 2408//23 2581//24
f 2581//1 2409//1 2582//1
f 2582//1 2410//1 2583//1
f 2583//1 2410//1 2584//1
f 2584//1 2411//1 2585//1
f 2585//1 2412//1 2586//1
f 2586//1 2413//1 2587//1
f 2587//24 2414//23 2588//24
f 2588//24 2415//23 2589//24
f 2589//1 2416//1 2590//1
f 2590//1 2417//1 2591//1
f 2591//1 2418//1 2592//1
f 2592//1 2419//1 2593//1
f 2593//1 2420//1 2594//1
f 2594//1 2421//1 2595//1
f 2595//1 2422//1 2596//1
f 2596//1 2423//1 2597//1
f 2597//1 2424//1 2598//1
f 2598//1 2425//1 2599//1
f 2599//1 2426//1 2600//1
f 2600//1 2427//1 2601//1
f 2601//1 2428//1 2602//1
f 2602//1 2429//1 2603//1
f 2603//1 2430//1 2604//1
f 2604//1 2431//1 2605//1
f 2605//1 2432//1 2606//1
f 2606//1 2433//1 2607//1
f 2607//1 2434//1 2608//1
f 2608//1 2435//1 2609//1
f 2609//1 2436//1 2610//1
f 2610//1 2437//1 2611//1
f 2611//1 2270//1 2438//1
f 2612//1 2438//1 2613//1
f 2613//1 2439//1 2614//1
f 2614//1 2440//1 2615//1
f 2615//1 2441//1 2616//1
f 2616//1 2442//1 2617//1
f 2617//1 2443//1 2618//1
f 2618//1 2444//1 2619//1
f 2619//1 2445//1 2620//1
f 2620//1 2446//1 2621//1
f 2621//1 2447//1 2622//1
f 2622//123 2448//123 2623//123
f 2623//1 2449//1 2624//1
f 2624//1 2450//1 2625//1
f 2625//1 2451//1 2626//1
f 2626//1 2452//1 2627//1
f 2627//1 2453//1 2628//1
f 2628//122 2454//122 2629//122
f 2629//1 2455//1 2630//1
f 2630//1 2456//1 2631//1
f 2631//1 2457//1 2632//1
f 2632//1 2458//1 2633//1
f 2633//1 2459//1 2634//1
f 2634//1 2460//1 2635//1
f 2635//1 2461//1 2636//1
f 2636//1 2462//1 2637//1
f 2637//1 2463//1 2638//1
f 2638//1 2464//1 2639//1
f 2639//1 2465//1 2640//1
f 2640//1 2466//1 2641//1
f 2641//1 2467//1 2642//1
f 2642//1 2467//1 2643//1
f 2643//1 2468//1 2644//1
f 2644//1 2469//1 2645//1
f 2645//1 2470//1 2646//1
f 2646//1 2471//1 2647//1
f 2647//1 2472//1 2648//1
f 2648//1 2473//1 2649//1
f 2649//1 2474//1 2650//1
f 2650//1 2475//1 2651//1
f 2651//1 2476//1 2652//1
f 2652//1 2477//1 2653//1
f 2653//1 2478//1 2654//1
f 2654//1 2479//1 2655//1
f 2655//1 2480//1 2656//1
f 2656//1 2481//1 2657//1
f 2657//1 2482//1 2658//1
f 2658//1 2483//1 2659//1
f 2659//1 2484//1 2660//1
f 2660//1 2485//1 2661//1
f 2661//1 2486//1 2662//1
f 2662//1 2487//1 2663//1
f 2663//1 2488//1 2664//1
f 2664//1 2489//1 2665//1
f 2665//1 2490//1 2666//1
f 2666//1 2491//1 2667//1
f 2667//1 2492//1 2668//1
f 2668//1 2493//1 2669//1
f 2669//1 2494//1 2670//1
f 2670//1 2495//1 2671//1
f 2671//1 2496//1 2672//1
f 2672//1 2496//1 2673//1
f 2673//1 2497//1 2674//1
f 2674//1 2498//1 2675//1
f 2675//1 2499//1 2676//1
f 2676//1 2500//1 2677//1
f 2677//1 2501//1 2678//1
f 2678//1 2502//1 2679//1
f 2679//1 2503//1 2680//1
f 2680//1 2504//1 2681//1
f 2681//1 2505//1 2682//1
f 2682//1 2506//1 2683//1
f 2683//1 2507//1 2684//1
f 2684//1 2508//1 2685//1
f 2685//1 2509//1 2686//1
f 2686//1 2510//1 2687//1
f 2687//1 2511//1 2688//1
f 2688//1 2512//1 2689//1
f 2689//1 2513//1 2690//1
f 2690//1 2514//1 2691//1
f 2691//1 2515//1 2692//1
f 2692//1 2516//1 2693//1
f 2693//1 2517//1 2694//1
f 2694//1 2518//1 2695//1
f 2695//1 2519//1 2696//1
f 2696//1 2520//1 2697//1
f 2697//1 2521//1 2698//1
f 2698//1 2522//1 2699//1
f 2699//1 2523//1 2700//1
f 2700//1 2524//1 2701//1
f 2701//1 2525//1 2702//1
f 2702//1 2525//1 2703//1
f 2703//1 2526//1 2704//1
f 2704//1 2527//1 2705//1
f 2705//1 2528//1 2706//1
f 2706//1 2529//1 2707//1
f 2707//1 2530//1 2708//1
f 2708//1 2531//1 2709//1
f 2709//1 2532//1 2710//1
f 2710//1 2533//1 2711//1
f 2711//1 2534//1 2712//1
f 2712//119 2535//119 2713//119
f 2713//1 2536//1 2714//1
f 2714//1 2537//1 2715//1
f 2715//1 2538//1 2716//1
f 2716//1 2539//1 2717//1
f 2717//133 2540//133 2718//133
f 2718//1 2541//1 2719//1
f 2719//1 2542//1 2720//1
f 2720//1 2543//1 2721//1
f 2721//1 2544//1 2722//1
f 2722//1 2545//1 2723//1
f 2723//1 2546//1 2724//1
f 2724//1 2547//1 2725//1
f 2725//1 2548//1 2726//1
f 2726//1 2549//1 2727//1
f 2727//1 2550//1 2728//1
f 2728//1 2551//1 2729//1
f 2729//1 2552//1 2730//1
f 2730//1 2553//1 2731//1
f 2731//1 2554//1 2732//1
f 2732//1 2554//1 2733//1
f 2733//1 2555//1 2734//1
f 2734//1 2556//1 2735//1
f 2735//1 2557//1 2736//1
f 2736//1 2558//1 2737//1
f 2737//1 2559//1 2738//1
f 2738//1 2560//1 2739//1
f 2739//37 2561//36 2740//37
f 2740//37 2562//35 2741//37
f 2741//38 2563//39 2742//45
f 2742//36 2564//7 2743//69
f 2743//39 2565//28 2744//28
f 2744//1 2566//1 2745//1
f 2745//1 2567//1 2746//1
f 2746//37 2568//36 2747//37
f 2747//37 2569//36 2748//37
f 2748//1 2570//1 2749//1
f 2749//1 2571//1 2750//1
f 2750//1 2572//1 2751//1
f 2751//37 2573//37 2752//37
f 2752//1 2574//1 2753//1
f 2753//1 2575//1 2754//1
f 2754//1 2576//1 2755//1
f 2755//1 2577//1 2756//1
f 2756//21 2578//21 2757//128
f 2757//128 2579//22 2758//24
f 2758//37 2580//36 2759//37
f 2759//1 2581//1 2760//1
f 2760//1 2582//1 2761//1
f 2761//1 2583//1 2762//1
f 2762//1 2583//1 2763//1
f 2763//1 2584//1 2764//1
f 2764//1 2585//1 2765//1
f 2765//1 2586//1 2766//1
f 2766//1 2587//1 2767//1
f 2767//1 2588//1 2768//1
f 2768//1 2589//1 2769//1
f 2769//1 2590//1 2770//1
f 2770//1 2591//1 2771//1
f 2771//1 2592//1 2772//1
f 2772//1 2593//1 2773//1
f 2773//1 2594//1 2774//1
f 2774//1 2595//1 2775//1
f 2775//1 2596//1 2776//1
f 2776//1 2597//1 2777//1
f 2777//1 2598//1 2778//1
f 2778//1 2599//1 2779//1
f 2779//1 2600//1 2780//1
f 2780//1 2601//1 2781//1
f 2781//1 2602//1 2782//1
f 2782//1 2603//1 2783//1
f 2783//1 2604//1 2784//1
f 2784//1 2605//1 2785//1
f 2785//1 2606//1 2786//1
f 2786//1 2607//1 2787//1
f 2787//1 2608//1 2788//1
f 2788//1 2609//1 2789//1
f 2789//1 2610//1 2790//1
f 2790//1 2611//1 2791//1
f 2791//1 2438//1 2612//1
f 2792//1 2612//1 2793//1
f 2793//1 2613//1 2794//1
f 2794//1 2614//1 2795//1
f 2795//1 2615//1 2796//1
f 2796//1 2616//1 2797//1
f 2797//1 2617//1 2798//1
f 2798//1 2618//1 2799//1
f 2799//1 2619//1 2800//1
f 2800//1 2620//1 2801//1
f 2801//1 2621//1 2802//1
f 2802//1 2622//1 2803//1
f 2803//133 2623//133 2804//133
f 2804//1 2624//1 2805//1
f 2805//1 2625//1 2806//1
f 2806//1 2626//1 2807//1
f 2807//1 2627//1 2808//1
f 2808//1 2628//1 2809//1
f 2809//122 2629//122 2810//122
f 2810//1 2630//1 2811//1
f 2811//1 2631//1 2812//1
f 2812//1 2632//1 2813//1
f 2813//1 2633//1 2814//1
f 2814//1 2634//1 2815//1
f 2815//1 2635//1 2816//1
f 2816//1 2636//1 2817//1
f 2817//1 2637//1 2818//1
f 2818//1 2638//1 2819//1
f 2819//1 2639//1 2820//1
f 2820//1 2640//1 2821//1
f 2821//1 2641//1 2822//1
f 2822//1 2642//1 2823//1
f 2823//1 2642//1 2824//1
f 2824//1 2643//1 2825//1
f 2825//1 2644//1 2826//1
f 2826//1 2645//1 2827//1
f 2827//1 2646//1 2828//1
f 2828//1 2647//1 2829//1
f 2829//1 2648//1 2830//1
f 2830//1 2649//1 2831//1
f 2831//1 2650//1 2832//1
f 2832//1 2651//1 2833//1
f 2833//1 2652//1 2834//1
f 2834//1 2653//1 2835//1
f 2835//1 2654//1 2836//1
f 2836//1 2655//1 2837//1
f 2837//1 2656//1 2838//1
f 2838//1 2657//1 2839//1
f 2839//1 2658//1 2840//1
f 2840//1 2659//1 2841//1
f 2841//1 2660//1 2842//1
f 2842//1 2661//1 2843//1
f 2843//1 2662//1 2844//1
f 2844//1 2663//1 2845//1
f 2845//1 2664//1 2846//1
f 2846//1 2665//1 2847//1
f 2847//1 2666//1 2848//1
f 2848//1 2667//1 2849//1
f 2849//1 2668//1 2850//1
f 2850//1 2669//1 2851//1
f 2851//1 2670//1 2852//1
f 2852//1 2671//1 2853//1
f 2853//1 2672//1 2854//1
f 2854//1 2672//1 2855//1
f 2855//1 2673//1 2856//1
f 2856//1 2674//1 2857//1
f 2857//1 2675//1 2858//1
f 2858//1 2676//1 2859//1
f 2859//1 2677//1 2860//1
f 2860//1 2678//1 2861//1
f 2861//1 2679//1 2862//1
f 2862//1 2680//1 2863//1
f 2863//1 2681//1 2864//1
f 2864//1 2682//1 2865//1
f 2865//1 2683//1 2866//1
f 2866//1 2684//1 2867//1
f 2867//1 2685//1 2868//1
f 2868//1 2686//1 2869//1
f 2869//1 2687//1 2870//1
f 2870//1 2688//1 2871//1
f 2871//1 2689//1 2872//1
f 2872//1 2690//1 2873//1
f 2873//1 2691//1 2874//1
f 2874//1 2692//1 2875//1
f 2875//1 2693//1 2876//1
f 2876//1 2694//1 2877//1
f 2877//1 2695//1 2878//1
f 2878//1 2696//1 2879//1
f 2879//1 2697//1 2880//1
f 2880//1 2698//1 2881//1
f 2881//1 2699//1 2882//1
f 2882//1 2700//1 2883//1
f 2883//1 2701//1 2884//1
f 2884//1 2702//1 2885//1
f 2885//1 2702//1 2886//1
f 2886//1 2703//1 2887//1
f 2887//1 2704//1 2888//1
f 2888//1 2705//1 2889//1
f 2889//1 2706//1 2890//1
f 2890//1 2707//1 2891//1
f 2891//1 2708//1 2892//1
f 2892//1 2709//1 2893//1
f 2893//1 2710//1 2894//1
f 2894//1 2711//1 2895//1
f 2895//1 2712//1 2896//1
f 2896//122 2713//122 2897//122
f 2897//1 2714//1 2898//1
f 2898//1 2715//1 2899//1
f 2899//1 2716//1 2900//1
f 2900//123 2717//123 2901//123
f 2901//1 2718//1 2902//1
f 2902//1 2719//1 2903//1
f 2903//1 2720//1 2904//1
f 2904//1 2721//1 2905//1
f 2905//1 2722//1 2906//1
f 2906//1 2723//1 2907//1
f 2907//1 2724//1 2908//1
f 2908//1 2725//1 2909//1
f 2909//1 2726//1 2910//1
f 2910//1 2727//1 2911//1
f 2911//1 2728//1 2912//1
f 2912//1 2729//1 2913//1
f 2913//1 2730//1 2914//1
f 2914//1 2731//1 2915//1
f 2915//1 2732//1 2916//1
f 2916//1 2732//1 2917//1
f 2917//1 2733//1 2918//1
f 2918//1 2734//1 2919//1
f 2919//1 2735//1 2920//1
f 2920//1 2736//1 2921//1
f 2921//1 2737//1 2922//1
f 2922//1 2738//1 2923//1
f 2923//1 2739//1 2924//1
f 2924//1 2740//1 2925//1
f 2925//1 2741//1 2926//1
f 2926//37 2742//36 2927//37
f 2927//38 2743//39 2928//45
f 2928//36 2744//7 2929//69
f 2929//39 2745//28 2930//28
f 2930//1 2746//1 2931//1
f 2931//1 2747//1 2932//1
f 2932//1 2748//1 2933//1
f 2933//1 2749//1 2934//1
f 2934//1 2750//1 2935//1
f 2935//1 2751//1 2936//1
f 2936//1 2752//1 2937//1
f 2937//1 2753//1 2938//1
f 2938//1 2754//1 2939//1
f 2939//21 2755//21 2940//22
f 2940//69 2756//7 2941//36
f 2941//23 2757//128 2942//24
f 2942//1 2758//1 2943//1
f 2943//1 2759//1 2944//1
f 2944//1 2760//1 2945//1
f 2945//1 2761//1 2946//1
f 2946//1 2762//1 2947//1
f 2947//1 2762//1 2948//1
f 2948//1 2763//1 2949//1
f 2949//1 2764//1 2950//1
f 2950//1 2765//1 2951//1
f 2951//1 2766//1 2952//1
f 2952//1 2767//1 2953//1
f 2953//1 2768//1 2954//1
f 2954//1 2769//1 2955//1
f 2955//1 2770//1 2956//1
f 2956//1 2771//1 2957//1
f 2957//1 2772//1 2958//1
f 2958//1 2773//1 2959//1
f 2959//1 2774//1 2960//1
f 2960//1 2775//1 2961//1
f 2961//1 2776//1 2962//1
f 2962//1 2777//1 2963//1
f 2963//1 2778//1 2964//1
f 2964//1 2779//1 2965//1
f 2965//1 2780//1 2966//1
f 2966//1 2781//1 2967//1
f 2967//1 2782//1 2968//1
f 2968//1 2783//1 2969//1
f 2969//1 2784//1 2970//1
f 2970//1 2785//1 2971//1
f 2971//1 2786//1 2972//1
f 2972//1 2787//1 2973//1
f 2973//1 2788//1 2974//1
f 2974//1 2789//1 2975//1
f 2975//1 2790//1 2976//1
f 2976//1 2791//1 2977//1
f 2977//1 2612//1 2792//1
f 2978//1 2792//1 2979//1
f 2979//1 2793//1 2980//1
f 2980//1 2794//1 2981//1
f 2981//1 2795//1 2982//1
f 2982//1 2796//1 2983//1
f 2983//1 2797//1 2984//1
f 2984//1 2798//1 2985//1
f 2985//1 2799//1 2986//1
f 2986//1 2800//1 2987//1
f 2987//1 2801//1 2988//1
f 2988//1 2802//1 2989//1
f 2989//123 2803//123 2990//123
f 2990//1 2804//1 2991//1
f 2991//1 2805//1 2992//1
f 2992//1 2806//1 2993//1
f 2993//1 2807//1 2994//1
f 2994//1 2808//1 2995//1
f 2995//119 2809//119 2996//119
f 2996//1 2810//1 2997//1
f 2997//1 2811//1 2998//1
f 2998//1 2812//1 2999//1
f 2999//1 2813//1 3000//1
f 3000//1 2814//1 3001//1
f 3001//1 2815//1 3002//1
f 3002//1 2816//1 3003//1
f 3003//1 2817//1 3004//1
f 3004//1 2818//1 3005//1
f 3005//1 2819//1 3006//1
f 3006//1 2820//1 3007//1
f 3007//1 2821//1 3008//1
f 3008//1 2822//1 3009//1
f 3009//1 2823//1 3010//1
f 3010//1 2823//1 3011//1
f 3011//1 2824//1 3012//1
f 3012//1 2825//1 3013//1
f 3013//1 2826//1 3014//1
f 3014//1 2827//1 3015//1
f 3015//1 2828//1 3016//1
f 3016//1 2829//1 3017//1
f 3017//1 2830//1 3018//1
f 3018//1 2831//1 3019//1
f 3019//1 2832//1 3020//1
f 3020//1 2833//1 3021//1
f 3021//1 2834//1 3022//1
f 3022//1 2835//1 3023//1
f 3023//1 2836//1 3024//1
f 3024//1 2837//1 3025//1
f 3025//1 2838//1 3026//1
f 3026//1 2839//1 3027//1
f 3027//1 2840//1 3028//1
f 3028//1 2841//1 3029//1
f 3029//1 2842//1 3030//1
f 3030//1 2843//1 3031//1
f 3031//1 2844//1 3032//1
f 3032//1 2845//1 3033//1
f 3033//1 2846//1 3034//1
f 3034//1 2847//1 3035//1
f 3035//1 2848//1 3036//1
f 3036//1 2849//1 3037//1
f 3037//1 2850//1 3038//1
f 3038//1 2851//1 3039//1
f 3039//1 2852//1 3040//1
f 3040//1 2853//1 3041//1
f 3041//1 2854//1 3042//1
f 3042//1 2854//1 3043//1
f 3043//1 2855//1 3044//1
f 3044//1 2856//1 3045//1
f 3045//1 2857//1 3046//1
f 3046//1 2858//1 3047//1
f 3047//1 2859//1 3048//1
f 3048//1 2860//1 3049//1
f 3049//1 2861//1 3050//1
f 3050//1 2862//1 3051//1
f 3051//1 2863//1 3052//1
f 3052//1 2864//1 3053//1
f 3053//1 2865//1 3054//1
f 3054//1 2866//1 3055//1
f 3055//1 2867//1 3056//1
f 3056//1 2868//1 3057//1
f 3057//1 2869//1 3058//1
f 3058//1 2870//1 3059//1
f 3059//1 2871//1 3060//1
f 3060//1 2872//1 3061//1
f 3061//1 2873//1 3062//1
f 3062//1 2874//1 3063//1
f 3063//1 2875//1 3064//1
f 3064//1 2876//1 3065//1
f 3065//1 2877//1 3066//1
f 3066//1 2878//1 3067//1
f 3067//1 2879//1 3068//1
f 3068//1 2880//1 3069//1
f 3069//1 2881//1 3070//1
f 3070//1 2882//1 3071//1
f 3071//1 2883//1 3072//1
f 3072//1 2884//1 3073//1
f 3073//1 2885//1 3074//1
f 3074//1 2885//1 3075//1
f 3075//1 2886//1 3076//1
f 3076//1 2887//1 3077//1
f 3077//1 2888//1 3078//1
f 3078//1 2889//1 3079//1
f 3079//1 2890//1 3080//1
f 3080//1 2891//1 3081//1
f 3081//1 2892//1 3082//1
f 3082//1 2893//1 3083//1
f 3083//1 2894//1 3084//1
f 3084//1 2895//1 3085//1
f 3085//1 2896//1 3086//1
f 3086//122 2897//122 3087//122
f 3087//1 2898//1 3088//1
f 3088//1 2899//1 3089//1
f 3089//1 2900//1 3090//1
f 3090//133 2901//133 3091//133
f 3091//1 2902//1 3092//1
f 3092//1 2903//1 3093//1
f 3093//1 2904//1 3094//1
f 3094//1 2905//1 3095//1
f 3095//1 2906//1 3096//1
f 3096//1 2907//1 3097//1
f 3097//1 2908//1 3098//1
f 3098//1 2909//1 3099//1
f 3099//1 2910//1 3100//1
f 3100//1 2911//1 3101//1
f 3101//1 2912//1 3102//1
f 3102//1 2913//1 3103//1
f 3103//1 2914//1 3104//1
f 3104//1 2915//1 3105//1
f 3105//1 2916//1 3106//1
f 3106//1 2916//1 3107//1
f 3107//1 2917//1 3108//1
f 3108//1 2918//1 3109//1
f 3109//1 2919//1 3110//1
f 3110//1 2920//1 3111//1
f 3111//1 2921//1 3112//1
f 3112//1 2922//1 3113//1
f 3113//1 2923//1 3114//1
f 3114//1 2924//1 3115//1
f 3115//1 2925//1 3116//1
f 3116//1 2926//1 3117//1
f 3117//1 2927//1 3118//1
f 3118//37 2928//36 3119//37
f 3119//38 2929//39 3120//88
f 3120//88 2930//28 3121//28
f 3121//1 2931//1 3122//1
f 3122//1 2932//1 3123//1
f 3123//1 2933//1 3124//1
f 3124//1 2934//1 3125//1
f 3125//1 2935//1 3126//1
f 3126//1 2936//1 3127//1
f 3127//1 2937//1 3128//1
f 3128//1 2938//1 3129//1
f 3129//21 2939//21 3130//128
f 3130//128 2940//22 3131//24
f 3131//37 2941//36 3132//37
f 3132//1 2942//1 3133//1
f 3133//1 2943//1 3134//1
f 3134//1 2944//1 3135//1
f 3135//1 2945//1 3136//1
f 3136//1 2946//1 3137//1
f 3137//1 2947//1 3138//1
f 3138//1 2947//1 3139//1
f 3139//1 2948//1 3140//1
f 3140//1 2949//1 3141//1
f 3141//1 2950//1 3142//1
f 3142//1 2951//1 3143//1
f 3143//1 2952//1 3144//1
f 3144//1 2953//1 3145//1
f 3145//1 2954//1 3146//1
f 3146//1 2955//1 3147//1
f 3147//1 2956//1 3148//1
f 3148//1 2957//1 3149//1
f 3149//1 2958//1 3150//1
f 3150//1 2959//1 3151//1
f 3151//1 2960//1 3152//1
f 3152//1 2961//1 3153//1
f 3153//1 2962//1 3154//1
f 3154//1 2963//1 3155//1
f 3155//1 2964//1 3156//1
f 3156//1 2965//1 3157//1
f 3157//1 2966//1 3158//1
f 3158//1 2967//1 3159//1
f 3159//1 2968//1 3160//1
f 3160//1 2969//1 3161//1
f 3161//1 2970//1 3162//1
f 3162//1 2971//1 3163//1
f 3163//1 2972//1 3164//1
f 3164//1 2973//1 3165//1
f 3165//1 2974//1 3166//1
f 3166//1 2975//1 3167//1
f 3167//1 2976//1 3168//1
f 3168//1 2977//1 3169//1
f 3169//1 2792//1 2978//1
f 3170//1 2978//1 3171//1
f 3171//1 2979//1 3172//1
f 3172//1 2980//1 3173//1
f 3173//1 2981//1 3174//1
f 3174//1 2982//1 3175//1
f 3175//1 2983//1 3176//1
f 3176//1 2984//1 3177//1
f 3177//1 2985//1 3178//1
f 3178//1 2986//1 3179//1
f 3179//1 2987//1 3180//1
f 3180//1 2988//1 3181//1
f 3181//1 2989//1 3182//1
f 3182//133 2990//133 3183//133
f 3183//1 2991//1 3184//1
f 3184//1 2992//1 3185//1
f 3185//1 2993//1 3186//1
f 3186//1 2994//1 3187//1
f 3187//1 2995//1 3188//1
f 3188//122 2996//122 3189//122
f 3189//1 2997//1 3190//1
f 3190//1 2998//1 3191//1
f 3191//1 2999//1 3192//1
f 3192//1 3000//1 3193//1
f 3193//1 3001//1 3194//1
f 3194//1 3002//1 3195//1
f 3195//1 3003//1 3196//1
f 3196//1 3004//1 3197//1
f 3197//1 3005//1 3198//1
f 3198//1 3006//1 3199//1
f 3199//1 3007//1 3200//1
f 3200//1 3008//1 3201//1
f 3201//1 3009//1 3202//1
f 3202//1 3010//1 3203//1
f 3203//1 3010//1 3204//1
f 3204//1 3011//1 3205//1
f 3205//1 3012//1 3206//1
f 3206//1 3013//1 3207//1
f 3207//1 3014//1 3208//1
f 3208//1 3015//1 3209//1
f 3209//1 3016//1 3210//1
f 3210//1 3017//1 3211//1
f 3211//1 3018//1 3212//1
f 3212//1 3019//1 3213//1
f 3213//1 3020//1 3214//1
f 3214//1 3021//1 3215//1
f 3215//1 3022//1 3216//1
f 3216//1 3023//1 3217//1
f 3217//1 3024//1 3218//1
f 3218//1 3025//1 3219//1
f 3219//1 3026//1 3220//1
f 3220//1 3027//1 3221//1
f 3221//1 3028//1 3222//1
f 3222//1 3029//1 3223//1
f 3223//1 3030//1 3224//1
f 3224//1 3031//1 3225//1
f 3225//1 3032//1 3226//1
f 3226//1 3033//1 3227//1
f 3227//1 3034//1 3228//1
f 3228//1 3035//1 3229//1
f 3229//1 3036//1 3230//1
f 3230//1 3037//1 3231//1
f 3231//1 3038//1 3232//1
f 3232//1 3039//1 3233//1
f 3233//1 3040//1 3234//1
f 3234//1 3041//1 3235//1
f 3235//1 3042//1 3236//1
f 3236//1 3042//1 3237//1
f 3237//1 3043//1 3238//1
f 3238//1 3044//1 3239//1
f 3239//1 3045//1 3240//1
f 3240//1 3046//1 3241//1
f 3241//1 3047//1 3242//1
f 3242//1 3048//1 3243//1
f 3243//1 3049//1 3244//1
f 3244//1 3050//1 3245//1
f 3245//1 3051//1 3246//1
f 3246//1 3052//1 3247//1
f 3247//1 3053//1 3248//1
f 3248//1 3054//1 3249//1
f 3249//1 3055//1 3250//1
f 3250//1 3056//1 3251//1
f 3251//1 3057//1 3252//1
f 3252//1 3058//1 3253//1
f 3253//1 3059//1 3254//1
f 3254//1 3060//1 3255//1
f 3255//1 3061//1 3256//1
f 3256//1 3062//1 3257//1
f 3257//1 3063//1 3258//1
f 3258//1 3064//1 3259//1
f 3259//1 3065//1 3260//1
f 3260//1 3066//1 3261//1
f 3261//1 3067//1 3262//1
f 3262//1 3068//1 3263//1
f 3263//1 3069//1 3264//1
f 3264//1 3070//1 3265//1
f 3265//1 3071//1 3266//1
f 3266//1 3072//1 3267//1
f 3267//1 3073//1 3268//1
f 3268//1 3074//1 3269//1
f 3269//1 3074//1 3270//1
f 3270//1 3075//1 3271//1
f 3271//1 3076//1 3272//1
f 3272//1 3077//1 3273//1
f 3273//1 3078//1 3274//1
f 3274//1 3079//1 3275//1
f 3275//1 3080//1 3276//1
f 3276//1 3081//1 3277//1
f 3277//1 3082//1 3278//1
f 3278//1 3083//1 3279//1
f 3279//1 3084//1 3280//1
f 3280//1 3085//1 3281//1
f 3281//119 3086//119 3282//119
f 3282//1 3087//1 3283//1
f 3283//1 3088//1 3284//1
f 3284//1 3089//1 3285//1
f 3285//1 3090//1 3286//1
f 3286//133 3091//133 3287//133
f 3287//1 3092//1 3288//1
f 3288//1 3093//1 3289//1
f 3289//1 3094//1 3290//1
f 3290//1 3095//1 3291//1
f 3291//1 3096//1 3292//1
f 3292//1 3097//1 3293//1
f 3293//1 3098//1 3294//1
f 3294//1 3099//1 3295//1
f 3295//1 3100//1 3296//1
f 3296//1 3101//1 3297//1
f 3297//1 3102//1 3298//1
f 3298//1 3103//1 3299//1
f 3299//1 3104//1 3300//1
f 3300//1 3105//1 3301//1
f 3301//1 3106//1 3302//1
f 3302//1 3106//1 3303//1
f 3303//1 3107//1 3304//1
f 3304//1 3108//1 3305//1
f 3305//1 3109//1 3306//1
f 3306//1 3110//1 3307//1
f 3307//1 3111//1 3308//1
f 3308//1 3112//1 3309//1
f 3309//1 3113//1 3310//1
f 3310//1 3114//1 3311//1
f 3311//1 3115//1 3312//1
f 3312//1 3116//1 3313//1
f 3313//1 3117//1 3314//1
f 3314//1 3118//1 3315//1
f 3315//1 3119//1 3316//1
f 3316//38 3120//88 3317//88
f 3317//88 3121//28 3318//28
f 3318//1 3122//1 3319//1
f 3319//1 3123//1 3320//1
f 3320//1 3124//1 3321//1
f 3321//21 3125//21 3322//22
f 3322//69 3126//7 3323//35
f 3323//35 3127//7 3324//35
f 3324//35 3128//7 3325//35
f 3325//35 3129//7 3326//36
f 3326//23 3130//128 3327//24
f 3327//1 3131//1 3328//1
f 3328//1 3132//1 3329//1
f 3329//1 3133//1 3330//1
f 3330//1 3134//1 3331//1
f 3331//1 3135//1 3332//1
f 3332//1 3136//1 3333//1
f 3333//1 3137//1 3334//1
f 3334//1 3138//1 3335//1
f 3335//1 3138//1 3336//1
f 3336//1 3139//1 3337//1
f 3337//1 3140//1 3338//1
f 3338//1 3141//1 3339//1
f 3339//1 3142//1 3340//1
f 3340//1 3143//1 3341//1
f 3341//1 3144//1 3342//1
f 3342//1 3145//1 3343//1
f 3343//1 3146//1 3344//1
f 3344//1 3147//1 3345//1
f 3345//1 3148//1 3346//1
f 3346//1 3149//1 3347//1
f 3347//1 3150//1 3348//1
f 3348//1 3151//1 3349//1
f 3349//1 3152//1 3350//1
f 3350//1 3153//1 3351//1
f 3351//1 3154//1 3352//1
f 3352//1 3155//1 3353//1
f 3353//1 3156//1 3354//1
f 3354//1 3157//1 3355//1
f 3355//1 3158//1 3356//1
f 3356//1 3159//1 3357//1
f 3357//1 3160//1 3358//1
f 3358//1 3161//1 3359//1
f 3359//1 3162//1 3360//1
f 3360//1 3163//1 3361//1
f 3361//1 3164//1 3362//1
f 3362//1 3165//1 3363//1
f 3363//1 3166//1 3364//1
f 3364//1 3167//1 3365//1
f 3365//1 3168//1 3366//1
f 3366//1 3169//1 3367//1
f 3367//1 2978//1 3170//1
f 3368//1 3170//1 3369//1
f 3369//1 3171//1 3370//1
f 3370//1 3172//1 3371//1
f 3371//1 3173//1 3372//1
f 3372//1 3174//1 3373//1
f 3373//1 3175//1 3374//1
f 3374//1 3176//1 3375//1
f 3375//1 3177//1 3376//1
f 3376//1 3178//1 3377//1
f 3377//1 3179//1 3378//1
f 3378//1 3180//1 3379//1
f 3379//1 3181//1 3380//1
f 3380//1 3182//1 3381//1
f 3381//133 3183//133 3382//133
f 3382//1 3184//1 3383//1
f 3383//1 3185//1 3384//1
f 3384//1 3186//1 3385//1
f 3385//1 3187//1 3386//1
f 3386//119 3188//119 3387//119
f 3387//1 3189//1 3388//1
f 3388//1 3190//1 3389//1
f 3389//1 3191//1 3390//1
f 3390//1 3192//1 3391//1
f 3391//1 3193//1 3392//1
f 3392//1 3194//1 3393//1
f 3393//1 3195//1 3394//1
f 3394//1 3196//1 3395//1
f 3395//1 3197//1 3396//1
f 3396//1 3198//1 3397//1
f 3397//1 3199//1 3398//1
f 3398//1 3200//1 3399//1
f 3399//1 3201//1 3400//1
f 3400//1 3202//1 3401//1
f 3401//1 3203//1 3402//1
f 3402//1 3203//1 3403//1
f 3403//1 3204//1 3404//1
f 3404//1 3205//1 3405//1
f 3405//1 3206//1 3406//1
f 3406//1 3207//1 3407//1
f 3407//1 3208//1 3408//1
f 3408//1 3209//1 3409//1
f 3409//1 3210//1 3410//1
f 3410//1 3211//1 3411//1
f 3411//1 3212//1 3412//1
f 3412//1 3213//1 3413//1
f 3413//1 3214//1 3414//1
f 3414//1 3215//1 3415//1
f 3415//1 3216//1 3416//1
f 3416//1 3217//1 3417//1
f 3417//1 3218//1 3418//1
f 3418//1 3219//1 3419//1
f 3419//1 3220//1 3420//1
f 3420//1 3221//1 3421//1
f 3421//1 3222//1 3422//1
f 3422//1 3223//1 3423//1
f 3423//1 3224//1 3424//1
f 3424//1 3225//1 3425//1
f 3425//1 3226//1 3426//1
f 3426//1 3227//1 3427//1
f 3427//1 3228//1 3428//1
f 3428//1 3229//1 3429//1
f 3429//1 3230//1 3430//1
f 3430//1 3231//1 3431//1
f 3431//1 3232//1 3432//1
f 3432//1 3233//1 3433//1
f 3433//1 3234//1 3434//1
f 3434//1 3235//1 3435//1
f 3435//1 3236//1 3436//1
f 3436//1 3236//1 3437//1
f 3437//1 3237//1 3438//1
f 3438//1 3238//1 3439//1
f 3439//1 3239//1 3440//1
f 3440//1 3240//1 3441//1
f 3441//1 3241//1 3442//1
f 3442//1 3242//1 3443//1
f 3443//1 3243//1 3444//1
f 3444//1 3244//1 3445//1
f 3445//1 3245//1 3446//1
f 3446//1 3246//1 3447//1
f 3447//1 3247//1 3448//1
f 3448//1 3248//1 3449//1
f 3449//1 3249//1 3450//1
f 3450//1 3250//1 3451//1
f 3451//1 3251//1 3452//1
f 3452//1 3252//1 3453//1
f 3453//1 3253//1 3454//1
f 3454//1 3254//1 3455//1
f 3455//1 3255//1 3456//1
f 3456//1 3256//1 3457//1
f 3457//1 3257//1 3458//1
f 3458//1 3258//1 3459//1
f 3459//1 3259//1 3460//1
f 3460//1 3260//1 3461//1
f 3461//1 3261//1 3462//1
f 3462//1 3262//1 3463//1
f 3463//1 3263//1 3464//1
f 3464//1 3264//1 3465//1
f 3465//1 3265//1 3466//1
f 3466//1 3266//1 3467//1
f 3467//1 3267//1 3468//1
f 3468//1 3268//1 3469//1
f 3469//1 3269//1 3470//1
f 3470//1 3269//1 3471//1
f 3471//1 3270//1 3472//1
f 3472//1 3271//1 3473//1
f 3473//1 3272//1 3474//1
f 3474//1 3273//1 3475//1
f 3475//1 3274//1 3476//1
f 3476//1 3275//1 3477//1
f 3477//1 3276//1 3478//1
f 3478//1 3277//1 3479//1
f 3479//1 3278//1 3480//1
f 3480//1 3279//1 3481//1
f 3481//1 3280//1 3482//1
f 3482//1 3281//1 3483//1
f 3483//122 3282//122 3484//122
f 3484//1 3283//1 3485//1
f 3485//1 3284//1 3486//1
f 3486//1 3285//1 3487//1
f 3487//123 3286//123 3488//123
f 3488//1 3287//1 3489//1
f 3489//1 3288//1 3490//1
f 3490//1 3289//1 3491//1
f 3491//1 3290//1 3492//1
f 3492//1 3291//1 3493//1
f 3493//1 3292//1 3494//1
f 3494//1 3293//1 3495//1
f 3495//1 3294//1 3496//1
f 3496//1 3295//1 3497//1
f 3497//1 3296//1 3498//1
f 3498//1 3297//1 3499//1
f 3499//1 3298//1 3500//1
f 3500//1 3299//1 3501//1
f 3501//1 3300//1 3502//1
f 3502//1 3301//1 3503//1
f 3503//1 3302//1 3504//1
f 3504//1 3302//1 3505//1
f 3505//1 3303//1 3506//1
f 3506//1 3304//1 3507//1
f 3507//1 3305//1 3508//1
f 3508//1 3306//1 3509//1
f 3509//1 3307//1 3510//1
f 3510//1 3308//1 3511//1
f 3511//1 3309//1 3512//1
f 3512//1 3310//1 3513//1
f 3513//1 3311//1 3514//1
f 3514//1 3312//1 3515//1
f 3515//1 3313//1 3516//1
f 3516//1 3314//1 3517//1
f 3517//1 3315//1 3518//1
f 3518//1 3316//1 3519//1
f 3519//38 3317//88 3520//45
f 3520//36 3318//7 3521//35
f 3521//35 3319//7 3522//35
f 3522//35 3320//7 3523//35
f 3523//35 3321//7 3524//36
f 3524//23 3322//22 3525//24
f 3525//37 3323//35 3526//37
f 3526//37 3324//35 3527//37
f 3527//37 3325//35 3528//37
f 3528//37 3326//36 3529//37
f 3529//1 3327//1 3530//1
f 3530//1 3328//1 3531//1
f 3531//1 3329//1 3532//1
f 3532//1 3330//1 3533//1
f 3533//1 3331//1 3534//1
f 3534//1 3332//1 3535//1
f 3535//1 3333//1 3536//1
f 3536//1 3334//1 3537//1
f 3537//1 3335//1 3538//1
f 3538//1 3335//1 3539//1
f 3539//1 3336//1 3540//1
f 3540//1 3337//1 3541//1
f 3541//1 3338//1 3542//1
f 3542//1 3339//1 3543//1
f 3543//1 3340//1 3544//1
f 3544//1 3341//1 3545//1
f 3545//1 3342//1 3546//1
f 3546//1 3343//1 3547//1
f 3547//1 3344//1 3548//1
f 3548//1 3345//1 3549//1
f 3549//1 3346//1 3550//1
f 3550//1 3347//1 3551//1
f 3551//1 3348//1 3552//1
f 3552//1 3349//1 3553//1
f 3553//1 3350//1 3554//1
f 3554//1 3351//1 3555//1
f 3555//1 3352//1 3556//1
f 3556//1 3353//1 3557//1
f 3557//1 3354//1 3558//1
f 3558//1 3355//1 3559//1
f 3559//1 3356//1 3560//1
f 3560//1 3357//1 3561//1
f 3561//1 3358//1 3562//1
f 3562//1 3359//1 3563//1
f 3563//1 3360//1 3564//1
f 3564//1 3361//1 3565//1
f 3565//1 3362//1 3566//1
f 3566//1 3363//1 3567//1
f 3567//1 3364//1 3568//1
f 3568//1 3365//1 3569//1
f 3569//1 3366//1 3570//1
f 3570//1 3367//1 3571//1
f 3571//1 3170//1 3368//1
f 3572//1 3368//1 3573//1
f 3573//1 3369//1 3574//1
f 3574//1 3370//1 3575//1
f 3575//1 3371//1 3576//1
f 3576//1 3372//1 3577//1
f 3577//1 3373//1 3578//1
f 3578//1 3374//1 3579//1
f 3579//1 3375//1 3580//1
f 3580//1 3376//1 3581//1
f 3581//1 3377//1 3582//1
f 3582//1 3378//1 3583//1
f 3583//1 3379//1 3584//1
f 3584//1 3380//1 3585//1
f 3585//1 3381//1 3586//1
f 3586//133 3382//133 3587//133
f 3587//1 3383//1 3588//1
f 3588//1 3384//1 3589//1
f 3589//1 3385//1 3590//1
f 3590//1 3386//1 3591//1
f 3591//122 3387//122 3592//122
f 3592//1 3388//1 3593//1
f 3593//1 3389//1 3594//1
f 3594//1 3390//1 3595//1
f 3595//1 3391//1 3596//1
f 3596//1 3392//1 3597//1
f 3597//1 3393//1 3598//1
f 3598//1 3394//1 3599//1
f 3599//1 3395//1 3600//1
f 3600//1 3396//1 3601//1
f 3601//1 3397//1 3602//1
f 3602//1 3398//1 3603//1
f 3603//1 3399//1 3604//1
f 3604//1 3400//1 3605//1
f 3605//1 3401//1 3606//1
f 3606//1 3402//1 3607//1
f 3607//1 3402//1 3608//1
f 3608//1 3403//1 3609//1
f 3609//1 3404//1 3610//1
f 3610//1 3405//1 3611//1
f 3611//1 3406//1 3612//1
f 3612//1 3407//1 3613//1
f 3613//1 3408//1 3614//1
f 3614//1 3409//1 3615//1
f 3615//1 3410//1 3616//1
f 3616//1 3411//1 3617//1
f 3617//1 3412//1 3618//1
f 3618//1 3413//1 3619//1
f 3619//1 3414//1 3620//1
f 3620//1 3415//1 3621//1
f 3621//1 3416//1 3622//1
f 3622//1 3417//1 3623//1
f 3623//1 3418//1 3624//1
f 3624//1 3419//1 3625//1
f 3625//1 3420//1 3626//1
f 3626//1 3421//1 3627//1
f 3627//1 3422//1 3628//1
f 3628//1 3423//1 3629//1
f 3629//1 3424//1 3630//1
f 3630//1 3425//1 3631//1
f 3631//1 3426//1 3632//1
f 3632//1 3427//1 3633//1
f 3633//1 3428//1 3634//1
f 3634//1 3429//1 3635//1
f 3635//1 3430//1 3636//1
f 3636//1 3431//1 3637//1
f 3637//1 3432//1 3638//1
f 3638//1 3433//1 3639//1
f 3639//1 3434//1 3640//1
f 3640//1 3435//1 3641//1
f 3641//1 3436//1 3642//1
f 3642//1 3436//1 3643//1
f 3643//1 3437//1 3644//1
f 3644//1 3438//1 3645//1
f 3645//1 3439//1 3646//1
f 3646//1 3440//1 3647//1
f 3647//1 3441//1 3648//1
f 3648//1 3442//1 3649//1
f 3649//1 3443//1 3650//1
f 3650//1 3444//1 3651//1
f 3651//1 3445//1 3652//1
f 3652//1 3446//1 3653//1
f 3653//1 3447//1 3654//1
f 3654//1 3448//1 3655//1
f 3655//1 3449//1 3656//1
f 3656//1 3450//1 3657//1
f 3657//1 3451//1 3658//1
f 3658//1 3452//1 3659//1
f 3659//1 3453//1 3660//1
f 3660//1 3454//1 3661//1
f 3661//1 3455//1 3662//1
f 3662//1 3456//1 3663//1
f 3663//1 3457//1 3664//1
f 3664//1 3458//1 3665//1
f 3665//1 3459//1 3666//1
f 3666//1 3460//1 3667//1
f 3667//1 3461//1 3668//1
f 3668//1 3462//1 3669//1
f 3669//1 3463//1 3670//1
f 3670//1 3464//1 3671//1
f 3671//1 3465//1 3672//1
f 3672//1 3466//1 3673//1
f 3673//1 3467//1 3674//1
f 3674//1 3468//1 3675//1
f 3675//1 3469//1 3676//1
f 3676//1 3470//1 3677//1
f 3677//1 3470//1 3678//1
f 3678//1 3471//1 3679//1
f 3679//1 3472//1 3680//1
f 3680//1 3473//1 3681//1
f 3681//1 3474//1 3682//1
f 3682//1 3475//1 3683//1
f 3683//1 3476//1 3684//1
f 3684//1 3477//1 3685//1
f 3685//1 3478//1 3686//1
f 3686//1 3479//1 3687//1
f 3687//1 3480//1 3688//1
f 3688//1 3481//1 3689//1
f 3689//1 3482//1 3690//1
f 3690//1 3483//1 3691//1
f 3691//122 3484//122 3692//122
f 3692//1 3485//1 3693//1
f 3693//1 3486//1 3694//1
f 3694//1 3487//1 3695//1
f 3695//133 3488//133 3696//133
f 3696//1 3489//1 3697//1
f 3697//1 3490//1 3698//1
f 3698//1 3491//1 3699//1
f 3699//1 3492//1 3700//1
f 3700//1 3493//1 3701//1
f 3701//1 3494//1 3702//1
f 3702//1 3495//1 3703//1
f 3703//1 3496//1 3704//1
f 3704//1 3497//1 3705//1
f 3705//1 3498//1 3706//1
f 3706//1 3499//1 3707//1
f 3707//1 3500//1 3708//1
f 3708//1 3501//1 3709//1
f 3709//1 3502//1 3710//1
f 3710//1 3503//1 3711//1
f 3711//1 3504//1 3712//1
f 3712//1 3504//1 3713//1
f 3713//1 3505//1 3714//1
f 3714//1 3506//1 3715//1
f 3715//1 3507//1 3716//1
f 3716//1 3508//1 3717//1
f 3717//1 3509//1 3718//1
f 3718//1 3510//1 3719//1
f 3719//1 3511//1 3720//1
f 3720//1 3512//1 3721//1
f 3721//1 3513//1 3722//1
f 3722//1 3514//1 3723//1
f 3723//1 3515//1 3724//1
f 3724//1 3516//1 3725//1
f 3725//1 3517//1 3726//1
f 3726//1 3518//1 3727//1
f 3727//1 3519//1 3728//1
f 3728//37 3520//36 3729//37
f 3729//37 3521//35 3730//37
f 3730//37 3522//35 3731//37
f 3731//37 3523//35 3732//37
f 3732//37 3524//36 3733//37
f 3733//1 3525//1 3734//1
f 3734//1 3526//1 3735//1
f 3735//1 3527//1 3736//1
f 3736//1 3528//1 3737//1
f 3737//1 3529//1 3738//1
f 3738//1 3530//1 3739//1
f 3739//1 3531//1 3740//1
f 3740//1 3532//1 3741//1
f 3741//1 3533//1 3742//1
f 3742//1 3534//1 3743//1
f 3743//1 3535//1 3744//1
f 3744//1 3536//1 3745//1
f 3745//1 3537//1 3746//1
f 3746//1 3538//1 3747//1
f 3747//1 3538//1 3748//1
f 3748//1 3539//1 3749//1
f 3749//1 3540//1 3750//1
f 3750//1 3541//1 3751//1
f 3751//1 3542//1 3752//1
f 3752//1 3543//1 3753//1
f 3753//1 3544//1 3754//1
f 3754//1 3545//1 3755//1
f 3755//1 3546//1 3756//1
f 3756//1 3547//1 3757//1
f 3757//1 3548//1 3758//1
f 3758//1 3549//1 3759//1
f 3759//1 3550//1 3760//1
f 3760//1 3551//1 3761//1
f 3761//1 3552//1 3762//1
f 3762//1 3553//1 3763//1
f 3763//1 3554//1 3764//1
f 3764//1 3555//1 3765//1
f 3765//1 3556//1 3766//1
f 3766//1 3557//1 3767//1
f 3767//1 3558//1 3768//1
f 3768//1 3559//1 3769//1
f 3769//1 3560//1 3770//1
f 3770//1 3561//1 3771//1
f 3771//1 3562//1 3772//1
f 3772//1 3563//1 3773//1
f 3773//1 3564//1 3774//1
f 3774//1 3565//1 3775//1
f 3775//1 3566//1 3776//1
f 3776//1 3567//1 3777//1
f 3777//1 3568//1 3778//1
f 3778//1 3569//1 3779//1
f 3779//1 3570//1 3780//1
f 3780//1 3571//1 3781//1
f 3781//1 3368//1 3572//1
f 3782//1 3572//1 3783//1
f 3783//1 3573//1 3784//1
f 3784//1 3574//1 3785//1
f 3785//1 3575//1 3786//1
f 3786//1 3576//1 3787//1
f 3787//1 3577//1 3788//1
f 3788//1 3578//1 3789//1
f 3789//1 3579//1 3790//1
f 3790//1 3580//1 3791//1
f 3791//1 3581//1 3792//1
f 3792//1 3582//1 3793//1
f 3793//1 3583//1 3794//1
f 3794//1 3584//1 3795//1
f 3795//1 3585//1 3796//1
f 3796//1 3586//1 3797//1
f 3797//133 3587//133 3798//133
f 3798//1 3588//1 3799//1
f 3799//1 3589//1 3800//1
f 3800//1 3590//1 3801//1
f 3801//119 3591//119 3802//119
f 3802//1 3592//1 3803//1
f 3803//1 3593//1 3804//1
f 3804//1 3594//1 3805//1
f 3805//1 3595//1 3806//1
f 3806//1 3596//1 3807//1
f 3807//1 3597//1 3808//1
f 3808//1 3598//1 3809//1
f 3809//1 3599//1 3810//1
f 3810//1 3600//1 3811//1
f 3811//1 3601//1 3812//1
f 3812//1 3602//1 3813//1
f 3813//1 3603//1 3814//1
f 3814//1 3604//1 3815//1
f 3815//1 3605//1 3816//1
f 3816//1 3606//1 3817//1
f 3817//1 3607//1 3818//1
f 3818//1 3607//1 3819//1
f 3819//1 3608//1 3820//1
f 3820//1 3609//1 3821//1
f 3821//1 3610//1 3822//1
f 3822//1 3611//1 3823//1
f 3823//1 3612//1 3824//1
f 3824//1 3613//1 3825//1
f 3825//1 3614//1 3826//1
f 3826//1 3615//1 3827//1
f 3827//1 3616//1 3828//1
f 3828//1 3617//1 3829//1
f 3829//1 3618//1 3830//1
f 3830//1 3619//1 3831//1
f 3831//1 3620//1 3832//1
f 3832//1 3621//1 3833//1
f 3833//1 3622//1 3834//1
f 3834//1 3623//1 3835//1
f 3835//1 3624//1 3836//1
f 3836//1 3625//1 3837//1
f 3837//1 3626//1 3838//1
f 3838//1 3627//1 3839//1
f 3839//1 3628//1 3840//1
f 3840//1 3629//1 3841//1
f 3841//1 3630//1 3842//1
f 3842//1 3631//1 3843//1
f 3843//1 3632//1 3844//1
f 3844//1 3633//1 3845//1
f 3845//1 3634//1 3846//1
f 3846//1 3635//1 3847//1
f 3847//1 3636//1 3848//1
f 3848//1 3637//1 3849//1
f 3849//1 3638//1 3850//1
f 3850//1 3639//1 3851//1
f 3851//1 3640//1 3852//1
f 3852//1 3641//1 3853//1
f 3853//1 3642//1 3854//1
f 3854//1 3642//1 3855//1
f 3855//1 3643//1 3856//1
f 3856//1 3644//1 3857//1
f 3857//1 3645//1 3858//1
f 3858//1 3646//1 3859//1
f 3859//1 3647//1 3860//1
f 3860//1 3648//1 3861//1
f 3861//1 3649//1 3862//1
f 3862//1 3650//1 3863//1
f 3863//1 3651//1 3864//1
f 3864//1 3652//1 3865//1
f 3865//1 3653//1 3866//1
f 3866//1 3654//1 3867//1
f 3867//1 3655//1 3868//1
f 3868//1 3656//1 3869//1
f 3869//1 3657//1 3870//1
f 3870//1 3658//1 3871//1
f 3871//1 3659//1 3872//1
f 3872//1 3660//1 3873//1
f 3873//1 3661//1 3874//1
f 3874//1 3662//1 3875//1
f 3875//1 3663//1 3876//1
f 3876//1 3664//1 3877//1
f 3877//1 3665//1 3878//1
f 3878//1 3666//1 3879//1
f 3879//1 3667//1 3880//1
f 3880//1 3668//1 3881//1
f 3881//1 3669//1 3882//1
f 3882//1 3670//1 3883//1
f 3883//1 3671//1 3884//1
f 3884//1 3672//1 3885//1
f 3885//1 3673//1 3886//1
f 3886//1 3674//1 3887//1
f 3887//1 3675//1 3888//1
f 3888//1 3676//1 3889//1
f 3889//1 3677//1 3890//1
f 3890//1 3677//1 3891//1
f 3891//1 3678//1 3892//1
f 3892//1 3679//1 3893//1
f 3893//1 3680//1 3894//1
f 3894//1 3681//1 3895//1
f 3895//1 3682//1 3896//1
f 3896//1 3683//1 3897//1
f 3897//1 3684//1 3898//1
f 3898//1 3685//1 3899//1
f 3899//1 3686//1 3900//1
f 3900//1 3687//1 3901//1
f 3901//1 3688//1 3902//1
f 3902//1 3689//1 3903//1
f 3903//1 3690//1 3904//1
f 3904//119 3691//119 3905//119
f 3905//1 3692//1 3906//1
f 3906//1 3693//1 3907//1
f 3907//1 3694//1 3908//1
f 3908//1 3695//1 3909//1
f 3909//133 3696//133 3910//133
f 3910//1 3697//1 3911//1
f 3911//1 3698//1 3912//1
f 3912//1 3699//1 3913//1
f 3913//1 3700//1 3914//1
f 3914//1 3701//1 3915//1
f 3915//1 3702//1 3916//1
f 3916//1 3703//1 3917//1
f 3917//1 3704//1 3918//1
f 3918//1 3705//1 3919//1
f 3919//1 3706//1 3920//1
f 3920//1 3707//1 3921//1
f 3921//1 3708//1 3922//1
f 3922//1 3709//1 3923//1
f 3923//1 3710//1 3924//1
f 3924//1 3711//1 3925//1
f 3925//1 3712//1 3926//1
f 3926//1 3712//1 3927//1
f 3927//1 3713//1 3928//1
f 3928//1 3714//1 3929//1
f 3929//1 3715//1 3930//1
f 3930//1 3716//1 3931//1
f 3931//1 3717//1 3932//1
f 3932//1 3718//1 3933//1
f 3933//1 3719//1 3934//1
f 3934//1 3720//1 3935//1
f 3935//1 3721//1 3936//1
f 3936//1 3722//1 3937//1
f 3937//1 3723//1 3938//1
f 3938//1 3724//1 3939//1
f 3939//1 3725//1 3940//1
f 3940//1 3726//1 3941//1
f 3941//1 3727//1 3942//1
f 3942//1 3728//1 3943//1
f 3943//1 3729//1 3944//1
f 3944//1 3730//1 3945//1
f 3945//1 3731//1 3946//1
f 3946//1 3732//1 3947//1
f 3947//1 3733//1 3948//1
f 3948//1 3734//1 3949//1
f 3949//1 3735//1 3950//1
f 3950//1 3736//1 3951//1
f 3951//1 3737//1 3952//1
f 3952//1 3738//1 3953//1
f 3953//1 3739//1 3954//1
f 3954//1 3740//1 3955//1
f 3955//1 3741//1 3956//1
f 3956//1 3742//1 3957//1
f 3957//1 3743//1 3958//1
f 3958//1 3744//1 3959//1
f 3959//1 3745//1 3960//1
f 3960//1 3746//1 3961//1
f 3961//1 3747//1 3962//1
f 3962//1 3747//1 3963//1
f 3963//1 3748//1 3964//1
f 3964//1 3749//1 3965//1
f 3965//1 3750//1 3966//1
f 3966//1 3751//1 3967//1
f 3967//1 3752//1 3968//1
f 3968//1 3753//1 3969//1
f 3969//1 3754//1 3970//1
f 3970//1 3755//1 3971//1
f 3971//1 3756//1 3972//1
f 3972//1 3757//1 3973//1
f 3973//1 3758//1 3974//1
f 3974//1 3759//1 3975//1
f 3975//1 3760//1 3976//1
f 3976//1 3761//1 3977//1
f 3977//1 3762//1 3978//1
f 3978//1 3763//1 3979//1
f 3979//1 3764//1 3980//1
f 3980//1 3765//1 3981//1
f 3981//1 3766//1 3982//1
f 3982//1 3767//1 3983//1
f 3983//1 3768//1 3984//1
f 3984//1 3769//1 3985//1
f 3985//1 3770//1 3986//1
f 3986//1 3771//1 3987//1
f 3987//1 3772//1 3988//1
f 3988//1 3773//1 3989//1
f 3989//1 3774//1 3990//1
f 3990//1 3775//1 3991//1
f 3991//1 3776//1 3992//1
f 3992//1 3777//1 3993//1
f 3993//1 3778//1 3994//1
f 3994//1 3779//1 3995//1
f 3995//1 3780//1 3996//1
f 3996//1 3781//1 3997//1
f 3997//1 3572//1 3782//1
f 3998//1 3782//1 3999//1
f 3999//1 3783//1 4000//1
f 4000//1 3784//1 4001//1
f 4001//1 3785//1 4002//1
f 4002//1 3786//1 4003//1
f 4003//1 3787//1 4004//1
f 4004//1 3788//1 4005//1
f 4005//1 3789//1 4006//1
f 4006//1 3790//1 4007//1
f 4007//1 3791//1 4008//1
f 4008//1 3792//1 4009//1
f 4009//1 3793//1 4010//1
f 4010//1 3794//1 4011//1
f 4011//1 3795//1 4012//1
f 4012//1 3796//1 4013//1
f 4013//123 3797//123 4014//123
f 4014//1 3798//1 4015//1
f 4015//1 3799//1 4016//1
f 4016//1 3800//1 4017//1
f 4017//1 3801//1 4018//1
f 4018//122 3802//122 4019//122
f 4019//1 3803//1 4020//1
f 4020//1 3804//1 4021//1
f 4021//1 3805//1 4022//1
f 4022//1 3806//1 4023//1
f 4023//1 3807//1 4024//1
f 4024//1 3808//1 4025//1
f 4025//1 3809//1 4026//1
f 4026//1 3810//1 4027//1
f 4027//1 3811//1 4028//1
f 4028//1 3812//1 4029//1
f 4029//1 3813//1 4030//1
f 4030//1 3814//1 4031//1
f 4031//1 3815//1 4032//1
f 4032//1 3816//1 4033//1
f 4033//1 3817//1 4034//1
f 4034//1 3818//1 4035//1
f 4035//1 3818//1 4036//1
f 4036//1 3819//1 4037//1
f 4037//1 3820//1 4038//1
f 4038//1 3821//1 4039//1
f 4039//1 3822//1 4040//1
f 4040//1 3823//1 4041//1
f 4041//1 3824//1 4042//1
f 4042//1 3825//1 4043//1
f 4043//1 3826//1 4044//1
f 4044//1 3827//1 4045//1
f 4045//1 3828//1 4046//1
f 4046//1 3829//1 4047//1
f 4047//1 3830//1 4048//1
f 4048//1 3831//1 4049//1
f 4049//1 3832//1 4050//1
f 4050//1 3833//1 4051//1
f 4051//1 3834//1 4052//1
f 4052//1 3835//1 4053//1
f 4053//1 3836//1 4054//1
f 4054//1 3837//1 4055//1
f 4055//1 3838//1 4056//1
f 4056//1 3839//1 4057//1
f 4057//1 3840//1 4058//1
f 4058//1 3841//1 4059//1
f 4059//1 3842//1 4060//1
f 4060//1 3843//1 4061//1
f 4061//1 3844//1 4062//1
f 4062//1 3845//1 4063//1
f 4063//1 3846//1 4064//1
f 4064//1 3847//1 4065//1
f 4065//1 3848//1 4066//1
f 4066//1 3849//1 4067//1
f 4067//1 3850//1 4068//1
f 4068//1 3851//1 4069//1
f 4069//1 3852//1 4070//1
f 4070//1 3853//1 4071//1
f 4071//1 3854//1 4072//1
f 4072//1 3854//1 4073//1
f 4073//1 3855//1 4074//1
f 4074//1 3856//1 4075//1
f 4075//1 3857//1 4076//1
f 4076//1 3858//1 4077//1
f 4077//1 3859//1 4078//1
f 4078//1 3860//1 4079//1
f 4079//1 3861//1 4080//1
f 4080//1 3862//1 4081//1
f 4081//1 3863//1 4082//1
f 4082//1 3864//1 4083//1
f 4083//1 3865//1 4084//1
f 4084//1 3866//1 4085//1
f 4085//1 3867//1 4086//1
f 4086//1 3868//1 4087//1
f 4087//1 3869//1 4088//1
f 4088//1 3870//1 4089//1
f 4089//1 3871//1 4090//1
f 4090//1 3872//1 4091//1
f 4091//1 3873//1 4092//1
f 4092//1 3874//1 4093//1
f 4093//1 3875//1 4094//1
f 4094//1 3876//1 4095//1
f 4095//1 3877//1 4096//1
f 4096//1 3878//1 4097//1
f 4097//1 3879//1 4098//1
f 4098//1 3880//1 4099//1
f 4099//1 3881//1 4100//1
f 4100//1 3882//1 4101//1
f 4101//1 3883//1 4102//1
f 4102//1 3884//1 4103//1
f 4103//1 3885//1 4104//1
f 4104//1 3886//1 4105//1
f 4105//1 3887//1 4106//1
f 4106//1 3888//1 4107//1
f 4107//1 3889//1 4108//1
f 4108//1 3890//1 4109//1
f 4109//1 3890//1 4110//1
f 4110//1 3891//1 4111//1
f 4111//1 3892//1 4112//1
f 4112//1 3893//1 4113//1
f 4113//1 3894//1 4114//1
f 4114//1 3895//1 4115//1
f 4115//1 3896//1 4116//1
f 4116//1 3897//1 4117//1
f 4117//1 3898//1 4118//1
f 4118//1 3899//1 4119//1
f 4119//1 3900//1 4120//1
f 4120//1 3901//1 4121//1
f 4121//1 3902//1 4122//1
f 4122//1 3903//1 4123//1
f 4123//1 3904//1 4124//1
f 4124//122 3905//122 4125//122
f 4125//1 3906//1 4126//1
f 4126//1 3907//1 4127//1
f 4127//1 3908//1 4128//1
f 4128//1 3909//1 4129//1
f 4129//133 3910//133 4130//133
f 4130//1 3911//1 4131//1
f 4131//1 3912//1 4132//1
f 4132//1 3913//1 4133//1
f 4133//1 3914//1 4134//1
f 4134//1 3915//1 4135//1
f 4135//1 3916//1 4136//1
f 4136//1 3917//1 4137//1
f 4137//1 3918//1 4138//1
f 4138//1 3919//1 4139//1
f 4139//1 3920//1 4140//1
f 4140//1 3921//1 4141//1
f 4141//1 3922//1 4142//1
f 4142//1 3923//1 4143//1
f 4143//1 3924//1 4144//1
f 4144//1 3925//1 4145//1
f 4145//1 3926//1 4146//1
f 4146//1 3926//1 4147//1
f 4147//1 3927//1 4148//1
f 4148//1 3928//1 4149//1
f 4149//1 3929//1 4150//1
f 4150//1 3930//1 4151//1
f 4151//1 3931//1 4152//1
f 4152//1 3932//1 4153//1
f 4153//1 3933//1 4154//1
f 4154//1 3934//1 4155//1
f 4155//1 3935//1 4156//1
f 4156//1 3936//1 4157//1
f 4157//1 3937//1 4158//1
f 4158//1 3938//1 4159//1
f 4159//1 3939//1 4160//1
f 4160//1 3940//1 4161//1
f 4161//1 3941//1 4162//1
f 4162//1 3942//1 4163//1
f 4163//1 3943//1 4164//1
f 4164//1 3944//1 4165//1
f 4165//1 3945//1 4166//1
f 4166//1 3946//1 4167//1
f 4167//1 3947//1 4168//1
f 4168//1 3948//1 4169//1
f 4169//1 3949//1 4170//1
f 4170//1 3950//1 4171//1
f 4171//1 3951//1 4172//1
f 4172//1 3952//1 4173//1
f 4173//1 3953//1 4174//1
f 4174//1 3954//1 4175//1
f 4175//1 3955//1 4176//1
f 4176//1 3956//1 4177//1
f 4177//1 3957//1 4178//1
f 4178//1 3958//1 4179//1
f 4179//1 3959//1 4180//1
f 4180//1 3960//1 4181//1
f 4181//1 3961//1 4182//1
f 4182//1 3962//1 4183//1
f 4183//1 3962//1 4184//1
f 4184//1 3963//1 4185//1
f 4185//1 3964//1 4186//1
f 4186//1 3965//1 4187//1
f 4187//1 3966//1 4188//1
f 4188//1 3967//1 4189//1
f 4189//1 3968//1 4190//1
f 4190//1 3969//1 4191//1
f 4191//1 3970//1 4192//1
f 4192//1 3971//1 4193//1
f 4193//1 3972//1 4194//1
f 4194//1 3973//1 4195//1
f 4195//1 3974//1 4196//1
f 4196//1 3975//1 4197//1
f 4197//1 3976//1 4198//1
f 4198//1 3977//1 4199//1
f 4199//1 3978//1 4200//1
f 4200//1 3979//1 4201//1
f 4201//1 3980//1 4202//1
f 4202//1 3981//1 4203//1
f 4203//1 3982//1 4204//1
f 4204//1 3983//1 4205//1
f 4205//1 3984//1 4206//1
f 4206//1 3985//1 4207//1
f 4207//1 3986//1 4208//1
f 4208//1 3987//1 4209//1
f 4209//1 3988//1 4210//1
f 4210//1 3989//1 4211//1
f 4211//1 3990//1 4212//1
f 4212//1 3991//1 4213//1
f 4213//1 3992//1 4214//1
f 4214//1 3993//1 4215//1
f 4215//1 3994//1 4216//1
f 4216//1 3995//1 4217//1
f 4217//1 3996//1 4218//1
f 4218//1 3997//1 4219//1
f 4219//1 3782//1 3998//1
f 4220//1 3998//1 4221//1
f 4221//1 3999//1 4222//1
f 4222//1 4000//1 4223//1
f 4223//1 4001//1 4224//1
f 4224//1 4002//1 4225//1
f 4225//1 4003//1 4226//1
f 4226//1 4004//1 4227//1
f 4227//1 4005//1 4228//1
f 4228//1 4006//1 4229//1
f 4229//1 4007//1 4230//1
f 4230//1 4008//1 4231//1
f 4231//1 4009//1 4232//1
f 4232//1 4010//1 4233//1
f 4233//1 4011//1 4234//1
f 4234//1 4012//1 4235//1
f 4235//1 4013//1 4236//1
f 4236//133 4014//133 4237//133
f 4237//1 4015//1 4238//1
f 4238//1 4016//1 4239//1
f 4239//1 4017//1 4240//1
f 4240//119 4018//119 4241//119
f 4241//1 4019//1 4242//1
f 4242//1 4020//1 4243//1
f 4243//1 4021//1 4244//1
f 4244//1 4022//1 4245//1
f 4245//1 4023//1 4246//1
f 4246//1 4024//1 4247//1
f 4247//1 4025//1 4248//1
f 4248//1 4026//1 4249//1
f 4249//1 4027//1 4250//1
f 4250//1 4028//1 4251//1
f 4251//1 4029//1 4252//1
f 4252//1 4030//1 4253//1
f 4253//1 4031//1 4254//1
f 4254//1 4032//1 4255//1
f 4255//1 4033//1 4256//1
f 4256//1 4034//1 4257//1
f 4257//1 4035//1 4258//1
f 4258//1 4035//1 4259//1
f 4259//1 4036//1 4260//1
f 4260//1 4037//1 4261//1
f 4261//1 4038//1 4262//1
f 4262//1 4039//1 4263//1
f 4263//1 4040//1 4264//1
f 4264//1 4041//1 4265//1
f 4265//1 4042//1 4266//1
f 4266//1 4043//1 4267//1
f 4267//1 4044//1 4268//1
f 4268//1 4045//1 4269//1
f 4269//1 4046//1 4270//1
f 4270//1 4047//1 4271//1
f 4271//1 4048//1 4272//1
f 4272//1 4049//1 4273//1
f 4273//1 4050//1 4274//1
f 4274//1 4051//1 4275//1
f 4275//1 4052//1 4276//1
f 4276//1 4053//1 4277//1
f 4277//1 4054//1 4278//1
f 4278//1 4055//1 4279//1
f 4279//1 4056//1 4280//1
f 4280//1 4057//1 4281//1
f 4281//1 4058//1 4282//1
f 4282//1 4059//1 4283//1
f 4283//1 4060//1 4284//1
f 4284//1 4061//1 4285//1
f 4285//1 4062//1 4286//1
f 4286//1 4063//1 4287//1
f 4287//1 4064//1 4288//1
f 4288//1 4065//1 4289//1
f 4289//1 4066//1 4290//1
f 4290//1 4067//1 4291//1
f 4291//1 4068//1 4292//1
f 4292//1 4069//1 4293//1
f 4293//1 4070//1 4294//1
f 4294//1 4071//1 4295//1
f 4295//1 4072//1 4296//1
f 4296//1 4072//1 4297//1
f 4297//1 4073//1 4298//1
f 4298//1 4074//1 4299//1
f 4299//1 4075//1 4300//1
f 4300//1 4076//1 4301//1
f 4301//1 4077//1 4302//1
f 4302//1 4078//1 4303//1
f 4303//1 4079//1 4304//1
f 4304//1 4080//1 4305//1
f 4305//1 4081//1 4306//1
f 4306//1 4082//1 4307//1
f 4307//1 4083//1 4308//1
f 4308//1 4084//1 4309//1
f 4309//1 4085//1 4310//1
f 4310//1 4086//1 4311//1
f 4311//1 4087//1 4312//1
f 4312//1 4088//1 4313//1
f 4313//1 4089//1 4314//1
f 4314//1 4090//1 4315//1
f 4315//1 4091//1 4316//1
f 4316//1 4092//1 4317//1
f 4317//1 4093//1 4318//1
f 4318//1 4094//1 4319//1
f 4319//1 4095//1 4320//1
f 4320//1 4096//1 4321//1
f 4321//1 4097//1 4322//1
f 4322//1 4098//1 4323//1
f 4323//1 4099//1 4324//1
f 4324//1 4100//1 4325//1
f 4325//1 4101//1 4326//1
f 4326//1 4102//1 4327//1
f 4327//1 4103//1 4328//1
f 4328//1 4104//1 4329//1
f 4329//1 4105//1 4330//1
f 4330//1 4106//1 4331//1
f 4331//1 4107//1 4332//1
f 4332//1 4108//1 4333//1
f 4333//1 4109//1 4334//1
f 4334//1 4109//1 4335//1
f 4335//1 4110//1 4336//1
f 4336//1 4111//1 4337//1
f 4337//1 4112//1 4338//1
f 4338//1 4113//1 4339//1
f 4339//1 4114//1 4340//1
f 4340//1 4115//1 4341//1
f 4341//1 4116//1 4342//1
f 4342//1 4117//1 4343//1
f 4343//1 4118//1 4344//1
f 4344//1 4119//1 4345//1
f 4345//1 4120//1 4346//1
f 4346//1 4121//1 4347//1
f 4347//1 4122//1 4348//1
f 4348//1 4123//1 4349//1
f 4349//1 4124//1 4350//1
f 4350//122 4125//122 4351//122
f 4351//1 4126//1 4352//1
f 4352//1 4127//1 4353//1
f 4353//1 4128//1 4354//1
f 4354//1 4129//1 4355//1
f 4355//133 4130//133 4356//133
f 4356//1 4131//1 4357//1
f 4357//1 4132//1 4358//1
f 4358//1 4133//1 4359//1
f 4359//1 4134//1 4360//1
f 4360//1 4135//1 4361//1
f 4361//1 4136//1 4362//1
f 4362//1 4137//1 4363//1
f 4363//1 4138//1 4364//1
f 4364//1 4139//1 4365//1
f 4365//1 4140//1 4366//1
f 4366//1 4141//1 4367//1
f 4367//1 4142//1 4368//1
f 4368//1 4143//1 4369//1
f 4369//1 4144//1 4370//1
f 4370//1 4145//1 4371//1
f 4371//1 4146//1 4372//1
f 4372//1 4146//1 4373//1
f 4373//1 4147//1 4374//1
f 4374//1 4148//1 4375//1
f 4375//1 4149//1 4376//1
f 4376//1 4150//1 4377//1
f 4377//1 4151//1 4378//1
f 4378//1 4152//1 4379//1
f 4379//1 4153//1 4380//1
f 4380//1 4154//1 4381//1
f 4381//1 4155//1 4382//1
f 4382//1 4156//1 4383//1
f 4383//1 4157//1 4384//1
f 4384//1 4158//1 4385//1
f 4385//1 4159//1 4386//1
f 4386//1 4160//1 4387//1
f 4387//1 4161//1 4388//1
f 4388//1 4162//1 4389//1
f 4389//1 4163//1 4390//1
f 4390//1 4164//1 4391//1
f 4391//1 4165//1 4392//1
f 4392//1 4166//1 4393//1
f 4393//1 4167//1 4394//1
f 4394//1 4168//1 4395//1
f 4395//1 4169//1 4396//1
f 4396//1 4170//1 4397//1
f 4397//1 4171//1 4398//1
f 4398//1 4172//1 4399//1
f 4399//1 4173//1 4400//1
f 4400//1 4174//1 4401//1
f 4401//1 4175//1 4402//1
f 4402//1 4176//1 4403//1
f 4403//1 4177//1 4404//1
f 4404//1 4178//1 4405//1
f 4405//1 4179//1 4406//1
f 4406//1 4180//1 4407//1
f 4407//1 4181//1 4408//1
f 4408//1 4182//1 4409//1
f 4409//1 4183//1 4410//1
f 4410//1 4183//1 4411//1
f 4411//1 4184//1 4412//1
f 4412//1 4185//1 4413//1
f 4413//1 4186//1 4414//1
f 4414//1 4187//1 4415//1
f 4415//1 4188//1 4416//1
f 4416//1 4189//1 4417//1
f 4417//1 4190//1 4418//1
f 4418//1 4191//1 4419//1
f 4419//1 4192//1 4420//1
f 4420//1 4193//1 4421//1
f 4421//1 4194//1 4422//1
f 4422//1 4195//1 4423//1
f 4423//1 4196//1 4424//1
f 4424//1 4197//1 4425//1
f 4425//1 4198//1 4426//1
f 4426//1 4199//1 4427//1
f 4427//1 4200//1 4428//1
f 4428//1 4201//1 4429//1
f 4429//1 4202//1 4430//1
f 4430//1 4203//1 4431//1
f 4431//1 4204//1 4432//1
f 4432//1 4205//1 4433//1
f 4433//1 4206//1 4434//1
f 4434//1 4207//1 4435//1
f 4435//1 4208//1 4436//1
f 4436//1 4209//1 4437//1
f 4437//1 4210//1 4438//1
f 4438//1 4211//1 4439//1
f 4439//1 4212//1 4440//1
f 4440//1 4213//1 4441//1
f 4441//1 4214//1 4442//1
f 4442//1 4215//1 4443//1
f 4443//1 4216//1 4444//1
f 4444//1 4217//1 4445//1
f 4445//1 4218//1 4446//1
f 4446//1 4219//1 4447//1
f 4447//1 3998//1 4220//1
f 4448//1 4220//1 4449//1
f 4449//1 4221//1 4450//1
f 4450//1 4222//1 4451//1
f 4451//1 4223//1 4452//1
f 4452//1 4224//1 4453//1
f 4453//1 4225//1 4454//1
f 4454//1 4226//1 4455//1
f 4455//1 4227//1 4456//1
f 4456//1 4228//1 4457//1
f 4457//1 4229//1 4458//1
f 4458//1 4230//1 4459//1
f 4459//1 4231//1 4460//1
f 4460//1 4232//1 4461//1
f 4461//1 4233//1 4462//1
f 4462//1 4234//1 4463//1
f 4463//1 4235//1 4464//1
f 4464//1 4236//1 4465//1
f 4465//133 4237//133 4466//133
f 4466//1 4238//1 4467//1
f 4467//1 4239//1 4468//1
f 4468//1 4240//1 4469//1
f 4469//122 4241//122 4470//122
f 4470//1 4242//1 4471//1
f 4471//1 4243//1 4472//1
f 4472//1 4244//1 4473//1
f 4473//1 4245//1 4474//1
f 4474//1 4246//1 4475//1
f 4475//1 4247//1 4476//1
f 4476//1 4248//1 4477//1
f 4477//1 4249//1 4478//1
f 4478//1 4250//1 4479//1
f 4479//1 4251//1 4480//1
f 4480//1 4252//1 4481//1
f 4481//1 4253//1 4482//1
f 4482//1 4254//1 4483//1
f 4483//1 4255//1 4484//1
f 4484//1 4256//1 4485//1
f 4485//1 4257//1 4486//1
f 4486//1 4258//1 4487//1
f 4487//1 4258//1 4488//1
f 4488//1 4259//1 4489//1
f 4489//1 4260//1 4490//1
f 4490//1 4261//1 4491//1
f 4491//1 4262//1 4492//1
f 4492//1 4263//1 4493//1
f 4493//1 4264//1 4494//1
f 4494//1 4265//1 4495//1
f 4495//1 4266//1 4496//1
f 4496//1 4267//1 4497//1
f 4497//1 4268//1 4498//1
f 4498//1 4269//1 4499//1
f 4499//1 4270//1 4500//1
f 4500//1 4271//1 4501//1
f 4501//1 4272//1 4502//1
f 4502//1 4273//1 4503//1
f 4503//1 4274//1 4504//1
f 4504//1 4275//1 4505//1
f 4505//1 4276//1 4506//1
f 4506//1 4277//1 4507//1
f 4507//1 4278//1 4508//1
f 4508//1 4279//1 4509//1
f 4509//1 4280//1 4510//1
f 4510//1 4281//1 4511//1
f 4511//1 4282//1 4512//1
f 4512//1 4283//1 4513//1
f 4513//1 4284//1 4514//1
f 4514//1 4285//1 4515//1
f 4515//1 4286//1 4516//1
f 4516//1 4287//1 4517//1
f 4517//1 4288//1 4518//1
f 4518//1 4289//1 4519//1
f 4519//1 4290//1 4520//1
f 4520//1 4291//1 4521//1
f 4521//1 4292//1 4522//1
f 4522//1 4293//1 4523//1
f 4523//1 4294//1 4524//1
f 4524//1 4295//1 4525//1
f 4525//1 4296//1 4526//1
f 4526//1 4296//1 4527//1
f 4527//1 4297//1 4528//1
f 4528//1 4298//1 4529//1
f 4529//1 4299//1 4530//1
f 4530//1 4300//1 4531//1
f 4531//1 4301//1 4532//1
f 4532//1 4302//1 4533//1
f 4533//1 4303//1 4534//1
f 4534//1 4304//1 4535//1
f 4535//1 4305//1 4536//1
f 4536//1 4306//1 4537//1
f 4537//1 4307//1 4538//1
f 4538//1 4308//1 4539//1
f 4539//1 4309//1 4540//1
f 4540//1 4310//1 4541//1
f 4541//1 4311//1 4542//1
f 4542//1 4312//1 4543//1
f 4543//1 4313//1 4544//1
f 4544//1 4314//1 4545//1
f 4545//1 4315//1 4546//1
f 4546//1 4316//1 4547//1
f 4547//1 4317//1 4548//1
f 4548//1 4318//1 4549//1
f 4549//1 4319//1 4550//1
f 4550//1 4320//1 4551//1
f 4551//1 4321//1 4552//1
f 4552//1 4322//1 4553//1
f 4553//1 4323//1 4554//1
f 4554//1 4324//1 4555//1
f 4555//1 4325//1 4556//1
f 4556//1 4326//1 4557//1
f 4557//1 4327//1 4558//1
f 4558//1 4328//1 4559//1
f 4559//1 4329//1 4560//1
f 4560//1 4330//1 4561//1
f 4561//1 4331//1 4562//1
f 4562//1 4332//1 4563//1
f 4563//1 4333//1 4564//1
f 4564//1 4334//1 4565//1
f 4565//1 4334//1 4566//1
f 4566//1 4335//1 4567//1
f 4567//1 4336//1 4568//1
f 4568//1 4337//1 4569//1
f 4569//1 4338//1 4570//1
f 4570//1 4339//1 4571//1
f 4571//1 4340//1 4572//1
f 4572//1 4341//1 4573//1
f 4573//1 4342//1 4574//1
f 4574//1 4343//1 4575//1
f 4575//1 4344//1 4576//1
f 4576//1 4345//1 4577//1
f 4577//1 4346//1 4578//1
f 4578//1 4347//1 4579//1
f 4579//1 4348//1 4580//1
f 4580//1 4349//1 4581//1
f 4581//119 4350//119 4582//119
f 4582//1 4351//1 4583//1
f 4583//1 4352//1 4584//1
f 4584//1 4353//1 4585//1
f 4585//1 4354//1 4586//1
f 4586//1 4355//1 4587//1
f 4587//133 4356//133 4588//133
f 4588//1 4357//1 4589//1
f 4589//1 4358//1 4590//1
f 4590//1 4359//1 4591//1
f 4591//1 4360//1 4592//1
f 4592//1 4361//1 4593//1
f 4593//1 4362//1 4594//1
f 4594//1 4363//1 4595//1
f 4595//1 4364//1 4596//1
f 4596//1 4365//1 4597//1
f 4597//1 4366//1 4598//1
f 4598//1 4367//1 4599//1
f 4599//1 4368//1 4600//1
f 4600//1 4369//1 4601//1
f 4601//1 4370//1 4602//1
f 4602//1 4371//1 4603//1
f 4603//1 4372//1 4604//1
f 4604//1 4372//1 4605//1
f 4605//1 4373//1 4606//1
f 4606//1 4374//1 4607//1
f 4607//1 4375//1 4608//1
f 4608//1 4376//1 4609//1
f 4609//1 4377//1 4610//1
f 4610//1 4378//1 4611//1
f 4611//1 4379//1 4612//1
f 4612//1 4380//1 4613//1
f 4613//1 4381//1 4614//1
f 4614//1 4382//1 4615//1
f 4615//1 4383//1 4616//1
f 4616//1 4384//1 4617//1
f 4617//1 4385//1 4618//1
f 4618//1 4386//1 4619//1
f 4619//1 4387//1 4620//1
f 4620//1 4388//1 4621//1
f 4621//1 4389//1 4622//1
f 4622//1 4390//1 4623//1
f 4623//1 4391//1 4624//1
f 4624//1 4392//1 4625//1
f 4625//1 4393//1 4626//1
f 4626//1 4394//1 4627//1
f 4627//1 4395//1 4628//1
f 4628//1 4396//1 4629//1
f 4629//1 4397//1 4630//1
f 4630//1 4398//1 4631//1
f 4631//1 4399//1 4632//1
f 4632//1 4400//1 4633//1
f 4633//1 4401//1 4634//1
f 4634//1 4402//1 4635//1
f 4635//1 4403//1 4636//1
f 4636//1 4404//1 4637//1
f 4637//1 4405//1 4638//1
f 4638//1 4406//1 4639//1
f 4639//1 4407//1 4640//1
f 4640//1 4408//1 4641//1
f 4641//1 4409//1 4642//1
f 4642//1 4410//1 4643//1
f 4643//1 4410//1 4644//1
f 4644//1 4411//1 4645//1
f 4645//1 4412//1 4646//1
f 4646//1 4413//1 4647//1
f 4647//1 4414//1 4648//1
f 4648//1 4415//1 4649//1
f 4649//1 4416//1 4650//1
f 4650//1 4417//1 4651//1
f 4651//1 4418//1 4652//1
f 4652//1 4419//1 4653//1
f 4653//1 4420//1 4654//1
f 4654//1 4421//1 4655//1
f 4655//1 4422//1 4656//1
f 4656//1 4423//1 4657//1
f 4657//1 4424//1 4658//1
f 4658//1 4425//1 4659//1
f 4659//1 4426//1 4660//1
f 4660//1 4427//1 4661//1
f 4661//1 4428//1 4662//1
f 4662//1 4429//1 4663//1
f 4663//1 4430//1 4664//1
f 4664//1 4431//1 4665//1
f 4665//1 4432//1 4666//1
f 4666//1 4433//1 4667//1
f 4667//1 4434//1 4668//1
f 4668//1 4435//1 4669//1
f 4669//1 4436//1 4670//1
f 4670//1 4437//1 4671//1
f 4671//1 4438//1 4672//1
f 4672//1 4439//1 4673//1
f 4673//1 4440//1 4674//1
f 4674//1 4441//1 4675//1
f 4675//1 4442//1 4676//1
f 4676//1 4443//1 4677//1
f 4677//1 4444//1 4678//1
f 4678//1 4445//1 4679//1
f 4679//1 4446//1 4680//1
f 4680//1 4447//1 4681//1
f 4681//1 4220//1 4448//1
f 4682//1 4448//1 4683//1
f 4683//1 4449//1 4684//1
f 4684//1 4450//1 4685//1
f 4685//1 4451//1 4686//1
f 4686//1 4452//1 4687//1
f 4687//1 4453//1 4688//1
f 4688//1 4454//1 4689//1
f 4689//1 4455//1 4690//1
f 4690//1 4456//1 4691//1
f 4691//1 4457//1 4692//1
f 4692//1 4458//1 4693//1
f 4693//1 4459//1 4694//1
f 4694//1 4460//1 4695//1
f 4695//1 4461//1 4696//1
f 4696//1 4462//1 4697//1
f 4697//1 4463//1 4698//1
f 4698//1 4464//1 4699//1
f 4699//123 4465//123 4700//123
f 4700//1 4466//1 4701//1
f 4701//1 4467//1 4702//1
f 4702//1 4468//1 4703//1
f 4703//1 4469//1 4704//1
f 4704//122 4470//122 4705//122
f 4705//1 4471//1 4706//1
f 4706//1 4472//1 4707//1
f 4707//1 4473//1 4708//1
f 4708//1 4474//1 4709//1
f 4709//1 4475//1 4710//1
f 4710//1 4476//1 4711//1
f 4711//1 4477//1 4712//1
f 4712//1 4478//1 4713//1
f 4713//1 4479//1 4714//1
f 4714//1 4480//1 4715//1
f 4715//1 4481//1 4716//1
f 4716//1 4482//1 4717//1
f 4717//1 4483//1 4718//1
f 4718//1 4484//1 4719//1
f 4719//1 4485//1 4720//1
f 4720//1 4486//1 4721//1
f 4721//1 4487//1 4722//1
f 4722//1 4487//1 4723//1
f 4723//1 4488//1 4724//1
f 4724//1 4489//1 4725//1
f 4725//1 4490//1 4726//1
f 4726//1 4491//1 4727//1
f 4727//1 4492//1 4728//1
f 4728//1 4493//1 4729//1
f 4729//1 4494//1 4730//1
f 4730//1 4495//1 4731//1
f 4731//1 4496//1 4732//1
f 4732//1 4497//1 4733//1
f 4733//1 4498//1 4734//1
f 4734//1 4499//1 4735//1
f 4735//1 4500//1 4736//1
f 4736//1 4501//1 4737//1
f 4737//1 4502//1 4738//1
f 4738//1 4503//1 4739//1
f 4739//1 4504//1 4740//1
f 4740//1 4505//1 4741//1
f 4741//1 4506//1 4742//1
f 4742//1 4507//1 4743//1
f 4743//1 4508//1 4744//1
f 4744//1 4509//1 4745//1
f 4745//1 4510//1 4746//1
f 4746//1 4511//1 4747//1
f 4747//1 4512//1 4748//1
f 4748//1 4513//1 4749//1
f 4749//1 4514//1 4750//1
f 4750//1 4515//1 4751//1
f 4751//1 4516//1 4752//1
f 4752//1 4517//1 4753//1
f 4753//1 4518//1 4754//1
f 4754//1 4519//1 4755//1
f 4755//1 4520//1 4756//1
f 4756//1 4521//1 4757//1
f 4757//1 4522//1 4758//1
f 4758//1 4523//1 4759//1
f 4759//1 4524//1 4760//1
f 4760//1 4525//1 4761//1
f 4761//1 4526//1 4762//1
f 4762//1 4526//1 4763//1
f 4763//1 4527//1 4764//1
f 4764//1 4528//1 4765//1
f 4765//1 4529//1 4766//1
f 4766//1 4530//1 4767//1
f 4767//1 4531//1 4768//1
f 4768//1 4532//1 4769//1
f 4769//1 4533//1 4770//1
f 4770//1 4534//1 4771//1
f 4771//1 4535//1 4772//1
f 4772//1 4536//1 4773//1
f 4773//1 4537//1 4774//1
f 4774//1 4538//1 4775//1
f 4775//1 4539//1 4776//1
f 4776//1 4540//1 4777//1
f 4777//1 4541//1 4778//1
f 4778//1 4542//1 4779//1
f 4779//1 4543//1 4780//1
f 4780//1 4544//1 4781//1
f 4781//1 4545//1 4782//1
f 4782//1 4546//1 4783//1
f 4783//1 4547//1 4784//1
f 4784//1 4548//1 4785//1
f 4785//1 4549//1 4786//1
f 4786//1 4550//1 4787//1
f 4787//1 4551//1 4788//1
f 4788//1 4552//1 4789//1
f 4789//1 4553//1 4790//1
f 4790//1 4554//1 4791//1
f 4791//1 4555//1 4792//1
f 4792//1 4556//1 4793//1
f 4793//1 4557//1 4794//1
f 4794//1 4558//1 4795//1
f 4795//1 4559//1 4796//1
f 4796//1 4560//1 4797//1
f 4797//1 4561//1 4798//1
f 4798//1 4562//1 4799//1
f 4799//1 4563//1 4800//1
f 4800//1 4564//1 4801//1
f 4801//1 4565//1 4802//1
f 4802//1 4565//1 4803//1
f 4803//1 4566//1 4804//1
f 4804//1 4567//1 4805//1
f 4805//1 4568//1 4806//1
f 4806//1 4569//1 4807//1
f 4807//1 4570//1 4808//1
f 4808//1 4571//1 4809//1
f 4809//1 4572//1 4810//1
f 4810//1 4573//1 4811//1
f 4811//1 4574//1 4812//1
f 4812//1 4575//1 4813//1
f 4813//1 4576//1 4814//1
f 4814//1 4577//1 4815//1
f 4815//1 4578//1 4816//1
f 4816//1 4579//1 4817//1
f 4817//1 4580//1 4818//1
f 4818//1 4581//1 4819//1
f 4819//122 4582//122 4820//122
f 4820//1 4583//1 4821//1
f 4821//1 4584//1 4822//1
f 4822//1 4585//1 4823//1
f 4823//1 4586//1 4824//1
f 4824//123 4587//123 4825//123
f 4825//1 4588//1 4826//1
f 4826//1 4589//1 4827//1
f 4827//1 4590//1 4828//1
f 4828//1 4591//1 4829//1
f 4829//1 4592//1 4830//1
f 4830//1 4593//1 4831//1
f 4831//1 4594//1 4832//1
f 4832//1 4595//1 4833//1
f 4833//1 4596//1 4834//1
f 4834//1 4597//1 4835//1
f 4835//1 4598//1 4836//1
f 4836//1 4599//1 4837//1
f 4837//1 4600//1 4838//1
f 4838//1 4601//1 4839//1
f 4839//1 4602//1 4840//1
f 4840//1 4603//1 4841//1
f 4841//1 4604//1 4842//1
f 4842//1 4604//1 4843//1
f 4843//1 4605//1 4844//1
f 4844//1 4606//1 4845//1
f 4845//1 4607//1 4846//1
f 4846//1 4608//1 4847//1
f 4847//1 4609//1 4848//1
f 4848//1 4610//1 4849//1
f 4849//1 4611//1 4850//1
f 4850//1 4612//1 4851//1
f 4851//1 4613//1 4852//1
f 4852//1 4614//1 4853//1
f 4853//1 4615//1 4854//1
f 4854//1 4616//1 4855//1
f 4855//1 4617//1 4856//1
f 4856//1 4618//1 4857//1
f 4857//1 4619//1 4858//1
f 4858//1 4620//1 4859//1
f 4859//1 4621//1 4860//1
f 4860//1 4622//1 4861//1
f 4861//1 4623//1 4862//1
f 4862//1 4624//1 4863//1
f 4863//1 4625//1 4864//1
f 4864//1 4626//1 4865//1
f 4865//1 4627//1 4866//1
f 4866//1 4628//1 4867//1
f 4867//1 4629//1 4868//1
f 4868//1 4630//1 4869//1
f 4869//1 4631//1 4870//1
f 4870//1 4632//1 4871//1
f 4871//1 4633//1 4872//1
f 4872//1 4634//1 4873//1
f 4873//1 4635//1 4874//1
f 4874//1 4636//1 4875//1
f 4875//1 4637//1 4876//1
f 4876//1 4638//1 4877//1
f 4877//1 4639//1 4878//1
f 4878//1 4640//1 4879//1
f 4879//1 4641//1 4880//1
f 4880//1 4642//1 4881//1
f 4881//1 4643//1 4882//1
f 4882//1 4643//1 4883//1
f 4883//1 4644//1 4884//1
f 4884//1 4645//1 4885//1
f 4885//1 4646//1 4886//1
f 4886//1 4647//1 4887//1
f 4887//1 4648//1 4888//1
f 4888//1 4649//1 4889//1
f 4889//1 4650//1 4890//1
f 4890//1 4651//1 4891//1
f 4891//1 4652//1 4892//1
f 4892//1 4653//1 4893//1
f 4893//1 4654//1 4894//1
f 4894//1 4655//1 4895//1
f 4895//1 4656//1 4896//1
f 4896//1 4657//1 4897//1
f 4897//1 4658//1 4898//1
f 4898//1 4659//1 4899//1
f 4899//1 4660//1 4900//1
f 4900//1 4661//1 4901//1
f 4901//1 4662//1 4902//1
f 4902//1 4663//1 4903//1
f 4903//1 4664//1 4904//1
f 4904//1 4665//1 4905//1
f 4905//1 4666//1 4906//1
f 4906//1 4667//1 4907//1
f 4907//1 4668//1 4908//1
f 4908//1 4669//1 4909//1
f 4909//1 4670//1 4910//1
f 4910//1 4671//1 4911//1
f 4911//1 4672//1 4912//1
f 4912//1 4673//1 4913//1
f 4913//1 4674//1 4914//1
f 4914//1 4675//1 4915//1
f 4915//1 4676//1 4916//1
f 4916//1 4677//1 4917//1
f 4917//1 4678//1 4918//1
f 4918//1 4679//1 4919//1
f 4919//1 4680//1 4920//1
f 4920//1 4681//1 4921//1
f 4921//1 4448//1 4682//1
f 3//1 9//1 2//1
f 4//1 11//1 3//1
f 5//1 13//1 4//1
f 6//1 15//1 5//1
f 7//1 17//1 6//1
f 2//1 19//1 7//1
f 9//1 21//1 8//1
f 10//1 22//1 9//1
f 11//1 24//1 10//1
f 12//1 25//1 11//1
f 13//1 27//1 12//1
f 14//1 28//1 13//1
f 15//1 30//1 14//1
f 16//1 31//1 15//1
f 17//2 33//2 16//2
f 18//2 34//2 17//2
f 19//1 36//1 18//1
f 8//1 37//1 19//1
f 21//1 39//1 20//1
f 22//1 40//1 21//1
f 23//5 41//5 22//5
f 24//4 43//4 23//4
f 25//4 44//4 24//4
f 26//4 45//4 25//4
f 27//1 47//1 26//1
f 28//1 48//1 27//1
f 29//1 49//1 28//1
f 30//1 51//1 29//1
f 31//1 52//1 30//1
f 32//2 53//2 31//2
f 33//1 55//1 32//1
f 34//1 56//1 33//1
f 35//3 57//3 34//3
f 36//1 59//1 35//1
f 37//1 60//1 36//1
f 20//1 61//1 37//1
f 39//1 63//1 38//1
f 40//1 64//1 39//1
f 41//4 65//4 40//4
f 42//1 66//1 41//1
f 43//1 68//1 42//1
f 44//1 69//1 43//1
f 45//1 70//1 44//1
f 46//1 71//1 45//1
f 47//4 73//4 46//4
f 48//1 74//1 47//1
f 49//1 75//1 48//1
f 50//1 76//1 49//1
f 51//1 78//1 50//1
f 52//1 79//1 51//1
f 53//2 80//2 52//2
f 54//1 81//1 53//1
f 55//1 83//1 54//1
f 56//1 84//1 55//1
f 57//1 85//1 56//1
f 58//1 86//1 57//1
f 59//3 88//3 58//3
f 60//1 89//1 59//1
f 61//1 90//1 60//1
f 38//1 91//1 61//1
f 63//1 93//1 62//1
f 64//1 94//1 63//1
f 65//4 95//4 64//4
f 66//1 96//1 65//1
f 67//1 97//1 66//1
f 68//1 99//1 67//1
f 69//1 100//1 68//1
f 70//1 101//1 69//1
f 71//1 102//1 70//1
f 72//1 103//1 71//1
f 73//1 105//1 72//1
f 74//4 106//4 73//4
f 75//1 107//1 74//1
f 76//1 108//1 75//1
f 77//1 109//1 76//1
f 78//1 111//1 77//1
f 79//1 112//1 78//1
f 80//6 113//6 79//6
f 81//1 114//1 80//1
f 82//1 115//1 81//1
f 83//1 117//1 82//1
f 84//1 118//1 83//1
f 85//1 119//1 84//1
f 86//1 120//1 85//1
f 87//1 121//1 86//1
f 88//2 123//2 87//2
f 89//1 124//1 88//1
f 90//1 125//1 89//1
f 91//1 126//1 90//1
f 62//1 127//1 91//1
f 93//5 129//5 92//5
f 94//5 130//5 93//5
f 95//4 131//4 94//4
f 96//1 132//1 95//1
f 97//1 133//1 96//1
f 98//1 134//1 97//1
f 99//1 136//1 98//1
f 100//1 137//1 99//1
f 101//1 138//1 100//1
f 102//1 139//1 101//1
f 103//1 140//1 102//1
f 104//1 141//1 103//1
f 105//1 143//1 104//1
f 106//1 144//1 105//1
f 107//4 145//4 106//4
f 108//1 146//1 107//1
f 109//1 147//1 108//1
f 110//1 148//1 109//1
f 111//1 150//1 110//1
f 112//1 151//1 111//1
f 113//1 152//1 112//1
f 114//2 153//2 113//2
f 115//9 154//8 114//28
f 116//94 155//10 115//9
f 117//1 157//1 116//1
f 118//1 158//1 117//1
f 119//1 159//1 118//1
f 120//1 160//1 119//1
f 121//1 161//1 120//1
f 122//1 162//1 121//1
f 123//1 164//1 122//1
f 124//2 165//2 123//2
f 125//1 166//1 124//1
f 126//1 167//1 125//1
f 127//1 168//1 126//1
f 92//1 169//1 127//1
f 129//12 171//12 128//12
f 130//1 172//1 129//1
f 131//1 173//1 130//1
f 132//1 174//1 131//1
f 133//1 175//1 132//1
f 134//1 176//1 133//1
f 135//1 177//1 134//1
f 136//1 179//1 135//1
f 137//17 180//16 136//17
f 138//17 181//18 137//17
f 139//1 182//1 138//1
f 140//1 183//1 139//1
f 141//1 184//1 140//1
f 142//1 185//1 141//1
f 143//1 187//1 142//1
f 144//1 188//1 143//1
f 145//1 189//1 144//1
f 146//4 190//4 145//4
f 147//12 191//12 146//12
f 148//1 192//1 147//1
f 149//1 193//1 148//1
f 150//1 195//1 149//1
f 151//1 196//1 150//1
f 152//1 197//1 151//1
f 153//6 198//6 152//6
f 154//22 199//21 153//21
f 155//24 200//23 154//22
f 156//11 201//11 155//11
f 157//1 203//1 156//1
f 158//1 204//1 157//1
f 159//1 205//1 158//1
f 160//1 206//1 159//1
f 161//1 207//1 160//1
f 162//1 208//1 161//1
f 163//1 209//1 162//1
f 164//1 211//1 163//1
f 165//1 212//1 164//1
f 166//3 213//3 165//3
f 167//1 214//1 166//1
f 168//1 215//1 167//1
f 169//1 216//1 168//1
f 128//1 217//1 169//1
f 171//1 219//1 170//1
f 172//4 220//4 171//4
f 173//1 221//1 172//1
f 174//1 222//1 173//1
f 175//1 223//1 174//1
f 176//1 224//1 175//1
f 177//1 225//1 176//1
f 178//1 226//1 177//1
f 179//29 228//29 178//29
f 180//15 229//155 179//13
f 181//18 230//30 180//16
f 182//20 231//32 181//19
f 183//1 232//1 182//1
f 184//1 233//1 183//1
f 185//1 234//1 184//1
f 186//1 235//1 185//1
f 187//1 237//1 186//1
f 188//1 238//1 187//1
f 189//1 239//1 188//1
f 190//1 240//1 189//1
f 191//1 241//1 190//1
f 192//4 242//4 191//4
f 193//1 243//1 192//1
f 194//1 244//1 193//1
f 195//1 246//1 194//1
f 196//1 247//1 195//1
f 197//1 248//1 196//1
f 198//1 249//1 197//1
f 199//2 250//34 198//2
f 200//36 251//35 199//7
f 201//37 252//37 200//36
f 202//51 253//51 201//51
f 203//28 255//39 202//27
f 204//1 256//1 203//1
f 205//1 257//1 204//1
f 206//1 258//1 205//1
f 207//1 259//1 206//1
f 208//1 260//1 207//1
f 209//1 261//1 208//1
f 210//1 262//1 209//1
f 211//1 264//1 210//1
f 212//1 265//1 211//1
f 213//2 266//2 212//2
f 214//1 267//1 213//1
f 215//1 268//1 214//1
f 216//1 269//1 215//1
f 217//1 270//1 216//1
f 170//1 271//1 217//1
f 219//1 273//1 218//1
f 220//12 274//12 219//12
f 221//1 275//1 220//1
f 222//1 276//1 221//1
f 223//1 277//1 222//1
f 224//1 278//1 223//1
f 225//20 279//19 224//20
f 226//41 280//40 225//20
f 227//29 281//29 226//29
f 228//1 283//1 227//1
f 229//1 284//1 228//1
f 230//1 285//1 229//1
f 231//32 286//31 230//31
f 232//20 287//32 231//32
f 233//1 288//1 232//1
f 234//1 289//1 233//1
f 235//1 290//1 234//1
f 236//1 291//1 235//1
f 237//1 293//1 236//1
f 238//1 294//1 237//1
f 239//1 295//1 238//1
f 240//1 296//1 239//1
f 241//1 297//1 240//1
f 242//1 298//1 241//1
f 243//4 299//4 242//4
f 244//12 300//12 243//12
f 245//1 301//1 244//1
f 246//1 303//1 245//1
f 247//1 304//1 246//1
f 248//1 305//1 247//1
f 249//1 306//1 248//1
f 250//34 307//44 249//33
f 251//35 308//36 250//7
f 252//37 309//37 251//35
f 253//1 310//1 252//1
f 254//1 311//1 253//1
f 255//47 313//47 254//51
f 256//14 314//14 255//47
f 257//1 315//1 256//1
f 258//1 316//1 257//1
f 259//1 317//1 258//1
f 260//1 318//1 259//1
f 261//1 319//1 260//1
f 262//1 320//1 261//1
f 263//1 321//1 262//1
f 264//1 323//1 263//1
f 265//1 324//1 264//1
f 266//1 325//1 265//1
f 267//2 326//2 266//2
f 268//1 327//1 267//1
f 269//1 328//1 268//1
f 270//1 329//1 269//1
f 271//1 330//1 270//1
f 218//1 331//1 271//1
f 273//1 333//1 272//1
f 274//1 334//1 273//1
f 275//12 335//12 274//12
f 276//1 336//1 275//1
f 277//1 337//1 276//1
f 278//20 338//19 277//20
f 279//18 339//46 278//17
f 280//40 340//31 279//19
f 281//30 341//30 280//30
f 282//1 342//1 281//1
f 283//1 344//1 282//1
f 284//1 345//1 283//1
f 285//1 346//1 284//1
f 286//1 347//1 285//1
f 287//32 348//31 286//31
f 288//20 349//32 287//32
f 289//1 350//1 288//1
f 290//1 351//1 289//1
f 291//1 352//1 290//1
f 292//1 353//1 291//1
f 293//1 355//1 292//1
f 294//1 356//1 293//1
f 295//1 357//1 294//1
f 296//1 358//1 295//1
f 297//1 359//1 296//1
f 298//1 360//1 297//1
f 299//1 361//1 298//1
f 300//1 362//1 299//1
f 301//4 363//4 300//4
f 302//12 364//12 301//12
f 303//1 366//1 302//1
f 304//1 367//1 303//1
f 305//1 368//1 304//1
f 306//1 369//1 305//1
f 307//44 370//50 306//43
f 308//45 371//38 307//45
f 309//37 372//37 308//36
f 310//1 373//1 309//1
f 311//1 374//1 310//1
f 312//52 375//51 311//51
f 313//18 377//17 312//46
f 314//14 378//14 313//47
f 315//1 379//1 314//1
f 316//1 380//1 315//1
f 317//1 381//1 316//1
f 318//1 382//1 317//1
f 319//1 383//1 318//1
f 320//1 384//1 319//1
f 321//1 385//1 320//1
f 322//1 386//1 321//1
f 323//1 388//1 322//1
f 324//1 389//1 323//1
f 325//1 390//1 324//1
f 326//1 391//1 325//1
f 327//2 392//2 326//2
f 328//1 393//1 327//1
f 329//1 394//1 328//1
f 330//1 395//1 329//1
f 331//1 396//1 330//1
f 272//1 397//1 331//1
f 333//1 399//1 332//1
f 334//1 400//1 333//1
f 335//1 401//1 334//1
f 336//12 402//12 335//12
f 337//1 403//1 336//1
f 338//18 404//54 337//17
f 339//48 405//31 338//19
f 340//30 406//30 339//46
f 341//1 407//1 340//1
f 342//1 408//1 341//1
f 343//1 409//1 342//1
f 344//1 411//1 343//1
f 345//1 412//1 344//1
f 346//1 413//1 345//1
f 347//1 414//1 346//1
f 348//1 415//1 347//1
f 349//32 416//31 348//31
f 350//20 417//32 349//32
f 351//1 418//1 350//1
f 352//1 419//1 351//1
f 353//1 420//1 352//1
f 354//1 421//1 353//1
f 355//1 423//1 354//1
f 356//1 424//1 355//1
f 357//1 425//1 356//1
f 358//1 426//1 357//1
f 359//1 427//1 358//1
f 360//1 428//1 359//1
f 361//1 429//1 360//1
f 362//1 430//1 361//1
f 363//1 431//1 362//1
f 364//1 432//1 363//1
f 365//4 433//4 364//4
f 366//1 435//1 365//1
f 367//1 436//1 366//1
f 368//1 437//1 367//1
f 369//1 438//1 368//1
f 370//59 439//59 369//59
f 371//1 440//1 370//1
f 372//1 441//1 371//1
f 373//1 442//1 372//1
f 374//1 443//1 373//1
f 375//1 444//1 374//1
f 376//53 445//51 375//51
f 377//14 447//14 376//53
f 378//1 448//1 377//1
f 379//1 449//1 378//1
f 380//1 450//1 379//1
f 381//1 451//1 380//1
f 382//1 452//1 381//1
f 383//1 453//1 382//1
f 384//1 454//1 383//1
f 385//1 455//1 384//1
f 386//1 456//1 385//1
f 387//1 457//1 386//1
f 388//1 459//1 387//1
f 389//1 460//1 388//1
f 390//1 461//1 389//1
f 391//1 462//1 390//1
f 392//1 463//1 391//1
f 393//2 464//2 392//2
f 394//1 465//1 393//1
f 395//1 466//1 394//1
f 396//1 467//1 395//1
f 397//1 468//1 396//1
f 332//1 469//1 397//1
f 399//1 471//1 398//1
f 400//1 472//1 399//1
f 401//1 473//1 400//1
f 402//1 474//1 401//1
f 403//4 475//4 402//4
f 404//54 476//54 403//17
f 405//30 477//30 404//54
f 406//1 478//1 405//1
f 407//1 479//1 406//1
f 408//1 480//1 407//1
f 409//1 481//1 408//1
f 410//1 482//1 409//1
f 411//1 484//1 410//1
f 412//1 485//1 411//1
f 413//1 486//1 412//1
f 414//1 487//1 413//1
f 415//1 488//1 414//1
f 416//1 489//1 415//1
f 417//32 490//31 416//31
f 418//20 491//60 417//32
f 419//17 492//61 418//17
f 420//17 493//54 419//17
f 421//17 494//18 420//17
f 422//1 495//1 421//1
f 423//1 497//1 422//1
f 424//1 498//1 423//1
f 425//1 499//1 424//1
f 426//1 500//1 425//1
f 427//1 501//1 426//1
f 428//1 502//1 427//1
f 429//1 503//1 428//1
f 430//1 504//1 429//1
f 431//1 505//1 430//1
f 432//1 506//1 431//1
f 433//1 507//1 432//1
f 434//62 508//39 433//28
f 435//156 510//65 434//64
f 436//1 511//1 435//1
f 437//1 512//1 436//1
f 438//1 513//1 437//1
f 439//1 514//1 438//1
f 440//59 515//59 439//59
f 441//1 516//1 440//1
f 442//1 517//1 441//1
f 443//1 518//1 442//1
f 444//1 519//1 443//1
f 445//1 520//1 444//1
f 446//52 521//51 445//51
f 447//28 523//39 446//45
f 448//1 524//1 447//1
f 449//1 525//1 448//1
f 450//1 526//1 449//1
f 451//1 527//1 450//1
f 452//1 528//1 451//1
f 453//1 529//1 452//1
f 454//1 530//1 453//1
f 455//1 531//1 454//1
f 456//1 532//1 455//1
f 457//1 533//1 456//1
f 458//1 534//1 457//1
f 459//1 536//1 458//1
f 460//1 537//1 459//1
f 461//1 538//1 460//1
f 462//1 539//1 461//1
f 463//1 540//1 462//1
f 464//1 541//1 463//1
f 465//2 542//2 464//2
f 466//6 543//6 465//6
f 467//6 544//6 466//6
f 468//1 545//1 467//1
f 469//1 546//1 468//1
f 398//1 547//1 469//1
f 471//1 549//1 470//1
f 472//1 550//1 471//1
f 473//1 551//1 472//1
f 474//1 552//1 473//1
f 475//67 553//66 474//12
f 476//54 554//46 475//17
f 477//30 555//30 476//54
f 478//1 556//1 477//1
f 479//1 557//1 478//1
f 480//1 558//1 479//1
f 481//1 559//1 480//1
f 482//1 560//1 481//1
f 483//20 561//19 482//20
f 484//1 563//1 483//1
f 485//1 564//1 484//1
f 486//1 565//1 485//1
f 487//1 566//1 486//1
f 488//1 567//1 487//1
f 489//1 568//1 488//1
f 490//1 569//1 489//1
f 491//60 570//31 490//31
f 492//1 571//1 491//1
f 493//54 572//30 492//61
f 494//18 573//30 493//54
f 495//20 574//48 494//19
f 496//17 575//54 495//17
f 497//1 577//1 496//1
f 498//1 578//1 497//1
f 499//1 579//1 498//1
f 500//1 580//1 499//1
f 501//1 581//1 500//1
f 502//1 582//1 501//1
f 503//1 583//1 502//1
f 504//1 584//1 503//1
f 505//1 585//1 504//1
f 506//1 586//1 505//1
f 507//1 587//1 506//1
f 508//69 588//7 507//7
f 509//37 589//36 508//69
f 510//65 591//70 509//63
f 511//1 592//1 510//1
f 512//1 593//1 511//1
f 513//1 594//1 512//1
f 514//1 595//1 513//1
f 515//1 596//1 514//1
f 516//49 597//49 515//49
f 517//1 598//1 516//1
f 518//1 599//1 517//1
f 519//1 600//1 518//1
f 520//1 601//1 519//1
f 521//1 602//1 520//1
f 522//1 603//1 521//1
f 523//47 605//47 522//51
f 524//14 606//14 523//47
f 525//1 607//1 524//1
f 526//1 608//1 525//1
f 527//1 609//1 526//1
f 528//1 610//1 527//1
f 529//1 611//1 528//1
f 530//1 612//1 529//1
f 531//1 613//1 530//1
f 532//1 614//1 531//1
f 533//1 615//1 532//1
f 534//1 616//1 533//1
f 535//1 617//1 534//1
f 536//1 619//1 535//1
f 537//1 620//1 536//1
f 538//1 621//1 537//1
f 539//1 622//1 538//1
f 540//1 623//1 539//1
f 541//1 624//1 540//1
f 542//1 625//1 541//1
f 543//1 626//1 542//1
f 544//1 627//1 543//1
f 545//2 628//2 544//2
f 546//6 629//6 545//6
f 547//6 630//6 546//6
f 470//1 631//1 547//1
f 549//1 633//1 548//1
f 550//1 634//1 549//1
f 551//1 635//1 550//1
f 552//1 636//1 551//1
f 553//1 637//1 552//1
f 554//68 638//73 553//66
f 555//30 639//30 554//46
f 556//1 640//1 555//1
f 557//1 641//1 556//1
f 558//1 642//1 557//1
f 559//1 643//1 558//1
f 560//1 644//1 559//1
f 561//18 645//76 560//17
f 562//19 646//31 561//19
f 563//21 648//21 562//22
f 564//1 649//1 563//1
f 565//1 650//1 564//1
f 566//1 651//1 565//1
f 567//1 652//1 566//1
f 568//1 653//1 567//1
f 569//1 654//1 568//1
f 570//1 655//1 569//1
f 571//31 656//31 570//31
f 572//51 657//51 571//51
f 573//1 658//1 572//1
f 574//48 659//31 573//31
f 575//54 660//30 574//46
f 576//18 661//30 575//54
f 577//20 663//20 576//19
f 578//1 664//1 577//1
f 579//1 665//1 578//1
f 580//1 666//1 579//1
f 581//1 667//1 580//1
f 582//1 668//1 581//1
f 583//1 669//1 582//1
f 584//1 670//1 583//1
f 585//1 671//1 584//1
f 586//1 672//1 585//1
f 587//1 673//1 586//1
f 588//1 674//1 587//1
f 589//45 675//77 588//28
f 590//38 676//38 589//45
f 591//78 678//78 590//78
f 592//1 679//1 591//1
f 593//1 680//1 592//1
f 594//1 681//1 593//1
f 595//1 682//1 594//1
f 596//1 683//1 595//1
f 597//49 684//49 596//49
f 598//1 685//1 597//1
f 599//1 686//1 598//1
f 600//1 687//1 599//1
f 601//1 688//1 600//1
f 602//1 689//1 601//1
f 603//1 690//1 602//1
f 604//52 691//51 603//51
f 605//18 693//17 604//46
f 606//14 694//14 605//47
f 607//1 695//1 606//1
f 608//1 696//1 607//1
f 609//1 697//1 608//1
f 610//1 698//1 609//1
f 611//1 699//1 610//1
f 612//1 700//1 611//1
f 613//1 701//1 612//1
f 614//1 702//1 613//1
f 615//1 703//1 614//1
f 616//1 704//1 615//1
f 617//1 705//1 616//1
f 618//1 706//1 617//1
f 619//1 708//1 618//1
f 620//1 709//1 619//1
f 621//1 710//1 620//1
f 622//1 711//1 621//1
f 623//1 712//1 622//1
f 624//1 713//1 623//1
f 625//1 714//1 624//1
f 626//1 715//1 625//1
f 627//1 716//1 626//1
f 628//1 717//1 627//1
f 629//1 718//1 628//1
f 630//1 719//1 629//1
f 631//2 720//2 630//2
f 548//6 721//6 631//6
f 633//72 723//80 632//71
f 634//1 724//1 633//1
f 635//1 725//1 634//1
f 636//1 726//1 635//1
f 637//1 727//1 636//1
f 638//1 728//1 637//1
f 639//70 729//70 638//70
f 640//1 730//1 639//1
f 641//1 731//1 640//1
f 642//1 732//1 641//1
f 643//1 733//1 642//1
f 644//1 734//1 643//1
f 645//76 735//83 644//75
f 646//30 736//30 645//76
f 647//23 737//24 646//24
f 648//20 739//19 647//48
f 649//1 740//1 648//1
f 650//1 741//1 649//1
f 651//1 742//1 650//1
f 652//1 743//1 651//1
f 653//1 744//1 652//1
f 654//1 745//1 653//1
f 655//1 746//1 654//1
f 656//1 747//1 655//1
f 657//1 748//1 656//1
f 658//1 749//1 657//1
f 659//1 750//1 658//1
f 660//1 751//1 659//1
f 661//1 752//1 660//1
f 662//48 753//31 661//31
f 663//17 755//54 662//46
f 664//1 756//1 663//1
f 665//1 757//1 664//1
f 666//1 758//1 665//1
f 667//1 759//1 666//1
f 668//1 760//1 667//1
f 669//1 761//1 668//1
f 670//1 762//1 669//1
f 671//1 763//1 670//1
f 672//1 764//1 671//1
f 673//1 765//1 672//1
f 674//1 766//1 673//1
f 675//77 767//77 674//28
f 676//37 768//37 675//37
f 677//1 769//1 676//1
f 678//1 771//1 677//1
f 679//78 772//78 678//78
f 680//1 773//1 679//1
f 681//1 774//1 680//1
f 682//1 775//1 681//1
f 683//1 776//1 682//1
f 684//59 777//59 683//59
f 685//1 778//1 684//1
f 686//1 779//1 685//1
f 687//1 780//1 686//1
f 688//1 781//1 687//1
f 689//1 782//1 688//1
f 690//1 783//1 689//1
f 691//1 784//1 690//1
f 692//52 785//51 691//51
f 693//28 787//77 692//45
f 694//1 788//1 693//1
f 695//1 789//1 694//1
f 696//1 790//1 695//1
f 697//1 791//1 696//1
f 698//1 792//1 697//1
f 699//1 793//1 698//1
f 700//1 794//1 699//1
f 701//1 795//1 700//1
f 702//1 796//1 701//1
f 703//1 797//1 702//1
f 704//1 798//1 703//1
f 705//1 799//1 704//1
f 706//1 800//1 705//1
f 707//1 801//1 706//1
f 708//1 803//1 707//1
f 709//1 804//1 708//1
f 710//1 805//1 709//1
f 711//1 806//1 710//1
f 712//1 807//1 711//1
f 713//1 808//1 712//1
f 714//1 809//1 713//1
f 715//1 810//1 714//1
f 716//1 811//1 715//1
f 717//1 812//1 716//1
f 718//1 813//1 717//1
f 719//1 814//1 718//1
f 720//1 815//1 719//1
f 721//1 816//1 720//1
f 632//21 817//22 721//21
f 723//79 819//31 722//48
f 724//157 820//86 723//85
f 725//1 821//1 724//1
f 726//1 822//1 725//1
f 727//1 823//1 726//1
f 728//1 824//1 727//1
f 729//78 825//78 728//78
f 730//1 826//1 729//1
f 731//1 827//1 730//1
f 732//1 828//1 731//1
f 733//1 829//1 732//1
f 734//1 830//1 733//1
f 735//83 831//87 734//82
f 736//1 832//1 735//1
f 737//1 833//1 736//1
f 738//1 834//1 737//1
f 739//22 836//23 738//24
f 740//21 837//21 739//22
f 741//1 838//1 740//1
f 742//1 839//1 741//1
f 743//1 840//1 742//1
f 744//1 841//1 743//1
f 745//1 842//1 744//1
f 746//1 843//1 745//1
f 747//1 844//1 746//1
f 748//1 845//1 747//1
f 749//1 846//1 748//1
f 750//1 847//1 749//1
f 751//1 848//1 750//1
f 752//1 849//1 751//1
f 753//1 850//1 752//1
f 754//1 851//1 753//1
f 755//54 853//30 754//30
f 756//17 854//46 755//54
f 757//14 855//53 756//14
f 758//14 856//53 757//14
f 759//14 857//53 758//14
f 760//14 858//53 759//14
f 761//14 859//53 760//14
f 762//14 860//53 761//14
f 763//14 861//53 762//14
f 764//14 862//53 763//14
f 765//14 863//47 764//14
f 766//1 864//1 765//1
f 767//77 865//88 766//28
f 768//51 866//51 767//51
f 769//38 867//38 768//38
f 770//1 868//1 769//1
f 771//1 870//1 770//1
f 772//1 871//1 771//1
f 773//70 872//70 772//70
f 774//1 873//1 773//1
f 775//1 874//1 774//1
f 776//1 875//1 775//1
f 777//1 876//1 776//1
f 778//59 877//59 777//59
f 779//1 878//1 778//1
f 780//1 879//1 779//1
f 781//1 880//1 780//1
f 782//1 881//1 781//1
f 783//1 882//1 782//1
f 784//1 883//1 783//1
f 785//1 884//1 784//1
f 786//1 885//1 785//1
f 787//51 887//51 786//51
f 788//28 888//77 787//77
f 789//1 889//1 788//1
f 790//1 890//1 789//1
f 791//1 891//1 790//1
f 792//1 892//1 791//1
f 793//1 893//1 792//1
f 794//1 894//1 793//1
f 795//1 895//1 794//1
f 796//1 896//1 795//1
f 797//1 897//1 796//1
f 798//1 898//1 797//1
f 799//1 899//1 798//1
f 800//1 900//1 799//1
f 801//1 901//1 800//1
f 802//1 902//1 801//1
f 803//1 904//1 802//1
f 804//1 905//1 803//1
f 805//1 906//1 804//1
f 806//1 907//1 805//1
f 807//21 908//21 806//21
f 808//1 909//1 807//1
f 809//1 910//1 808//1
f 810//1 911//1 809//1
f 811//1 912//1 810//1
f 812//1 913//1 811//1
f 813//1 914//1 812//1
f 814//1 915//1 813//1
f 815//1 916//1 814//1
f 816//21 917//22 815//21
f 817//19 918//48 816//20
f 722//23 919//24 817//22
f 819//1 921//1 818//1
f 820//59 922//59 819//59
f 821//1 923//1 820//1
f 822//1 924//1 821//1
f 823//1 925//1 822//1
f 824//1 926//1 823//1
f 825//1 927//1 824//1
f 826//78 928//78 825//78
f 827//1 929//1 826//1
f 828//1 930//1 827//1
f 829//1 931//1 828//1
f 830//20 932//19 829//20
f 831//87 933//46 830//17
f 832//30 934//30 831//87
f 833//1 935//1 832//1
f 834//1 936//1 833//1
f 835//1 937//1 834//1
f 836//48 939//31 835//31
f 837//20 940//79 836//48
f 838//17 941//54 837//17
f 839//17 942//54 838//17
f 840//17 943//54 839//17
f 841//17 944//54 840//17
f 842//17 945//18 841//17
f 843//1 946//1 842//1
f 844//1 947//1 843//1
f 845//1 948//1 844//1
f 846//1 949//1 845//1
f 847//1 950//1 846//1
f 848//1 951//1 847//1
f 849//1 952//1 848//1
f 850//1 953//1 849//1
f 851//1 954//1 850//1
f 852//1 955//1 851//1
f 853//1 957//1 852//1
f 854//46 958//30 853//30
f 855//53 959//51 854//52
f 856//53 960//51 855//53
f 857//53 961//51 856//53
f 858//53 962//51 857//53
f 859//53 963//51 858//53
f 860//53 964//51 859//53
f 861//53 965//51 860//53
f 862//53 966//51 861//53
f 863//47 967//51 862//53
f 864//17 968//46 863//18
f 865//88 969//45 864//28
f 866//38 970//38 865//88
f 867//1 971//1 866//1
f 868//1 972//1 867//1
f 869//1 973//1 868//1
f 870//1 975//1 869//1
f 871//1 976//1 870//1
f 872//70 977//70 871//70
f 873//1 978//1 872//1
f 874//1 979//1 873//1
f 875//1 980//1 874//1
f 876//1 981//1 875//1
f 877//1 982//1 876//1
f 878//49 983//49 877//49
f 879//28 984//39 878//28
f 880//9 985//92 879//28
f 881//94 986//93 880//9
f 882//94 987//94 881//94
f 883//94 988//94 882//94
f 884//1 989//1 883//1
f 885//1 990//1 884//1
f 886//1 991//1 885//1
f 887//38 993//38 886//38
f 888//37 994//37 887//37
f 889//28 995//88 888//77
f 890//1 996//1 889//1
f 891//1 997//1 890//1
f 892//1 998//1 891//1
f 893//1 999//1 892//1
f 894//1 1000//1 893//1
f 895//1 1001//1 894//1
f 896//1 1002//1 895//1
f 897//1 1003//1 896//1
f 898//1 1004//1 897//1
f 899//1 1005//1 898//1
f 900//1 1006//1 899//1
f 901//1 1007//1 900//1
f 902//1 1008//1 901//1
f 903//1 1009//1 902//1
f 904//1 1011//1 903//1
f 905//1 1012//1 904//1
f 906//96 1013//96 905//96
f 907//96 1014//96 906//96
f 908//90 1015//158 907//89
f 909//7 1016//36 908//69
f 910//21 1017//22 909//21
f 911//1 1018//1 910//1
f 912//1 1019//1 911//1
f 913//1 1020//1 912//1
f 914//1 1021//1 913//1
f 915//1 1022//1 914//1
f 916//1 1023//1 915//1
f 917//19 1024//32 916//20
f 918//23 1025//24 917//22
f 919//31 1026//31 918//48
f 818//1 1027//1 919//1
f 921//1 1029//1 920//1
f 922//1 1030//1 921//1
f 923//59 1031//59 922//59
f 924//1 1032//1 923//1
f 925//1 1033//1 924//1
f 926//1 1034//1 925//1
f 927//1 1035//1 926//1
f 928//1 1036//1 927//1
f 929//159 1037//99 928//98
f 930//20 1038//32 929//20
f 931//20 1039//32 930//20
f 932//18 1040//46 931//17
f 933//48 1041//31 932//19
f 934//30 1042//30 933//46
f 935//1 1043//1 934//1
f 936//1 1044//1 935//1
f 937//1 1045//1 936//1
f 938//1 1046//1 937//1
f 939//1 1048//1 938//1
f 940//24 1049//24 939//24
f 941//54 1050//30 940//91
f 942//54 1051//30 941//54
f 943//54 1052//30 942//54
f 944//54 1053//30 943//54
f 945//18 1054//30 944//54
f 946//20 1055//32 945//19
f 947//1 1056//1 946//1
f 948//1 1057//1 947//1
f 949//1 1058//1 948//1
f 950//1 1059//1 949//1
f 951//1 1060//1 950//1
f 952//1 1061//1 951//1
f 953//1 1062//1 952//1
f 954//1 1063//1 953//1
f 955//1 1064//1 954//1
f 956//1 1065//1 955//1
f 957//1 1067//1 956//1
f 958//1 1068//1 957//1
f 959//1 1069//1 958//1
f 960//1 1070//1 959//1
f 961//1 1071//1 960//1
f 962//1 1072//1 961//1
f 963//1 1073//1 962//1
f 964//1 1074//1 963//1
f 965//1 1075//1 964//1
f 966//1 1076//1 965//1
f 967//1 1077//1 966//1
f 968//46 1078//30 967//30
f 969//52 1079//51 968//52
f 970//38 1080//38 969//45
f 971//1 1081//1 970//1
f 972//1 1082//1 971//1
f 973//1 1083//1 972//1
f 974//1 1084//1 973//1
f 975//1 1086//1 974//1
f 976//1 1087//1 975//1
f 977//78 1088//100 976//78
f 978//1 1089//1 977//1
f 979//1 1090//1 978//1
f 980//1 1091//1 979//1
f 981//1 1092//1 980//1
f 982//1 1093//1 981//1
f 983//103 1094//102 982//59
f 984//69 1095//105 983//7
f 985//92 1096//38 984//39
f 986//37 1097//37 985//37
f 987//1 1098//1 986//1
f 988//1 1099//1 987//1
f 989//11 1100//11 988//11
f 990//28 1101//106 989//26
f 991//1 1102//1 990//1
f 992//1 1103//1 991//1
f 993//1 1105//1 992//1
f 994//1 1106//1 993//1
f 995//88 1107//38 994//38
f 996//28 1108//39 995//88
f 997//1 1109//1 996//1
f 998//1 1110//1 997//1
f 999//1 1111//1 998//1
f 1000//1 1112//1 999//1
f 1001//1 1113//1 1000//1
f 1002//1 1114//1 1001//1
f 1003//1 1115//1 1002//1
f 1004//1 1116//1 1003//1
f 1005//1 1117//1 1004//1
f 1006//1 1118//1 1005//1
f 1007//1 1119//1 1006//1
f 1008//1 1120//1 1007//1
f 1009//1 1121//1 1008//1
f 1010//1 1122//1 1009//1
f 1011//1 1124//1 1010//1
f 1012//1 1125//1 1011//1
f 1013//95 1126//95 1012//95
f 1014//1 1127//1 1013//1
f 1015//1 1128//1 1014//1
f 1016//36 1129//37 1015//37
f 1017//22 1130//24 1016//23
f 1018//7 1131//36 1017//69
f 1019//21 1132//22 1018//21
f 1020//1 1133//1 1019//1
f 1021//1 1134//1 1020//1
f 1022//1 1135//1 1021//1
f 1023//1 1136//1 1022//1
f 1024//32 1137//19 1023//20
f 1025//31 1138//31 1024//32
f 1026//1 1139//1 1025//1
f 1027//1 1140//1 1026//1
f 920//1 1141//1 1027//1
f 1029//20 1143//19 1028//20
f 1030//1 1144//1 1029//1
f 1031//1 1145//1 1030//1
f 1032//49 1146//49 1031//49
f 1033//1 1147//1 1032//1
f 1034//1 1148//1 1033//1
f 1035//1 1149//1 1034//1
f 1036//1 1150//1 1035//1
f 1037//108 1151//107 1036//160
f 1038//32 1152//31 1037//79
f 1039//32 1153//31 1038//32
f 1040//48 1154//31 1039//32
f 1041//30 1155//30 1040//46
f 1042//1 1156//1 1041//1
f 1043//1 1157//1 1042//1
f 1044//1 1158//1 1043//1
f 1045//1 1159//1 1044//1
f 1046//1 1160//1 1045//1
f 1047//1 1161//1 1046//1
f 1048//1 1163//1 1047//1
f 1049//31 1164//31 1048//31
f 1050//51 1165//51 1049//51
f 1051//1 1166//1 1050//1
f 1052//1 1167//1 1051//1
f 1053//1 1168//1 1052//1
f 1054//1 1169//1 1053//1
f 1055//32 1170//31 1054//31
f 1056//20 1171//32 1055//32
f 1057//1 1172//1 1056//1
f 1058//1 1173//1 1057//1
f 1059//1 1174//1 1058//1
f 1060//1 1175//1 1059//1
f 1061//1 1176//1 1060//1
f 1062//17 1177//18 1061//17
f 1063//17 1178//18 1062//17
f 1064//1 1179//1 1063//1
f 1065//1 1180//1 1064//1
f 1066//1 1181//1 1065//1
f 1067//14 1183//47 1066//14
f 1068//1 1184//1 1067//1
f 1069//1 1185//1 1068//1
f 1070//1 1186//1 1069//1
f 1071//1 1187//1 1070//1
f 1072//1 1188//1 1071//1
f 1073//1 1189//1 1072//1
f 1074//1 1190//1 1073//1
f 1075//1 1191//1 1074//1
f 1076//1 1192//1 1075//1
f 1077//1 1193//1 1076//1
f 1078//1 1194//1 1077//1
f 1079//1 1195//1 1078//1
f 1080//1 1196//1 1079//1
f 1081//1 1197//1 1080//1
f 1082//14 1198//47 1081//14
f 1083//14 1199//47 1082//14
f 1084//1 1200//1 1083//1
f 1085//1 1201//1 1084//1
f 1086//1 1203//1 1085//1
f 1087//1 1204//1 1086//1
f 1088//1 1205//1 1087//1
f 1089//101 1206//110 1088//100
f 1090//1 1207//1 1089//1
f 1091//1 1208//1 1090//1
f 1092//1 1209//1 1091//1
f 1093//1 1210//1 1092//1
f 1094//1 1211//1 1093//1
f 1095//113 1212//114 1094//113
f 1096//37 1213//37 1095//105
f 1097//1 1214//1 1096//1
f 1098//1 1215//1 1097//1
f 1099//1 1216//1 1098//1
f 1100//1 1217//1 1099//1
f 1101//18 1218//46 1100//30
f 1102//17 1219//17 1101//18
f 1103//1 1220//1 1102//1
f 1104//28 1221//39 1103//28
f 1105//1 1223//1 1104//1
f 1106//1 1224//1 1105//1
f 1107//1 1225//1 1106//1
f 1108//47 1226//52 1107//51
f 1109//14 1227//14 1108//47
f 1110//1 1228//1 1109//1
f 1111//1 1229//1 1110//1
f 1112//1 1230//1 1111//1
f 1113//1 1231//1 1112//1
f 1114//1 1232//1 1113//1
f 1115//1 1233//1 1114//1
f 1116//1 1234//1 1115//1
f 1117//1 1235//1 1116//1
f 1118//1 1236//1 1117//1
f 1119//1 1237//1 1118//1
f 1120//1 1238//1 1119//1
f 1121//1 1239//1 1120//1
f 1122//1 1240//1 1121//1
f 1123//1 1241//1 1122//1
f 1124//1 1243//1 1123//1
f 1125//117 1244//116 1124//21
f 1126//95 1245//95 1125//95
f 1127//1 1246//1 1126//1
f 1128//1 1247//1 1127//1
f 1129//1 1248//1 1128//1
f 1130//1 1249//1 1129//1
f 1131//36 1250//37 1130//37
f 1132//22 1251//24 1131//23
f 1133//7 1252//35 1132//69
f 1134//1 1253//1 1133//1
f 1135//1 1254//1 1134//1
f 1136//1 1255//1 1135//1
f 1137//18 1256//17 1136//17
f 1138//30 1257//46 1137//18
f 1139//1 1258//1 1138//1
f 1140//1 1259//1 1139//1
f 1141//1 1260//1 1140//1
f 1028//21 1261//22 1141//21
f 1143//19 1263//31 1142//48
f 1144//21 1264//23 1143//22
f 1145//20 1265//19 1144//20
f 1146//59 1266//59 1145//59
f 1147//1 1267//1 1146//1
f 1148//1 1268//1 1147//1
f 1149//1 1269//1 1148//1
f 1150//1 1270//1 1149//1
f 1151//1 1271//1 1150//1
f 1152//119 1272//119 1151//119
f 1153//1 1273//1 1152//1
f 1154//1 1274//1 1153//1
f 1155//1 1275//1 1154//1
f 1156//1 1276//1 1155//1
f 1157//1 1277//1 1156//1
f 1158//1 1278//1 1157//1
f 1159//1 1279//1 1158//1
f 1160//1 1280//1 1159//1
f 1161//1 1281//1 1160//1
f 1162//1 1282//1 1161//1
f 1163//1 1284//1 1162//1
f 1164//1 1285//1 1163//1
f 1165//1 1286//1 1164//1
f 1166//1 1287//1 1165//1
f 1167//1 1288//1 1166//1
f 1168//1 1289//1 1167//1
f 1169//1 1290//1 1168//1
f 1170//1 1291//1 1169//1
f 1171//32 1292//31 1170//31
f 1172//20 1293//48 1171//32
f 1173//17 1294//18 1172//17
f 1174//1 1295//1 1173//1
f 1175//1 1296//1 1174//1
f 1176//17 1297//18 1175//17
f 1177//47 1298//52 1176//14
f 1178//18 1299//30 1177//18
f 1179//20 1300//48 1178//19
f 1180//17 1301//18 1179//17
f 1181//1 1302//1 1180//1
f 1182//53 1303//53 1181//14
f 1183//47 1305//51 1182//53
f 1184//17 1306//54 1183//18
f 1185//1 1307//1 1184//1
f 1186//1 1308//1 1185//1
f 1187//1 1309//1 1186//1
f 1188//1 1310//1 1187//1
f 1189//1 1311//1 1188//1
f 1190//1 1312//1 1189//1
f 1191//1 1313//1 1190//1
f 1192//1 1314//1 1191//1
f 1193//1 1315//1 1192//1
f 1194//1 1316//1 1193//1
f 1195//1 1317//1 1194//1
f 1196//1 1318//1 1195//1
f 1197//14 1319//47 1196//14
f 1198//39 1320//45 1197//28
f 1199//47 1321//51 1198//47
f 1200//17 1322//46 1199//18
f 1201//14 1323//53 1200//14
f 1202//14 1324//47 1201//14
f 1203//1 1326//1 1202//1
f 1204//1 1327//1 1203//1
f 1205//28 1328//39 1204//28
f 1206//69 1329//36 1205//7
f 1207//111 1330//121 1206//110
f 1208//1 1331//1 1207//1
f 1209//1 1332//1 1208//1
f 1210//1 1333//1 1209//1
f 1211//1 1334//1 1210//1
f 1212//114 1335//124 1211//112
f 1213//37 1336//37 1212//37
f 1214//1 1337//1 1213//1
f 1215//1 1338//1 1214//1
f 1216//1 1339//1 1215//1
f 1217//1 1340//1 1216//1
f 1218//52 1341//51 1217//51
f 1219//14 1342//125 1218//52
f 1220//28 1343//126 1219//28
f 1221//69 1344//36 1220//7
f 1222//88 1345//38 1221//39
f 1223//28 1347//39 1222//88
f 1224//1 1348//1 1223//1
f 1225//1 1349//1 1224//1
f 1226//45 1350//38 1225//38
f 1227//28 1351//39 1226//45
f 1228//1 1352//1 1227//1
f 1229//1 1353//1 1228//1
f 1230//1 1354//1 1229//1
f 1231//1 1355//1 1230//1
f 1232//1 1356//1 1231//1
f 1233//1 1357//1 1232//1
f 1234//1 1358//1 1233//1
f 1235//1 1359//1 1234//1
f 1236//1 1360//1 1235//1
f 1237//1 1361//1 1236//1
f 1238//1 1362//1 1237//1
f 1239//1 1363//1 1238//1
f 1240//1 1364//1 1239//1
f 1241//1 1365//1 1240//1
f 1242//22 1366//22 1241//21
f 1243//7 1368//105 1242//69
f 1244//115 1369//79 1243//20
f 1245//31 1370//31 1244//115
f 1246//1 1371//1 1245//1
f 1247//1 1372//1 1246//1
f 1248//1 1373//1 1247//1
f 1249//1 1374//1 1248//1
f 1250//1 1375//1 1249//1
f 1251//1 1376//1 1250//1
f 1252//35 1377//37 1251//37
f 1253//7 1378//127 1252//35
f 1254//1 1379//1 1253//1
f 1255//1 1380//1 1254//1
f 1256//1 1381//1 1255//1
f 1257//48 1382//32 1256//20
f 1258//31 1383//31 1257//48
f 1259//1 1384//1 1258//1
f 1260//1 1385//1 1259//1
f 1261//19 1386//32 1260//20
f 1142//23 1387//24 1261//22
f 1263//1 1389//1 1262//1
f 1264//23 1390//24 1263//24
f 1265//19 1391//31 1264//48
f 1266//21 1392//128 1265//22
f 1267//59 1393//129 1266//59
f 1268//1 1394//1 1267//1
f 1269//1 1395//1 1268//1
f 1270//1 1396//1 1269//1
f 1271//1 1397//1 1270//1
f 1272//122 1398//122 1271//122
f 1273//1 1399//1 1272//1
f 1274//1 1400//1 1273//1
f 1275//1 1401//1 1274//1
f 1276//1 1402//1 1275//1
f 1277//1 1403//1 1276//1
f 1278//1 1404//1 1277//1
f 1279//1 1405//1 1278//1
f 1280//1 1406//1 1279//1
f 1281//1 1407//1 1280//1
f 1282//1 1408//1 1281//1
f 1283//1 1409//1 1282//1
f 1284//1 1411//1 1283//1
f 1285//1 1412//1 1284//1
f 1286//1 1413//1 1285//1
f 1287//1 1414//1 1286//1
f 1288//1 1415//1 1287//1
f 1289//1 1416//1 1288//1
f 1290//1 1417//1 1289//1
f 1291//1 1418//1 1290//1
f 1292//1 1419//1 1291//1
f 1293//48 1420//31 1292//31
f 1294//18 1421//30 1293//46
f 1295//20 1422//32 1294//19
f 1296//1 1423//1 1295//1
f 1297//47 1424//53 1296//14
f 1298//46 1425//30 1297//18
f 1299//51 1426//51 1298//52
f 1300//48 1427//31 1299//31
f 1301//18 1428//30 1300//46
f 1302//20 1429//60 1301//19
f 1303//53 1430//125 1302//14
f 1304//51 1431//51 1303//53
f 1305//1 1433//1 1304//1
f 1306//54 1434//30 1305//30
f 1307//17 1435//54 1306//54
f 1308//1 1436//1 1307//1
f 1309//1 1437//1 1308//1
f 1310//1 1438//1 1309//1
f 1311//1 1439//1 1310//1
f 1312//1 1440//1 1311//1
f 1313//1 1441//1 1312//1
f 1314//1 1442//1 1313//1
f 1315//1 1443//1 1314//1
f 1316//1 1444//1 1315//1
f 1317//1 1445//1 1316//1
f 1318//1 1446//1 1317//1
f 1319//39 1447//88 1318//28
f 1320//52 1448//51 1319//47
f 1321//38 1449//38 1320//45
f 1322//46 1450//30 1321//30
f 1323//53 1451//51 1322//52
f 1324//47 1452//51 1323//53
f 1325//17 1453//46 1324//18
f 1326//28 1455//126 1325//28
f 1327//28 1456//88 1326//28
f 1328//69 1457//36 1327//7
f 1329//45 1458//38 1328//39
f 1330//120 1459//132 1329//36
f 1331//119 1460//119 1330//120
f 1332//1 1461//1 1331//1
f 1333//1 1462//1 1332//1
f 1334//1 1463//1 1333//1
f 1335//133 1464//133 1334//133
f 1336//1 1465//1 1335//1
f 1337//1 1466//1 1336//1
f 1338//1 1467//1 1337//1
f 1339//1 1468//1 1338//1
f 1340//1 1469//1 1339//1
f 1341//1 1470//1 1340//1
f 1342//30 1471//30 1341//30
f 1343//1 1472//1 1342//1
f 1344//45 1473//38 1343//126
f 1345//37 1474//37 1344//36
f 1346//1 1475//1 1345//1
f 1347//47 1477//53 1346//51
f 1348//14 1478//14 1347//47
f 1349//1 1479//1 1348//1
f 1350//1 1480//1 1349//1
f 1351//47 1481//53 1350//51
f 1352//14 1482//14 1351//47
f 1353//1 1483//1 1352//1
f 1354//1 1484//1 1353//1
f 1355//1 1485//1 1354//1
f 1356//1 1486//1 1355//1
f 1357//1 1487//1 1356//1
f 1358//1 1488//1 1357//1
f 1359//1 1489//1 1358//1
f 1360//1 1490//1 1359//1
f 1361//1 1491//1 1360//1
f 1362//1 1492//1 1361//1
f 1363//1 1493//1 1362//1
f 1364//1 1494//1 1363//1
f 1365//1 1495//1 1364//1
f 1366//19 1496//20 1365//20
f 1367//31 1497//48 1366//19
f 1368//105 1499//37 1367//37
f 1369//1 1500//1 1368//1
f 1370//30 1501//30 1369//30
f 1371//1 1502//1 1370//1
f 1372//1 1503//1 1371//1
f 1373//1 1504//1 1372//1
f 1374//1 1505//1 1373//1
f 1375//1 1506//1 1374//1
f 1376//1 1507//1 1375//1
f 1377//1 1508//1 1376//1
f 1378//38 1509//38 1377//38
f 1379//7 1510//7 1378//127
f 1380//21 1511//128 1379//21
f 1381//21 1512//128 1380//21
f 1382//32 1513//79 1381//20
f 1383//31 1514//31 1382//32
f 1384//1 1515//1 1383//1
f 1385//1 1516//1 1384//1
f 1386//32 1517//32 1385//20
f 1387//31 1518//31 1386//32
f 1262//1 1519//1 1387//1
f 1389//1 1521//1 1388//1
f 1390//1 1522//1 1389//1
f 1391//1 1523//1 1390//1
f 1392//128 1524//24 1391//24
f 1393//21 1525//23 1392//128
f 1394//130 1526//136 1393//129
f 1395//1 1527//1 1394//1
f 1396//1 1528//1 1395//1
f 1397//1 1529//1 1396//1
f 1398//1 1530//1 1397//1
f 1399//122 1531//122 1398//122
f 1400//1 1532//1 1399//1
f 1401//1 1533//1 1400//1
f 1402//1 1534//1 1401//1
f 1403//1 1535//1 1402//1
f 1404//1 1536//1 1403//1
f 1405//1 1537//1 1404//1
f 1406//1 1538//1 1405//1
f 1407//1 1539//1 1406//1
f 1408//1 1540//1 1407//1
f 1409//1 1541//1 1408//1
f 1410//1 1542//1 1409//1
f 1411//1 1544//1 1410//1
f 1412//1 1545//1 1411//1
f 1413//1 1546//1 1412//1
f 1414//1 1547//1 1413//1
f 1415//1 1548//1 1414//1
f 1416//1 1549//1 1415//1
f 1417//1 1550//1 1416//1
f 1418//1 1551//1 1417//1
f 1419//1 1552//1 1418//1
f 1420//1 1553//1 1419//1
f 1421//1 1554//1 1420//1
f 1422//32 1555//31 1421//31
f 1423//20 1556//48 1422//32
f 1424//53 1557//52 1423//14
f 1425//51 1558//51 1424//53
f 1426//1 1559//1 1425//1
f 1427//1 1560//1 1426//1
f 1428//1 1561//1 1427//1
f 1429//60 1562//31 1428//31
f 1430//1 1563//1 1429//1
f 1431//38 1564//38 1430//38
f 1432//1 1565//1 1431//1
f 1433//1 1567//1 1432//1
f 1434//1 1568//1 1433//1
f 1435//54 1569//30 1434//30
f 1436//17 1570//46 1435//54
f 1437//14 1571//47 1436//14
f 1438//1 1572//1 1437//1
f 1439//1 1573//1 1438//1
f 1440//1 1574//1 1439//1
f 1441//1 1575//1 1440//1
f 1442//1 1576//1 1441//1
f 1443//1 1577//1 1442//1
f 1444//1 1578//1 1443//1
f 1445//1 1579//1 1444//1
f 1446//1 1580//1 1445//1
f 1447//88 1581//88 1446//28
f 1448//38 1582//38 1447//88
f 1449//1 1583//1 1448//1
f 1450//1 1584//1 1449//1
f 1451//1 1585//1 1450//1
f 1452//1 1586//1 1451//1
f 1453//46 1587//30 1452//30
f 1454//131 1588//51 1453//52
f 1455//1 1590//1 1454//1
f 1456//88 1591//38 1455//126
f 1457//45 1592//38 1456//88
f 1458//37 1593//37 1457//36
f 1459//1 1594//1 1458//1
f 1460//122 1595//122 1459//122
f 1461//1 1596//1 1460//1
f 1462//1 1597//1 1461//1
f 1463//1 1598//1 1462//1
f 1464//1 1599//1 1463//1
f 1465//133 1600//133 1464//133
f 1466//1 1601//1 1465//1
f 1467//1 1602//1 1466//1
f 1468//1 1603//1 1467//1
f 1469//1 1604//1 1468//1
f 1470//1 1605//1 1469//1
f 1471//51 1606//51 1470//51
f 1472//38 1607//38 1471//38
f 1473//37 1608//37 1472//37
f 1474//1 1609//1 1473//1
f 1475//1 1610//1 1474//1
f 1476//1 1611//1 1475//1
f 1477//53 1613//53 1476//51
f 1478//14 1614//14 1477//53
f 1479//1 1615//1 1478//1
f 1480//1 1616//1 1479//1
f 1481//53 1617//52 1480//51
f 1482//14 1618//14 1481//53
f 1483//1 1619//1 1482//1
f 1484//1 1620//1 1483//1
f 1485//1 1621//1 1484//1
f 1486//1 1622//1 1485//1
f 1487//1 1623//1 1486//1
f 1488//1 1624//1 1487//1
f 1489//1 1625//1 1488//1
f 1490//1 1626//1 1489//1
f 1491//1 1627//1 1490//1
f 1492//1 1628//1 1491//1
f 1493//1 1629//1 1492//1
f 1494//1 1630//1 1493//1
f 1495//1 1631//1 1494//1
f 1496//1 1632//1 1495//1
f 1497//23 1633//138 1496//21
f 1498//24 1634//24 1497//23
f 1499//1 1636//1 1498//1
f 1500//37 1637//37 1499//37
f 1501//24 1638//24 1500//24
f 1502//31 1639//31 1501//31
f 1503//1 1640//1 1502//1
f 1504//1 1641//1 1503//1
f 1505//1 1642//1 1504//1
f 1506//1 1643//1 1505//1
f 1507//1 1644//1 1506//1
f 1508//1 1645//1 1507//1
f 1509//37 1646//37 1508//37
f 1510//134 1647//24 1509//24
f 1511//128 1648//24 1510//134
f 1512//128 1649//24 1511//128
f 1513//135 1650//24 1512//128
f 1514//142 1651//141 1513//140
f 1515//21 1652//128 1514//142
f 1516//21 1653//128 1515//21
f 1517//32 1654//48 1516//20
f 1518//31 1655//31 1517//32
f 1519//1 1656//1 1518//1
f 1388//1 1657//1 1519//1
f 1521//1 1659//1 1520//1
f 1522//1 1660//1 1521//1
f 1523//1 1661//1 1522//1
f 1524//1 1662//1 1523//1
f 1525//23 1663//24 1524//24
f 1526//79 1664//31 1525//48
f 1527//113 1665//145 1526//144
f 1528//1 1666//1 1527//1
f 1529//1 1667//1 1528//1
f 1530//1 1668//1 1529//1
f 1531//1 1669//1 1530//1
f 1532//122 1670//122 1531//122
f 1533//1 1671//1 1532//1
f 1534//1 1672//1 1533//1
f 1535//1 1673//1 1534//1
f 1536//1 1674//1 1535//1
f 1537//1 1675//1 1536//1
f 1538//1 1676//1 1537//1
f 1539//1 1677//1 1538//1
f 1540//1 1678//1 1539//1
f 1541//1 1679//1 1540//1
f 1542//1 1680//1 1541//1
f 1543//1 1681//1 1542//1
f 1544//1 1683//1 1543//1
f 1545//1 1684//1 1544//1
f 1546//1 1685//1 1545//1
f 1547//1 1686//1 1546//1
f 1548//1 1687//1 1547//1
f 1549//1 1688//1 1548//1
f 1550//1 1689//1 1549//1
f 1551//1 1690//1 1550//1
f 1552//1 1691//1 1551//1
f 1553//1 1692//1 1552//1
f 1554//1 1693//1 1553//1
f 1555//1 1694//1 1554//1
f 1556//48 1695//31 1555//31
f 1557//46 1696//30 1556//46
f 1558//51 1697//51 1557//52
f 1559//1 1698//1 1558//1
f 1560//1 1699//1 1559//1
f 1561//1 1700//1 1560//1
f 1562//1 1701//1 1561//1
f 1563//31 1702//31 1562//31
f 1564//1 1703//1 1563//1
f 1565//51 1704//51 1564//51
f 1566//1 1705//1 1565//1
f 1567//1 1707//1 1566//1
f 1568//1 1708//1 1567//1
f 1569//1 1709//1 1568//1
f 1570//46 1710//30 1569//30
f 1571//47 1711//51 1570//52
f 1572//17 1712//54 1571//18
f 1573//1 1713//1 1572//1
f 1574//1 1714//1 1573//1
f 1575//1 1715//1 1574//1
f 1576//1 1716//1 1575//1
f 1577//1 1717//1 1576//1
f 1578//1 1718//1 1577//1
f 1579//1 1719//1 1578//1
f 1580//1 1720//1 1579//1
f 1581//88 1721//88 1580//28
f 1582//38 1722//38 1581//88
f 1583//1 1723//1 1582//1
f 1584//1 1724//1 1583//1
f 1585//1 1725//1 1584//1
f 1586//1 1726//1 1585//1
f 1587//1 1727//1 1586//1
f 1588//1 1728//1 1587//1
f 1589//1 1729//1 1588//1
f 1590//51 1731//51 1589//51
f 1591//37 1732//37 1590//37
f 1592//1 1733//1 1591//1
f 1593//1 1734//1 1592//1
f 1594//1 1735//1 1593//1
f 1595//1 1736//1 1594//1
f 1596//119 1737//119 1595//119
f 1597//1 1738//1 1596//1
f 1598//1 1739//1 1597//1
f 1599//1 1740//1 1598//1
f 1600//1 1741//1 1599//1
f 1601//123 1742//123 1600//123
f 1602//1 1743//1 1601//1
f 1603//1 1744//1 1602//1
f 1604//1 1745//1 1603//1
f 1605//1 1746//1 1604//1
f 1606//1 1747//1 1605//1
f 1607//1 1748//1 1606//1
f 1608//1 1749//1 1607//1
f 1609//1 1750//1 1608//1
f 1610//1 1751//1 1609//1
f 1611//1 1752//1 1610//1
f 1612//1 1753//1 1611//1
f 1613//53 1755//52 1612//51
f 1614//14 1756//14 1613//53
f 1615//1 1757//1 1614//1
f 1616//1 1758//1 1615//1
f 1617//45 1759//38 1616//38
f 1618//28 1760//39 1617//45
f 1619//1 1761//1 1618//1
f 1620//1 1762//1 1619//1
f 1621//1 1763//1 1620//1
f 1622//1 1764//1 1621//1
f 1623//1 1765//1 1622//1
f 1624//1 1766//1 1623//1
f 1625//1 1767//1 1624//1
f 1626//1 1768//1 1625//1
f 1627//1 1769//1 1626//1
f 1628//1 1770//1 1627//1
f 1629//1 1771//1 1628//1
f 1630//1 1772//1 1629//1
f 1631//1 1773//1 1630//1
f 1632//7 1774//69 1631//7
f 1633//138 1775//21 1632//21
f 1634//31 1776//31 1633//31
f 1635//1 1777//1 1634//1
f 1636//1 1779//1 1635//1
f 1637//1 1780//1 1636//1
f 1638//1 1781//1 1637//1
f 1639//1 1782//1 1638//1
f 1640//1 1783//1 1639//1
f 1641//1 1784//1 1640//1
f 1642//1 1785//1 1641//1
f 1643//1 1786//1 1642//1
f 1644//1 1787//1 1643//1
f 1645//1 1788//1 1644//1
f 1646//1 1789//1 1645//1
f 1647//1 1790//1 1646//1
f 1648//1 1791//1 1647//1
f 1649//1 1792//1 1648//1
f 1650//1 1793//1 1649//1
f 1651//141 1794//32 1650//139
f 1652//128 1795//24 1651//141
f 1653//128 1796//24 1652//128
f 1654//23 1797//24 1653//128
f 1655//31 1798//31 1654//48
f 1656//1 1799//1 1655//1
f 1657//1 1800//1 1656//1
f 1520//1 1801//1 1657//1
f 1659//1 1803//1 1658//1
f 1660//1 1804//1 1659//1
f 1661//1 1805//1 1660//1
f 1662//1 1806//1 1661//1
f 1663//1 1807//1 1662//1
f 1664//1 1808//1 1663//1
f 1665//133 1809//133 1664//133
f 1666//1 1810//1 1665//1
f 1667//1 1811//1 1666//1
f 1668//1 1812//1 1667//1
f 1669//1 1813//1 1668//1
f 1670//1 1814//1 1669//1
f 1671//119 1815//119 1670//119
f 1672//1 1816//1 1671//1
f 1673//1 1817//1 1672//1
f 1674//1 1818//1 1673//1
f 1675//1 1819//1 1674//1
f 1676//1 1820//1 1675//1
f 1677//1 1821//1 1676//1
f 1678//1 1822//1 1677//1
f 1679//1 1823//1 1678//1
f 1680//1 1824//1 1679//1
f 1681//1 1825//1 1680//1
f 1682//1 1826//1 1681//1
f 1683//1 1828//1 1682//1
f 1684//1 1829//1 1683//1
f 1685//1 1830//1 1684//1
f 1686//1 1831//1 1685//1
f 1687//1 1832//1 1686//1
f 1688//1 1833//1 1687//1
f 1689//1 1834//1 1688//1
f 1690//1 1835//1 1689//1
f 1691//1 1836//1 1690//1
f 1692//1 1837//1 1691//1
f 1693//1 1838//1 1692//1
f 1694//1 1839//1 1693//1
f 1695//1 1840//1 1694//1
f 1696//1 1841//1 1695//1
f 1697//1 1842//1 1696//1
f 1698//1 1843//1 1697//1
f 1699//1 1844//1 1698//1
f 1700//1 1845//1 1699//1
f 1701//1 1846//1 1700//1
f 1702//1 1847//1 1701//1
f 1703//31 1848//31 1702//31
f 1704//51 1849//51 1703//51
f 1705//1 1850//1 1704//1
f 1706//1 1851//1 1705//1
f 1707//1 1853//1 1706//1
f 1708//1 1854//1 1707//1
f 1709//1 1855//1 1708//1
f 1710//1 1856//1 1709//1
f 1711//1 1857//1 1710//1
f 1712//54 1858//30 1711//30
f 1713//17 1859//54 1712//54
f 1714//1 1860//1 1713//1
f 1715//1 1861//1 1714//1
f 1716//1 1862//1 1715//1
f 1717//1 1863//1 1716//1
f 1718//1 1864//1 1717//1
f 1719//1 1865//1 1718//1
f 1720//1 1866//1 1719//1
f 1721//88 1867//88 1720//28
f 1722//38 1868//38 1721//88
f 1723//1 1869//1 1722//1
f 1724//1 1870//1 1723//1
f 1725//1 1871//1 1724//1
f 1726//1 1872//1 1725//1
f 1727//1 1873//1 1726//1
f 1728//1 1874//1 1727//1
f 1729//1 1875//1 1728//1
f 1730//1 1876//1 1729//1
f 1731//1 1878//1 1730//1
f 1732//1 1879//1 1731//1
f 1733//1 1880//1 1732//1
f 1734//1 1881//1 1733//1
f 1735//1 1882//1 1734//1
f 1736//1 1883//1 1735//1
f 1737//122 1884//122 1736//122
f 1738//1 1885//1 1737//1
f 1739//1 1886//1 1738//1
f 1740//1 1887//1 1739//1
f 1741//1 1888//1 1740//1
f 1742//133 1889//133 1741//133
f 1743//1 1890//1 1742//1
f 1744//1 1891//1 1743//1
f 1745//1 1892//1 1744//1
f 1746//1 1893//1 1745//1
f 1747//1 1894//1 1746//1
f 1748//1 1895//1 1747//1
f 1749//1 1896//1 1748//1
f 1750//1 1897//1 1749//1
f 1751//1 1898//1 1750//1
f 1752//1 1899//1 1751//1
f 1753//1 1900//1 1752//1
f 1754//1 1901//1 1753//1
f 1755//45 1903//38 1754//38
f 1756//28 1904//39 1755//45
f 1757//1 1905//1 1756//1
f 1758//1 1906//1 1757//1
f 1759//1 1907//1 1758//1
f 1760//47 1908//52 1759//51
f 1761//14 1909//14 1760//47
f 1762//1 1910//1 1761//1
f 1763//1 1911//1 1762//1
f 1764//1 1912//1 1763//1
f 1765//1 1913//1 1764//1
f 1766//1 1914//1 1765//1
f 1767//1 1915//1 1766//1
f 1768//1 1916//1 1767//1
f 1769//1 1917//1 1768//1
f 1770//1 1918//1 1769//1
f 1771//1 1919//1 1770//1
f 1772//1 1920//1 1771//1
f 1773//1 1921//1 1772//1
f 1774//22 1922//128 1773//21
f 1775//105 1923//37 1774//69
f 1776//37 1924//37 1775//105
f 1777//146 1925//135 1776//24
f 1778//22 1926//22 1777//146
f 1779//7 1928//35 1778//69
f 1780//1 1929//1 1779//1
f 1781//1 1930//1 1780//1
f 1782//1 1931//1 1781//1
f 1783//1 1932//1 1782//1
f 1784//1 1933//1 1783//1
f 1785//1 1934//1 1784//1
f 1786//1 1935//1 1785//1
f 1787//1 1936//1 1786//1
f 1788//1 1937//1 1787//1
f 1789//1 1938//1 1788//1
f 1790//21 1939//148 1789//21
f 1791//21 1940//22 1790//21
f 1792//1 1941//1 1791//1
f 1793//1 1942//1 1792//1
f 1794//32 1943//32 1793//20
f 1795//31 1944//31 1794//32
f 1796//1 1945//1 1795//1
f 1797//1 1946//1 1796//1
f 1798//1 1947//1 1797//1
f 1799//1 1948//1 1798//1
f 1800//1 1949//1 1799//1
f 1801//1 1950//1 1800//1
f 1658//1 1951//1 1801//1
f 1803//1 1953//1 1802//1
f 1804//1 1954//1 1803//1
f 1805//1 1955//1 1804//1
f 1806//1 1956//1 1805//1
f 1807//1 1957//1 1806//1
f 1808//1 1958//1 1807//1
f 1809//1 1959//1 1808//1
f 1810//133 1960//133 1809//133
f 1811//1 1961//1 1810//1
f 1812//1 1962//1 1811//1
f 1813//1 1963//1 1812//1
f 1814//1 1964//1 1813//1
f 1815//119 1965//119 1814//119
f 1816//1 1966//1 1815//1
f 1817//1 1967//1 1816//1
f 1818//1 1968//1 1817//1
f 1819//1 1969//1 1818//1
f 1820//1 1970//1 1819//1
f 1821//1 1971//1 1820//1
f 1822//1 1972//1 1821//1
f 1823//1 1973//1 1822//1
f 1824//1 1974//1 1823//1
f 1825//1 1975//1 1824//1
f 1826//1 1976//1 1825//1
f 1827//1 1977//1 1826//1
f 1828//1 1979//1 1827//1
f 1829//1 1980//1 1828//1
f 1830//1 1981//1 1829//1
f 1831//1 1982//1 1830//1
f 1832//1 1983//1 1831//1
f 1833//1 1984//1 1832//1
f 1834//1 1985//1 1833//1
f 1835//1 1986//1 1834//1
f 1836//1 1987//1 1835//1
f 1837//1 1988//1 1836//1
f 1838//1 1989//1 1837//1
f 1839//1 1990//1 1838//1
f 1840//1 1991//1 1839//1
f 1841//1 1992//1 1840//1
f 1842//1 1993//1 1841//1
f 1843//1 1994//1 1842//1
f 1844//1 1995//1 1843//1
f 1845//1 1996//1 1844//1
f 1846//1 1997//1 1845//1
f 1847//1 1998//1 1846//1
f 1848//1 1999//1 1847//1
f 1849//1 2000//1 1848//1
f 1850//1 2001//1 1849//1
f 1851//1 2002//1 1850//1
f 1852//1 2003//1 1851//1
f 1853//1 2005//1 1852//1
f 1854//1 2006//1 1853//1
f 1855//1 2007//1 1854//1
f 1856//1 2008//1 1855//1
f 1857//1 2009//1 1856//1
f 1858//1 2010//1 1857//1
f 1859//54 2011//30 1858//30
f 1860//17 2012//54 1859//54
f 1861//1 2013//1 1860//1
f 1862//1 2014//1 1861//1
f 1863//1 2015//1 1862//1
f 1864//1 2016//1 1863//1
f 1865//1 2017//1 1864//1
f 1866//1 2018//1 1865//1
f 1867//88 2019//88 1866//28
f 1868//38 2020//38 1867//88
f 1869//1 2021//1 1868//1
f 1870//1 2022//1 1869//1
f 1871//1 2023//1 1870//1
f 1872//1 2024//1 1871//1
f 1873//1 2025//1 1872//1
f 1874//1 2026//1 1873//1
f 1875//1 2027//1 1874//1
f 1876//1 2028//1 1875//1
f 1877//1 2029//1 1876//1
f 1878//1 2031//1 1877//1
f 1879//1 2032//1 1878//1
f 1880//1 2033//1 1879//1
f 1881//1 2034//1 1880//1
f 1882//1 2035//1 1881//1
f 1883//1 2036//1 1882//1
f 1884//1 2037//1 1883//1
f 1885//119 2038//119 1884//119
f 1886//1 2039//1 1885//1
f 1887//1 2040//1 1886//1
f 1888//1 2041//1 1887//1
f 1889//1 2042//1 1888//1
f 1890//133 2043//133 1889//133
f 1891//1 2044//1 1890//1
f 1892//1 2045//1 1891//1
f 1893//1 2046//1 1892//1
f 1894//1 2047//1 1893//1
f 1895//1 2048//1 1894//1
f 1896//1 2049//1 1895//1
f 1897//1 2050//1 1896//1
f 1898//1 2051//1 1897//1
f 1899//1 2052//1 1898//1
f 1900//1 2053//1 1899//1
f 1901//1 2054//1 1900//1
f 1902//1 2055//1 1901//1
f 1903//1 2057//1 1902//1
f 1904//47 2058//53 1903//51
f 1905//14 2059//14 1904//47
f 1906//1 2060//1 1905//1
f 1907//1 2061//1 1906//1
f 1908//45 2062//38 1907//38
f 1909//28 2063//45 1908//45
f 1910//7 2064//35 1909//7
f 1911//7 2065//35 1910//7
f 1912//7 2066//69 1911//7
f 1913//1 2067//1 1912//1
f 1914//1 2068//1 1913//1
f 1915//1 2069//1 1914//1
f 1916//1 2070//1 1915//1
f 1917//1 2071//1 1916//1
f 1918//1 2072//1 1917//1
f 1919//1 2073//1 1918//1
f 1920//1 2074//1 1919//1
f 1921//1 2075//1 1920//1
f 1922//128 2076//128 1921//21
f 1923//24 2077//24 1922//128
f 1924//1 2078//1 1923//1
f 1925//1 2079//1 1924//1
f 1926//19 2080//20 1925//20
f 1927//31 2081//48 1926//19
f 1928//35 2083//37 1927//37
f 1929//7 2084//35 1928//35
f 1930//1 2085//1 1929//1
f 1931//1 2086//1 1930//1
f 1932//149 2087//116 1931//21
f 1933//151 2088//150 1932//149
f 1934//21 2089//152 1933//151
f 1935//21 2090//148 1934//21
f 1936//1 2091//1 1935//1
f 1937//1 2092//1 1936//1
f 1938//147 2093//116 1937//21
f 1939//90 2094//140 1938//147
f 1940//22 2095//24 1939//148
f 1941//7 2096//36 1940//69
f 1942//21 2097//128 1941//21
f 1943//32 2098//48 1942//20
f 1944//31 2099//31 1943//32
f 1945//1 2100//1 1944//1
f 1946//1 2101//1 1945//1
f 1947//1 2102//1 1946//1
f 1948//1 2103//1 1947//1
f 1949//1 2104//1 1948//1
f 1950//1 2105//1 1949//1
f 1951//1 2106//1 1950//1
f 1802//1 2107//1 1951//1
f 1953//1 2109//1 1952//1
f 1954//1 2110//1 1953//1
f 1955//1 2111//1 1954//1
f 1956//1 2112//1 1955//1
f 1957//1 2113//1 1956//1
f 1958//1 2114//1 1957//1
f 1959//1 2115//1 1958//1
f 1960//1 2116//1 1959//1
f 1961//133 2117//133 1960//133
f 1962//1 2118//1 1961//1
f 1963//1 2119//1 1962//1
f 1964//1 2120//1 1963//1
f 1965//122 2121//122 1964//122
f 1966//1 2122//1 1965//1
f 1967//1 2123//1 1966//1
f 1968//1 2124//1 1967//1
f 1969//1 2125//1 1968//1
f 1970//1 2126//1 1969//1
f 1971//1 2127//1 1970//1
f 1972//1 2128//1 1971//1
f 1973//1 2129//1 1972//1
f 1974//1 2130//1 1973//1
f 1975//1 2131//1 1974//1
f 1976//1 2132//1 1975//1
f 1977//1 2133//1 1976//1
f 1978//1 2134//1 1977//1
f 1979//1 2136//1 1978//1
f 1980//1 2137//1 1979//1
f 1981//1 2138//1 1980//1
f 1982//1 2139//1 1981//1
f 1983//1 2140//1 1982//1
f 1984//1 2141//1 1983//1
f 1985//1 2142//1 1984//1
f 1986//1 2143//1 1985//1
f 1987//1 2144//1 1986//1
f 1988//1 2145//1 1987//1
f 1989//1 2146//1 1988//1
f 1990//1 2147//1 1989//1
f 1991//1 2148//1 1990//1
f 1992//1 2149//1 1991//1
f 1993//1 2150//1 1992//1
f 1994//1 2151//1 1993//1
f 1995//1 2152//1 1994//1
f 1996//1 2153//1 1995//1
f 1997//1 2154//1 1996//1
f 1998//1 2155//1 1997//1
f 1999//1 2156//1 1998//1
f 2000//1 2157//1 1999//1
f 2001//1 2158//1 2000//1
f 2002//1 2159//1 2001//1
f 2003//1 2160//1 2002//1
f 2004//1 2161//1 2003//1
f 2005//1 2163//1 2004//1
f 2006//1 2164//1 2005//1
f 2007//1 2165//1 2006//1
f 2008//1 2166//1 2007//1
f 2009//1 2167//1 2008//1
f 2010//1 2168//1 2009//1
f 2011//1 2169//1 2010//1
f 2012//54 2170//30 2011//30
f 2013//17 2171//46 2012//54
f 2014//14 2172//53 2013//14
f 2015//14 2173//53 2014//14
f 2016//14 2174//53 2015//14
f 2017//14 2175//53 2016//14
f 2018//14 2176//53 2017//14
f 2019//88 2177//45 2018//28
f 2020//38 2178//38 2019//88
f 2021//1 2179//1 2020//1
f 2022//1 2180//1 2021//1
f 2023//1 2181//1 2022//1
f 2024//1 2182//1 2023//1
f 2025//1 2183//1 2024//1
f 2026//1 2184//1 2025//1
f 2027//1 2185//1 2026//1
f 2028//1 2186//1 2027//1
f 2029//1 2187//1 2028//1
f 2030//1 2188//1 2029//1
f 2031//1 2190//1 2030//1
f 2032//1 2191//1 2031//1
f 2033//1 2192//1 2032//1
f 2034//1 2193//1 2033//1
f 2035//1 2194//1 2034//1
f 2036//1 2195//1 2035//1
f 2037//1 2196//1 2036//1
f 2038//122 2197//122 2037//122
f 2039//1 2198//1 2038//1
f 2040//1 2199//1 2039//1
f 2041//1 2200//1 2040//1
f 2042//1 2201//1 2041//1
f 2043//1 2202//1 2042//1
f 2044//123 2203//123 2043//123
f 2045//1 2204//1 2044//1
f 2046//1 2205//1 2045//1
f 2047//1 2206//1 2046//1
f 2048//1 2207//1 2047//1
f 2049//1 2208//1 2048//1
f 2050//1 2209//1 2049//1
f 2051//1 2210//1 2050//1
f 2052//1 2211//1 2051//1
f 2053//1 2212//1 2052//1
f 2054//1 2213//1 2053//1
f 2055//1 2214//1 2054//1
f 2056//1 2215//1 2055//1
f 2057//1 2217//1 2056//1
f 2058//53 2218//52 2057//51
f 2059//14 2219//14 2058//53
f 2060//1 2220//1 2059//1
f 2061//1 2221//1 2060//1
f 2062//1 2222//1 2061//1
f 2063//45 2223//38 2062//38
f 2064//35 2224//37 2063//36
f 2065//35 2225//37 2064//35
f 2066//69 2226//37 2065//35
f 2067//28 2227//88 2066//39
f 2068//1 2228//1 2067//1
f 2069//1 2229//1 2068//1
f 2070//1 2230//1 2069//1
f 2071//7 2231//69 2070//7
f 2072//7 2232//69 2071//7
f 2073//1 2233//1 2072//1
f 2074//1 2234//1 2073//1
f 2075//1 2235//1 2074//1
f 2076//128 2236//128 2075//21
f 2077//24 2237//24 2076//128
f 2078//1 2238//1 2077//1
f 2079//1 2239//1 2078//1
f 2080//1 2240//1 2079//1
f 2081//23 2241//22 2080//21
f 2082//24 2242//24 2081//23
f 2083//1 2244//1 2082//1
f 2084//35 2245//37 2083//37
f 2085//7 2246//35 2084//35
f 2086//1 2247//1 2085//1
f 2087//115 2248//32 2086//20
f 2088//31 2249//31 2087//115
f 2089//37 2250//37 2088//37
f 2090//148 2251//24 2089//152
f 2091//154 2252//161 2090//153
f 2092//96 2253//96 2091//96
f 2093//90 2254//158 2092//89
f 2094//31 2255//31 2093//31
f 2095//1 2256//1 2094//1
f 2096//36 2257//37 2095//37
f 2097//128 2258//24 2096//23
f 2098//23 2259//24 2097//128
f 2099//31 2260//31 2098//48
f 2100//1 2261//1 2099//1
f 2101//1 2262//1 2100//1
f 2102//1 2263//1 2101//1
f 2103//1 2264//1 2102//1
f 2104//1 2265//1 2103//1
f 2105//1 2266//1 2104//1
f 2106//1 2267//1 2105//1
f 2107//1 2268//1 2106//1
f 1952//1 2269//1 2107//1
f 2109//1 2271//1 2108//1
f 2110//1 2272//1 2109//1
f 2111//1 2273//1 2110//1
f 2112//1 2274//1 2111//1
f 2113//1 2275//1 2112//1
f 2114//1 2276//1 2113//1
f 2115//1 2277//1 2114//1
f 2116//1 2278//1 2115//1
f 2117//1 2279//1 2116//1
f 2118//133 2280//133 2117//133
f 2119//1 2281//1 2118//1
f 2120//1 2282//1 2119//1
f 2121//1 2283//1 2120//1
f 2122//122 2284//122 2121//122
f 2123//1 2285//1 2122//1
f 2124//1 2286//1 2123//1
f 2125//1 2287//1 2124//1
f 2126//1 2288//1 2125//1
f 2127//1 2289//1 2126//1
f 2128//1 2290//1 2127//1
f 2129//1 2291//1 2128//1
f 2130//1 2292//1 2129//1
f 2131//1 2293//1 2130//1
f 2132//1 2294//1 2131//1
f 2133//1 2295//1 2132//1
f 2134//1 2296//1 2133//1
f 2135//1 2297//1 2134//1
f 2136//1 2299//1 2135//1
f 2137//1 2300//1 2136//1
f 2138//1 2301//1 2137//1
f 2139//1 2302//1 2138//1
f 2140//1 2303//1 2139//1
f 2141//1 2304//1 2140//1
f 2142//1 2305//1 2141//1
f 2143//1 2306//1 2142//1
f 2144//1 2307//1 2143//1
f 2145//1 2308//1 2144//1
f 2146//1 2309//1 2145//1
f 2147//1 2310//1 2146//1
f 2148//1 2311//1 2147//1
f 2149//1 2312//1 2148//1
f 2150//1 2313//1 2149//1
f 2151//1 2314//1 2150//1
f 2152//1 2315//1 2151//1
f 2153//1 2316//1 2152//1
f 2154//1 2317//1 2153//1
f 2155//1 2318//1 2154//1
f 2156//1 2319//1 2155//1
f 2157//1 2320//1 2156//1
f 2158//1 2321//1 2157//1
f 2159//1 2322//1 2158//1
f 2160//1 2323//1 2159//1
f 2161//1 2324//1 2160//1
f 2162//1 2325//1 2161//1
f 2163//1 2327//1 2162//1
f 2164//1 2328//1 2163//1
f 2165//1 2329//1 2164//1
f 2166//1 2330//1 2165//1
f 2167//1 2331//1 2166//1
f 2168//1 2332//1 2167//1
f 2169//1 2333//1 2168//1
f 2170//1 2334//1 2169//1
f 2171//46 2335//30 2170//30
f 2172//53 2336//51 2171//52
f 2173//53 2337//51 2172//53
f 2174//53 2338//51 2173//53
f 2175//53 2339//51 2174//53
f 2176//53 2340//51 2175//53
f 2177//52 2341//51 2176//53
f 2178//38 2342//38 2177//45
f 2179//1 2343//1 2178//1
f 2180//1 2344//1 2179//1
f 2181//1 2345//1 2180//1
f 2182//1 2346//1 2181//1
f 2183//1 2347//1 2182//1
f 2184//1 2348//1 2183//1
f 2185//1 2349//1 2184//1
f 2186//1 2350//1 2185//1
f 2187//1 2351//1 2186//1
f 2188//1 2352//1 2187//1
f 2189//1 2353//1 2188//1
f 2190//1 2355//1 2189//1
f 2191//1 2356//1 2190//1
f 2192//1 2357//1 2191//1
f 2193//1 2358//1 2192//1
f 2194//1 2359//1 2193//1
f 2195//1 2360//1 2194//1
f 2196//1 2361//1 2195//1
f 2197//1 2362//1 2196//1
f 2198//122 2363//122 2197//122
f 2199//1 2364//1 2198//1
f 2200//1 2365//1 2199//1
f 2201//1 2366//1 2200//1
f 2202//1 2367//1 2201//1
f 2203//123 2368//123 2202//123
f 2204//1 2369//1 2203//1
f 2205//1 2370//1 2204//1
f 2206//1 2371//1 2205//1
f 2207//1 2372//1 2206//1
f 2208//1 2373//1 2207//1
f 2209//1 2374//1 2208//1
f 2210//1 2375//1 2209//1
f 2211//1 2376//1 2210//1
f 2212//1 2377//1 2211//1
f 2213//1 2378//1 2212//1
f 2214//1 2379//1 2213//1
f 2215//1 2380//1 2214//1
f 2216//1 2381//1 2215//1
f 2217//1 2383//1 2216//1
f 2218//45 2384//38 2217//38
f 2219//28 2385//45 2218//45
f 2220//7 2386//35 2219//7
f 2221//7 2387//35 2220//7
f 2222//7 2388//69 2221//7
f 2223//1 2389//1 2222//1
f 2224//1 2390//1 2223//1
f 2225//1 2391//1 2224//1
f 2226//1 2392//1 2225//1
f 2227//88 2393//38 2226//38
f 2228//28 2394//45 2227//88
f 2229//7 2395//69 2228//7
f 2230//1 2396//1 2229//1
f 2231//22 2397//128 2230//21
f 2232//69 2398//37 2231//69
f 2233//28 2399//45 2232//39
f 2234//7 2400//127 2233//7
f 2235//7 2401//127 2234//7
f 2236//128 2402//23 2235//21
f 2237//24 2403//24 2236//128
f 2238//1 2404//1 2237//1
f 2239//1 2405//1 2238//1
f 2240//1 2406//1 2239//1
f 2241//19 2407//20 2240//20
f 2242//31 2408//48 2241//19
f 2243//1 2409//1 2242//1
f 2244//1 2411//1 2243//1
f 2245//1 2412//1 2244//1
f 2246//35 2413//37 2245//37
f 2247//7 2414//36 2246//35
f 2248//32 2415//48 2247//20
f 2249//31 2416//31 2248//32
f 2250//1 2417//1 2249//1
f 2251//1 2418//1 2250//1
f 2252//1 2419//1 2251//1
f 2253//1 2420//1 2252//1
f 2254//1 2421//1 2253//1
f 2255//1 2422//1 2254//1
f 2256//1 2423//1 2255//1
f 2257//1 2424//1 2256//1
f 2258//1 2425//1 2257//1
f 2259//1 2426//1 2258//1
f 2260//1 2427//1 2259//1
f 2261//1 2428//1 2260//1
f 2262//1 2429//1 2261//1
f 2263//1 2430//1 2262//1
f 2264//1 2431//1 2263//1
f 2265//1 2432//1 2264//1
f 2266//1 2433//1 2265//1
f 2267//1 2434//1 2266//1
f 2268//1 2435//1 2267//1
f 2269//1 2436//1 2268//1
f 2108//1 2437//1 2269//1
f 2271//1 2439//1 2270//1
f 2272//1 2440//1 2271//1
f 2273//1 2441//1 2272//1
f 2274//1 2442//1 2273//1
f 2275//1 2443//1 2274//1
f 2276//1 2444//1 2275//1
f 2277//1 2445//1 2276//1
f 2278//1 2446//1 2277//1
f 2279//1 2447//1 2278//1
f 2280//1 2448//1 2279//1
f 2281//123 2449//123 2280//123
f 2282//1 2450//1 2281//1
f 2283//1 2451//1 2282//1
f 2284//1 2452//1 2283//1
f 2285//122 2453//122 2284//122
f 2286//1 2454//1 2285//1
f 2287//1 2455//1 2286//1
f 2288//1 2456//1 2287//1
f 2289//1 2457//1 2288//1
f 2290//1 2458//1 2289//1
f 2291//1 2459//1 2290//1
f 2292//1 2460//1 2291//1
f 2293//1 2461//1 2292//1
f 2294//1 2462//1 2293//1
f 2295//1 2463//1 2294//1
f 2296//1 2464//1 2295//1
f 2297//1 2465//1 2296//1
f 2298//1 2466//1 2297//1
f 2299//1 2468//1 2298//1
f 2300//1 2469//1 2299//1
f 2301//1 2470//1 2300//1
f 2302//1 2471//1 2301//1
f 2303//1 2472//1 2302//1
f 2304//1 2473//1 2303//1
f 2305//1 2474//1 2304//1
f 2306//1 2475//1 2305//1
f 2307//1 2476//1 2306//1
f 2308//1 2477//1 2307//1
f 2309//1 2478//1 2308//1
f 2310//1 2479//1 2309//1
f 2311//1 2480//1 2310//1
f 2312//1 2481//1 2311//1
f 2313//1 2482//1 2312//1
f 2314//1 2483//1 2313//1
f 2315//1 2484//1 2314//1
f 2316//1 2485//1 2315//1
f 2317//1 2486//1 2316//1
f 2318//1 2487//1 2317//1
f 2319//1 2488//1 2318//1
f 2320//1 2489//1 2319//1
f 2321//1 2490//1 2320//1
f 2322//1 2491//1 2321//1
f 2323//1 2492//1 2322//1
f 2324//1 2493//1 2323//1
f 2325//1 2494//1 2324//1
f 2326//1 2495//1 2325//1
f 2327//1 2497//1 2326//1
f 2328//1 2498//1 2327//1
f 2329//1 2499//1 2328//1
f 2330//1 2500//1 2329//1
f 2331//1 2501//1 2330//1
f 2332//1 2502//1 2331//1
f 2333//1 2503//1 2332//1
f 2334//1 2504//1 2333//1
f 2335//1 2505//1 2334//1
f 2336//1 2506//1 2335//1
f 2337//1 2507//1 2336//1
f 2338//1 2508//1 2337//1
f 2339//1 2509//1 2338//1
f 2340//1 2510//1 2339//1
f 2341//1 2511//1 2340//1
f 2342//1 2512//1 2341//1
f 2343//1 2513//1 2342//1
f 2344//1 2514//1 2343//1
f 2345//1 2515//1 2344//1
f 2346//1 2516//1 2345//1
f 2347//1 2517//1 2346//1
f 2348//1 2518//1 2347//1
f 2349//1 2519//1 2348//1
f 2350//1 2520//1 2349//1
f 2351//1 2521//1 2350//1
f 2352//1 2522//1 2351//1
f 2353//1 2523//1 2352//1
f 2354//1 2524//1 2353//1
f 2355//1 2526//1 2354//1
f 2356//1 2527//1 2355//1
f 2357//1 2528//1 2356//1
f 2358//1 2529//1 2357//1
f 2359//1 2530//1 2358//1
f 2360//1 2531//1 2359//1
f 2361//1 2532//1 2360//1
f 2362//1 2533//1 2361//1
f 2363//1 2534//1 2362//1
f 2364//122 2535//122 2363//122
f 2365//1 2536//1 2364//1
f 2366//1 2537//1 2365//1
f 2367//1 2538//1 2366//1
f 2368//133 2539//133 2367//133
f 2369//1 2540//1 2368//1
f 2370//1 2541//1 2369//1
f 2371//1 2542//1 2370//1
f 2372//1 2543//1 2371//1
f 2373//1 2544//1 2372//1
f 2374//1 2545//1 2373//1
f 2375//1 2546//1 2374//1
f 2376//1 2547//1 2375//1
f 2377//1 2548//1 2376//1
f 2378//1 2549//1 2377//1
f 2379//1 2550//1 2378//1
f 2380//1 2551//1 2379//1
f 2381//1 2552//1 2380//1
f 2382//1 2553//1 2381//1
f 2383//1 2555//1 2382//1
f 2384//1 2556//1 2383//1
f 2385//45 2557//38 2384//38
f 2386//35 2558//37 2385//36
f 2387//35 2559//37 2386//35
f 2388//69 2560//37 2387//35
f 2389//28 2561//45 2388//39
f 2390//7 2562//35 2389//7
f 2391//7 2563//69 2390//7
f 2392//1 2564//1 2391//1
f 2393//1 2565//1 2392//1
f 2394//45 2566//38 2393//38
f 2395//69 2567//37 2394//36
f 2396//28 2568//45 2395//39
f 2397//128 2569//23 2396//21
f 2398//24 2570//24 2397//128
f 2399//45 2571//38 2398//38
f 2400//127 2572//37 2399//36
f 2401//1 2573//1 2400//1
f 2402//36 2574//37 2401//127
f 2403//24 2575//24 2402//23
f 2404//1 2576//1 2403//1
f 2405//1 2577//1 2404//1
f 2406//1 2578//1 2405//1
f 2407//7 2579//69 2406//7
f 2408//23 2580//23 2407//21
f 2409//24 2581//24 2408//23
f 2410//1 2582//1 2409//1
f 2411//1 2584//1 2410//1
f 2412//1 2585//1 2411//1
f 2413//1 2586//1 2412//1
f 2414//36 2587//37 2413//37
f 2415//23 2588//24 2414//23
f 2416//31 2589//31 2415//48
f 2417//1 2590//1 2416//1
f 2418//1 2591//1 2417//1
f 2419//1 2592//1 2418//1
f 2420//1 2593//1 2419//1
f 2421//1 2594//1 2420//1
f 2422//1 2595//1 2421//1
f 2423//1 2596//1 2422//1
f 2424//1 2597//1 2423//1
f 2425//1 2598//1 2424//1
f 2426//1 2599//1 2425//1
f 2427//1 2600//1 2426//1
f 2428//1 2601//1 2427//1
f 2429//1 2602//1 2428//1
f 2430//1 2603//1 2429//1
f 2431//1 2604//1 2430//1
f 2432//1 2605//1 2431//1
f 2433//1 2606//1 2432//1
f 2434//1 2607//1 2433//1
f 2435//1 2608//1 2434//1
f 2436//1 2609//1 2435//1
f 2437//1 2610//1 2436//1
f 2270//1 2611//1 2437//1
f 2439//1 2613//1 2438//1
f 2440//1 2614//1 2439//1
f 2441//1 2615//1 2440//1
f 2442//1 2616//1 2441//1
f 2443//1 2617//1 2442//1
f 2444//1 2618//1 2443//1
f 2445//1 2619//1 2444//1
f 2446//1 2620//1 2445//1
f 2447//1 2621//1 2446//1
f 2448//1 2622//1 2447//1
f 2449//123 2623//123 2448//123
f 2450//1 2624//1 2449//1
f 2451//1 2625//1 2450//1
f 2452//1 2626//1 2451//1
f 2453//1 2627//1 2452//1
f 2454//122 2628//122 2453//122
f 2455//1 2629//1 2454//1
f 2456//1 2630//1 2455//1
f 2457//1 2631//1 2456//1
f 2458//1 2632//1 2457//1
f 2459//1 2633//1 2458//1
f 2460//1 2634//1 2459//1
f 2461//1 2635//1 2460//1
f 2462//1 2636//1 2461//1
f 2463//1 2637//1 2462//1
f 2464//1 2638//1 2463//1
f 2465//1 2639//1 2464//1
f 2466//1 2640//1 2465//1
f 2467//1 2641//1 2466//1
f 2468//1 2643//1 2467//1
f 2469//1 2644//1 2468//1
f 2470//1 2645//1 2469//1
f 2471//1 2646//1 2470//1
f 2472//1 2647//1 2471//1
f 2473//1 2648//1 2472//1
f 2474//1 2649//1 2473//1
f 2475//1 2650//1 2474//1
f 2476//1 2651//1 2475//1
f 2477//1 2652//1 2476//1
f 2478//1 2653//1 2477//1
f 2479//1 2654//1 2478//1
f 2480//1 2655//1 2479//1
f 2481//1 2656//1 2480//1
f 2482//1 2657//1 2481//1
f 2483//1 2658//1 2482//1
f 2484//1 2659//1 2483//1
f 2485//1 2660//1 2484//1
f 2486//1 2661//1 2485//1
f 2487//1 2662//1 2486//1
f 2488//1 2663//1 2487//1
f 2489//1 2664//1 2488//1
f 2490//1 2665//1 2489//1
f 2491//1 2666//1 2490//1
f 2492//1 2667//1 2491//1
f 2493//1 2668//1 2492//1
f 2494//1 2669//1 2493//1
f 2495//1 2670//1 2494//1
f 2496//1 2671//1 2495//1
f 2497//1 2673//1 2496//1
f 2498//1 2674//1 2497//1
f 2499//1 2675//1 2498//1
f 2500//1 2676//1 2499//1
f 2501//1 2677//1 2500//1
f 2502//1 2678//1 2501//1
f 2503//1 2679//1 2502//1
f 2504//1 2680//1 2503//1
f 2505//1 2681//1 2504//1
f 2506//1 2682//1 2505//1
f 2507//1 2683//1 2506//1
f 2508//1 2684//1 2507//1
f 2509//1 2685//1 2508//1
f 2510//1 2686//1 2509//1
f 2511//1 2687//1 2510//1
f 2512//1 2688//1 2511//1
f 2513//1 2689//1 2512//1
f 2514//1 2690//1 2513//1
f 2515//1 2691//1 2514//1
f 2516//1 2692//1 2515//1
f 2517//1 2693//1 2516//1
f 2518//1 2694//1 2517//1
f 2519//1 2695//1 2518//1
f 2520//1 2696//1 2519//1
f 2521//1 2697//1 2520//1
f 2522//1 2698//1 2521//1
f 2523//1 2699//1 2522//1
f 2524//1 2700//1 2523//1
f 2525//1 2701//1 2524//1
f 2526//1 2703//1 2525//1
f 2527//1 2704//1 2526//1
f 2528//1 2705//1 2527//1
f 2529//1 2706//1 2528//1
f 2530//1 2707//1 2529//1
f 2531//1 2708//1 2530//1
f 2532//1 2709//1 2531//1
f 2533//1 2710//1 2532//1
f 2534//1 2711//1 2533//1
f 2535//1 2712//1 2534//1
f 2536//119 2713//119 2535//119
f 2537//1 2714//1 2536//1
f 2538//1 2715//1 2537//1
f 2539//1 2716//1 2538//1
f 2540//133 2717//133 2539//133
f 2541//1 2718//1 2540//1
f 2542//1 2719//1 2541//1
f 2543//1 2720//1 2542//1
f 2544//1 2721//1 2543//1
f 2545//1 2722//1 2544//1
f 2546//1 2723//1 2545//1
f 2547//1 2724//1 2546//1
f 2548//1 2725//1 2547//1
f 2549//1 2726//1 2548//1
f 2550//1 2727//1 2549//1
f 2551//1 2728//1 2550//1
f 2552//1 2729//1 2551//1
f 2553//1 2730//1 2552//1
f 2554//1 2731//1 2553//1
f 2555//1 2733//1 2554//1
f 2556//1 2734//1 2555//1
f 2557//1 2735//1 2556//1
f 2558//1 2736//1 2557//1
f 2559//1 2737//1 2558//1
f 2560//1 2738//1 2559//1
f 2561//45 2739//38 2560//38
f 2562//35 2740//37 2561//36
f 2563//69 2741//37 2562//35
f 2564//28 2742//45 2563//39
f 2565//7 2743//69 2564//7
f 2566//1 2744//1 2565//1
f 2567//1 2745//1 2566//1
f 2568//45 2746//38 2567//38
f 2569//36 2747//37 2568//36
f 2570//24 2748//24 2569//23
f 2571//1 2749//1 2570//1
f 2572//1 2750//1 2571//1
f 2573//38 2751//38 2572//38
f 2574//24 2752//24 2573//24
f 2575//1 2753//1 2574//1
f 2576//1 2754//1 2575//1
f 2577//1 2755//1 2576//1
f 2578//1 2756//1 2577//1
f 2579//22 2757//128 2578//21
f 2580//36 2758//37 2579//69
f 2581//24 2759//24 2580//23
f 2582//1 2760//1 2581//1
f 2583//1 2761//1 2582//1
f 2584//1 2763//1 2583//1
f 2585//1 2764//1 2584//1
f 2586//1 2765//1 2585//1
f 2587//1 2766//1 2586//1
f 2588//1 2767//1 2587//1
f 2589//1 2768//1 2588//1
f 2590//1 2769//1 2589//1
f 2591//1 2770//1 2590//1
f 2592//1 2771//1 2591//1
f 2593//1 2772//1 2592//1
f 2594//1 2773//1 2593//1
f 2595//1 2774//1 2594//1
f 2596//1 2775//1 2595//1
f 2597//1 2776//1 2596//1
f 2598//1 2777//1 2597//1
f 2599//1 2778//1 2598//1
f 2600//1 2779//1 2599//1
f 2601//1 2780//1 2600//1
f 2602//1 2781//1 2601//1
f 2603//1 2782//1 2602//1
f 2604//1 2783//1 2603//1
f 2605//1 2784//1 2604//1
f 2606//1 2785//1 2605//1
f 2607//1 2786//1 2606//1
f 2608//1 2787//1 2607//1
f 2609//1 2788//1 2608//1
f 2610//1 2789//1 2609//1
f 2611//1 2790//1 2610//1
f 2438//1 2791//1 2611//1
f 2613//1 2793//1 2612//1
f 2614//1 2794//1 2613//1
f 2615//1 2795//1 2614//1
f 2616//1 2796//1 2615//1
f 2617//1 2797//1 2616//1
f 2618//1 2798//1 2617//1
f 2619//1 2799//1 2618//1
f 2620//1 2800//1 2619//1
f 2621//1 2801//1 2620//1
f 2622//1 2802//1 2621//1
f 2623//133 2803//133 2622//133
f 2624//1 2804//1 2623//1
f 2625//1 2805//1 2624//1
f 2626//1 2806//1 2625//1
f 2627//1 2807//1 2626//1
f 2628//1 2808//1 2627//1
f 2629//122 2809//122 2628//122
f 2630//1 2810//1 2629//1
f 2631//1 2811//1 2630//1
f 2632//1 2812//1 2631//1
f 2633//1 2813//1 2632//1
f 2634//1 2814//1 2633//1
f 2635//1 2815//1 2634//1
f 2636//1 2816//1 2635//1
f 2637//1 2817//1 2636//1
f 2638//1 2818//1 2637//1
f 2639//1 2819//1 2638//1
f 2640//1 2820//1 2639//1
f 2641//1 2821//1 2640//1
f 2642//1 2822//1 2641//1
f 2643//1 2824//1 2642//1
f 2644//1 2825//1 2643//1
f 2645//1 2826//1 2644//1
f 2646//1 2827//1 2645//1
f 2647//1 2828//1 2646//1
f 2648//1 2829//1 2647//1
f 2649//1 2830//1 2648//1
f 2650//1 2831//1 2649//1
f 2651//1 2832//1 2650//1
f 2652//1 2833//1 2651//1
f 2653//1 2834//1 2652//1
f 2654//1 2835//1 2653//1
f 2655//1 2836//1 2654//1
f 2656//1 2837//1 2655//1
f 2657//1 2838//1 2656//1
f 2658//1 2839//1 2657//1
f 2659//1 2840//1 2658//1
f 2660//1 2841//1 2659//1
f 2661//1 2842//1 2660//1
f 2662//1 2843//1 2661//1
f 2663//1 2844//1 2662//1
f 2664//1 2845//1 2663//1
f 2665//1 2846//1 2664//1
f 2666//1 2847//1 2665//1
f 2667//1 2848//1 2666//1
f 2668//1 2849//1 2667//1
f 2669//1 2850//1 2668//1
f 2670//1 2851//1 2669//1
f 2671//1 2852//1 2670//1
f 2672//1 2853//1 2671//1
f 2673//1 2855//1 2672//1
f 2674//1 2856//1 2673//1
f 2675//1 2857//1 2674//1
f 2676//1 2858//1 2675//1
f 2677//1 2859//1 2676//1
f 2678//1 2860//1 2677//1
f 2679//1 2861//1 2678//1
f 2680//1 2862//1 2679//1
f 2681//1 2863//1 2680//1
f 2682//1 2864//1 2681//1
f 2683//1 2865//1 2682//1
f 2684//1 2866//1 2683//1
f 2685//1 2867//1 2684//1
f 2686//1 2868//1 2685//1
f 2687//1 2869//1 2686//1
f 2688//1 2870//1 2687//1
f 2689//1 2871//1 2688//1
f 2690//1 2872//1 2689//1
f 2691//1 2873//1 2690//1
f 2692//1 2874//1 2691//1
f 2693//1 2875//1 2692//1
f 2694//1 2876//1 2693//1
f 2695//1 2877//1 2694//1
f 2696//1 2878//1 2695//1
f 2697//1 2879//1 2696//1
f 2698//1 2880//1 2697//1
f 2699//1 2881//1 2698//1
f 2700//1 2882//1 2699//1
f 2701//1 2883//1 2700//1
f 2702//1 2884//1 2701//1
f 2703//1 2886//1 2702//1
f 2704//1 2887//1 2703//1
f 2705//1 2888//1 2704//1
f 2706//1 2889//1 2705//1
f 2707//1 2890//1 2706//1
f 2708//1 2891//1 2707//1
f 2709//1 2892//1 2708//1
f 2710//1 2893//1 2709//1
f 2711//1 2894//1 2710//1
f 2712//1 2895//1 2711//1
f 2713//122 2896//122 2712//122
f 2714//1 2897//1 2713//1
f 2715//1 2898//1 2714//1
f 2716//1 2899//1 2715//1
f 2717//1 2900//1 2716//1
f 2718//123 2901//123 2717//123
f 2719//1 2902//1 2718//1
f 2720//1 2903//1 2719//1
f 2721//1 2904//1 2720//1
f 2722//1 2905//1 2721//1
f 2723//1 2906//1 2722//1
f 2724//1 2907//1 2723//1
f 2725//1 2908//1 2724//1
f 2726//1 2909//1 2725//1
f 2727//1 2910//1 2726//1
f 2728//1 2911//1 2727//1
f 2729//1 2912//1 2728//1
f 2730//1 2913//1 2729//1
f 2731//1 2914//1 2730//1
f 2732//1 2915//1 2731//1
f 2733//1 2917//1 2732//1
f 2734//1 2918//1 2733//1
f 2735//1 2919//1 2734//1
f 2736//1 2920//1 2735//1
f 2737//1 2921//1 2736//1
f 2738//1 2922//1 2737//1
f 2739//1 2923//1 2738//1
f 2740//1 2924//1 2739//1
f 2741//1 2925//1 2740//1
f 2742//45 2926//38 2741//38
f 2743//69 2927//37 2742//36
f 2744//28 2928//45 2743//39
f 2745//7 2929//69 2744//7
f 2746//1 2930//1 2745//1
f 2747//1 2931//1 2746//1
f 2748//1 2932//1 2747//1
f 2749//1 2933//1 2748//1
f 2750//1 2934//1 2749//1
f 2751//1 2935//1 2750//1
f 2752//1 2936//1 2751//1
f 2753//1 2937//1 2752//1
f 2754//1 2938//1 2753//1
f 2755//1 2939//1 2754//1
f 2756//7 2940//69 2755//7
f 2757//128 2941//23 2756//21
f 2758//24 2942//24 2757//128
f 2759//1 2943//1 2758//1
f 2760//1 2944//1 2759//1
f 2761//1 2945//1 2760//1
f 2762//1 2946//1 2761//1
f 2763//1 2948//1 2762//1
f 2764//1 2949//1 2763//1
f 2765//1 2950//1 2764//1
f 2766//1 2951//1 2765//1
f 2767//1 2952//1 2766//1
f 2768//1 2953//1 2767//1
f 2769//1 2954//1 2768//1
f 2770//1 2955//1 2769//1
f 2771//1 2956//1 2770//1
f 2772//1 2957//1 2771//1
f 2773//1 2958//1 2772//1
f 2774//1 2959//1 2773//1
f 2775//1 2960//1 2774//1
f 2776//1 2961//1 2775//1
f 2777//1 2962//1 2776//1
f 2778//1 2963//1 2777//1
f 2779//1 2964//1 2778//1
f 2780//1 2965//1 2779//1
f 2781//1 2966//1 2780//1
f 2782//1 2967//1 2781//1
f 2783//1 2968//1 2782//1
f 2784//1 2969//1 2783//1
f 2785//1 2970//1 2784//1
f 2786//1 2971//1 2785//1
f 2787//1 2972//1 2786//1
f 2788//1 2973//1 2787//1
f 2789//1 2974//1 2788//1
f 2790//1 2975//1 2789//1
f 2791//1 2976//1 2790//1
f 2612//1 2977//1 2791//1
f 2793//1 2979//1 2792//1
f 2794//1 2980//1 2793//1
f 2795//1 2981//1 2794//1
f 2796//1 2982//1 2795//1
f 2797//1 2983//1 2796//1
f 2798//1 2984//1 2797//1
f 2799//1 2985//1 2798//1
f 2800//1 2986//1 2799//1
f 2801//1 2987//1 2800//1
f 2802//1 2988//1 2801//1
f 2803//1 2989//1 2802//1
f 2804//123 2990//123 2803//123
f 2805//1 2991//1 2804//1
f 2806//1 2992//1 2805//1
f 2807//1 2993//1 2806//1
f 2808//1 2994//1 2807//1
f 2809//1 2995//1 2808//1
f 2810//119 2996//119 2809//119
f 2811//1 2997//1 2810//1
f 2812//1 2998//1 2811//1
f 2813//1 2999//1 2812//1
f 2814//1 3000//1 2813//1
f 2815//1 3001//1 2814//1
f 2816//1 3002//1 2815//1
f 2817//1 3003//1 2816//1
f 2818//1 3004//1 2817//1
f 2819//1 3005//1 2818//1
f 2820//1 3006//1 2819//1
f 2821//1 3007//1 2820//1
f 2822//1 3008//1 2821//1
f 2823//1 3009//1 2822//1
f 2824//1 3011//1 2823//1
f 2825//1 3012//1 2824//1
f 2826//1 3013//1 2825//1
f 2827//1 3014//1 2826//1
f 2828//1 3015//1 2827//1
f 2829//1 3016//1 2828//1
f 2830//1 3017//1 2829//1
f 2831//1 3018//1 2830//1
f 2832//1 3019//1 2831//1
f 2833//1 3020//1 2832//1
f 2834//1 3021//1 2833//1
f 2835//1 3022//1 2834//1
f 2836//1 3023//1 2835//1
f 2837//1 3024//1 2836//1
f 2838//1 3025//1 2837//1
f 2839//1 3026//1 2838//1
f 2840//1 3027//1 2839//1
f 2841//1 3028//1 2840//1
f 2842//1 3029//1 2841//1
f 2843//1 3030//1 2842//1
f 2844//1 3031//1 2843//1
f 2845//1 3032//1 2844//1
f 2846//1 3033//1 2845//1
f 2847//1 3034//1 2846//1
f 2848//1 3035//1 2847//1
f 2849//1 3036//1 2848//1
f 2850//1 3037//1 2849//1
f 2851//1 3038//1 2850//1
f 2852//1 3039//1 2851//1
f 2853//1 3040//1 2852//1
f 2854//1 3041//1 2853//1
f 2855//1 3043//1 2854//1
f 2856//1 3044//1 2855//1
f 2857//1 3045//1 2856//1
f 2858//1 3046//1 2857//1
f 2859//1 3047//1 2858//1
f 2860//1 3048//1 2859//1
f 2861//1 3049//1 2860//1
f 2862//1 3050//1 2861//1
f 2863//1 3051//1 2862//1
f 2864//1 3052//1 2863//1
f 2865//1 3053//1 2864//1
f 2866//1 3054//1 2865//1
f 2867//1 3055//1 2866//1
f 2868//1 3056//1 2867//1
f 2869//1 3057//1 2868//1
f 2870//1 3058//1 2869//1
f 2871//1 3059//1 2870//1
f 2872//1 3060//1 2871//1
f 2873//1 3061//1 2872//1
f 2874//1 3062//1 2873//1
f 2875//1 3063//1 2874//1
f 2876//1 3064//1 2875//1
f 2877//1 3065//1 2876//1
f 2878//1 3066//1 2877//1
f 2879//1 3067//1 2878//1
f 2880//1 3068//1 2879//1
f 2881//1 3069//1 2880//1
f 2882//1 3070//1 2881//1
f 2883//1 3071//1 2882//1
f 2884//1 3072//1 2883//1
f 2885//1 3073//1 2884//1
f 2886//1 3075//1 2885//1
f 2887//1 3076//1 2886//1
f 2888//1 3077//1 2887//1
f 2889//1 3078//1 2888//1
f 2890//1 3079//1 2889//1
f 2891//1 3080//1 2890//1
f 2892//1 3081//1 2891//1
f 2893//1 3082//1 2892//1
f 2894//1 3083//1 2893//1
f 2895//1 3084//1 2894//1
f 2896//1 3085//1 2895//1
f 2897//122 3086//122 2896//122
f 2898//1 3087//1 2897//1
f 2899//1 3088//1 2898//1
f 2900//1 3089//1 2899//1
f 2901//133 3090//133 2900//133
f 2902//1 3091//1 2901//1
f 2903//1 3092//1 2902//1
f 2904//1 3093//1 2903//1
f 2905//1 3094//1 2904//1
f 2906//1 3095//1 2905//1
f 2907//1 3096//1 2906//1
f 2908//1 3097//1 2907//1
f 2909//1 3098//1 2908//1
f 2910//1 3099//1 2909//1
f 2911//1 3100//1 2910//1
f 2912//1 3101//1 2911//1
f 2913//1 3102//1 2912//1
f 2914//1 3103//1 2913//1
f 2915//1 3104//1 2914//1
f 2916//1 3105//1 2915//1
f 2917//1 3107//1 2916//1
f 2918//1 3108//1 2917//1
f 2919//1 3109//1 2918//1
f 2920//1 3110//1 2919//1
f 2921//1 3111//1 2920//1
f 2922//1 3112//1 2921//1
f 2923//1 3113//1 2922//1
f 2924//1 3114//1 2923//1
f 2925//1 3115//1 2924//1
f 2926//1 3116//1 2925//1
f 2927//1 3117//1 2926//1
f 2928//45 3118//38 2927//38
f 2929//69 3119//37 2928//36
f 2930//28 3120//88 2929//39
f 2931//1 3121//1 2930//1
f 2932//1 3122//1 2931//1
f 2933//1 3123//1 2932//1
f 2934//1 3124//1 2933//1
f 2935//1 3125//1 2934//1
f 2936//1 3126//1 2935//1
f 2937//1 3127//1 2936//1
f 2938//1 3128//1 2937//1
f 2939//1 3129//1 2938//1
f 2940//22 3130//128 2939//21
f 2941//36 3131//37 2940//69
f 2942//24 3132//24 2941//23
f 2943//1 3133//1 2942//1
f 2944//1 3134//1 2943//1
f 2945//1 3135//1 2944//1
f 2946//1 3136//1 2945//1
f 2947//1 3137//1 2946//1
f 2948//1 3139//1 2947//1
f 2949//1 3140//1 2948//1
f 2950//1 3141//1 2949//1
f 2951//1 3142//1 2950//1
f 2952//1 3143//1 2951//1
f 2953//1 3144//1 2952//1
f 2954//1 3145//1 2953//1
f 2955//1 3146//1 2954//1
f 2956//1 3147//1 2955//1
f 2957//1 3148//1 2956//1
f 2958//1 3149//1 2957//1
f 2959//1 3150//1 2958//1
f 2960//1 3151//1 2959//1
f 2961//1 3152//1 2960//1
f 2962//1 3153//1 2961//1
f 2963//1 3154//1 2962//1
f 2964//1 3155//1 2963//1
f 2965//1 3156//1 2964//1
f 2966//1 3157//1 2965//1
f 2967//1 3158//1 2966//1
f 2968//1 3159//1 2967//1
f 2969//1 3160//1 2968//1
f 2970//1 3161//1 2969//1
f 2971//1 3162//1 2970//1
f 2972//1 3163//1 2971//1
f 2973//1 3164//1 2972//1
f 2974//1 3165//1 2973//1
f 2975//1 3166//1 2974//1
f 2976//1 3167//1 2975//1
f 2977//1 3168//1 2976//1
f 2792//1 3169//1 2977//1
f 2979//1 3171//1 2978//1
f 2980//1 3172//1 2979//1
f 2981//1 3173//1 2980//1
f 2982//1 3174//1 2981//1
f 2983//1 3175//1 2982//1
f 2984//1 3176//1 2983//1
f 2985//1 3177//1 2984//1
f 2986//1 3178//1 2985//1
f 2987//1 3179//1 2986//1
f 2988//1 3180//1 2987//1
f 2989//1 3181//1 2988//1
f 2990//133 3182//133 2989//133
f 2991//1 3183//1 2990//1
f 2992//1 3184//1 2991//1
f 2993//1 3185//1 2992//1
f 2994//1 3186//1 2993//1
f 2995//1 3187//1 2994//1
f 2996//122 3188//122 2995//122
f 2997//1 3189//1 2996//1
f 2998//1 3190//1 2997//1
f 2999//1 3191//1 2998//1
f 3000//1 3192//1 2999//1
f 3001//1 3193//1 3000//1
f 3002//1 3194//1 3001//1
f 3003//1 3195//1 3002//1
f 3004//1 3196//1 3003//1
f 3005//1 3197//1 3004//1
f 3006//1 3198//1 3005//1
f 3007//1 3199//1 3006//1
f 3008//1 3200//1 3007//1
f 3009//1 3201//1 3008//1
f 3010//1 3202//1 3009//1
f 3011//1 3204//1 3010//1
f 3012//1 3205//1 3011//1
f 3013//1 3206//1 3012//1
f 3014//1 3207//1 3013//1
f 3015//1 3208//1 3014//1
f 3016//1 3209//1 3015//1
f 3017//1 3210//1 3016//1
f 3018//1 3211//1 3017//1
f 3019//1 3212//1 3018//1
f 3020//1 3213//1 3019//1
f 3021//1 3214//1 3020//1
f 3022//1 3215//1 3021//1
f 3023//1 3216//1 3022//1
f 3024//1 3217//1 3023//1
f 3025//1 3218//1 3024//1
f 3026//1 3219//1 3025//1
f 3027//1 3220//1 3026//1
f 3028//1 3221//1 3027//1
f 3029//1 3222//1 3028//1
f 3030//1 3223//1 3029//1
f 3031//1 3224//1 3030//1
f 3032//1 3225//1 3031//1
f 3033//1 3226//1 3032//1
f 3034//1 3227//1 3033//1
f 3035//1 3228//1 3034//1
f 3036//1 3229//1 3035//1
f 3037//1 3230//1 3036//1
f 3038//1 3231//1 3037//1
f 3039//1 3232//1 3038//1
f 3040//1 3233//1 3039//1
f 3041//1 3234//1 3040//1
f 3042//1 3235//1 3041//1
f 3043//1 3237//1 3042//1
f 3044//1 3238//1 3043//1
f 3045//1 3239//1 3044//1
f 3046//1 3240//1 3045//1
f 3047//1 3241//1 3046//1
f 3048//1 3242//1 3047//1
f 3049//1 3243//1 3048//1
f 3050//1 3244//1 3049//1
f 3051//1 3245//1 3050//1
f 3052//1 3246//1 3051//1
f 3053//1 3247//1 3052//1
f 3054//1 3248//1 3053//1
f 3055//1 3249//1 3054//1
f 3056//1 3250//1 3055//1
f 3057//1 3251//1 3056//1
f 3058//1 3252//1 3057//1
f 3059//1 3253//1 3058//1
f 3060//1 3254//1 3059//1
f 3061//1 3255//1 3060//1
f 3062//1 3256//1 3061//1
f 3063//1 3257//1 3062//1
f 3064//1 3258//1 3063//1
f 3065//1 3259//1 3064//1
f 3066//1 3260//1 3065//1
f 3067//1 3261//1 3066//1
f 3068//1 3262//1 3067//1
f 3069//1 3263//1 3068//1
f 3070//1 3264//1 3069//1
f 3071//1 3265//1 3070//1
f 3072//1 3266//1 3071//1
f 3073//1 3267//1 3072//1
f 3074//1 3268//1 3073//1
f 3075//1 3270//1 3074//1
f 3076//1 3271//1 3075//1
f 3077//1 3272//1 3076//1
f 3078//1 3273//1 3077//1
f 3079//1 3274//1 3078//1
f 3080//1 3275//1 3079//1
f 3081//1 3276//1 3080//1
f 3082//1 3277//1 3081//1
f 3083//1 3278//1 3082//1
f 3084//1 3279//1 3083//1
f 3085//1 3280//1 3084//1
f 3086//1 3281//1 3085//1
f 3087//119 3282//119 3086//119
f 3088//1 3283//1 3087//1
f 3089//1 3284//1 3088//1
f 3090//1 3285//1 3089//1
f 3091//133 3286//133 3090//133
f 3092//1 3287//1 3091//1
f 3093//1 3288//1 3092//1
f 3094//1 3289//1 3093//1
f 3095//1 3290//1 3094//1
f 3096//1 3291//1 3095//1
f 3097//1 3292//1 3096//1
f 3098//1 3293//1 3097//1
f 3099//1 3294//1 3098//1
f 3100//1 3295//1 3099//1
f 3101//1 3296//1 3100//1
f 3102//1 3297//1 3101//1
f 3103//1 3298//1 3102//1
f 3104//1 3299//1 3103//1
f 3105//1 3300//1 3104//1
f 3106//1 3301//1 3105//1
f 3107//1 3303//1 3106//1
f 3108//1 3304//1 3107//1
f 3109//1 3305//1 3108//1
f 3110//1 3306//1 3109//1
f 3111//1 3307//1 3110//1
f 3112//1 3308//1 3111//1
f 3113//1 3309//1 3112//1
f 3114//1 3310//1 3113//1
f 3115//1 3311//1 3114//1
f 3116//1 3312//1 3115//1
f 3117//1 3313//1 3116//1
f 3118//1 3314//1 3117//1
f 3119//1 3315//1 3118//1
f 3120//88 3316//38 3119//38
f 3121//28 3317//88 3120//88
f 3122//1 3318//1 3121//1
f 3123//1 3319//1 3122//1
f 3124//1 3320//1 3123//1
f 3125//1 3321//1 3124//1
f 3126//7 3322//69 3125//7
f 3127//7 3323//35 3126//7
f 3128//7 3324//35 3127//7
f 3129//7 3325//35 3128//7
f 3130//128 3326//23 3129//21
f 3131//24 3327//24 3130//128
f 3132//1 3328//1 3131//1
f 3133//1 3329//1 3132//1
f 3134//1 3330//1 3133//1
f 3135//1 3331//1 3134//1
f 3136//1 3332//1 3135//1
f 3137//1 3333//1 3136//1
f 3138//1 3334//1 3137//1
f 3139//1 3336//1 3138//1
f 3140//1 3337//1 3139//1
f 3141//1 3338//1 3140//1
f 3142//1 3339//1 3141//1
f 3143//1 3340//1 3142//1
f 3144//1 3341//1 3143//1
f 3145//1 3342//1 3144//1
f 3146//1 3343//1 3145//1
f 3147//1 3344//1 3146//1
f 3148//1 3345//1 3147//1
f 3149//1 3346//1 3148//1
f 3150//1 3347//1 3149//1
f 3151//1 3348//1 3150//1
f 3152//1 3349//1 3151//1
f 3153//1 3350//1 3152//1
f 3154//1 3351//1 3153//1
f 3155//1 3352//1 3154//1
f 3156//1 3353//1 3155//1
f 3157//1 3354//1 3156//1
f 3158//1 3355//1 3157//1
f 3159//1 3356//1 3158//1
f 3160//1 3357//1 3159//1
f 3161//1 3358//1 3160//1
f 3162//1 3359//1 3161//1
f 3163//1 3360//1 3162//1
f 3164//1 3361//1 3163//1
f 3165//1 3362//1 3164//1
f 3166//1 3363//1 3165//1
f 3167//1 3364//1 3166//1
f 3168//1 3365//1 3167//1
f 3169//1 3366//1 3168//1
f 2978//1 3367//1 3169//1
f 3171//1 3369//1 3170//1
f 3172//1 3370//1 3171//1
f 3173//1 3371//1 3172//1
f 3174//1 3372//1 3173//1
f 3175//1 3373//1 3174//1
f 3176//1 3374//1 3175//1
f 3177//1 3375//1 3176//1
f 3178//1 3376//1 3177//1
f 3179//1 3377//1 3178//1
f 3180//1 3378//1 3179//1
f 3181//1 3379//1 3180//1
f 3182//1 3380//1 3181//1
f 3183//133 3381//133 3182//133
f 3184//1 3382//1 3183//1
f 3185//1 3383//1 3184//1
f 3186//1 3384//1 3185//1
f 3187//1 3385//1 3186//1
f 3188//1 3386//1 3187//1
f 3189//119 3387//119 3188//119
f 3190//1 3388//1 3189//1
f 3191//1 3389//1 3190//1
f 3192//1 3390//1 3191//1
f 3193//1 3391//1 3192//1
f 3194//1 3392//1 3193//1
f 3195//1 3393//1 3194//1
f 3196//1 3394//1 3195//1
f 3197//1 3395//1 3196//1
f 3198//1 3396//1 3197//1
f 3199//1 3397//1 3198//1
f 3200//1 3398//1 3199//1
f 3201//1 3399//1 3200//1
f 3202//1 3400//1 3201//1
f 3203//1 3401//1 3202//1
f 3204//1 3403//1 3203//1
f 3205//1 3404//1 3204//1
f 3206//1 3405//1 3205//1
f 3207//1 3406//1 3206//1
f 3208//1 3407//1 3207//1
f 3209//1 3408//1 3208//1
f 3210//1 3409//1 3209//1
f 3211//1 3410//1 3210//1
f 3212//1 3411//1 3211//1
f 3213//1 3412//1 3212//1
f 3214//1 3413//1 3213//1
f 3215//1 3414//1 3214//1
f 3216//1 3415//1 3215//1
f 3217//1 3416//1 3216//1
f 3218//1 3417//1 3217//1
f 3219//1 3418//1 3218//1
f 3220//1 3419//1 3219//1
f 3221//1 3420//1 3220//1
f 3222//1 3421//1 3221//1
f 3223//1 3422//1 3222//1
f 3224//1 3423//1 3223//1
f 3225//1 3424//1 3224//1
f 3226//1 3425//1 3225//1
f 3227//1 3426//1 3226//1
f 3228//1 3427//1 3227//1
f 3229//1 3428//1 3228//1
f 3230//1 3429//1 3229//1
f 3231//1 3430//1 3230//1
f 3232//1 3431//1 3231//1
f 3233//1 3432//1 3232//1
f 3234//1 3433//1 3233//1
f 3235//1 3434//1 3234//1
f 3236//1 3435//1 3235//1
f 3237//1 3437//1 3236//1
f 3238//1 3438//1 3237//1
f 3239//1 3439//1 3238//1
f 3240//1 3440//1 3239//1
f 3241//1 3441//1 3240//1
f 3242//1 3442//1 3241//1
f 3243//1 3443//1 3242//1
f 3244//1 3444//1 3243//1
f 3245//1 3445//1 3244//1
f 3246//1 3446//1 3245//1
f 3247//1 3447//1 3246//1
f 3248//1 3448//1 3247//1
f 3249//1 3449//1 3248//1
f 3250//1 3450//1 3249//1
f 3251//1 3451//1 3250//1
f 3252//1 3452//1 3251//1
f 3253//1 3453//1 3252//1
f 3254//1 3454//1 3253//1
f 3255//1 3455//1 3254//1
f 3256//1 3456//1 3255//1
f 3257//1 3457//1 3256//1
f 3258//1 3458//1 3257//1
f 3259//1 3459//1 3258//1
f 3260//1 3460//1 3259//1
f 3261//1 3461//1 3260//1
f 3262//1 3462//1 3261//1
f 3263//1 3463//1 3262//1
f 3264//1 3464//1 3263//1
f 3265//1 3465//1 3264//1
f 3266//1 3466//1 3265//1
f 3267//1 3467//1 3266//1
f 3268//1 3468//1 3267//1
f 3269//1 3469//1 3268//1
f 3270//1 3471//1 3269//1
f 3271//1 3472//1 3270//1
f 3272//1 3473//1 3271//1
f 3273//1 3474//1 3272//1
f 3274//1 3475//1 3273//1
f 3275//1 3476//1 3274//1
f 3276//1 3477//1 3275//1
f 3277//1 3478//1 3276//1
f 3278//1 3479//1 3277//1
f 3279//1 3480//1 3278//1
f 3280//1 3481//1 3279//1
f 3281//1 3482//1 3280//1
f 3282//122 3483//122 3281//122
f 3283//1 3484//1 3282//1
f 3284//1 3485//1 3283//1
f 3285//1 3486//1 3284//1
f 3286//1 3487//1 3285//1
f 3287//123 3488//123 3286//123
f 3288//1 3489//1 3287//1
f 3289//1 3490//1 3288//1
f 3290//1 3491//1 3289//1
f 3291//1 3492//1 3290//1
f 3292//1 3493//1 3291//1
f 3293//1 3494//1 3292//1
f 3294//1 3495//1 3293//1
f 3295//1 3496//1 3294//1
f 3296//1 3497//1 3295//1
f 3297//1 3498//1 3296//1
f 3298//1 3499//1 3297//1
f 3299//1 3500//1 3298//1
f 3300//1 3501//1 3299//1
f 3301//1 3502//1 3300//1
f 3302//1 3503//1 3301//1
f 3303//1 3505//1 3302//1
f 3304//1 3506//1 3303//1
f 3305//1 3507//1 3304//1
f 3306//1 3508//1 3305//1
f 3307//1 3509//1 3306//1
f 3308//1 3510//1 3307//1
f 3309//1 3511//1 3308//1
f 3310//1 3512//1 3309//1
f 3311//1 3513//1 3310//1
f 3312//1 3514//1 3311//1
f 3313//1 3515//1 3312//1
f 3314//1 3516//1 3313//1
f 3315//1 3517//1 3314//1
f 3316//1 3518//1 3315//1
f 3317//88 3519//38 3316//38
f 3318//28 3520//45 3317//88
f 3319//7 3521//35 3318//7
f 3320//7 3522//35 3319//7
f 3321//7 3523//35 3320//7
f 3322//22 3524//23 3321//21
f 3323//35 3525//37 3322//69
f 3324//35 3526//37 3323//35
f 3325//35 3527//37 3324//35
f 3326//36 3528//37 3325//35
f 3327//24 3529//24 3326//23
f 3328//1 3530//1 3327//1
f 3329//1 3531//1 3328//1
f 3330//1 3532//1 3329//1
f 3331//1 3533//1 3330//1
f 3332//1 3534//1 3331//1
f 3333//1 3535//1 3332//1
f 3334//1 3536//1 3333//1
f 3335//1 3537//1 3334//1
f 3336//1 3539//1 3335//1
f 3337//1 3540//1 3336//1
f 3338//1 3541//1 3337//1
f 3339//1 3542//1 3338//1
f 3340//1 3543//1 3339//1
f 3341//1 3544//1 3340//1
f 3342//1 3545//1 3341//1
f 3343//1 3546//1 3342//1
f 3344//1 3547//1 3343//1
f 3345//1 3548//1 3344//1
f 3346//1 3549//1 3345//1
f 3347//1 3550//1 3346//1
f 3348//1 3551//1 3347//1
f 3349//1 3552//1 3348//1
f 3350//1 3553//1 3349//1
f 3351//1 3554//1 3350//1
f 3352//1 3555//1 3351//1
f 3353//1 3556//1 3352//1
f 3354//1 3557//1 3353//1
f 3355//1 3558//1 3354//1
f 3356//1 3559//1 3355//1
f 3357//1 3560//1 3356//1
f 3358//1 3561//1 3357//1
f 3359//1 3562//1 3358//1
f 3360//1 3563//1 3359//1
f 3361//1 3564//1 3360//1
f 3362//1 3565//1 3361//1
f 3363//1 3566//1 3362//1
f 3364//1 3567//1 3363//1
f 3365//1 3568//1 3364//1
f 3366//1 3569//1 3365//1
f 3367//1 3570//1 3366//1
f 3170//1 3571//1 3367//1
f 3369//1 3573//1 3368//1
f 3370//1 3574//1 3369//1
f 3371//1 3575//1 3370//1
f 3372//1 3576//1 3371//1
f 3373//1 3577//1 3372//1
f 3374//1 3578//1 3373//1
f 3375//1 3579//1 3374//1
f 3376//1 3580//1 3375//1
f 3377//1 3581//1 3376//1
f 3378//1 3582//1 3377//1
f 3379//1 3583//1 3378//1
f 3380//1 3584//1 3379//1
f 3381//1 3585//1 3380//1
f 3382//133 3586//133 3381//133
f 3383//1 3587//1 3382//1
f 3384//1 3588//1 3383//1
f 3385//1 3589//1 3384//1
f 3386//1 3590//1 3385//1
f 3387//122 3591//122 3386//122
f 3388//1 3592//1 3387//1
f 3389//1 3593//1 3388//1
f 3390//1 3594//1 3389//1
f 3391//1 3595//1 3390//1
f 3392//1 3596//1 3391//1
f 3393//1 3597//1 3392//1
f 3394//1 3598//1 3393//1
f 3395//1 3599//1 3394//1
f 3396//1 3600//1 3395//1
f 3397//1 3601//1 3396//1
f 3398//1 3602//1 3397//1
f 3399//1 3603//1 3398//1
f 3400//1 3604//1 3399//1
f 3401//1 3605//1 3400//1
f 3402//1 3606//1 3401//1
f 3403//1 3608//1 3402//1
f 3404//1 3609//1 3403//1
f 3405//1 3610//1 3404//1
f 3406//1 3611//1 3405//1
f 3407//1 3612//1 3406//1
f 3408//1 3613//1 3407//1
f 3409//1 3614//1 3408//1
f 3410//1 3615//1 3409//1
f 3411//1 3616//1 3410//1
f 3412//1 3617//1 3411//1
f 3413//1 3618//1 3412//1
f 3414//1 3619//1 3413//1
f 3415//1 3620//1 3414//1
f 3416//1 3621//1 3415//1
f 3417//1 3622//1 3416//1
f 3418//1 3623//1 3417//1
f 3419//1 3624//1 3418//1
f 3420//1 3625//1 3419//1
f 3421//1 3626//1 3420//1
f 3422//1 3627//1 3421//1
f 3423//1 3628//1 3422//1
f 3424//1 3629//1 3423//1
f 3425//1 3630//1 3424//1
f 3426//1 3631//1 3425//1
f 3427//1 3632//1 3426//1
f 3428//1 3633//1 3427//1
f 3429//1 3634//1 3428//1
f 3430//1 3635//1 3429//1
f 3431//1 3636//1 3430//1
f 3432//1 3637//1 3431//1
f 3433//1 3638//1 3432//1
f 3434//1 3639//1 3433//1
f 3435//1 3640//1 3434//1
f 3436//1 3641//1 3435//1
f 3437//1 3643//1 3436//1
f 3438//1 3644//1 3437//1
f 3439//1 3645//1 3438//1
f 3440//1 3646//1 3439//1
f 3441//1 3647//1 3440//1
f 3442//1 3648//1 3441//1
f 3443//1 3649//1 3442//1
f 3444//1 3650//1 3443//1
f 3445//1 3651//1 3444//1
f 3446//1 3652//1 3445//1
f 3447//1 3653//1 3446//1
f 3448//1 3654//1 3447//1
f 3449//1 3655//1 3448//1
f 3450//1 3656//1 3449//1
f 3451//1 3657//1 3450//1
f 3452//1 3658//1 3451//1
f 3453//1 3659//1 3452//1
f 3454//1 3660//1 3453//1
f 3455//1 3661//1 3454//1
f 3456//1 3662//1 3455//1
f 3457//1 3663//1 3456//1
f 3458//1 3664//1 3457//1
f 3459//1 3665//1 3458//1
f 3460//1 3666//1 3459//1
f 3461//1 3667//1 3460//1
f 3462//1 3668//1 3461//1
f 3463//1 3669//1 3462//1
f 3464//1 3670//1 3463//1
f 3465//1 3671//1 3464//1
f 3466//1 3672//1 3465//1
f 3467//1 3673//1 3466//1
f 3468//1 3674//1 3467//1
f 3469//1 3675//1 3468//1
f 3470//1 3676//1 3469//1
f 3471//1 3678//1 3470//1
f 3472//1 3679//1 3471//1
f 3473//1 3680//1 3472//1
f 3474//1 3681//1 3473//1
f 3475//1 3682//1 3474//1
f 3476//1 3683//1 3475//1
f 3477//1 3684//1 3476//1
f 3478//1 3685//1 3477//1
f 3479//1 3686//1 3478//1
f 3480//1 3687//1 3479//1
f 3481//1 3688//1 3480//1
f 3482//1 3689//1 3481//1
f 3483//1 3690//1 3482//1
f 3484//122 3691//122 3483//122
f 3485//1 3692//1 3484//1
f 3486//1 3693//1 3485//1
f 3487//1 3694//1 3486//1
f 3488//133 3695//133 3487//133
f 3489//1 3696//1 3488//1
f 3490//1 3697//1 3489//1
f 3491//1 3698//1 3490//1
f 3492//1 3699//1 3491//1
f 3493//1 3700//1 3492//1
f 3494//1 3701//1 3493//1
f 3495//1 3702//1 3494//1
f 3496//1 3703//1 3495//1
f 3497//1 3704//1 3496//1
f 3498//1 3705//1 3497//1
f 3499//1 3706//1 3498//1
f 3500//1 3707//1 3499//1
f 3501//1 3708//1 3500//1
f 3502//1 3709//1 3501//1
f 3503//1 3710//1 3502//1
f 3504//1 3711//1 3503//1
f 3505//1 3713//1 3504//1
f 3506//1 3714//1 3505//1
f 3507//1 3715//1 3506//1
f 3508//1 3716//1 3507//1
f 3509//1 3717//1 3508//1
f 3510//1 3718//1 3509//1
f 3511//1 3719//1 3510//1
f 3512//1 3720//1 3511//1
f 3513//1 3721//1 3512//1
f 3514//1 3722//1 3513//1
f 3515//1 3723//1 3514//1
f 3516//1 3724//1 3515//1
f 3517//1 3725//1 3516//1
f 3518//1 3726//1 3517//1
f 3519//1 3727//1 3518//1
f 3520//45 3728//38 3519//38
f 3521//35 3729//37 3520//36
f 3522//35 3730//37 3521//35
f 3523//35 3731//37 3522//35
f 3524//36 3732//37 3523//35
f 3525//24 3733//24 3524//23
f 3526//1 3734//1 3525//1
f 3527//1 3735//1 3526//1
f 3528//1 3736//1 3527//1
f 3529//1 3737//1 3528//1
f 3530//1 3738//1 3529//1
f 3531//1 3739//1 3530//1
f 3532//1 3740//1 3531//1
f 3533//1 3741//1 3532//1
f 3534//1 3742//1 3533//1
f 3535//1 3743//1 3534//1
f 3536//1 3744//1 3535//1
f 3537//1 3745//1 3536//1
f 3538//1 3746//1 3537//1
f 3539//1 3748//1 3538//1
f 3540//1 3749//1 3539//1
f 3541//1 3750//1 3540//1
f 3542//1 3751//1 3541//1
f 3543//1 3752//1 3542//1
f 3544//1 3753//1 3543//1
f 3545//1 3754//1 3544//1
f 3546//1 3755//1 3545//1
f 3547//1 3756//1 3546//1
f 3548//1 3757//1 3547//1
f 3549//1 3758//1 3548//1
f 3550//1 3759//1 3549//1
f 3551//1 3760//1 3550//1
f 3552//1 3761//1 3551//1
f 3553//1 3762//1 3552//1
f 3554//1 3763//1 3553//1
f 3555//1 3764//1 3554//1
f 3556//1 3765//1 3555//1
f 3557//1 3766//1 3556//1
f 3558//1 3767//1 3557//1
f 3559//1 3768//1 3558//1
f 3560//1 3769//1 3559//1
f 3561//1 3770//1 3560//1
f 3562//1 3771//1 3561//1
f 3563//1 3772//1 3562//1
f 3564//1 3773//1 3563//1
f 3565//1 3774//1 3564//1
f 3566//1 3775//1 3565//1
f 3567//1 3776//1 3566//1
f 3568//1 3777//1 3567//1
f 3569//1 3778//1 3568//1
f 3570//1 3779//1 3569//1
f 3571//1 3780//1 3570//1
f 3368//1 3781//1 3571//1
f 3573//1 3783//1 3572//1
f 3574//1 3784//1 3573//1
f 3575//1 3785//1 3574//1
f 3576//1 3786//1 3575//1
f 3577//1 3787//1 3576//1
f 3578//1 3788//1 3577//1
f 3579//1 3789//1 3578//1
f 3580//1 3790//1 3579//1
f 3581//1 3791//1 3580//1
f 3582//1 3792//1 3581//1
f 3583//1 3793//1 3582//1
f 3584//1 3794//1 3583//1
f 3585//1 3795//1 3584//1
f 3586//1 3796//1 3585//1
f 3587//133 3797//133 3586//133
f 3588//1 3798//1 3587//1
f 3589//1 3799//1 3588//1
f 3590//1 3800//1 3589//1
f 3591//1 3801//1 3590//1
f 3592//119 3802//119 3591//119
f 3593//1 3803//1 3592//1
f 3594//1 3804//1 3593//1
f 3595//1 3805//1 3594//1
f 3596//1 3806//1 3595//1
f 3597//1 3807//1 3596//1
f 3598//1 3808//1 3597//1
f 3599//1 3809//1 3598//1
f 3600//1 3810//1 3599//1
f 3601//1 3811//1 3600//1
f 3602//1 3812//1 3601//1
f 3603//1 3813//1 3602//1
f 3604//1 3814//1 3603//1
f 3605//1 3815//1 3604//1
f 3606//1 3816//1 3605//1
f 3607//1 3817//1 3606//1
f 3608//1 3819//1 3607//1
f 3609//1 3820//1 3608//1
f 3610//1 3821//1 3609//1
f 3611//1 3822//1 3610//1
f 3612//1 3823//1 3611//1
f 3613//1 3824//1 3612//1
f 3614//1 3825//1 3613//1
f 3615//1 3826//1 3614//1
f 3616//1 3827//1 3615//1
f 3617//1 3828//1 3616//1
f 3618//1 3829//1 3617//1
f 3619//1 3830//1 3618//1
f 3620//1 3831//1 3619//1
f 3621//1 3832//1 3620//1
f 3622//1 3833//1 3621//1
f 3623//1 3834//1 3622//1
f 3624//1 3835//1 3623//1
f 3625//1 3836//1 3624//1
f 3626//1 3837//1 3625//1
f 3627//1 3838//1 3626//1
f 3628//1 3839//1 3627//1
f 3629//1 3840//1 3628//1
f 3630//1 3841//1 3629//1
f 3631//1 3842//1 3630//1
f 3632//1 3843//1 3631//1
f 3633//1 3844//1 3632//1
f 3634//1 3845//1 3633//1
f 3635//1 3846//1 3634//1
f 3636//1 3847//1 3635//1
f 3637//1 3848//1 3636//1
f 3638//1 3849//1 3637//1
f 3639//1 3850//1 3638//1
f 3640//1 3851//1 3639//1
f 3641//1 3852//1 3640//1
f 3642//1 3853//1 3641//1
f 3643//1 3855//1 3642//1
f 3644//1 3856//1 3643//1
f 3645//1 3857//1 3644//1
f 3646//1 3858//1 3645//1
f 3647//1 3859//1 3646//1
f 3648//1 3860//1 3647//1
f 3649//1 3861//1 3648//1
f 3650//1 3862//1 3649//1
f 3651//1 3863//1 3650//1
f 3652//1 3864//1 3651//1
f 3653//1 3865//1 3652//1
f 3654//1 3866//1 3653//1
f 3655//1 3867//1 3654//1
f 3656//1 3868//1 3655//1
f 3657//1 3869//1 3656//1
f 3658//1 3870//1 3657//1
f 3659//1 3871//1 3658//1
f 3660//1 3872//1 3659//1
f 3661//1 3873//1 3660//1
f 3662//1 3874//1 3661//1
f 3663//1 3875//1 3662//1
f 3664//1 3876//1 3663//1
f 3665//1 3877//1 3664//1
f 3666//1 3878//1 3665//1
f 3667//1 3879//1 3666//1
f 3668//1 3880//1 3667//1
f 3669//1 3881//1 3668//1
f 3670//1 3882//1 3669//1
f 3671//1 3883//1 3670//1
f 3672//1 3884//1 3671//1
f 3673//1 3885//1 3672//1
f 3674//1 3886//1 3673//1
f 3675//1 3887//1 3674//1
f 3676//1 3888//1 3675//1
f 3677//1 3889//1 3676//1
f 3678//1 3891//1 3677//1
f 3679//1 3892//1 3678//1
f 3680//1 3893//1 3679//1
f 3681//1 3894//1 3680//1
f 3682//1 3895//1 3681//1
f 3683//1 3896//1 3682//1
f 3684//1 3897//1 3683//1
f 3685//1 3898//1 3684//1
f 3686//1 3899//1 3685//1
f 3687//1 3900//1 3686//1
f 3688//1 3901//1 3687//1
f 3689//1 3902//1 3688//1
f 3690//1 3903//1 3689//1
f 3691//1 3904//1 3690//1
f 3692//119 3905//119 3691//119
f 3693//1 3906//1 3692//1
f 3694//1 3907//1 3693//1
f 3695//1 3908//1 3694//1
f 3696//133 3909//133 3695//133
f 3697//1 3910//1 3696//1
f 3698//1 3911//1 3697//1
f 3699//1 3912//1 3698//1
f 3700//1 3913//1 3699//1
f 3701//1 3914//1 3700//1
f 3702//1 3915//1 3701//1
f 3703//1 3916//1 3702//1
f 3704//1 3917//1 3703//1
f 3705//1 3918//1 3704//1
f 3706//1 3919//1 3705//1
f 3707//1 3920//1 3706//1
f 3708//1 3921//1 3707//1
f 3709//1 3922//1 3708//1
f 3710//1 3923//1 3709//1
f 3711//1 3924//1 3710//1
f 3712//1 3925//1 3711//1
f 3713//1 3927//1 3712//1
f 3714//1 3928//1 3713//1
f 3715//1 3929//1 3714//1
f 3716//1 3930//1 3715//1
f 3717//1 3931//1 3716//1
f 3718//1 3932//1 3717//1
f 3719//1 3933//1 3718//1
f 3720//1 3934//1 3719//1
f 3721//1 3935//1 3720//1
f 3722//1 3936//1 3721//1
f 3723//1 3937//1 3722//1
f 3724//1 3938//1 3723//1
f 3725//1 3939//1 3724//1
f 3726//1 3940//1 3725//1
f 3727//1 3941//1 3726//1
f 3728//1 3942//1 3727//1
f 3729//1 3943//1 3728//1
f 3730//1 3944//1 3729//1
f 3731//1 3945//1 3730//1
f 3732//1 3946//1 3731//1
f 3733//1 3947//1 3732//1
f 3734//1 3948//1 3733//1
f 3735//1 3949//1 3734//1
f 3736//1 3950//1 3735//1
f 3737//1 3951//1 3736//1
f 3738//1 3952//1 3737//1
f 3739//1 3953//1 3738//1
f 3740//1 3954//1 3739//1
f 3741//1 3955//1 3740//1
f 3742//1 3956//1 3741//1
f 3743//1 3957//1 3742//1
f 3744//1 3958//1 3743//1
f 3745//1 3959//1 3744//1
f 3746//1 3960//1 3745//1
f 3747//1 3961//1 3746//1
f 3748//1 3963//1 3747//1
f 3749//1 3964//1 3748//1
f 3750//1 3965//1 3749//1
f 3751//1 3966//1 3750//1
f 3752//1 3967//1 3751//1
f 3753//1 3968//1 3752//1
f 3754//1 3969//1 3753//1
f 3755//1 3970//1 3754//1
f 3756//1 3971//1 3755//1
f 3757//1 3972//1 3756//1
f 3758//1 3973//1 3757//1
f 3759//1 3974//1 3758//1
f 3760//1 3975//1 3759//1
f 3761//1 3976//1 3760//1
f 3762//1 3977//1 3761//1
f 3763//1 3978//1 3762//1
f 3764//1 3979//1 3763//1
f 3765//1 3980//1 3764//1
f 3766//1 3981//1 3765//1
f 3767//1 3982//1 3766//1
f 3768//1 3983//1 3767//1
f 3769//1 3984//1 3768//1
f 3770//1 3985//1 3769//1
f 3771//1 3986//1 3770//1
f 3772//1 3987//1 3771//1
f 3773//1 3988//1 3772//1
f 3774//1 3989//1 3773//1
f 3775//1 3990//1 3774//1
f 3776//1 3991//1 3775//1
f 3777//1 3992//1 3776//1
f 3778//1 3993//1 3777//1
f 3779//1 3994//1 3778//1
f 3780//1 3995//1 3779//1
f 3781//1 3996//1 3780//1
f 3572//1 3997//1 3781//1
f 3783//1 3999//1 3782//1
f 3784//1 4000//1 3783//1
f 3785//1 4001//1 3784//1
f 3786//1 4002//1 3785//1
f 3787//1 4003//1 3786//1
f 3788//1 4004//1 3787//1
f 3789//1 4005//1 3788//1
f 3790//1 4006//1 3789//1
f 3791//1 4007//1 3790//1
f 3792//1 4008//1 3791//1
f 3793//1 4009//1 3792//1
f 3794//1 4010//1 3793//1
f 3795//1 4011//1 3794//1
f 3796//1 4012//1 3795//1
f 3797//1 4013//1 3796//1
f 3798//123 4014//123 3797//123
f 3799//1 4015//1 3798//1
f 3800//1 4016//1 3799//1
f 3801//1 4017//1 3800//1
f 3802//122 4018//122 3801//122
f 3803//1 4019//1 3802//1
f 3804//1 4020//1 3803//1
f 3805//1 4021//1 3804//1
f 3806//1 4022//1 3805//1
f 3807//1 4023//1 3806//1
f 3808//1 4024//1 3807//1
f 3809//1 4025//1 3808//1
f 3810//1 4026//1 3809//1
f 3811//1 4027//1 3810//1
f 3812//1 4028//1 3811//1
f 3813//1 4029//1 3812//1
f 3814//1 4030//1 3813//1
f 3815//1 4031//1 3814//1
f 3816//1 4032//1 3815//1
f 3817//1 4033//1 3816//1
f 3818//1 4034//1 3817//1
f 3819//1 4036//1 3818//1
f 3820//1 4037//1 3819//1
f 3821//1 4038//1 3820//1
f 3822//1 4039//1 3821//1
f 3823//1 4040//1 3822//1
f 3824//1 4041//1 3823//1
f 3825//1 4042//1 3824//1
f 3826//1 4043//1 3825//1
f 3827//1 4044//1 3826//1
f 3828//1 4045//1 3827//1
f 3829//1 4046//1 3828//1
f 3830//1 4047//1 3829//1
f 3831//1 4048//1 3830//1
f 3832//1 4049//1 3831//1
f 3833//1 4050//1 3832//1
f 3834//1 4051//1 3833//1
f 3835//1 4052//1 3834//1
f 3836//1 4053//1 3835//1
f 3837//1 4054//1 3836//1
f 3838//1 4055//1 3837//1
f 3839//1 4056//1 3838//1
f 3840//1 4057//1 3839//1
f 3841//1 4058//1 3840//1
f 3842//1 4059//1 3841//1
f 3843//1 4060//1 3842//1
f 3844//1 4061//1 3843//1
f 3845//1 4062//1 3844//1
f 3846//1 4063//1 3845//1
f 3847//1 4064//1 3846//1
f 3848//1 4065//1 3847//1
f 3849//1 4066//1 3848//1
f 3850//1 4067//1 3849//1
f 3851//1 4068//1 3850//1
f 3852//1 4069//1 3851//1
f 3853//1 4070//1 3852//1
f 3854//1 4071//1 3853//1
f 3855//1 4073//1 3854//1
f 3856//1 4074//1 3855//1
f 3857//1 4075//1 3856//1
f 3858//1 4076//1 3857//1
f 3859//1 4077//1 3858//1
f 3860//1 4078//1 3859//1
f 3861//1 4079//1 3860//1
f 3862//1 4080//1 3861//1
f 3863//1 4081//1 3862//1
f 3864//1 4082//1 3863//1
f 3865//1 4083//1 3864//1
f 3866//1 4084//1 3865//1
f 3867//1 4085//1 3866//1
f 3868//1 4086//1 3867//1
f 3869//1 4087//1 3868//1
f 3870//1 4088//1 3869//1
f 3871//1 4089//1 3870//1
f 3872//1 4090//1 3871//1
f 3873//1 4091//1 3872//1
f 3874//1 4092//1 3873//1
f 3875//1 4093//1 3874//1
f 3876//1 4094//1 3875//1
f 3877//1 4095//1 3876//1
f 3878//1 4096//1 3877//1
f 3879//1 4097//1 3878//1
f 3880//1 4098//1 3879//1
f 3881//1 4099//1 3880//1
f 3882//1 4100//1 3881//1
f 3883//1 4101//1 3882//1
f 3884//1 4102//1 3883//1
f 3885//1 4103//1 3884//1
f 3886//1 4104//1 3885//1
f 3887//1 4105//1 3886//1
f 3888//1 4106//1 3887//1
f 3889//1 4107//1 3888//1
f 3890//1 4108//1 3889//1
f 3891//1 4110//1 3890//1
f 3892//1 4111//1 3891//1
f 3893//1 4112//1 3892//1
f 3894//1 4113//1 3893//1
f 3895//1 4114//1 3894//1
f 3896//1 4115//1 3895//1
f 3897//1 4116//1 3896//1
f 3898//1 4117//1 3897//1
f 3899//1 4118//1 3898//1
f 3900//1 4119//1 3899//1
f 3901//1 4120//1 3900//1
f 3902//1 4121//1 3901//1
f 3903//1 4122//1 3902//1
f 3904//1 4123//1 3903//1
f 3905//122 4124//122 3904//122
f 3906//1 4125//1 3905//1
f 3907//1 4126//1 3906//1
f 3908//1 4127//1 3907//1
f 3909//1 4128//1 3908//1
f 3910//133 4129//133 3909//133
f 3911//1 4130//1 3910//1
f 3912//1 4131//1 3911//1
f 3913//1 4132//1 3912//1
f 3914//1 4133//1 3913//1
f 3915//1 4134//1 3914//1
f 3916//1 4135//1 3915//1
f 3917//1 4136//1 3916//1
f 3918//1 4137//1 3917//1
f 3919//1 4138//1 3918//1
f 3920//1 4139//1 3919//1
f 3921//1 4140//1 3920//1
f 3922//1 4141//1 3921//1
f 3923//1 4142//1 3922//1
f 3924//1 4143//1 3923//1
f 3925//1 4144//1 3924//1
f 3926//1 4145//1 3925//1
f 3927//1 4147//1 3926//1
f 3928//1 4148//1 3927//1
f 3929//1 4149//1 3928//1
f 3930//1 4150//1 3929//1
f 3931//1 4151//1 3930//1
f 3932//1 4152//1 3931//1
f 3933//1 4153//1 3932//1
f 3934//1 4154//1 3933//1
f 3935//1 4155//1 3934//1
f 3936//1 4156//1 3935//1
f 3937//1 4157//1 3936//1
f 3938//1 4158//1 3937//1
f 3939//1 4159//1 3938//1
f 3940//1 4160//1 3939//1
f 3941//1 4161//1 3940//1
f 3942//1 4162//1 3941//1
f 3943//1 4163//1 3942//1
f 3944//1 4164//1 3943//1
f 3945//1 4165//1 3944//1
f 3946//1 4166//1 3945//1
f 3947//1 4167//1 3946//1
f 3948//1 4168//1 3947//1
f 3949//1 4169//1 3948//1
f 3950//1 4170//1 3949//1
f 3951//1 4171//1 3950//1
f 3952//1 4172//1 3951//1
f 3953//1 4173//1 3952//1
f 3954//1 4174//1 3953//1
f 3955//1 4175//1 3954//1
f 3956//1 4176//1 3955//1
f 3957//1 4177//1 3956//1
f 3958//1 4178//1 3957//1
f 3959//1 4179//1 3958//1
f 3960//1 4180//1 3959//1
f 3961//1 4181//1 3960//1
f 3962//1 4182//1 3961//1
f 3963//1 4184//1 3962//1
f 3964//1 4185//1 3963//1
f 3965//1 4186//1 3964//1
f 3966//1 4187//1 3965//1
f 3967//1 4188//1 3966//1
f 3968//1 4189//1 3967//1
f 3969//1 4190//1 3968//1
f 3970//1 4191//1 3969//1
f 3971//1 4192//1 3970//1
f 3972//1 4193//1 3971//1
f 3973//1 4194//1 3972//1
f 3974//1 4195//1 3973//1
f 3975//1 4196//1 3974//1
f 3976//1 4197//1 3975//1
f 3977//1 4198//1 3976//1
f 3978//1 4199//1 3977//1
f 3979//1 4200//1 3978//1
f 3980//1 4201//1 3979//1
f 3981//1 4202//1 3980//1
f 3982//1 4203//1 3981//1
f 3983//1 4204//1 3982//1
f 3984//1 4205//1 3983//1
f 3985//1 4206//1 3984//1
f 3986//1 4207//1 3985//1
f 3987//1 4208//1 3986//1
f 3988//1 4209//1 3987//1
f 3989//1 4210//1 3988//1
f 3990//1 4211//1 3989//1
f 3991//1 4212//1 3990//1
f 3992//1 4213//1 3991//1
f 3993//1 4214//1 3992//1
f 3994//1 4215//1 3993//1
f 3995//1 4216//1 3994//1
f 3996//1 4217//1 3995//1
f 3997//1 4218//1 3996//1
f 3782//1 4219//1 3997//1
f 3999//1 4221//1 3998//1
f 4000//1 4222//1 3999//1
f 4001//1 4223//1 4000//1
f 4002//1 4224//1 4001//1
f 4003//1 4225//1 4002//1
f 4004//1 4226//1 4003//1
f 4005//1 4227//1 4004//1
f 4006//1 4228//1 4005//1
f 4007//1 4229//1 4006//1
f 4008//1 4230//1 4007//1
f 4009//1 4231//1 4008//1
f 4010//1 4232//1 4009//1
f 4011//1 4233//1 4010//1
f 4012//1 4234//1 4011//1
f 4013//1 4235//1 4012//1
f 4014//133 4236//133 4013//133
f 4015//1 4237//1 4014//1
f 4016//1 4238//1 4015//1
f 4017//1 4239//1 4016//1
f 4018//1 4240//1 4017//1
f 4019//119 4241//119 4018//119
f 4020//1 4242//1 4019//1
f 4021//1 4243//1 4020//1
f 4022//1 4244//1 4021//1
f 4023//1 4245//1 4022//1
f 4024//1 4246//1 4023//1
f 4025//1 4247//1 4024//1
f 4026//1 4248//1 4025//1
f 4027//1 4249//1 4026//1
f 4028//1 4250//1 4027//1
f 4029//1 4251//1 4028//1
f 4030//1 4252//1 4029//1
f 4031//1 4253//1 4030//1
f 4032//1 4254//1 4031//1
f 4033//1 4255//1 4032//1
f 4034//1 4256//1 4033//1
f 4035//1 4257//1 4034//1
f 4036//1 4259//1 4035//1
f 4037//1 4260//1 4036//1
f 4038//1 4261//1 4037//1
f 4039//1 4262//1 4038//1
f 4040//1 4263//1 4039//1
f 4041//1 4264//1 4040//1
f 4042//1 4265//1 4041//1
f 4043//1 4266//1 4042//1
f 4044//1 4267//1 4043//1
f 4045//1 4268//1 4044//1
f 4046//1 4269//1 4045//1
f 4047//1 4270//1 4046//1
f 4048//1 4271//1 4047//1
f 4049//1 4272//1 4048//1
f 4050//1 4273//1 4049//1
f 4051//1 4274//1 4050//1
f 4052//1 4275//1 4051//1
f 4053//1 4276//1 4052//1
f 4054//1 4277//1 4053//1
f 4055//1 4278//1 4054//1
f 4056//1 4279//1 4055//1
f 4057//1 4280//1 4056//1
f 4058//1 4281//1 4057//1
f 4059//1 4282//1 4058//1
f 4060//1 4283//1 4059//1
f 4061//1 4284//1 4060//1
f 4062//1 4285//1 4061//1
f 4063//1 4286//1 4062//1
f 4064//1 4287//1 4063//1
f 4065//1 4288//1 4064//1
f 4066//1 4289//1 4065//1
f 4067//1 4290//1 4066//1
f 4068//1 4291//1 4067//1
f 4069//1 4292//1 4068//1
f 4070//1 4293//1 4069//1
f 4071//1 4294//1 4070//1
f 4072//1 4295//1 4071//1
f 4073//1 4297//1 4072//1
f 4074//1 4298//1 4073//1
f 4075//1 4299//1 4074//1
f 4076//1 4300//1 4075//1
f 4077//1 4301//1 4076//1
f 4078//1 4302//1 4077//1
f 4079//1 4303//1 4078//1
f 4080//1 4304//1 4079//1
f 4081//1 4305//1 4080//1
f 4082//1 4306//1 4081//1
f 4083//1 4307//1 4082//1
f 4084//1 4308//1 4083//1
f 4085//1 4309//1 4084//1
f 4086//1 4310//1 4085//1
f 4087//1 4311//1 4086//1
f 4088//1 4312//1 4087//1
f 4089//1 4313//1 4088//1
f 4090//1 4314//1 4089//1
f 4091//1 4315//1 4090//1
f 4092//1 4316//1 4091//1
f 4093//1 4317//1 4092//1
f 4094//1 4318//1 4093//1
f 4095//1 4319//1 4094//1
f 4096//1 4320//1 4095//1
f 4097//1 4321//1 4096//1
f 4098//1 4322//1 4097//1
f 4099//1 4323//1 4098//1
f 4100//1 4324//1 4099//1
f 4101//1 4325//1 4100//1
f 4102//1 4326//1 4101//1
f 4103//1 4327//1 4102//1
f 4104//1 4328//1 4103//1
f 4105//1 4329//1 4104//1
f 4106//1 4330//1 4105//1
f 4107//1 4331//1 4106//1
f 4108//1 4332//1 4107//1
f 4109//1 4333//1 4108//1
f 4110//1 4335//1 4109//1
f 4111//1 4336//1 4110//1
f 4112//1 4337//1 4111//1
f 4113//1 4338//1 4112//1
f 4114//1 4339//1 4113//1
f 4115//1 4340//1 4114//1
f 4116//1 4341//1 4115//1
f 4117//1 4342//1 4116//1
f 4118//1 4343//1 4117//1
f 4119//1 4344//1 4118//1
f 4120//1 4345//1 4119//1
f 4121//1 4346//1 4120//1
f 4122//1 4347//1 4121//1
f 4123//1 4348//1 4122//1
f 4124//1 4349//1 4123//1
f 4125//122 4350//122 4124//122
f 4126//1 4351//1 4125//1
f 4127//1 4352//1 4126//1
f 4128//1 4353//1 4127//1
f 4129//1 4354//1 4128//1
f 4130//133 4355//133 4129//133
f 4131//1 4356//1 4130//1
f 4132//1 4357//1 4131//1
f 4133//1 4358//1 4132//1
f 4134//1 4359//1 4133//1
f 4135//1 4360//1 4134//1
f 4136//1 4361//1 4135//1
f 4137//1 4362//1 4136//1
f 4138//1 4363//1 4137//1
f 4139//1 4364//1 4138//1
f 4140//1 4365//1 4139//1
f 4141//1 4366//1 4140//1
f 4142//1 4367//1 4141//1
f 4143//1 4368//1 4142//1
f 4144//1 4369//1 4143//1
f 4145//1 4370//1 4144//1
f 4146//1 4371//1 4145//1
f 4147//1 4373//1 4146//1
f 4148//1 4374//1 4147//1
f 4149//1 4375//1 4148//1
f 4150//1 4376//1 4149//1
f 4151//1 4377//1 4150//1
f 4152//1 4378//1 4151//1
f 4153//1 4379//1 4152//1
f 4154//1 4380//1 4153//1
f 4155//1 4381//1 4154//1
f 4156//1 4382//1 4155//1
f 4157//1 4383//1 4156//1
f 4158//1 4384//1 4157//1
f 4159//1 4385//1 4158//1
f 4160//1 4386//1 4159//1
f 4161//1 4387//1 4160//1
f 4162//1 4388//1 4161//1
f 4163//1 4389//1 4162//1
f 4164//1 4390//1 4163//1
f 4165//1 4391//1 4164//1
f 4166//1 4392//1 4165//1
f 4167//1 4393//1 4166//1
f 4168//1 4394//1 4167//1
f 4169//1 4395//1 4168//1
f 4170//1 4396//1 4169//1
f 4171//1 4397//1 4170//1
f 4172//1 4398//1 4171//1
f 4173//1 4399//1 4172//1
f 4174//1 4400//1 4173//1
f 4175//1 4401//1 4174//1
f 4176//1 4402//1 4175//1
f 4177//1 4403//1 4176//1
f 4178//1 4404//1 4177//1
f 4179//1 4405//1 4178//1
f 4180//1 4406//1 4179//1
f 4181//1 4407//1 4180//1
f 4182//1 4408//1 4181//1
f 4183//1 4409//1 4182//1
f 4184//1 4411//1 4183//1
f 4185//1 4412//1 4184//1
f 4186//1 4413//1 4185//1
f 4187//1 4414//1 4186//1
f 4188//1 4415//1 4187//1
f 4189//1 4416//1 4188//1
f 4190//1 4417//1 4189//1
f 4191//1 4418//1 4190//1
f 4192//1 4419//1 4191//1
f 4193//1 4420//1 4192//1
f 4194//1 4421//1 4193//1
f 4195//1 4422//1 4194//1
f 4196//1 4423//1 4195//1
f 4197//1 4424//1 4196//1
f 4198//1 4425//1 4197//1
f 4199//1 4426//1 4198//1
f 4200//1 4427//1 4199//1
f 4201//1 4428//1 4200//1
f 4202//1 4429//1 4201//1
f 4203//1 4430//1 4202//1
f 4204//1 4431//1 4203//1
f 4205//1 4432//1 4204//1
f 4206//1 4433//1 4205//1
f 4207//1 4434//1 4206//1
f 4208//1 4435//1 4207//1
f 4209//1 4436//1 4208//1
f 4210//1 4437//1 4209//1
f 4211//1 4438//1 4210//1
f 4212//1 4439//1 4211//1
f 4213//1 4440//1 4212//1
f 4214//1 4441//1 4213//1
f 4215//1 4442//1 4214//1
f 4216//1 4443//1 4215//1
f 4217//1 4444//1 4216//1
f 4218//1 4445//1 4217//1
f 4219//1 4446//1 4218//1
f 3998//1 4447//1 4219//1
f 4221//1 4449//1 4220//1
f 4222//1 4450//1 4221//1
f 4223//1 4451//1 4222//1
f 4224//1 4452//1 4223//1
f 4225//1 4453//1 4224//1
f 4226//1 4454//1 4225//1
f 4227//1 4455//1 4226//1
f 4228//1 4456//1 4227//1
f 4229//1 4457//1 4228//1
f 4230//1 4458//1 4229//1
f 4231//1 4459//1 4230//1
f 4232//1 4460//1 4231//1
f 4233//1 4461//1 4232//1
f 4234//1 4462//1 4233//1
f 4235//1 4463//1 4234//1
f 4236//1 4464//1 4235//1
f 4237//133 4465//133 4236//133
f 4238//1 4466//1 4237//1
f 4239//1 4467//1 4238//1
f 4240//1 4468//1 4239//1
f 4241//122 4469//122 4240//122
f 4242//1 4470//1 4241//1
f 4243//1 4471//1 4242//1
f 4244//1 4472//1 4243//1
f 4245//1 4473//1 4244//1
f 4246//1 4474//1 4245//1
f 4247//1 4475//1 4246//1
f 4248//1 4476//1 4247//1
f 4249//1 4477//1 4248//1
f 4250//1 4478//1 4249//1
f 4251//1 4479//1 4250//1
f 4252//1 4480//1 4251//1
f 4253//1 4481//1 4252//1
f 4254//1 4482//1 4253//1
f 4255//1 4483//1 4254//1
f 4256//1 4484//1 4255//1
f 4257//1 4485//1 4256//1
f 4258//1 4486//1 4257//1
f 4259//1 4488//1 4258//1
f 4260//1 4489//1 4259//1
f 4261//1 4490//1 4260//1
f 4262//1 4491//1 4261//1
f 4263//1 4492//1 4262//1
f 4264//1 4493//1 4263//1
f 4265//1 4494//1 4264//1
f 4266//1 4495//1 4265//1
f 4267//1 4496//1 4266//1
f 4268//1 4497//1 4267//1
f 4269//1 4498//1 4268//1
f 4270//1 4499//1 4269//1
f 4271//1 4500//1 4270//1
f 4272//1 4501//1 4271//1
f 4273//1 4502//1 4272//1
f 4274//1 4503//1 4273//1
f 4275//1 4504//1 4274//1
f 4276//1 4505//1 4275//1
f 4277//1 4506//1 4276//1
f 4278//1 4507//1 4277//1
f 4279//1 4508//1 4278//1
f 4280//1 4509//1 4279//1
f 4281//1 4510//1 4280//1
f 4282//1 4511//1 4281//1
f 4283//1 4512//1 4282//1
f 4284//1 4513//1 4283//1
f 4285//1 4514//1 4284//1
f 4286//1 4515//1 4285//1
f 4287//1 4516//1 4286//1
f 4288//1 4517//1 4287//1
f 4289//1 4518//1 4288//1
f 4290//1 4519//1 4289//1
f 4291//1 4520//1 4290//1
f 4292//1 4521//1 4291//1
f 4293//1 4522//1 4292//1
f 4294//1 4523//1 4293//1
f 4295//1 4524//1 4294//1
f 4296//1 4525//1 4295//1
f 4297//1 4527//1 4296//1
f 4298//1 4528//1 4297//1
f 4299//1 4529//1 4298//1
f 4300//1 4530//1 4299//1
f 4301//1 4531//1 4300//1
f 4302//1 4532//1 4301//1
f 4303//1 4533//1 4302//1
f 4304//1 4534//1 4303//1
f 4305//1 4535//1 4304//1
f 4306//1 4536//1 4305//1
f 4307//1 4537//1 4306//1
f 4308//1 4538//1 4307//1
f 4309//1 4539//1 4308//1
f 4310//1 4540//1 4309//1
f 4311//1 4541//1 4310//1
f 4312//1 4542//1 4311//1
f 4313//1 4543//1 4312//1
f 4314//1 4544//1 4313//1
f 4315//1 4545//1 4314//1
f 4316//1 4546//1 4315//1
f 4317//1 4547//1 4316//1
f 4318//1 4548//1 4317//1
f 4319//1 4549//1 4318//1
f 4320//1 4550//1 4319//1
f 4321//1 4551//1 4320//1
f 4322//1 4552//1 4321//1
f 4323//1 4553//1 4322//1
f 4324//1 4554//1 4323//1
f 4325//1 4555//1 4324//1
f 4326//1 4556//1 4325//1
f 4327//1 4557//1 4326//1
f 4328//1 4558//1 4327//1
f 4329//1 4559//1 4328//1
f 4330//1 4560//1 4329//1
f 4331//1 4561//1 4330//1
f 4332//1 4562//1 4331//1
f 4333//1 4563//1 4332//1
f 4334//1 4564//1 4333//1
f 4335//1 4566//1 4334//1
f 4336//1 4567//1 4335//1
f 4337//1 4568//1 4336//1
f 4338//1 4569//1 4337//1
f 4339//1 4570//1 4338//1
f 4340//1 4571//1 4339//1
f 4341//1 4572//1 4340//1
f 4342//1 4573//1 4341//1
f 4343//1 4574//1 4342//1
f 4344//1 4575//1 4343//1
f 4345//1 4576//1 4344//1
f 4346//1 4577//1 4345//1
f 4347//1 4578//1 4346//1
f 4348//1 4579//1 4347//1
f 4349//1 4580//1 4348//1
f 4350//1 4581//1 4349//1
f 4351//119 4582//119 4350//119
f 4352//1 4583//1 4351//1
f 4353//1 4584//1 4352//1
f 4354//1 4585//1 4353//1
f 4355//1 4586//1 4354//1
f 4356//133 4587//133 4355//133
f 4357//1 4588//1 4356//1
f 4358//1 4589//1 4357//1
f 4359//1 4590//1 4358//1
f 4360//1 4591//1 4359//1
f 4361//1 4592//1 4360//1
f 4362//1 4593//1 4361//1
f 4363//1 4594//1 4362//1
f 4364//1 4595//1 4363//1
f 4365//1 4596//1 4364//1
f 4366//1 4597//1 4365//1
f 4367//1 4598//1 4366//1
f 4368//1 4599//1 4367//1
f 4369//1 4600//1 4368//1
f 4370//1 4601//1 4369//1
f 4371//1 4602//1 4370//1
f 4372//1 4603//1 4371//1
f 4373//1 4605//1 4372//1
f 4374//1 4606//1 4373//1
f 4375//1 4607//1 4374//1
f 4376//1 4608//1 4375//1
f 4377//1 4609//1 4376//1
f 4378//1 4610//1 4377//1
f 4379//1 4611//1 4378//1
f 4380//1 4612//1 4379//1
f 4381//1 4613//1 4380//1
f 4382//1 4614//1 4381//1
f 4383//1 4615//1 4382//1
f 4384//1 4616//1 4383//1
f 4385//1 4617//1 4384//1
f 4386//1 4618//1 4385//1
f 4387//1 4619//1 4386//1
f 4388//1 4620//1 4387//1
f 4389//1 4621//1 4388//1
f 4390//1 4622//1 4389//1
f 4391//1 4623//1 4390//1
f 4392//1 4624//1 4391//1
f 4393//1 4625//1 4392//1
f 4394//1 4626//1 4393//1
f 4395//1 4627//1 4394//1
f 4396//1 4628//1 4395//1
f 4397//1 4629//1 4396//1
f 4398//1 4630//1 4397//1
f 4399//1 4631//1 4398//1
f 4400//1 4632//1 4399//1
f 4401//1 4633//1 4400//1
f 4402//1 4634//1 4401//1
f 4403//1 4635//1 4402//1
f 4404//1 4636//1 4403//1
f 4405//1 4637//1 4404//1
f 4406//1 4638//1 4405//1
f 4407//1 4639//1 4406//1
f 4408//1 4640//1 4407//1
f 4409//1 4641//1 4408//1
f 4410//1 4642//1 4409//1
f 4411//1 4644//1 4410//1
f 4412//1 4645//1 4411//1
f 4413//1 4646//1 4412//1
f 4414//1 4647//1 4413//1
f 4415//1 4648//1 4414//1
f 4416//1 4649//1 4415//1
f 4417//1 4650//1 4416//1
f 4418//1 4651//1 4417//1
f 4419//1 4652//1 4418//1
f 4420//1 4653//1 4419//1
f 4421//1 4654//1 4420//1
f 4422//1 4655//1 4421//1
f 4423//1 4656//1 4422//1
f 4424//1 4657//1 4423//1
f 4425//1 4658//1 4424//1
f 4426//1 4659//1 4425//1
f 4427//1 4660//1 4426//1
f 4428//1 4661//1 4427//1
f 4429//1 4662//1 4428//1
f 4430//1 4663//1 4429//1
f 4431//1 4664//1 4430//1
f 4432//1 4665//1 4431//1
f 4433//1 4666//1 4432//1
f 4434//1 4667//1 4433//1
f 4435//1 4668//1 4434//1
f 4436//1 4669//1 4435//1
f 4437//1 4670//1 4436//1
f 4438//1 4671//1 4437//1
f 4439//1 4672//1 4438//1
f 4440//1 4673//1 4439//1
f 4441//1 4674//1 4440//1
f 4442//1 4675//1 4441//1
f 4443//1 4676//1 4442//1
f 4444//1 4677//1 4443//1
f 4445//1 4678//1 4444//1
f 4446//1 4679//1 4445//1
f 4447//1 4680//1 4446//1
f 4220//1 4681//1 4447//1
f 4449//1 4683//1 4448//1
f 4450//1 4684//1 4449//1
f 4451//1 4685//1 4450//1
f 4452//1 4686//1 4451//1
f 4453//1 4687//1 4452//1
f 4454//1 4688//1 4453//1
f 4455//1 4689//1 4454//1
f 4456//1 4690//1 4455//1
f 4457//1 4691//1 4456//1
f 4458//1 4692//1 4457//1
f 4459//1 4693//1 4458//1
f 4460//1 4694//1 4459//1
f 4461//1 4695//1 4460//1
f 4462//1 4696//1 4461//1
f 4463//1 4697//1 4462//1
f 4464//1 4698//1 4463//1
f 4465//1 4699//1 4464//1
f 4466//123 4700//123 4465//123
f 4467//1 4701//1 4466//1
f 4468//1 4702//1 4467//1
f 4469//1 4703//1 4468//1
f 4470//122 4704//122 4469//122
f 4471//1 4705//1 4470//1
f 4472//1 4706//1 4471//1
f 4473//1 4707//1 4472//1
f 4474//1 4708//1 4473//1
f 4475//1 4709//1 4474//1
f 4476//1 4710//1 4475//1
f 4477//1 4711//1 4476//1
f 4478//1 4712//1 4477//1
f 4479//1 4713//1 4478//1
f 4480//1 4714//1 4479//1
f 4481//1 4715//1 4480//1
f 4482//1 4716//1 4481//1
f 4483//1 4717//1 4482//1
f 4484//1 4718//1 4483//1
f 4485//1 4719//1 4484//1
f 4486//1 4720//1 4485//1
f 4487//1 4721//1 4486//1
f 4488//1 4723//1 4487//1
f 4489//1 4724//1 4488//1
f 4490//1 4725//1 4489//1
f 4491//1 4726//1 4490//1
f 4492//1 4727//1 4491//1
f 4493//1 4728//1 4492//1
f 4494//1 4729//1 4493//1
f 4495//1 4730//1 4494//1
f 4496//1 4731//1 4495//1
f 4497//1 4732//1 4496//1
f 4498//1 4733//1 4497//1
f 4499//1 4734//1 4498//1
f 4500//1 4735//1 4499//1
f 4501//1 4736//1 4500//1
f 4502//1 4737//1 4501//1
f 4503//1 4738//1 4502//1
f 4504//1 4739//1 4503//1
f 4505//1 4740//1 4504//1
f 4506//1 4741//1 4505//1
f 4507//1 4742//1 4506//1
f 4508//1 4743//1 4507//1
f 4509//1 4744//1 4508//1
f 4510//1 4745//1 4509//1
f 4511//1 4746//1 4510//1
f 4512//1 4747//1 4511//1
f 4513//1 4748//1 4512//1
f 4514//1 4749//1 4513//1
f 4515//1 4750//1 4514//1
f 4516//1 4751//1 4515//1
f 4517//1 4752//1 4516//1
f 4518//1 4753//1 4517//1
f 4519//1 4754//1 4518//1
f 4520//1 4755//1 4519//1
f 4521//1 4756//1 4520//1
f 4522//1 4757//1 4521//1
f 4523//1 4758//1 4522//1
f 4524//1 4759//1 4523//1
f 4525//1 4760//1 4524//1
f 4526//1 4761//1 4525//1
f 4527//1 4763//1 4526//1
f 4528//1 4764//1 4527//1
f 4529//1 4765//1 4528//1
f 4530//1 4766//1 4529//1
f 4531//1 4767//1 4530//1
f 4532//1 4768//1 4531//1
f 4533//1 4769//1 4532//1
f 4534//1 4770//1 4533//1
f 4535//1 4771//1 4534//1
f 4536//1 4772//1 4535//1
f 4537//1 4773//1 4536//1
f 4538//1 4774//1 4537//1
f 4539//1 4775//1 4538//1
f 4540//1 4776//1 4539//1
f 4541//1 4777//1 4540//1
f 4542//1 4778//1 4541//1
f 4543//1 4779//1 4542//1
f 4544//1 4780//1 4543//1
f 4545//1 4781//1 4544//1
f 4546//1 4782//1 4545//1
f 4547//1 4783//1 4546//1
f 4548//1 4784//1 4547//1
f 4549//1 4785//1 4548//1
f 4550//1 4786//1 4549//1
f 4551//1 4787//1 4550//1
f 4552//1 4788//1 4551//1
f 4553//1 4789//1 4552//1
f 4554//1 4790//1 4553//1
f 4555//1 4791//1 4554//1
f 4556//1 4792//1 4555//1
f 4557//1 4793//1 4556//1
f 4558//1 4794//1 4557//1
f 4559//1 4795//1 4558//1
f 4560//1 4796//1 4559//1
f 4561//1 4797//1 4560//1
f 4562//1 4798//1 4561//1
f 4563//1 4799//1 4562//1
f 4564//1 4800//1 4563//1
f 4565//1 4801//1 4564//1
f 4566//1 4803//1 4565//1
f 4567//1 4804//1 4566//1
f 4568//1 4805//1 4567//1
f 4569//1 4806//1 4568//1
f 4570//1 4807//1 4569//1
f 4571//1 4808//1 4570//1
f 4572//1 4809//1 4571//1
f 4573//1 4810//1 4572//1
f 4574//1 4811//1 4573//1
f 4575//1 4812//1 4574//1
f 4576//1 4813//1 4575//1
f 4577//1 4814//1 4576//1
f 4578//1 4815//1 4577//1
f 4579//1 4816//1 4578//1
f 4580//1 4817//1 4579//1
f 4581//1 4818//1 4580//1
f 4582//122 4819//122 4581//122
f 4583//1 4820//1 4582//1
f 4584//1 4821//1 4583//1
f 4585//1 4822//1 4584//1
f 4586//1 4823//1 4585//1
f 4587//1 4824//1 4586//1
f 4588//123 4825//123 4587//123
f 4589//1 4826//1 4588//1
f 4590//1 4827//1 4589//1
f 4591//1 4828//1 4590//1
f 4592//1 4829//1 4591//1
f 4593//1 4830//1 4592//1
f 4594//1 4831//1 4593//1
f 4595//1 4832//1 4594//1
f 4596//1 4833//1 4595//1
f 4597//1 4834//1 4596//1
f 4598//1 4835//1 4597//1
f 4599//1 4836//1 4598//1
f 4600//1 4837//1 4599//1
f 4601//1 4838//1 4600//1
f 4602//1 4839//1 4601//1
f 4603//1 4840//1 4602//1
f 4604//1 4841//1 4603//1
f 4605//1 4843//1 4604//1
f 4606//1 4844//1 4605//1
f 4607//1 4845//1 4606//1
f 4608//1 4846//1 4607//1
f 4609//1 4847//1 4608//1
f 4610//1 4848//1 4609//1
f 4611//1 4849//1 4610//1
f 4612//1 4850//1 4611//1
f 4613//1 4851//1 4612//1
f 4614//1 4852//1 4613//1
f 4615//1 4853//1 4614//1
f 4616//1 4854//1 4615//1
f 4617//1 4855//1 4616//1
f 4618//1 4856//1 4617//1
f 4619//1 4857//1 4618//1
f 4620//1 4858//1 4619//1
f 4621//1 4859//1 4620//1
f 4622//1 4860//1 4621//1
f 4623//1 4861//1 4622//1
f 4624//1 4862//1 4623//1
f 4625//1 4863//1 4624//1
f 4626//1 4864//1 4625//1
f 4627//1 4865//1 4626//1
f 4628//1 4866//1 4627//1
f 4629//1 4867//1 4628//1
f 4630//1 4868//1 4629//1
f 4631//1 4869//1 4630//1
f 4632//1 4870//1 4631//1
f 4633//1 4871//1 4632//1
f 4634//1 4872//1 4633//1
f 4635//1 4873//1 4634//1
f 4636//1 4874//1 4635//1
f 4637//1 4875//1 4636//1
f 4638//1 4876//1 4637//1
f 4639//1 4877//1 4638//1
f 4640//1 4878//1 4639//1
f 4641//1 4879//1 4640//1
f 4642//1 4880//1 4641//1
f 4643//1 4881//1 4642//1
f 4644//1 4883//1 4643//1
f 4645//1 4884//1 4644//1
f 4646//1 4885//1 4645//1
f 4647//1 4886//1 4646//1
f 4648//1 4887//1 4647//1
f 4649//1 4888//1 4648//1
f 4650//1 4889//1 4649//1
f 4651//1 4890//1 4650//1
f 4652//1 4891//1 4651//1
f 4653//1 4892//1 4652//1
f 4654//1 4893//1 4653//1
f 4655//1 4894//1 4654//1
f 4656//1 4895//1 4655//1
f 4657//1 4896//1 4656//1
f 4658//1 4897//1 4657//1
f 4659//1 4898//1 4658//1
f 4660//1 4899//1 4659//1
f 4661//1 4900//1 4660//1
f 4662//1 4901//1 4661//1
f 4663//1 4902//1 4662//1
f 4664//1 4903//1 4663//1
f 4665//1 4904//1 4664//1
f 4666//1 4905//1 4665//1
f 4667//1 4906//1 4666//1
f 4668//1 4907//1 4667//1
f 4669//1 4908//1 4668//1
f 4670//1 4909//1 4669//1
f 4671//1 4910//1 4670//1
f 4672//1 4911//1 4671//1
f 4673//1 4912//1 4672//1
f 4674//1 4913//1 4673//1
f 4675//1 4914//1 4674//1
f 4676//1 4915//1 4675//1
f 4677//1 4916//1 4676//1
f 4678//1 4917//1 4677//1
f 4679//1 4918//1 4678//1
f 4680//1 4919//1 4679//1
f 4681//1 4920//1 4680//1
f 4448//1 4921//1 4681//1
